{
"type": "FeatureCollection",
"name": "cercles",
"crs": { "type": "name", "properties": { "name": "urn:ogc:def:crs:OGC:1.3:CRS84" } },
"features": [
{ "type": "Feature", "properties": { "Id": 0, "CATEGORIE": "CERCLES", "codgeo": null, "pop": null, "libgeo": null, "libgeo_m": null }, "geometry": { "type": "MultiPolygon", "coordinates": [ [ [ [ -2.980378208724359, 41.266204691757849 ], [ -2.984167999840377, 41.26598764083333 ], [ -2.987958492530391, 41.265777819750042 ], [ -2.991749663020187, 41.265575229817934 ], [ -2.995541487532396, 41.265379872301757 ], [ -2.999333942286297, 41.265191748421174 ], [ -3.003127003497649, 41.265010859350411 ], [ -3.006920647379338, 41.264837206219028 ], [ -3.010714850141044, 41.264670790110664 ], [ -3.014509587989427, 41.264511612064645 ], [ -3.018304837128998, 41.264359673074246 ], [ -3.022100573760797, 41.26421497408834 ], [ -3.025896774083899, 41.264077516009834 ], [ -3.029693414294693, 41.263947299697087 ], [ -3.033490470587551, 41.263824325962773 ], [ -3.037287919154394, 41.26370859557472 ], [ -3.041085736185479, 41.263600109255144 ], [ -3.044883897868702, 41.263498867681349 ], [ -3.048682380390507, 41.263404871485278 ], [ -3.052481159935577, 41.263318121253732 ], [ -3.056280212686942, 41.263238617528174 ], [ -3.060079514826608, 41.263166360804874 ], [ -3.063879042534846, 41.263101351534907 ], [ -3.067678771990961, 41.263043590123957 ], [ -3.071478679373173, 41.262993076932638 ], [ -3.075278740858831, 41.262949812276339 ], [ -3.079078932624272, 41.262913796425103 ], [ -3.082879230845645, 41.26288502960351 ], [ -3.086679611697963, 41.262863511991391 ], [ -3.090480051356144, 41.262849243723025 ], [ -3.094280525994872, 41.262842224887294 ], [ -3.098081011788452, 41.262842455528144 ], [ -3.101881484911132, 41.26284993564412 ], [ -3.105681921537284, 41.26286466518868 ], [ -3.109482297841579, 41.262886644069596 ], [ -3.113282589998825, 41.262915872149826 ], [ -3.117082774184506, 41.262952349246902 ], [ -3.120882826574303, 41.262996075133152 ], [ -3.12468272334476, 41.263047049535651 ], [ -3.128482440673337, 41.263105272136222 ], [ -3.132281954738434, 41.263170742571369 ], [ -3.136081241719023, 41.263243460432442 ], [ -3.139880277796176, 41.26332342526554 ], [ -3.143679039151271, 41.263410636571599 ], [ -3.14747750196769, 41.26350509380611 ], [ -3.151275642430194, 41.263606796379591 ], [ -3.15507343672536, 41.263715743656967 ], [ -3.158870861041348, 41.263831934958375 ], [ -3.162667891568135, 41.263955369558417 ], [ -3.166464504498402, 41.264086046686508 ], [ -3.170260676026075, 41.264223965527044 ], [ -3.174056382347946, 41.264369125219112 ], [ -3.177851599663088, 41.26452152485637 ], [ -3.18164630417313, 41.264681163487587 ], [ -3.185440472082248, 41.264848040116192 ], [ -3.189234079597509, 41.265022153700421 ], [ -3.193027102928808, 41.265203503153273 ], [ -3.196819518289126, 41.265392087342782 ], [ -3.200611301894526, 41.26558790509155 ], [ -3.204402429964671, 41.26579095517706 ], [ -3.208192878721907, 41.266001236331704 ], [ -3.211982624392624, 41.266218747242782 ], [ -3.215771643206951, 41.266443486552369 ], [ -3.219559911398419, 41.266675452857193 ], [ -3.223347405204688, 41.266914644709125 ], [ -3.227134100867201, 41.267161060614932 ], [ -3.230919974632113, 41.267414699036038 ], [ -3.234705002748907, 41.267675558388667 ], [ -3.238489161472199, 41.26794363704439 ], [ -3.242272427060727, 41.268218933329258 ], [ -3.246054775778319, 41.268501445524493 ], [ -3.249836183892961, 41.268791171865992 ], [ -3.253616627677816, 41.269088110544793 ], [ -3.257396083411115, 41.269392259706841 ], [ -3.261174527375984, 41.269703617452826 ], [ -3.264951935861073, 41.270022181838634 ], [ -3.268728285160126, 41.270347950875014 ], [ -3.272503551572479, 41.270680922527688 ], [ -3.276277711403295, 41.271021094717369 ], [ -3.280050740963163, 41.271368465319824 ], [ -3.283822616568572, 41.27172303216566 ], [ -3.287593314542264, 41.27208479304069 ], [ -3.291362811212708, 41.272453745685702 ], [ -3.295131082915156, 41.27282988779649 ], [ -3.298898105990422, 41.27321321702383 ], [ -3.302663856786553, 41.273603730973761 ], [ -3.306428311657782, 41.274001427207132 ], [ -3.310191446965071, 41.27440630324022 ], [ -3.313953239076455, 41.274818356544145 ], [ -3.317713664366837, 41.275237584545025 ], [ -3.321472699218097, 41.275663984624522 ], [ -3.32523032001941, 41.276097554119112 ], [ -3.328986503167535, 41.276538290320573 ], [ -3.332741225066194, 41.276986190475675 ], [ -3.336494462127062, 41.277441251786605 ], [ -3.340246190769496, 41.277903471410525 ], [ -3.343996387420539, 41.278372846459931 ], [ -3.347745028515471, 41.27884937400249 ], [ -3.351492090497176, 41.279333051061236 ], [ -3.355237549817238, 41.279823874614294 ], [ -3.358981382935188, 41.280321841595189 ], [ -3.362723566319347, 41.280826948892418 ], [ -3.366464076446391, 41.281339193350249 ], [ -3.370202889801879, 41.281858571768019 ], [ -3.373939982879702, 41.282385080900355 ], [ -3.377675332183382, 41.282918717457441 ], [ -3.381408914224852, 41.283459478104476 ], [ -3.38514070552589, 41.284007359462322 ], [ -3.388870682617139, 41.284562358107223 ], [ -3.392598822038717, 41.285124470570643 ], [ -3.396325100340374, 41.285693693339823 ], [ -3.400049494081746, 41.286270022857053 ], [ -3.403771979831869, 41.28685345552045 ], [ -3.407492534169961, 41.287443987683396 ], [ -3.411211133685319, 41.288041615654798 ], [ -3.414927754977397, 41.288646335699255 ], [ -3.418642374655621, 41.289258144036694 ], [ -3.422354969340386, 41.289877036842739 ], [ -3.426065515662369, 41.290503010248564 ], [ -3.429773990262674, 41.291136060340968 ], [ -3.433480369793673, 41.291776183162341 ], [ -3.437184630918285, 41.292423374710694 ], [ -3.440886750310706, 41.293077630939756 ], [ -3.444586704655965, 41.293738947758968 ], [ -3.448284470650828, 41.294407321033383 ], [ -3.451980025003242, 41.295082746583695 ], [ -3.455673344432503, 41.295765220186702 ], [ -3.459364405669968, 41.296454737574578 ], [ -3.463053185458276, 41.297151294435608 ], [ -3.46673966055231, 41.297854886413468 ], [ -3.470423807719156, 41.298565509108172 ], [ -3.474105603737473, 41.299283158075298 ], [ -3.47778502539871, 41.300007828826324 ], [ -3.481462049506374, 41.300739516828649 ], [ -3.485136652876797, 41.30147821750564 ], [ -3.488808812338552, 41.302223926236564 ], [ -3.49247850473332, 41.302976638356711 ], [ -3.496145706915662, 41.303736349157241 ], [ -3.499810395752918, 41.304503053885433 ], [ -3.503472548125698, 41.305276747744777 ], [ -3.507132140927732, 41.306057425894473 ], [ -3.510789151066426, 41.306845083450121 ], [ -3.514443555462482, 41.30763971548317 ], [ -3.518095331050211, 41.30844131702144 ], [ -3.521744454777715, 41.309249883048835 ], [ -3.525390903606884, 41.310065408505537 ], [ -3.529034654513943, 41.310887888287759 ], [ -3.532675684488752, 41.311717317248061 ], [ -3.536313970535553, 41.312553690195337 ], [ -3.539949489673388, 41.313397001894756 ], [ -3.543582218935059, 41.314247247067641 ], [ -3.547212135368574, 41.315104420391961 ], [ -3.550839216036351, 41.315968516501869 ], [ -3.554463438015916, 41.316839529987853 ], [ -3.558084778399434, 41.317717455397023 ], [ -3.561703214294479, 41.318602287232949 ], [ -3.565318722823619, 41.319494019955513 ], [ -3.568931281124937, 41.32039264798123 ], [ -3.572540866352023, 41.321298165683302 ], [ -3.576147455673794, 41.322210567391146 ], [ -3.579751026275239, 41.323129847391208 ], [ -3.583351555356883, 41.324055999926181 ], [ -3.586949020135433, 41.324989019195606 ], [ -3.590543397843548, 41.325928899355901 ], [ -3.594134665730135, 41.32687563451988 ], [ -3.597722801060445, 41.327829218757195 ], [ -3.601307781116038, 41.328789646094428 ], [ -3.604889583195364, 41.329756910514895 ], [ -3.608468184613368, 41.330731005958619 ], [ -3.612043562701765, 41.331711926322789 ], [ -3.615615694809311, 41.33269966546117 ], [ -3.619184558301934, 41.333694217184878 ], [ -3.622750130562519, 41.334695575261549 ], [ -3.626312388991335, 41.335703733416118 ], [ -3.629871311006388, 41.33671868533046 ], [ -3.633426874042781, 41.337740424643528 ], [ -3.636979055553497, 41.338768944951369 ], [ -3.640527833009557, 41.339804239807243 ], [ -3.644073183899506, 41.340846302721388 ], [ -3.64761508573013, 41.341895127161393 ], [ -3.651153516026535, 41.342950706552131 ], [ -3.654688452331886, 41.344013034275584 ], [ -3.658219872207868, 41.345082103671146 ], [ -3.661747753234726, 41.346157908035416 ], [ -3.665272073011343, 41.347240440622564 ], [ -3.668792809155573, 41.348329694644114 ], [ -3.672309939303719, 41.349425663268811 ], [ -3.675823441111737, 41.350528339623182 ], [ -3.679333292254003, 41.351637716791153 ], [ -3.682839470424971, 41.352753787813995 ], [ -3.686341953337876, 41.353876545690952 ], [ -3.689840718725864, 41.35500598337849 ], [ -3.693335744341499, 41.356142093791 ], [ -3.696827007957161, 41.357284869800452 ], [ -3.700314487365099, 41.35843430423656 ], [ -3.703798160377968, 41.359590389886861 ], [ -3.707278004827972, 41.360753119496664 ], [ -3.710753998567738, 41.361922485769036 ], [ -3.714226119470643, 41.363098481364865 ], [ -3.717694345430048, 41.364281098903469 ], [ -3.721158654360397, 41.365470330961365 ], [ -3.7246190241965, 41.366666170073479 ], [ -3.728075432894472, 41.367868608732955 ], [ -3.731527858430925, 41.369077639390497 ], [ -3.734976278803841, 41.370293254455333 ], [ -3.738420672032834, 41.371515446294651 ], [ -3.741861016158098, 41.3727442072339 ], [ -3.745297289241707, 41.373979529556713 ], [ -3.748729469367582, 41.375221405504966 ], [ -3.752157534641048, 41.376469827279017 ], [ -3.755581463189321, 41.377724787037366 ], [ -3.759001233161765, 41.37898627689696 ], [ -3.762416822729493, 41.380254288933138 ], [ -3.765828210086307, 41.38152881517999 ], [ -3.769235373448027, 41.382809847629666 ], [ -3.772638291053103, 41.384097378233207 ], [ -3.77603694116238, 41.385391398900261 ], [ -3.779431302059497, 41.386691901498764 ], [ -3.782821352051186, 41.387998877855772 ], [ -3.78620706946666, 41.389312319756719 ], [ -3.789588432658639, 41.390632218946138 ], [ -3.792965420002715, 41.391958567126999 ], [ -3.79633800989803, 41.393291355961381 ], [ -3.799706180767035, 41.394630577070274 ], [ -3.803069911056007, 41.395976222033404 ], [ -3.806429179234337, 41.397328282389608 ], [ -3.809783963795931, 41.398686749636795 ], [ -3.813134243258021, 41.400051615231945 ], [ -3.816479996162399, 41.40142287059107 ], [ -3.819821201074494, 41.402800507089303 ], [ -3.823157836584737, 41.404184516061171 ], [ -3.826489881307229, 41.405574888800246 ], [ -3.829817313880953, 41.406971616559623 ], [ -3.83314011296986, 41.408374690551511 ], [ -3.836458257262112, 41.409784101947714 ], [ -3.839771725471176, 41.41119984187921 ], [ -3.843080496335246, 41.412621901436864 ], [ -3.846384548618277, 41.41405027167054 ], [ -3.849683861108516, 41.415484943590293 ], [ -3.852978412620647, 41.416925908165268 ], [ -3.856268181994097, 41.418373156324556 ], [ -3.859553148094215, 41.419826678956809 ], [ -3.862833289812305, 41.421286466910679 ], [ -3.866108586065108, 41.422752510994322 ], [ -3.869379015795907, 41.424224801976187 ], [ -3.872644557973564, 41.425703330584049 ], [ -3.875905191593565, 41.42718808750621 ], [ -3.879160895677643, 41.428679063390554 ], [ -3.882411649274051, 41.430176248845484 ], [ -3.885657431457598, 41.43167963443895 ], [ -3.88889822132985, 41.43318921069951 ], [ -3.892133998019118, 41.434704968115788 ], [ -3.89536474068117, 41.436226897136358 ], [ -3.898590428498061, 41.437754988170809 ], [ -3.901811040679919, 41.439289231588312 ], [ -3.905026556463567, 41.440829617718975 ], [ -3.908236955113585, 41.44237613685322 ], [ -3.911442215921962, 41.443928779241858 ], [ -3.914642318208725, 41.445487535096447 ], [ -3.917837241321529, 41.447052394588951 ], [ -3.921026964635707, 41.448623347852241 ], [ -3.924211467555092, 41.450200384979759 ], [ -3.927390729511495, 41.451783496025719 ], [ -3.93056472996497, 41.45337267100517 ], [ -3.93373344840414, 41.454967899894044 ], [ -3.936896864346406, 41.456569172629436 ], [ -3.940054957337317, 41.458176479108836 ], [ -3.94320770695148, 41.45978980919142 ], [ -3.946355092792448, 41.461409152697151 ], [ -3.949497094492838, 41.463034499407073 ], [ -3.95263369171425, 41.464665839063521 ], [ -3.955764864147773, 41.466303161370149 ], [ -3.958890591513716, 41.467946455991857 ], [ -3.962010853562201, 41.469595712554778 ], [ -3.965125630072571, 41.471250920646696 ], [ -3.968234900854079, 41.472912069816822 ], [ -3.97133864574621, 41.474579149575746 ], [ -3.974436844617716, 41.476252149395705 ], [ -3.977529477368507, 41.477931058710716 ], [ -3.98061652392754, 41.479615866916333 ], [ -3.983697964255255, 41.481306563369969 ], [ -3.98677377834177, 41.483003137390668 ], [ -3.989843946208053, 41.484705578259629 ], [ -3.992908447906068, 41.486413875219775 ], [ -3.995967263518239, 41.488128017475944 ], [ -3.999020373158208, 41.489847994195365 ], [ -4.002067756970463, 41.491573794506941 ], [ -4.005109395131049, 41.493305407501978 ], [ -4.008145267847169, 41.495042822233955 ], [ -4.011175355357077, 41.496786027718571 ], [ -4.014199637931464, 41.49853501293407 ], [ -4.017218095871836, 41.50028976682065 ], [ -4.020230709511797, 41.502050278281416 ], [ -4.023237459217412, 41.503816536181873 ], [ -4.026238325385942, 41.505588529349772 ], [ -4.029233288447321, 41.507366246575799 ], [ -4.032222328863623, 41.509149676613589 ], [ -4.035205427129323, 41.510938808178878 ], [ -4.038182563771603, 41.512733629950723 ], [ -4.04115371935013, 41.514534130570745 ], [ -4.044118874457187, 41.516340298643776 ], [ -4.047078009718075, 41.518152122737362 ], [ -4.050031105791415, 41.51996959138242 ], [ -4.052978143368506, 41.521792693072761 ], [ -4.055919103173926, 41.523621416265392 ], [ -4.058853965965922, 41.525455749380527 ], [ -4.061782712535887, 41.52729568080202 ], [ -4.064705323709107, 41.529141198876601 ], [ -4.067621780344432, 41.530992291914686 ], [ -4.070532063334325, 41.532848948190313 ], [ -4.073436153605748, 41.534711155940805 ], [ -4.07633403211945, 41.536578903367278 ], [ -4.079225679870147, 41.538452178634387 ], [ -4.082111077887097, 41.540330969870816 ], [ -4.084990207234217, 41.542215265168849 ], [ -4.087863049009584, 41.544105052584527 ], [ -4.090729584346066, 41.546000320138219 ], [ -4.093589794411401, 41.547901055813973 ], [ -4.09644366040828, 41.549807247559912 ], [ -4.099291163574206, 41.551718883288494 ], [ -4.102132285182006, 41.55363595087637 ], [ -4.104967006539826, 41.55555843816424 ], [ -4.107795308990893, 41.55748633295736 ], [ -4.110617173914306, 41.559419623025299 ], [ -4.113432582724675, 41.5613582961021 ], [ -4.116241516872064, 41.56330233988627 ], [ -4.119043957842693, 41.565251742041148 ], [ -4.121839887158758, 41.567206490194536 ], [ -4.124629286378341, 41.569166571938993 ], [ -4.127412137096076, 41.571131974831935 ], [ -4.130188420942491, 41.573102686395622 ], [ -4.132958119584854, 41.57507869411738 ], [ -4.13572121472676, 41.577059985449296 ], [ -4.138477688109027, 41.579046547808794 ], [ -4.141227521508549, 41.581038368578241 ], [ -4.143970696739545, 41.583035435105472 ], [ -4.146707195653376, 41.585037734703221 ], [ -4.14943700013812, 41.587045254649944 ], [ -4.15216009211942, 41.589057982189431 ], [ -4.154876453560547, 41.59107590453074 ], [ -4.157586066461712, 41.593099008848952 ], [ -4.160288912861101, 41.595127282284203 ], [ -4.16298497483446, 41.597160711942799 ], [ -4.165674234495758, 41.599199284896649 ], [ -4.168356673996411, 41.60124298818355 ], [ -4.17103227552636, 41.603291808807157 ], [ -4.17370102131337, 41.605345733737231 ], [ -4.176362893623833, 41.607404749909485 ], [ -4.179017874762606, 41.609468844225709 ], [ -4.181665947072934, 41.611538003554031 ], [ -4.184307092936579, 41.613612214728967 ], [ -4.186941294774283, 41.615691464551077 ], [ -4.189568535045979, 41.617775739787604 ], [ -4.192188796249985, 41.619865027172153 ], [ -4.194802060924344, 41.621959313404965 ], [ -4.197408311645999, 41.624058585152952 ], [ -4.200007531031414, 41.626162829049584 ], [ -4.202599701736455, 41.628272031695388 ], [ -4.205184806456624, 41.630386179657577 ], [ -4.20776282792717, 41.632505259470172 ], [ -4.210333748923055, 41.63462925763455 ], [ -4.212897552259465, 41.636758160619081 ], [ -4.215454220791262, 41.638891954859012 ], [ -4.218003737413708, 41.641030626757249 ], [ -4.220546085062464, 41.643174162683614 ], [ -4.223081246713268, 41.645322548975756 ], [ -4.225609205382832, 41.647475771938453 ], [ -4.228129944128024, 41.649633817844105 ], [ -4.230643446046858, 41.651796672932832 ], [ -4.233149694277859, 41.653964323412389 ], [ -4.235648672000919, 41.656136755458263 ], [ -4.238140362436839, 41.658313955213877 ], [ -4.240624748847443, 41.66049590879053 ], [ -4.243101814536227, 41.662682602267594 ], [ -4.245571542847821, 41.664874021692391 ], [ -4.248033917168762, 41.667070153080552 ], [ -4.250488920927096, 41.669270982415902 ], [ -4.252936537592252, 41.671476495650417 ], [ -4.255376750676254, 41.67368667870489 ], [ -4.257809543732672, 41.675901517468176 ], [ -4.260234900357341, 41.678120997797905 ], [ -4.262652804188247, 41.680345105520196 ], [ -4.265063238905937, 41.682573826430044 ], [ -4.267466188233153, 41.684807146291128 ], [ -4.269861635935404, 41.687045050836069 ], [ -4.272249565820977, 41.689287525766417 ], [ -4.274629961740605, 41.691534556752785 ], [ -4.277002807588288, 41.693786129434869 ], [ -4.279368087300941, 41.696042229421359 ], [ -4.281725784858558, 41.698302842290694 ], [ -4.284075884284524, 41.700567953590216 ], [ -4.286418369645429, 41.702837548837188 ], [ -4.288753225051546, 41.705111613517801 ], [ -4.291080434656505, 41.707390133088374 ], [ -4.293399982657942, 41.709673092974583 ], [ -4.295711853296955, 41.711960478571982 ], [ -4.298016030858906, 41.714252275246018 ], [ -4.300312499672914, 41.716548468332114 ], [ -4.302601244112677, 41.718849043135513 ], [ -4.304882248595438, 41.721153984931902 ], [ -4.307155497583743, 41.723463278966605 ], [ -4.309420975583774, 41.725776910455792 ], [ -4.311678667146984, 41.728094864585636 ], [ -4.313928556868925, 41.730417126513053 ], [ -4.316170629390635, 41.732743681364923 ], [ -4.31840486939752, 41.735074514239436 ], [ -4.32063126162033, 41.737409610204843 ], [ -4.322849790834841, 41.739748954300637 ], [ -4.325060441862343, 41.742092531536905 ], [ -4.327263199569096, 41.744440326894832 ], [ -4.329458048867181, 41.746792325326368 ], [ -4.331644974714187, 41.749148511755052 ], [ -4.333823962113375, 41.751508871075139 ], [ -4.335994996113812, 41.753873388152442 ], [ -4.338158061810615, 41.756242047824117 ], [ -4.340313144344814, 41.758614834898793 ], [ -4.342460228903641, 41.760991734156548 ], [ -4.344599300720451, 41.763372730349118 ], [ -4.346730345075438, 41.765757808200064 ], [ -4.348853347294612, 41.768146952404713 ], [ -4.350968292750855, 41.770540147630328 ], [ -4.353075166864087, 41.772937378515991 ], [ -4.355173955100527, 41.775338629673001 ], [ -4.357264642973381, 41.777743885685034 ], [ -4.359347216043356, 41.780153131107397 ], [ -4.361421659917632, 41.782566350468386 ], [ -4.363487960250994, 41.784983528268427 ], [ -4.365546102745674, 41.787404648980527 ], [ -4.367596073151069, 41.789829697050209 ], [ -4.369637857264156, 41.792258656895832 ], [ -4.371671440929955, 41.794691512908337 ], [ -4.373696810040873, 41.797128249451902 ], [ -4.375713950537241, 41.79956885086338 ], [ -4.377722848407598, 41.802013301452604 ], [ -4.379723489688452, 41.80446158550302 ], [ -4.381715860464637, 41.806913687270757 ], [ -4.383699946868918, 41.809369590985668 ], [ -4.38567573508311, 41.811829280850823 ], [ -4.387643211336917, 41.814292741042941 ], [ -4.389602361909152, 41.816759955712151 ], [ -4.391553173127143, 41.819230908982568 ], [ -4.39349563136703, 41.821705584951864 ], [ -4.395429723054058, 41.824183967691738 ], [ -4.397355434662558, 41.82666604124779 ], [ -4.399272752715715, 41.829151789639589 ], [ -4.401181663786281, 41.831641196861149 ], [ -4.403082154496454, 41.834134246880318 ], [ -4.404974211517536, 41.836630923639881 ], [ -4.406857821570775, 41.839131211056468 ], [ -4.408732971426849, 41.841635093021587 ], [ -4.410599647906614, 41.844142553401369 ], [ -4.412457837880262, 41.846653576036424 ], [ -4.414307528268622, 41.849168144742542 ], [ -4.416148706042029, 41.851686243310027 ], [ -4.417981358221354, 41.854207855504661 ], [ -4.419805471877936, 41.856732965066904 ], [ -4.421621034133139, 41.859261555712493 ], [ -4.423428032159118, 41.861793611132612 ], [ -4.425226453178603, 41.864329114993986 ], [ -4.427016284465088, 41.866868050938336 ], [ -4.428797513342936, 41.869410402583348 ], [ -4.430570127187125, 41.871956153522234 ], [ -4.432334113424072, 41.874505287323998 ], [ -4.434089459531276, 41.877057787533623 ], [ -4.435836153037187, 41.879613637671895 ], [ -4.437574181521973, 41.882172821235791 ], [ -4.439303532617084, 41.884735321698358 ], [ -4.441024194005413, 41.887301122508958 ], [ -4.442736153421594, 41.889870207093345 ], [ -4.444439398652218, 41.892442558853645 ], [ -4.44613391753541, 41.89501816116853 ], [ -4.447819697961456, 41.897596997393514 ], [ -4.449496727872502, 41.90017905086053 ], [ -4.451164995263309, 41.902764304878744 ], [ -4.452824488180213, 41.905352742733797 ], [ -4.454475194722525, 41.90794434768894 ], [ -4.456117103041659, 41.910539102984067 ], [ -4.457750201341641, 41.913136991836708 ], [ -4.45937447787949, 41.915737997441404 ], [ -4.460989920964278, 41.918342102970371 ], [ -4.462596518958819, 41.920949291573244 ], [ -4.464194260277944, 41.923559546377426 ], [ -4.465783133390607, 41.926172850487987 ], [ -4.467363126817746, 41.928789186987842 ], [ -4.468934229134622, 41.931408538937873 ], [ -4.470496428969078, 41.934030889376842 ], [ -4.472049715002851, 41.936656221321989 ], [ -4.473594075971008, 41.939284517768606 ], [ -4.475129500662368, 41.94191576169041 ], [ -4.476655977919529, 41.944549936039401 ], [ -4.478173496638667, 41.947187023746274 ], [ -4.479682045770497, 41.949827007720458 ], [ -4.481181614319003, 41.952469870849988 ], [ -4.482672191342685, 41.955115596001804 ], [ -4.484153765954537, 41.95776416602186 ], [ -4.48562632732126, 41.960415563735253 ], [ -4.487089864664616, 41.963069771945925 ], [ -4.488544367260487, 41.965726773437609 ], [ -4.489989824439369, 41.96838655097288 ], [ -4.491426225586748, 41.971049087294084 ], [ -4.492853560142595, 41.973714365123215 ], [ -4.494271817602012, 41.976382367161776 ], [ -4.495680987515135, 41.97905307609107 ], [ -4.497081059486744, 41.981726474572589 ], [ -4.498472023177582, 41.984402545247363 ], [ -4.499853868302786, 41.987081270736915 ], [ -4.50122658463351, 41.989762633642833 ], [ -4.502590161996079, 41.992446616547078 ], [ -4.503944590272626, 41.995133202011772 ], [ -4.505289859400537, 41.997822372580117 ], [ -4.506625959373424, 42.000514110775278 ], [ -4.507952880240416, 42.003208399101723 ], [ -4.509270612106552, 42.005905220044504 ], [ -4.510579145133086, 42.008604556069642 ], [ -4.511878469537388, 42.011306389624252 ], [ -4.513168575592765, 42.014010703136613 ], [ -4.5144494536293, 42.016717479016236 ], [ -4.515721094032828, 42.019426699654112 ], [ -4.516983487246427, 42.022138347422619 ], [ -4.518236623769027, 42.024852404675762 ], [ -4.519480494156704, 42.027568853749116 ], [ -4.520715089021984, 42.030287676960484 ], [ -4.521940399034606, 42.03300885660915 ], [ -4.523156414920839, 42.035732374976583 ], [ -4.524363127464238, 42.038458214326447 ], [ -4.525560527505469, 42.04118635690449 ], [ -4.526748605942168, 42.043916784938915 ], [ -4.527927353729659, 42.046649480640511 ], [ -4.52909676188011, 42.049384426202352 ], [ -4.530256821463954, 42.052121603800366 ], [ -4.531407523608321, 42.054860995593373 ], [ -4.532548859498326, 42.057602583722861 ], [ -4.53368082037731, 42.060346350313388 ], [ -4.534803397545413, 42.063092277472776 ], [ -4.535916582361877, 42.065840347291882 ], [ -4.537020366242908, 42.068590541844955 ], [ -4.538114740663276, 42.07134284318979 ], [ -4.539199697155957, 42.074097233367695 ], [ -4.540275227312301, 42.076853694403546 ], [ -4.541341322781292, 42.079612208306187 ], [ -4.542397975271348, 42.0823727570681 ], [ -4.543445176548747, 42.085135322665984 ], [ -4.544482918438519, 42.087899887060587 ], [ -4.545511192824251, 42.090666432196905 ], [ -4.546529991648573, 42.093434940004087 ], [ -4.547539306912808, 42.096205392396051 ], [ -4.548539130677326, 42.098977771270967 ], [ -4.549529455061238, 42.10175205851202 ], [ -4.550510272243127, 42.104528235986749 ], [ -4.551481574460694, 42.107306285547836 ], [ -4.552443354010576, 42.110086189033105 ], [ -4.553395603249041, 42.112867928265267 ], [ -4.554338314591925, 42.11565148505241 ], [ -4.555271480514283, 42.118436841187851 ], [ -4.556195093550875, 42.121223978450473 ], [ -4.557109146296399, 42.124012878604688 ], [ -4.558013631404833, 42.126803523400632 ], [ -4.558908541590296, 42.129595894574194 ], [ -4.559793869627137, 42.132389973847332 ], [ -4.560669608348913, 42.135185742927732 ], [ -4.561535750650008, 42.137983183509448 ], [ -4.562392289484535, 42.140782277272876 ], [ -4.563239217867195, 42.143583005884558 ], [ -4.564076528872751, 42.146385350997633 ], [ -4.564904215636519, 42.149189294252018 ], [ -4.565722271354201, 42.151994817273881 ], [ -4.566530689282042, 42.15480190167689 ], [ -4.567329462736947, 42.157610529061046 ], [ -4.568118585096744, 42.160420681013889 ], [ -4.568898049799755, 42.163232339109598 ], [ -4.569667850345197, 42.166045484910242 ], [ -4.570427980293654, 42.16886009996513 ], [ -4.571178433266415, 42.17167616581073 ], [ -4.571919202945541, 42.174493663971596 ], [ -4.572650283074921, 42.177312575959995 ], [ -4.573371667459266, 42.180132883275839 ], [ -4.574083349964902, 42.182954567407158 ], [ -4.574785324519206, 42.18577760983019 ], [ -4.575477585111468, 42.188601992009374 ], [ -4.576160125791922, 42.191427695397323 ], [ -4.576832940673228, 42.194254701435362 ], [ -4.577496023929303, 42.197082991553145 ], [ -4.578149369795606, 42.199912547169369 ], [ -4.578792972569873, 42.202743349691211 ], [ -4.579426826611562, 42.205575380514844 ], [ -4.580050926342056, 42.208408621025846 ], [ -4.580665266245172, 42.211243052598554 ], [ -4.581269840866355, 42.21407865659652 ], [ -4.581864644813733, 42.216915414373339 ], [ -4.582449672757303, 42.219753307271581 ], [ -4.583024919429705, 42.222592316623533 ], [ -4.583590379625749, 42.225432423751357 ], [ -4.584146048203172, 42.228273609967012 ], [ -4.584691920081737, 42.2311158565727 ], [ -4.585227990244246, 42.233959144860485 ], [ -4.585754253735994, 42.236803456112838 ], [ -4.586270705665009, 42.239648771602425 ], [ -4.586777341202558, 42.242495072592533 ], [ -4.587274155582308, 42.245342340336904 ], [ -4.587761144101052, 42.248190556080338 ], [ -4.588238302118728, 42.251039701058311 ], [ -4.588705625058382, 42.253889756497045 ], [ -4.589163108406251, 42.256740703613914 ], [ -4.589610747711605, 42.25959252361784 ], [ -4.590048538587448, 42.262445197708807 ], [ -4.590476476709512, 42.265298707078074 ], [ -4.590894557817663, 42.26815303290897 ], [ -4.591302777714673, 42.271008156376034 ], [ -4.591701132267632, 42.273864058645891 ], [ -4.592089617406355, 42.276720720876966 ], [ -4.592468229124879, 42.279578124219846 ], [ -4.592836963481113, 42.282436249817216 ], [ -4.593195816596666, 42.285295078804019 ], [ -4.593544784656777, 42.288154592307805 ], [ -4.593883863910799, 42.291014771448388 ], [ -4.594213050672296, 42.293875597338634 ], [ -4.594532341318882, 42.296737051083767 ], [ -4.594841732291765, 42.299599113782236 ], [ -4.595141220097352, 42.302461766525305 ], [ -4.595430801305244, 42.305324990397615 ], [ -4.595710472549969, 42.308188766476917 ], [ -4.595980230530301, 42.311053075834515 ], [ -4.596240072009776, 42.31391789953495 ], [ -4.59648999381569, 42.316783218636701 ], [ -4.596729992840529, 42.319649014192059 ], [ -4.596960066041229, 42.322515267246835 ], [ -4.597180210439366, 42.325381958841227 ], [ -4.597390423121109, 42.328249070009448 ], [ -4.597590701237705, 42.331116581779803 ], [ -4.597781042004988, 42.333984475175455 ], [ -4.597961442703898, 42.336852731213519 ], [ -4.598131900680248, 42.339721330906158 ], [ -4.59829241334484, 42.342590255260035 ], [ -4.598442978173551, 42.345459485276898 ], [ -4.598583592707491, 42.34832900195341 ], [ -4.598714254552586, 42.35119878628138 ], [ -4.598834961380759, 42.354068819247829 ], [ -4.598945710928356, 42.356939081835307 ], [ -4.599046500997736, 42.359809555021698 ], [ -4.599137329456106, 42.3626802197807 ], [ -4.599218194236504, 42.365551057081483 ], [ -4.599289093337346, 42.368422047889489 ], [ -4.599350024822573, 42.371293173165924 ], [ -4.599400986821822, 42.374164413868066 ], [ -4.599441977530385, 42.377035750949808 ], [ -4.599472995208975, 42.37990716536099 ], [ -4.599494038184711, 42.382778638048251 ], [ -4.599505104849583, 42.385650149954841 ], [ -4.599506193662423, 42.388521682020503 ], [ -4.599497303147211, 42.39139321518239 ], [ -4.599478431894149, 42.394264730374253 ], [ -4.599449578559759, 42.397136208526916 ], [ -4.599410741866, 42.400007630568879 ], [ -4.599361920601534, 42.402878977425793 ], [ -4.599303113620541, 42.40575023002085 ], [ -4.599234319844076, 42.408621369274933 ], [ -4.599155538258841, 42.411492376106672 ], [ -4.599066767918237, 42.414363231432475 ], [ -4.598968007941666, 42.417233916167056 ], [ -4.598859257515266, 42.420104411223107 ], [ -4.598740515891187, 42.422974697511584 ], [ -4.598611782388371, 42.425844755941981 ], [ -4.598473056392171, 42.428714567422148 ], [ -4.598324337354346, 42.431584112858872 ], [ -4.598165624793505, 42.434453373157353 ], [ -4.597996918294458, 42.43732232922207 ], [ -4.597818217509484, 42.440190961956375 ], [ -4.597629522156709, 42.443059252262913 ], [ -4.597430832021379, 42.445927181043452 ], [ -4.597222146955666, 42.448794729199456 ], [ -4.597003466878432, 42.451661877631537 ], [ -4.596774791775575, 42.454528607240427 ], [ -4.59653612169961, 42.457394898926502 ], [ -4.596287456770318, 42.460260733589905 ], [ -4.596028797174179, 42.463126092131205 ], [ -4.595760143165259, 42.465990955450899 ], [ -4.595481495063895, 42.468855304450003 ], [ -4.595192853258046, 42.471719120029817 ], [ -4.594894218202872, 42.474582383092262 ], [ -4.594585590420441, 42.477445074540185 ], [ -4.594266970500366, 42.48030717527697 ], [ -4.593938359099119, 42.483168666207149 ], [ -4.593599756940717, 42.486029528236358 ], [ -4.593251164816369, 42.48888974227134 ], [ -4.592892583584824, 42.491749289220401 ], [ -4.592524014172074, 42.494608149993148 ], [ -4.592145457571479, 42.497466305501021 ], [ -4.591756914844044, 42.50032373665691 ], [ -4.591358387118272, 42.50318042437582 ], [ -4.590949875589838, 42.506036349574707 ], [ -4.590531381522283, 42.508891493172612 ], [ -4.59010290624691, 42.511745836090853 ], [ -4.589664451161951, 42.514599359253225 ], [ -4.589216017734046, 42.517452043585926 ], [ -4.588757607496916, 42.520303870017976 ], [ -4.588289222052454, 42.523154819481036 ], [ -4.587810863069822, 42.526004872909702 ], [ -4.587322532286521, 42.528854011241592 ], [ -4.586824231507173, 42.531702215417567 ], [ -4.586315962604665, 42.534549466381712 ], [ -4.585797727519457, 42.537395745081838 ], [ -4.585269528260272, 42.540241032468877 ], [ -4.584731366903229, 42.543085309497663 ], [ -4.584183245592818, 42.545928557126942 ], [ -4.583625166540757, 42.548770756319271 ], [ -4.583057132027706, 42.551611888041371 ], [ -4.582479144401689, 42.554451933264126 ], [ -4.581891206078704, 42.557290872962803 ], [ -4.581293319543017, 42.560128688117366 ], [ -4.58068548734683, 42.562965359711882 ], [ -4.58006771211055, 42.565800868735359 ], [ -4.579439996522593, 42.568635196182072 ], [ -4.578802343339519, 42.571468323050794 ], [ -4.578154755385826, 42.574300230345656 ], [ -4.577497235554524, 42.577130899076032 ], [ -4.576829786806474, 42.57996031025656 ], [ -4.576152412171011, 42.582788444907607 ], [ -4.575465114745343, 42.58561528405501 ], [ -4.574767897695486, 42.588440808730603 ], [ -4.574060764254964, 42.591264999971784 ], [ -4.573343717726085, 42.594087838822453 ], [ -4.572616761479342, 42.596909306332272 ], [ -4.571879898953644, 42.599729383557467 ], [ -4.571133133655622, 42.602548051560611 ], [ -4.570376469161059, 42.605365291410855 ], [ -4.569609909113319, 42.608181084184075 ], [ -4.568833457224959, 42.610995410962964 ], [ -4.568047117275969, 42.613808252837188 ], [ -4.567250893115548, 42.616619590903362 ], [ -4.566444788660688, 42.619429406265802 ], [ -4.565628807897113, 42.622237680035568 ], [ -4.56480295487883, 42.625044393331564 ], [ -4.56396723372839, 42.627849527280254 ], [ -4.563121648636709, 42.630653063015828 ], [ -4.562266203863114, 42.633454981680345 ], [ -4.561400903735422, 42.636255264423916 ], [ -4.560525752649991, 42.639053892404917 ], [ -4.559640755071504, 42.641850846789708 ], [ -4.558745915533221, 42.644646108753271 ], [ -4.557841238636954, 42.647439659479126 ], [ -4.556926729052862, 42.650231480159476 ], [ -4.556002391519661, 42.653021551995181 ], [ -4.555068230844613, 42.655809856196086 ], [ -4.554124251903449, 42.658596373981283 ], [ -4.553170459640258, 42.661381086578842 ], [ -4.552206859068169, 42.66416397522633 ], [ -4.551233455268352, 42.666945021170626 ], [ -4.550250253390394, 42.669724205668317 ], [ -4.549257258652977, 42.672501509985601 ], [ -4.548254476342776, 42.675276915398776 ], [ -4.547241911815469, 42.678050403193772 ], [ -4.546219570494601, 42.680821954666968 ], [ -4.545187457872846, 42.683591551124756 ], [ -4.544145579511305, 42.686359173884085 ], [ -4.543093941039247, 42.689124804272325 ], [ -4.542032548155194, 42.69188842362739 ], [ -4.540961406625178, 42.694650013298293 ], [ -4.539880522284769, 42.697409554644665 ], [ -4.538789901037424, 42.700167029037374 ], [ -4.537689548855234, 42.702922417858105 ], [ -4.536579471778823, 42.705675702500436 ], [ -4.535459675917726, 42.708426864368889 ], [ -4.534330167449233, 42.711175884879651 ], [ -4.533190952619679, 42.71392274546082 ], [ -4.53204203774368, 42.716667427552117 ], [ -4.530883429204444, 42.719409912605272 ], [ -4.529715133453642, 42.72215018208432 ], [ -4.528537157011216, 42.724888217465001 ], [ -4.527349506465917, 42.727624000236013 ], [ -4.52615218847462, 42.730357511898163 ], [ -4.524945209762709, 42.73308873396504 ], [ -4.523728577124145, 42.735817647963017 ], [ -4.522502297421447, 42.738544235431092 ], [ -4.521266377584965, 42.741268477921594 ], [ -4.520020824613999, 42.743990356999859 ], [ -4.518765645576026, 42.746709854244564 ], [ -4.5175008476068, 42.749426951247607 ], [ -4.516226437910724, 42.752141629614762 ], [ -4.514942423760218, 42.754853870965093 ], [ -4.513648812496111, 42.757563656931779 ], [ -4.512345611527918, 42.760270969161795 ], [ -4.511032828332916, 42.762975789316144 ], [ -4.50971047045686, 42.765678099070271 ], [ -4.508378545513792, 42.768377880113633 ], [ -4.507037061186344, 42.77107511415015 ], [ -4.50568602522461, 42.773769782898832 ], [ -4.504325445447483, 42.776461868092646 ], [ -4.502955329741923, 42.779151351480088 ], [ -4.501575686063102, 42.781838214824305 ], [ -4.500186522434135, 42.784522439903675 ], [ -4.498787846946456, 42.78720400851158 ], [ -4.497379667759527, 42.78988290245735 ], [ -4.495961993101001, 42.792559103565125 ], [ -4.494534831266463, 42.79523259367523 ], [ -4.493098190619576, 42.797903354643282 ], [ -4.491652079592052, 42.800571368341416 ], [ -4.490196506683747, 42.803236616657152 ], [ -4.48873148046194, 42.805899081494665 ], [ -4.487257009562659, 42.808558744774118 ], [ -4.485773102688996, 42.811215588432418 ], [ -4.484279768612757, 42.813869594422506 ], [ -4.482777016172888, 42.816520744714673 ], [ -4.481264854276702, 42.819169021295558 ], [ -4.479743291898945, 42.821814406168762 ], [ -4.478212338082395, 42.824456881355268 ], [ -4.47667200193748, 42.827096428892901 ], [ -4.475122292642247, 42.829733030837154 ], [ -4.473563219442593, 42.832366669260743 ], [ -4.471994791651934, 42.834997326254211 ], [ -4.470417018651559, 42.837624983925622 ], [ -4.468829909889894, 42.840249624400897 ], [ -4.467233474883324, 42.842871229824276 ], [ -4.465627723215666, 42.845489782357632 ], [ -4.464012664538092, 42.848105264181434 ], [ -4.462388308569435, 42.850717657494386 ], [ -4.460754665095652, 42.853326944513768 ], [ -4.459111743970342, 42.855933107475529 ], [ -4.457459555114293, 42.858536128634377 ], [ -4.455798108515795, 42.861135990263655 ], [ -4.454127414230157, 42.863732674656127 ], [ -4.452447482380266, 42.866326164123407 ], [ -4.450758323155642, 42.868916440996735 ], [ -4.449059946813582, 42.871503487626363 ], [ -4.44735236367801, 42.874087286382363 ], [ -4.445635584140125, 42.876667819654408 ], [ -4.443909618658279, 42.879245069852061 ], [ -4.442174477757628, 42.881819019404531 ], [ -4.440430172030335, 42.884389650761527 ], [ -4.43867671213528, 42.886956946392502 ], [ -4.436914108798765, 42.889520888787501 ], [ -4.435142372813137, 42.892081460456929 ], [ -4.433361515037973, 42.894638643931827 ], [ -4.431571546399678, 42.897192421763755 ], [ -4.429772477890955, 42.899742776525557 ], [ -4.42796432057138, 42.902289690810534 ], [ -4.426147085567059, 42.904833147233148 ], [ -4.424320784070713, 42.907373128429519 ], [ -4.422485427341241, 42.909909617056499 ], [ -4.420641026704348, 42.912442595792868 ], [ -4.418787593552147, 42.914972047338921 ], [ -4.416925139342653, 42.917497954416326 ], [ -4.415053675600446, 42.92002029976922 ], [ -4.413173213916448, 42.922539066163168 ], [ -4.411283765947563, 42.925054236386224 ], [ -4.409385343416982, 42.927565793248441 ], [ -4.407477958113764, 42.930073719582431 ], [ -4.405561621893154, 42.932577998243119 ], [ -4.403636346676175, 42.93507861210815 ], [ -4.401702144450317, 42.937575544077923 ], [ -4.399759027267983, 42.940068777075581 ], [ -4.397807007248192, 42.942558294047622 ], [ -4.395846096575358, 42.945044077963139 ], [ -4.393876307499611, 42.947526111815087 ], [ -4.391897652336642, 42.950004378619084 ], [ -4.389910143467952, 42.952478861414974 ], [ -4.387913793340071, 42.954949543265769 ], [ -4.38590861446554, 42.957416407258414 ], [ -4.383894619422074, 42.959879436503698 ], [ -4.381871820852445, 42.962338614136513 ], [ -4.379840231464939, 42.964793923315696 ], [ -4.377799864033012, 42.967245347224569 ], [ -4.375750731395234, 42.969692869070585 ], [ -4.373692846455246, 42.972136472085964 ], [ -4.371626222181724, 42.974576139527485 ], [ -4.369550871608179, 42.977011854676626 ], [ -4.367466807833055, 42.97944360083973 ], [ -4.365374044019734, 42.981871361348261 ], [ -4.363272593396253, 42.984295119558844 ], [ -4.361162469255154, 42.98671485885324 ], [ -4.359043684953653, 42.989130562638678 ], [ -4.356916253913824, 42.991542214347909 ], [ -4.354780189621629, 42.9939497974391 ], [ -4.352635505628014, 42.996353295396609 ], [ -4.350482215547874, 42.998752691730381 ], [ -4.34832033306048, 43.00114796997638 ], [ -4.346149871909157, 43.003539113696739 ], [ -4.343970845901593, 43.005926106479947 ], [ -4.341783268909396, 43.008308931940626 ], [ -4.339587154867993, 43.010687573720297 ], [ -4.337382517776951, 43.013062015486561 ], [ -4.335169371699472, 43.015432240934238 ], [ -4.332947730762266, 43.017798233784966 ], [ -4.330717609156402, 43.020159977787038 ], [ -4.328479021135954, 43.02251745671628 ], [ -4.326231981018569, 43.024870654375455 ], [ -4.323976503185401, 43.027219554594772 ], [ -4.321712602080948, 43.02956414123215 ], [ -4.319440292213105, 43.031904398172607 ], [ -4.3171595881527, 43.034240309329526 ], [ -4.314870504533885, 43.03657185864347 ], [ -4.312573056053891, 43.038899030083599 ], [ -4.31026725747248, 43.041221807646671 ], [ -4.307953123612601, 43.043540175358089 ], [ -4.305630669360351, 43.045854117271091 ], [ -4.30329990966362, 43.048163617467956 ], [ -4.30096085953358, 43.050468660058861 ], [ -4.29861353404384, 43.052769229183355 ], [ -4.296257948330161, 43.055065309009372 ], [ -4.293894117591003, 43.057356883733753 ], [ -4.291522057087041, 43.059643937582855 ], [ -4.289141782140845, 43.061926454811719 ], [ -4.286753308137423, 43.064204419704879 ], [ -4.284356650523546, 43.06647781657616 ], [ -4.281951824807985, 43.068746629769286 ], [ -4.279538846561392, 43.071010843657163 ], [ -4.277117731416174, 43.07327044264288 ], [ -4.274688495066066, 43.075525411159084 ], [ -4.272251153266763, 43.077775733668609 ], [ -4.269805721835303, 43.080021394664413 ], [ -4.267352216649865, 43.082262378669562 ], [ -4.264890653650147, 43.084498670237856 ], [ -4.262421048836928, 43.086730253953135 ], [ -4.25994341827217, 43.088957114430023 ], [ -4.257457778078662, 43.091179236313991 ], [ -4.254964144440102, 43.093396604281097 ], [ -4.252462533601181, 43.095609203038663 ], [ -4.249952961867069, 43.097817017324729 ], [ -4.247435445603535, 43.100020031908826 ], [ -4.244910001237062, 43.102218231591657 ], [ -4.242376645254185, 43.104411601205186 ], [ -4.239835394202196, 43.106600125613376 ], [ -4.237286264688131, 43.108783789711161 ], [ -4.234729273379579, 43.110962578426026 ], [ -4.232164437003491, 43.11313647671679 ], [ -4.22959177234753, 43.115305469574359 ], [ -4.227011296258453, 43.117469542021858 ], [ -4.224423025642952, 43.119628679114747 ], [ -4.221826977467365, 43.121782865940546 ], [ -4.219223168757559, 43.123932087619401 ], [ -4.216611616598679, 43.126076329304198 ], [ -4.21399233813484, 43.128215576180246 ], [ -4.211365350570089, 43.130349813465571 ], [ -4.208730671166743, 43.132479026411616 ], [ -4.206088317246468, 43.134603200302237 ], [ -4.203438306189548, 43.136722320455007 ], [ -4.200780655435385, 43.138836372220275 ], [ -4.198115382481623, 43.140945340982093 ], [ -4.195442504884286, 43.143049212157848 ], [ -4.192762040258477, 43.145147971198533 ], [ -4.190074006276811, 43.147241603588952 ], [ -4.187378420670622, 43.149330094847564 ], [ -4.184675301228819, 43.151413430526915 ], [ -4.181964665798874, 43.153491596213499 ], [ -4.179246532285482, 43.155564577527926 ], [ -4.176520918651419, 43.157632360125397 ], [ -4.173787842917117, 43.159694929694901 ], [ -4.171047323160082, 43.161752271960573 ], [ -4.168299377515672, 43.163804372680708 ], [ -4.165544024176204, 43.165851217648409 ], [ -4.162781281391311, 43.167892792691724 ], [ -4.160011167467474, 43.169929083673452 ], [ -4.157233700768071, 43.171960076491594 ], [ -4.154448899713476, 43.173985757079329 ], [ -4.151656782780546, 43.176006111404824 ], [ -4.14885736850287, 43.178021125472029 ], [ -4.146050675470043, 43.180030785319822 ], [ -4.14323672232824, 43.182035077023265 ], [ -4.14041552777998, 43.184033986692768 ], [ -4.137587110583487, 43.186027500474623 ], [ -4.134751489553135, 43.188015604551012 ], [ -4.131908683559101, 43.18999828514022 ], [ -4.129058711527172, 43.191975528496492 ], [ -4.126201592438604, 43.193947320910532 ], [ -4.12333734533008, 43.195913648709073 ], [ -4.120465989293886, 43.197874498255651 ], [ -4.117587543477138, 43.199829855950206 ], [ -4.114702027082232, 43.201779708229274 ], [ -4.111809459366169, 43.203724041566261 ], [ -4.108909859641082, 43.205662842471419 ], [ -4.106003247273866, 43.207596097491823 ], [ -4.103089641685215, 43.209523793211872 ], [ -4.100169062350992, 43.211445916253055 ], [ -4.097241528801193, 43.213362453274122 ], [ -4.094307060619545, 43.215273390971234 ], [ -4.091365677444109, 43.21717871607806 ], [ -4.088417398966613, 43.219078415366006 ], [ -4.085462244933017, 43.220972475643919 ], [ -4.082500235142117, 43.222860883758635 ], [ -4.079531389446736, 43.22474362659505 ], [ -4.076555727752937, 43.226620691075638 ], [ -4.073573270019739, 43.228492064161415 ], [ -4.070584036259446, 43.230357732851424 ], [ -4.06758804653712, 43.232217684183254 ], [ -4.064585320970978, 43.234071905232454 ], [ -4.061575879731318, 43.235920383113651 ], [ -4.058559743041435, 43.23776310497977 ], [ -4.055536931176829, 43.239600058022489 ], [ -4.052507464464946, 43.241431229472482 ], [ -4.049471363285533, 43.24325660659926 ], [ -4.046428648070626, 43.245076176711251 ], [ -4.043379339303502, 43.246889927156339 ], [ -4.040323457519419, 43.248697845321239 ], [ -4.037261023304972, 43.250499918632336 ], [ -4.034192057298401, 43.252296134555195 ], [ -4.031116580188708, 43.25408648059512 ], [ -4.028034612716739, 43.255870944296987 ], [ -4.024946175673437, 43.257649513245298 ], [ -4.021851289900947, 43.259422175064408 ], [ -4.0187499762921, 43.261188917418828 ], [ -4.015642255790334, 43.26294972801275 ], [ -4.012528149389025, 43.264704594590661 ], [ -4.009407678132018, 43.266453504937338 ], [ -4.006280863113221, 43.268196446877575 ], [ -4.003147725476512, 43.269933408277112 ], [ -4.000008286415331, 43.271664377041574 ], [ -3.9968625671728, 43.273389341117777 ], [ -3.993710589041683, 43.275108288492483 ], [ -3.990552373363801, 43.276821207194054 ], [ -3.987387941529988, 43.278528085291256 ], [ -3.984217314980718, 43.280228910894138 ], [ -3.981040515204739, 43.281923672153354 ], [ -3.977857563739434, 43.283612357261212 ], [ -3.974668482171402, 43.285294954451196 ], [ -3.97147329213478, 43.286971451997779 ], [ -3.968272015312496, 43.288641838217359 ], [ -3.965064673435287, 43.2903061014676 ], [ -3.961851288282012, 43.291964230147983 ], [ -3.958631881679022, 43.293616212699362 ], [ -3.955406475500724, 43.295262037604893 ], [ -3.952175091668368, 43.296901693389415 ], [ -3.948937752151183, 43.298535168619651 ], [ -3.945694478964817, 43.300162451904619 ], [ -3.94244529417223, 43.301783531895396 ], [ -3.93919021988331, 43.303398397285399 ], [ -3.935929278254511, 43.305007036810224 ], [ -3.932662491488505, 43.306609439248305 ], [ -3.92938988183474, 43.308205593420311 ], [ -3.926111471588403, 43.309795488189664 ], [ -3.922827283091005, 43.311379112462511 ], [ -3.919537338729734, 43.312956455187638 ], [ -3.916241660937387, 43.314527505357077 ], [ -3.912940272192575, 43.316092252005475 ], [ -3.909633195018951, 43.317650684210832 ], [ -3.906320451985405, 43.319202791094092 ], [ -3.903002065705652, 43.320748561819649 ], [ -3.899678058838838, 43.322287985595203 ], [ -3.896348454088389, 43.323821051671615 ], [ -3.893013274202165, 43.325347749343557 ], [ -3.889672541972396, 43.32686806794932 ], [ -3.88632628023565, 43.32838199687054 ], [ -3.882974511872522, 43.329889525532963 ], [ -3.879617259807256, 43.331390643405967 ], [ -3.876254547007917, 43.332885340003074 ], [ -3.872886396486083, 43.334373604881534 ], [ -3.869512831296384, 43.335855427642898 ], [ -3.866133874537057, 43.337330797932843 ], [ -3.862749549348782, 43.338799705441453 ], [ -3.859359878915636, 43.340262139902954 ], [ -3.855964886463819, 43.341718091096141 ], [ -3.852564595262345, 43.343167548844129 ], [ -3.849159028622257, 43.344610503014977 ], [ -3.845748209897067, 43.346046943521074 ], [ -3.842332162481816, 43.347476860319809 ], [ -3.838910909813366, 43.348900243413198 ], [ -3.835484475370803, 43.350317082848548 ], [ -3.832052882673681, 43.351727368717697 ], [ -3.828616155283362, 43.353131091157699 ], [ -3.825174316802079, 43.354528240351065 ], [ -3.821727390873232, 43.355918806525295 ], [ -3.818275401180484, 43.35730277995318 ], [ -3.814818371448198, 43.358680150952978 ], [ -3.811356325441491, 43.360050909888358 ], [ -3.807889286964868, 43.361415047168649 ], [ -3.804417279863448, 43.362772553248703 ], [ -3.800940328021809, 43.364123418629319 ], [ -3.797458455364405, 43.365467633856646 ], [ -3.793971685855028, 43.366805189523006 ], [ -3.790480043496713, 43.36813607626658 ], [ -3.786983552331281, 43.369460284771691 ], [ -3.783482236440192, 43.37077780576827 ], [ -3.779976119942685, 43.372088630033105 ], [ -3.776465226997396, 43.373392748388717 ], [ -3.772949581800831, 43.374690151704051 ], [ -3.769429208587604, 43.375980830894434 ], [ -3.765904131630454, 43.377264776921933 ], [ -3.762374375239923, 43.378541980794594 ], [ -3.758839963764179, 43.379812433567423 ], [ -3.755300921588662, 43.381076126342123 ], [ -3.751757273136226, 43.38233305026688 ], [ -3.74820904286653, 43.383583196537138 ], [ -3.744656255276197, 43.384826556394749 ], [ -3.7410989348987, 43.38606312112892 ], [ -3.737537106303692, 43.387292882075421 ], [ -3.733970794097177, 43.388515830617699 ], [ -3.730400022921657, 43.389731958185948 ], [ -3.726824817454878, 43.390941256257754 ], [ -3.7232452024106, 43.392143716357978 ], [ -3.719661202538317, 43.393339330058801 ], [ -3.716072842622665, 43.394528088979975 ], [ -3.712480147483323, 43.395709984788816 ], [ -3.708883141975015, 43.396885009199941 ], [ -3.705281850987369, 43.398053153975837 ], [ -3.701676299444475, 43.399214410926568 ], [ -3.698066512304548, 43.400368771910344 ], [ -3.694452514560241, 43.401516228832691 ], [ -3.690834331238275, 43.402656773647294 ], [ -3.687211987399097, 43.403790398356051 ], [ -3.683585508136425, 43.404917095008479 ], [ -3.679954918577755, 43.406036855702396 ], [ -3.676320243883839, 43.40714967258387 ], [ -3.672681509247891, 43.408255537847012 ], [ -3.669038739896552, 43.409354443734564 ], [ -3.665391961088748, 43.410446382537316 ], [ -3.661741198115812, 43.411531346594508 ], [ -3.658086476301543, 43.412609328294053 ], [ -3.654427821001407, 43.413680320072181 ], [ -3.650765257603187, 43.41474431441398 ], [ -3.647098811525622, 43.41580130385298 ], [ -3.643428508219518, 43.416851280971677 ], [ -3.639754373166205, 43.417894238401168 ], [ -3.636076431878903, 43.418930168821454 ], [ -3.632394709900947, 43.419959064961475 ], [ -3.628709232806567, 43.420980919599153 ], [ -3.625020026200484, 43.421995725561381 ], [ -3.621327115717345, 43.423003475724265 ], [ -3.617630527022121, 43.424004163012945 ], [ -3.613930285809448, 43.424997780401789 ], [ -3.610226417803568, 43.425984320914395 ], [ -3.606518948758413, 43.426963777623754 ], [ -3.602807904456562, 43.427936143652296 ], [ -3.599093310710082, 43.428901412171712 ], [ -3.59537519335959, 43.429859576403103 ], [ -3.591653578274455, 43.430810629617554 ], [ -3.587928491352308, 43.4317545651353 ], [ -3.584199958518873, 43.432691376326481 ], [ -3.580468005728086, 43.433621056610747 ], [ -3.576732658961826, 43.434543599457683 ], [ -3.572993944228815, 43.435458998386601 ], [ -3.569251887565807, 43.436367246966817 ], [ -3.565506515036423, 43.437268338817319 ], [ -3.561757852731218, 43.438162267607133 ], [ -3.558005926767775, 43.439049027055617 ], [ -3.554250763289915, 43.43992861093178 ], [ -3.550492388467687, 43.440801013055051 ], [ -3.546730828497616, 43.441666227294846 ], [ -3.542966109601768, 43.442524247570852 ], [ -3.539198258028195, 43.443375067853182 ], [ -3.535427300050208, 43.444218682162088 ], [ -3.531653261966653, 43.445055084568359 ], [ -3.527876170101173, 43.445884269192995 ], [ -3.52409605080233, 43.446706230207681 ], [ -3.520312930443595, 43.447520961834456 ], [ -3.516526835422343, 43.448328458346026 ], [ -3.51273779216088, 43.449128714065751 ], [ -3.508945827104854, 43.449921723367574 ], [ -3.50515096672412, 43.450707480676044 ], [ -3.501353237511895, 43.451485980466657 ], [ -3.49755266598488, 43.452257217265654 ], [ -3.493749278683049, 43.453021185650051 ], [ -3.48994310216904, 43.45377788024782 ], [ -3.486134163028556, 43.454527295737769 ], [ -3.48232248786955, 43.455269426849796 ], [ -3.478508103322592, 43.456004268364694 ], [ -3.47469103604002, 43.456731815114502 ], [ -3.470871312696067, 43.457452061982103 ], [ -3.467048959986921, 43.458165003901726 ], [ -3.463224004630043, 43.458870635858752 ], [ -3.459396473364111, 43.459568952889825 ], [ -3.455566392948771, 43.460259950082623 ], [ -3.451733790164747, 43.460943622576394 ], [ -3.447898691812996, 43.461619965561667 ], [ -3.44406112471517, 43.462288974280348 ], [ -3.440221115712787, 43.462950644025646 ], [ -3.43637869166753, 43.463604970142583 ], [ -3.432533879460752, 43.464251948027218 ], [ -3.428686705993125, 43.464891573127467 ], [ -3.424837198184954, 43.465523840942787 ], [ -3.420985382975366, 43.466148747024178 ], [ -3.417131287322373, 43.466766286974263 ], [ -3.413274938202662, 43.467376456447525 ], [ -3.409416362611227, 43.467979251149906 ], [ -3.405555587561647, 43.468574666839373 ], [ -3.401692640085003, 43.469162699325565 ], [ -3.397827547230381, 43.469743344469954 ], [ -3.393960336064476, 43.470316598185988 ], [ -3.390091033670929, 43.470882456438588 ], [ -3.386219667150967, 43.471440915245331 ], [ -3.382346263622275, 43.471991970674985 ], [ -3.37847085021953, 43.472535618848923 ], [ -3.374593454093923, 43.473071855940226 ], [ -3.370714102412391, 43.47360067817408 ], [ -3.366832822358229, 43.474122081827851 ], [ -3.362949641130361, 43.474636063230889 ], [ -3.359064585943705, 43.475142618764863 ], [ -3.355177684027702, 43.475641744863417 ], [ -3.351288962627495, 43.476133438012532 ], [ -3.347398449003332, 43.47661769475063 ], [ -3.343506170429437, 43.477094511667794 ], [ -3.339612154194906, 43.477563885407072 ], [ -3.335716427603006, 43.478025812663525 ], [ -3.331819017971173, 43.478480290184514 ], [ -3.327919952630291, 43.478927314769841 ], [ -3.324019258925141, 43.479366883271794 ], [ -3.320116964213408, 43.479798992595057 ], [ -3.316213095866527, 43.480223639696611 ], [ -3.312307681268307, 43.480640821586128 ], [ -3.30840074781521, 43.481050535325672 ], [ -3.304492322916594, 43.481452778029883 ], [ -3.300582433993724, 43.481847546866 ], [ -3.296671108479805, 43.482234839053405 ], [ -3.292758373819848, 43.482614651864999 ], [ -3.288844257470729, 43.482986982625349 ], [ -3.284928786900253, 43.483351828712209 ], [ -3.281011989587604, 43.483709187555775 ], [ -3.277093893022592, 43.484059056639111 ], [ -3.273174524705734, 43.484401433497879 ], [ -3.269253912148333, 43.484736315720319 ], [ -3.265332082871321, 43.485063700947741 ], [ -3.261409064406025, 43.485383586873986 ], [ -3.257484884293379, 43.485695971245768 ], [ -3.253559570084062, 43.486000851862578 ], [ -3.249633149337432, 43.4862982265767 ], [ -3.245705649622758, 43.486588093293335 ], [ -3.24177709851754, 43.486870449970603 ], [ -3.237847523608212, 43.487145294619118 ], [ -3.23391695248938, 43.487412625303065 ], [ -3.229985412764094, 43.487672440138795 ], [ -3.22605293204306, 43.487924737295948 ], [ -3.222119537945049, 43.488169514997253 ], [ -3.218185258096128, 43.488406771518072 ], [ -3.214250120129329, 43.488636505187003 ], [ -3.210314151685523, 43.488858714385351 ], [ -3.206377380411332, 43.489073397547685 ], [ -3.202439833961028, 43.489280553161407 ], [ -3.198501539994674, 43.489480179766808 ], [ -3.19456252617839, 43.489672275957751 ], [ -3.19062282018438, 43.489856840380476 ], [ -3.186682449690703, 43.490033871734674 ], [ -3.182741442380513, 43.49020336877301 ], [ -3.178799825942498, 43.490365330301188 ], [ -3.174857628069998, 43.490519755178092 ], [ -3.170914876461655, 43.49066664231561 ], [ -3.166971598820198, 43.490805990678702 ], [ -3.163027822852744, 43.490937799285504 ], [ -3.159083576270585, 43.491062067207444 ], [ -3.155138886789066, 43.491178793568679 ], [ -3.151193782126957, 43.491287977546726 ], [ -3.147248290006286, 43.491389618372274 ], [ -3.143302438152381, 43.491483715329281 ], [ -3.139356254293873, 43.491570267754469 ], [ -3.135409766161585, 43.491649275038043 ], [ -3.131463001489101, 43.491720736623314 ], [ -3.127515988012335, 43.491784652006643 ], [ -3.123568753468953, 43.491841020737716 ], [ -3.119621325599109, 43.491889842419255 ], [ -3.115673732143589, 43.491931116707327 ], [ -3.111726000845192, 43.491964843311059 ], [ -3.107778159447601, 43.491991021992767 ], [ -3.103830235695776, 43.492009652567987 ], [ -3.099882257334876, 43.492020734905353 ], [ -3.095934252110604, 43.492024268926897 ], [ -3.091986247769132, 43.492020254607702 ], [ -3.08803827205629, 43.492008691975997 ], [ -3.084090352718114, 43.49198958111328 ], [ -3.080142517499633, 43.491962922154237 ], [ -3.076194794145603, 43.491928715286782 ], [ -3.07224721039974, 43.491886960751764 ], [ -3.068299794004758, 43.491837658843615 ], [ -3.064352572701395, 43.491780809909649 ], [ -3.060405574229706, 43.491716414350471 ], [ -3.056458826327042, 43.491644472619861 ], [ -3.052512356729406, 43.49156498522477 ], [ -3.048566193170076, 43.491477952725255 ], [ -3.044620363380034, 43.491383375734635 ], [ -3.040674895087264, 43.491281254919272 ], [ -3.036729816016966, 43.491171590998874 ], [ -3.032785153891231, 43.4910543847461 ], [ -3.028840936428518, 43.490929636986777 ], [ -3.024897191343887, 43.490797348599962 ], [ -3.020953946348383, 43.490657520517836 ], [ -3.017011229148708, 43.490510153725594 ], [ -3.013069067447716, 43.49035524926159 ], [ -3.009127488943337, 43.490192808217238 ], [ -3.005186521328748, 43.490022831737242 ], [ -3.001246192292157, 43.489845321019025 ], [ -2.997306529516644, 43.489660277313625 ], [ -2.993367560679931, 43.489467701924603 ], [ -2.989429313453464, 43.489267596208819 ], [ -2.985491815503275, 43.489059961576238 ], [ -2.98155509448924, 43.488844799489591 ], [ -2.977619178064801, 43.488622111464942 ], [ -2.973684093876426, 43.488391899071139 ], [ -2.969749869564194, 43.488154163930133 ], [ -2.965816532761214, 43.487908907717006 ], [ -2.961884111092678, 43.487656132159294 ], [ -2.957952632176904, 43.487395839038037 ], [ -2.954022123624312, 43.487128030186994 ], [ -2.950092613037351, 43.486852707492673 ], [ -2.946164128009959, 43.486569872894833 ], [ -2.942236696128081, 43.486279528385879 ], [ -2.938310344968913, 43.485981676011143 ], [ -2.934385102100672, 43.485676317868844 ], [ -2.930460995082509, 43.485363456109951 ], [ -2.926538051464594, 43.485043092938469 ], [ -2.922616298786905, 43.484715230611037 ], [ -2.918695764580201, 43.484379871436921 ], [ -2.914776476364989, 43.484037017778476 ], [ -2.910858461651634, 43.483686672050773 ], [ -2.906941747940164, 43.483328836721242 ], [ -2.90302636271985, 43.482963514310526 ], [ -2.899112333468874, 43.482590707391459 ], [ -2.89519968765462, 43.482210418589965 ], [ -2.891288452732951, 43.481822650584498 ], [ -2.887378656148207, 43.481427406105723 ], [ -2.883470325332871, 43.481024687937648 ], [ -2.879563487707606, 43.480614498916069 ], [ -2.875658170680715, 43.480196841929974 ], [ -2.871754401647885, 43.479771719920592 ], [ -2.867852207992368, 43.479339135881524 ], [ -2.863951617084548, 43.47889909285918 ], [ -2.860052656281245, 43.478451593952052 ], [ -2.856155352926393, 43.47799664231151 ], [ -2.852259734350362, 43.477534241140923 ], [ -2.848365827869283, 43.477064393696097 ], [ -2.844473660785586, 43.476587103285468 ], [ -2.840583260387513, 43.476102373269455 ], [ -2.836694653948568, 43.475610207061038 ], [ -2.83280786872778, 43.475110608125156 ], [ -2.828922931969073, 43.474603579979295 ], [ -2.825039870901795, 43.474089126193107 ], [ -2.82115871273911, 43.473567250388101 ], [ -2.81727948467918, 43.473037956238301 ], [ -2.813402213904071, 43.472501247469751 ], [ -2.809526927580333, 43.47195712786047 ], [ -2.80565365285751, 43.47140560124069 ], [ -2.801782416869429, 43.470846671492517 ], [ -2.797913246732715, 43.470280342550303 ], [ -2.79404616954742, 43.469706618399869 ], [ -2.790181212396216, 43.46912550307961 ], [ -2.786318402344639, 43.468537000679227 ], [ -2.782457766440624, 43.467941115340722 ], [ -2.778599331714249, 43.467337851257625 ], [ -2.774743125177681, 43.466727212675416 ], [ -2.770889173825054, 43.466109203891349 ], [ -2.767037504631455, 43.465483829254183 ], [ -2.763188144554213, 43.464851093164661 ], [ -2.759341120530873, 43.464211000074954 ], [ -2.755496459480737, 43.463563554489092 ], [ -2.75165418830312, 43.462908760962335 ], [ -2.747814333878082, 43.462246624101745 ], [ -2.743976923066245, 43.461577148565794 ], [ -2.740141982707585, 43.460900339064573 ], [ -2.736309539622695, 43.460216200359199 ], [ -2.732479620611257, 43.45952473726264 ], [ -2.728652252452378, 43.458825954638897 ], [ -2.724827461904572, 43.458119857403325 ], [ -2.721005275705188, 43.457406450522889 ], [ -2.717185720570271, 43.456685739015221 ], [ -2.713368823194778, 43.455957727949446 ], [ -2.709554610251216, 43.455222422445893 ], [ -2.705743108391042, 43.454479827675733 ], [ -2.701934344242904, 43.453729948861458 ], [ -2.698128344413564, 43.452972791276487 ], [ -2.694325135487419, 43.452208360245223 ], [ -2.690524744025316, 43.451436661142871 ], [ -2.686727196566098, 43.450657699395627 ], [ -2.682932519624516, 43.449871480480503 ], [ -2.679140739692838, 43.449078009925344 ], [ -2.675351883239149, 43.448277293308834 ], [ -2.671565976707724, 43.447469336259971 ], [ -2.667783046519061, 43.446654144458961 ], [ -2.664003119069285, 43.445831723636211 ], [ -2.660226220730061, 43.445002079572852 ], [ -2.656452377848423, 43.444165218100373 ], [ -2.652681616746487, 43.443321145101052 ], [ -2.648913963721643, 43.442469866507324 ], [ -2.645149445045326, 43.441611388302064 ], [ -2.641388086964063, 43.4407457165184 ], [ -2.637629915698155, 43.439872857239898 ], [ -2.633874957442643, 43.438992816600319 ], [ -2.630123238365923, 43.438105600783317 ], [ -2.626374784610327, 43.43721121602303 ], [ -2.622629622291203, 43.436309668603634 ], [ -2.618887777497762, 43.435400964858935 ], [ -2.615149276291638, 43.43448511117321 ], [ -2.611414144708149, 43.433562113980337 ], [ -2.607682408754252, 43.432631979764146 ], [ -2.6039540944099, 43.431694715058441 ], [ -2.60022922762739, 43.430750326446415 ], [ -2.596507834330363, 43.429798820561317 ], [ -2.592789940415101, 43.428840204085823 ], [ -2.589075571748814, 43.427874483752156 ], [ -2.585364754170603, 43.426901666342602 ], [ -2.581657513490355, 43.42592175868824 ], [ -2.577953875488985, 43.424934767669818 ], [ -2.574253865918563, 43.423940700217791 ], [ -2.570557510501483, 43.422939563311402 ], [ -2.566864834930199, 43.421931363979482 ], [ -2.563175864868156, 43.420916109300023 ], [ -2.559490625947835, 43.419893806400118 ], [ -2.555809143772261, 43.418864462455979 ], [ -2.552131443913386, 43.417828084692701 ], [ -2.548457551913098, 43.416784680384595 ], [ -2.544787493281924, 43.415734256854698 ], [ -2.541121293499958, 43.414676821475027 ], [ -2.537458978015489, 43.413612381666219 ], [ -2.533800572245628, 43.412540944897735 ], [ -2.530146101575895, 43.411462518687735 ], [ -2.526495591359788, 43.410377110602887 ], [ -2.52284906691888, 43.409284728258676 ], [ -2.519206553542883, 43.408185379318617 ], [ -2.515568076488307, 43.407079071495012 ], [ -2.511933660979568, 43.40596581254853 ], [ -2.508303332208301, 43.404845610287744 ], [ -2.50467711533271, 43.403718472569992 ], [ -2.501055035478392, 43.402584407300289 ], [ -2.4974371177368, 43.401443422432223 ], [ -2.493823387166592, 43.400295525966932 ], [ -2.490213868791847, 43.399140725953991 ], [ -2.486608587603108, 43.397979030490418 ], [ -2.483007568556738, 43.396810447721677 ], [ -2.479410836574368, 43.395634985840303 ], [ -2.47581841654362, 43.394452653087036 ], [ -2.472230333316723, 43.393263457750152 ], [ -2.468646611711309, 43.392067408165531 ], [ -2.465067276509902, 43.390864512716306 ], [ -2.461492352459363, 43.389654779833393 ], [ -2.457921864271454, 43.388438217994825 ], [ -2.454355836621648, 43.387214835726269 ], [ -2.450794294150126, 43.385984641600096 ], [ -2.447237261460449, 43.384747644236427 ], [ -2.44368476312026, 43.383503852302034 ], [ -2.440136823660394, 43.382253274510951 ], [ -2.436593467575248, 43.380995919623956 ], [ -2.433054719322246, 43.379731796449065 ], [ -2.429520603321575, 43.378460913840854 ], [ -2.42599114395661, 43.377183280700656 ], [ -2.422466365573063, 43.375898905976378 ], [ -2.418946292478954, 43.374607798662751 ], [ -2.415430948944564, 43.373309967800921 ], [ -2.411920359202393, 43.372005422478466 ], [ -2.408414547446306, 43.37069417182942 ], [ -2.404913537832492, 43.369376225033946 ], [ -2.401417354477896, 43.368051591318576 ], [ -2.397926021461087, 43.366720279956063 ], [ -2.394439562821653, 43.365382300265054 ], [ -2.390958002560377, 43.364037661610332 ], [ -2.387481364638471, 43.362686373402667 ], [ -2.384009672977579, 43.361328445098415 ], [ -2.38054295145991, 43.359963886199878 ], [ -2.377081223927986, 43.358592706255273 ], [ -2.37362451418394, 43.357214914858091 ], [ -2.370172845990071, 43.355830521647491 ], [ -2.366726243068428, 43.354439536308092 ], [ -2.363284729100057, 43.353041968570096 ], [ -2.359848327725384, 43.351637828208638 ], [ -2.356417062544601, 43.350227125044398 ], [ -2.352990957115867, 43.348809868943121 ], [ -2.349570034956833, 43.347386069815634 ], [ -2.346154319543139, 43.345955737617665 ], [ -2.342743834309583, 43.344518882349959 ], [ -2.339338602648352, 43.343075514058079 ], [ -2.335938647910167, 43.341625642832362 ], [ -2.33254399340363, 43.340169278807807 ], [ -2.329154662394699, 43.338706432163939 ], [ -2.325770678107337, 43.337237113124836 ], [ -2.322392063722459, 43.335761331959048 ], [ -2.319018842378346, 43.334279098979302 ], [ -2.315651037170197, 43.332790424542964 ], [ -2.312288671150219, 43.331295319051122 ], [ -2.308931767326918, 43.329793792949189 ], [ -2.305580348665887, 43.328285856726694 ], [ -2.302234438088268, 43.3267715209168 ], [ -2.298894058472169, 43.32525079609691 ], [ -2.295559232651093, 43.323723692887746 ], [ -2.29222998341443, 43.322190221954145 ], [ -2.288906333507557, 43.320650394004005 ], [ -2.285588305630771, 43.319104219789253 ], [ -2.282275922440491, 43.317551710104929 ], [ -2.278969206547343, 43.315992875789561 ], [ -2.275668180517748, 43.314427727724755 ], [ -2.272372866872188, 43.312856276835426 ], [ -2.269083288086429, 43.311278534089411 ], [ -2.265799466590443, 43.309694510497728 ], [ -2.262521424768589, 43.308104217114085 ], [ -2.259249184959016, 43.306507665035198 ], [ -2.25598276945458, 43.304904865400211 ], [ -2.252722200501325, 43.303295829391253 ], [ -2.24946750029922, 43.301680568232698 ], [ -2.246218691001634, 43.300059093191528 ], [ -2.242975794715469, 43.298431415577006 ], [ -2.239738833500581, 43.29679754674072 ], [ -2.236507829370253, 43.295157498076478 ], [ -2.233282804289915, 43.293511281020038 ], [ -2.230063780178381, 43.291858907049331 ], [ -2.226850778906564, 43.290200387683939 ], [ -2.223643822298167, 43.288535734485592 ], [ -2.220442932128682, 43.28686495905739 ], [ -2.217248130126145, 43.285188073044353 ], [ -2.214059437970075, 43.28350508813292 ], [ -2.210876877291748, 43.281816016050996 ], [ -2.207700469674698, 43.280120868567714 ], [ -2.204530236652991, 43.278419657493664 ], [ -2.201366199712734, 43.27671239468053 ], [ -2.198208380290686, 43.27499909202097 ], [ -2.195056799774891, 43.273279761448848 ], [ -2.19191147950406, 43.271554414938436 ], [ -2.188772440767651, 43.269823064505452 ], [ -2.185639704805824, 43.268085722205861 ], [ -2.182513292808755, 43.266342400136217 ], [ -2.17939322591716, 43.264593110433779 ], [ -2.17627952522162, 43.262837865276147 ], [ -2.173172211763034, 43.261076676881189 ], [ -2.170071306531573, 43.25930955750686 ], [ -2.166976830467325, 43.25753651945152 ], [ -2.163888804459889, 43.255757575053266 ], [ -2.160807249348206, 43.253972736690336 ], [ -2.157732185920127, 43.252182016780587 ], [ -2.154663634913169, 43.250385427781666 ], [ -2.151601617013032, 43.248582982191039 ], [ -2.14854615285464, 43.246774692545422 ], [ -2.145497263021439, 43.244960571421139 ], [ -2.142454968045164, 43.243140631433697 ], [ -2.139419288406318, 43.241314885238033 ], [ -2.136390244533081, 43.239483345527866 ], [ -2.133367856802123, 43.237646025036362 ], [ -2.130352145537675, 43.235802936535379 ], [ -2.127343131011748, 43.233954092835567 ], [ -2.124340833444374, 43.232099506786376 ], [ -2.121345273002505, 43.230239191275928 ], [ -2.118356469801104, 43.228373159230948 ], [ -2.115374443901604, 43.226501423616149 ], [ -2.112399215312921, 43.224623997435231 ], [ -2.109430803991044, 43.222740893729444 ], [ -2.106469229838404, 43.220852125578737 ], [ -2.103514512704388, 43.218957706100539 ], [ -2.100566672384709, 43.217057648450677 ], [ -2.097625728621381, 43.215151965822386 ], [ -2.094691701103148, 43.213240671446876 ], [ -2.091764609464528, 43.211323778592856 ], [ -2.08884447328569, 43.209401300566512 ], [ -2.085931312093492, 43.207473250711473 ], [ -2.083025145359876, 43.20553964240851 ], [ -2.080125992502426, 43.203600489075711 ], [ -2.077233872884469, 43.20165580416846 ], [ -2.07434880581445, 43.199705601178628 ], [ -2.071470810546261, 43.197749893635198 ], [ -2.06859990627848, 43.195788695104035 ], [ -2.065736112154901, 43.193822019187508 ], [ -2.062879447264155, 43.19184987952444 ], [ -2.060029930639457, 43.189872289790436 ], [ -2.057187581258552, 43.187889263697066 ], [ -2.054352418043658, 43.185900814992301 ], [ -2.051524459861606, 43.183906957460195 ], [ -2.048703725523047, 43.18190770492096 ], [ -2.045890233782572, 43.179903071230392 ], [ -2.043084003339137, 43.177893070280462 ], [ -2.040285052835362, 43.175877715998539 ], [ -2.037493400857275, 43.173857022347747 ], [ -2.034709065935022, 43.171831003326545 ], [ -2.031932066541795, 43.169799672968921 ], [ -2.029162421094143, 43.167763045343904 ], [ -2.026400147951918, 43.165721134555845 ], [ -2.023645265418159, 43.163673954744112 ], [ -2.020897791738626, 43.161621520082925 ], [ -2.018157745102264, 43.159563844781445 ], [ -2.015425143640364, 43.157500943083313 ], [ -2.012700005427291, 43.155432829266921 ], [ -2.009982348479394, 43.153359517645214 ], [ -2.007272190755998, 43.151281022565286 ], [ -2.00456955015831, 43.149197358408756 ], [ -2.001874444529576, 43.147108539591166 ], [ -1.999186891655303, 43.145014580562346 ], [ -1.996506909263304, 43.142915495805688 ], [ -1.993834515022258, 43.140811299838788 ], [ -1.991169726543708, 43.138702007212657 ], [ -1.988512561379791, 43.136587632512082 ], [ -1.985863037024576, 43.134468190355278 ], [ -1.983221170913632, 43.132343695393679 ], [ -1.980586980423564, 43.130214162312228 ], [ -1.977960482872183, 43.128079605828844 ], [ -1.975341695518338, 43.125940040694452 ], [ -1.972730635561726, 43.123795481693023 ], [ -1.97012732014342, 43.121645943641035 ], [ -1.96753176634428, 43.119491441388107 ], [ -1.964943991186712, 43.117331989815995 ], [ -1.96236401163289, 43.115167603839168 ], [ -1.959791844586009, 43.112998298404278 ], [ -1.957227506889115, 43.110824088490325 ], [ -1.954671015325651, 43.108644989108399 ], [ -1.952122386619176, 43.106461015301598 ], [ -1.949581637433179, 43.104272182144619 ], [ -1.94704878437102, 43.102078504744412 ], [ -1.944523843976169, 43.099879998239139 ], [ -1.942006832731246, 43.097676677798873 ], [ -1.939497767058685, 43.095468558624724 ], [ -1.936996663320819, 43.09325565594925 ], [ -1.934503537818829, 43.091037985036294 ], [ -1.932018406793308, 43.088815561180695 ], [ -1.929541286424262, 43.086588399708184 ], [ -1.927072192830671, 43.084356515975472 ], [ -1.924611142070371, 43.082119925369796 ], [ -1.922158150140543, 43.07987864330903 ], [ -1.919713232976703, 43.077632685241532 ], [ -1.917276406453457, 43.075382066646178 ], [ -1.914847686383642, 43.073126803031876 ], [ -1.912427088519195, 43.070866909937777 ], [ -1.910014628549847, 43.068602402932861 ], [ -1.907610322104274, 43.06633329761641 ], [ -1.905214184748927, 43.064059609616805 ], [ -1.902826231988685, 43.061781354592782 ], [ -1.900446479266586, 43.059498548232064 ], [ -1.898074941963364, 43.057211206252134 ], [ -1.895711635398131, 43.0549193443996 ], [ -1.893356574827139, 43.052622978450295 ], [ -1.891009775445033, 43.050322124208989 ], [ -1.888671252383627, 43.048016797509462 ], [ -1.886341020712512, 43.045707014214372 ], [ -1.884019095438718, 43.043392790214924 ], [ -1.881705491506644, 43.041074141431217 ], [ -1.879400223797924, 43.038751083811242 ], [ -1.877103307131581, 43.036423633331701 ], [ -1.874814756263755, 43.03409180599747 ], [ -1.872534585887137, 43.031755617841448 ], [ -1.870262810632284, 43.02941508492448 ], [ -1.867999445065789, 43.027070223335308 ], [ -1.865744503691404, 43.024721049190369 ], [ -1.863498000949932, 43.022367578633713 ], [ -1.861259951218153, 43.020009827836702 ], [ -1.859030368809883, 43.017647812998526 ], [ -1.85680926797525, 43.015281550344916 ], [ -1.854596662900907, 43.012911056129255 ], [ -1.852392567709782, 43.010536346631767 ], [ -1.850196996461212, 43.008157438159436 ], [ -1.848009963150306, 43.0057743470459 ], [ -1.845831481708635, 43.003387089651874 ], [ -1.843661566003636, 43.000995682364156 ], [ -1.841500229838921, 42.99860014159578 ], [ -1.839347486953888, 42.996200483786644 ], [ -1.837203351023546, 42.993796725402134 ], [ -1.835067835658888, 42.991388882934068 ], [ -1.832940954406398, 42.988976972899835 ], [ -1.830822720748448, 42.986561011842724 ], [ -1.82871314810241, 42.984141016331691 ], [ -1.826612249821933, 42.981717002961162 ], [ -1.824520039195225, 42.97928898835098 ], [ -1.822436529446241, 42.976856989145872 ], [ -1.820361733734304, 42.974421022016436 ], [ -1.818295665153399, 42.971981103657612 ], [ -1.816238336733331, 42.969537250789507 ], [ -1.814189761438456, 42.967089480156901 ], [ -1.812149952168258, 42.964637808529368 ], [ -1.810118921757239, 42.962182252700849 ], [ -1.80809668297459, 42.9597228294895 ], [ -1.806083248524413, 42.957259555738041 ], [ -1.804078631045513, 42.954792448313135 ], [ -1.802082843111552, 42.952321524105606 ], [ -1.800095897230481, 42.949846800030095 ], [ -1.79811780584492, 42.947368293024695 ], [ -1.796148581332234, 42.944886020051591 ], [ -1.794188236003932, 42.942399998096199 ], [ -1.792236782105911, 42.939910244167407 ], [ -1.790294231818554, 42.937416775297216 ], [ -1.78836059725621, 42.934919608540987 ], [ -1.786435890467725, 42.932418760976773 ], [ -1.784520123435885, 42.929914249705746 ], [ -1.782613308077933, 42.927406091851736 ], [ -1.780715456244692, 42.924894304561164 ], [ -1.778826579721036, 42.922378905002837 ], [ -1.776946690225922, 42.919859910368153 ], [ -1.775075799412215, 42.917337337870457 ], [ -1.773213918866285, 42.914811204745597 ], [ -1.771361060108775, 42.912281528250901 ], [ -1.769517234593436, 42.909748325665959 ], [ -1.767682453708272, 42.907211614291889 ], [ -1.765856728774495, 42.904671411451574 ], [ -1.764040071046963, 42.902127734488865 ], [ -1.762232491714098, 42.899580600769625 ], [ -1.760434001897816, 42.897030027680373 ], [ -1.758644612653178, 42.894476032629278 ], [ -1.756864334969252, 42.891918633044945 ], [ -1.755093179767615, 42.889357846376846 ], [ -1.753331157903782, 42.886793690095665 ], [ -1.75157828016605, 42.884226181691879 ], [ -1.749834557276246, 42.881655338677056 ], [ -1.748099999889057, 42.879081178582759 ], [ -1.74637461859234, 42.876503718960763 ], [ -1.744658423906988, 42.873922977383003 ], [ -1.742951426287273, 42.871338971441169 ], [ -1.741253636119826, 42.868751718747035 ], [ -1.739565063724616, 42.866161236931639 ], [ -1.737885719354377, 42.863567543645878 ], [ -1.73621561319462, 42.860970656560063 ], [ -1.734554755363717, 42.858370593363404 ], [ -1.73290315591289, 42.855767371764649 ], [ -1.731260824826114, 42.853161009491522 ], [ -1.729627772019774, 42.850551524290502 ], [ -1.72800400734315, 42.847938933926763 ], [ -1.726389540578188, 42.845323256184422 ], [ -1.724784381439059, 42.8427045088659 ], [ -1.723188539573066, 42.84008270979183 ], [ -1.721602024559539, 42.837457876801366 ], [ -1.72002484591028, 42.8348300277516 ], [ -1.718457013069796, 42.832199180517783 ], [ -1.716898535414927, 42.829565352992745 ], [ -1.715349422254912, 42.826928563087321 ], [ -1.713809682831029, 42.824288828729713 ], [ -1.712279326317449, 42.821646167865794 ], [ -1.710758361819895, 42.819000598458565 ], [ -1.709246798377031, 42.816352138488298 ], [ -1.70774464495933, 42.813700805952521 ], [ -1.706251910469511, 42.811046618865333 ], [ -1.704768603742796, 42.808389595257843 ], [ -1.703294733545927, 42.805729753178042 ], [ -1.701830308578168, 42.803067110690144 ], [ -1.700375337470992, 42.800401685874881 ], [ -1.698929828787668, 42.797733496829423 ], [ -1.697493791023429, 42.795062561666853 ], [ -1.696067232605735, 42.792388898516471 ], [ -1.694650161893885, 42.789712525523235 ], [ -1.693242587179287, 42.787033460848221 ], [ -1.691844516684989, 42.784351722667914 ], [ -1.690455958566444, 42.781667329174333 ], [ -1.689076920910361, 42.778980298574766 ], [ -1.687707411735932, 42.776290649091962 ], [ -1.68634743899384, 42.773598398963607 ], [ -1.684997010566577, 42.770903566442492 ], [ -1.683656134268732, 42.768206169796059 ], [ -1.682324817846313, 42.765506227306709 ], [ -1.681003068977307, 42.762803757271229 ], [ -1.679690895271542, 42.76009877800098 ], [ -1.678388304270165, 42.757391307821628 ], [ -1.677095303446763, 42.754681365072962 ], [ -1.675811900206026, 42.751968968108805 ], [ -1.674538101884267, 42.749254135297164 ], [ -1.673273915750032, 42.74653688501953 ], [ -1.672019349003, 42.743817235671244 ], [ -1.670774408774808, 42.74109520566109 ], [ -1.669539102128442, 42.738370813411152 ], [ -1.668313436058765, 42.735644077357179 ], [ -1.667097417492041, 42.732915015947725 ], [ -1.66589105328634, 42.730183647644196 ], [ -1.664694350231265, 42.727449990921428 ], [ -1.663507315047639, 42.724714064266621 ], [ -1.662329954388285, 42.72197588617945 ], [ -1.661162274837271, 42.719235475172397 ], [ -1.66000428291065, 42.716492849770248 ], [ -1.658855985055382, 42.713748028509819 ], [ -1.657717387650224, 42.711001029940192 ], [ -1.656588497005734, 42.708251872622235 ], [ -1.655469319363774, 42.705500575128816 ], [ -1.654359860897358, 42.702747156044381 ], [ -1.6532601277115, 42.699991633965027 ], [ -1.652170125842435, 42.697234027498183 ], [ -1.65108986125802, 42.694474355262685 ], [ -1.650019339857557, 42.69171263588828 ], [ -1.648958567471625, 42.688948888016192 ], [ -1.647907549862655, 42.686183130298097 ], [ -1.646866292724228, 42.683415381396735 ], [ -1.64583480168152, 42.680645659985409 ], [ -1.644813082291348, 42.677873984747862 ], [ -1.643801140041661, 42.675100374378253 ], [ -1.642798980351938, 42.672324847581024 ], [ -1.641806608573584, 42.669547423070668 ], [ -1.640824029988879, 42.666768119571685 ], [ -1.639851249811824, 42.66398695581843 ], [ -1.638888273187823, 42.661203950555006 ], [ -1.637935105193979, 42.658419122534973 ], [ -1.636991750838691, 42.65563249052159 ], [ -1.63605821506166, 42.652844073287099 ], [ -1.635134502734422, 42.650053889613282 ], [ -1.634220618659894, 42.647261958290727 ], [ -1.633316567572516, 42.644468298119108 ], [ -1.632422354137922, 42.641672927906853 ], [ -1.631537982953506, 42.63887586647084 ], [ -1.630663458548315, 42.636077132636892 ], [ -1.629798785382762, 42.633276745238852 ], [ -1.628943967848618, 42.630474723119072 ], [ -1.62809901026947, 42.627671085127943 ], [ -1.627263916900225, 42.624865850123868 ], [ -1.626438691927524, 42.62205903697329 ], [ -1.625623339469551, 42.619250664550044 ], [ -1.624817863575855, 42.61644075173583 ], [ -1.624022268227902, 42.613629317419857 ], [ -1.623236557338281, 42.610816380498498 ], [ -1.62246073475196, 42.608001959875608 ], [ -1.621694804244559, 42.605186074461862 ], [ -1.620938769524037, 42.602368743174949 ], [ -1.620192634229749, 42.599549984939522 ], [ -1.619456401932899, 42.596729818686747 ], [ -1.618730076135899, 42.59390826335472 ], [ -1.618013660273345, 42.591085337887421 ], [ -1.617307157711196, 42.588261061235478 ], [ -1.616610571747432, 42.585435452355689 ], [ -1.615923905611448, 42.582608530210699 ], [ -1.615247162464648, 42.579780313769284 ], [ -1.61458034540011, 42.576950822005841 ], [ -1.613923457442816, 42.574120073900573 ], [ -1.61327650154921, 42.571288088438848 ], [ -1.612639480607825, 42.568454884611903 ], [ -1.612012397439007, 42.565620481415806 ], [ -1.611395254795063, 42.562784897851991 ], [ -1.610788055360127, 42.559948152926857 ], [ -1.610190801749988, 42.557110265651644 ], [ -1.609603496512596, 42.554271255042174 ], [ -1.609026142127842, 42.551431140119007 ], [ -1.608458741007584, 42.548589939907316 ], [ -1.607901295495764, 42.545747673436303 ], [ -1.607353807867919, 42.542904359739538 ], [ -1.606816280332134, 42.540060017854806 ], [ -1.60628871502823, 42.537214666823488 ], [ -1.605771114028112, 42.534368325691169 ], [ -1.60526347933633, 42.531521013506811 ], [ -1.60476581288885, 42.528672749323142 ], [ -1.60427811655419, 42.525823552196186 ], [ -1.603800392132909, 42.522973441185336 ], [ -1.603332641357816, 42.520122435353166 ], [ -1.602874865894127, 42.517270553765201 ], [ -1.602427067339282, 42.514417815489843 ], [ -1.601989247222762, 42.511564239598499 ], [ -1.601561407006622, 42.508709845164951 ], [ -1.601143548085207, 42.505854651265736 ], [ -1.600735671785341, 42.502998676979573 ], [ -1.600337779366012, 42.500141941387454 ], [ -1.599949872019084, 42.497284463572782 ], [ -1.599571950868447, 42.4944262626206 ], [ -1.599204016970841, 42.491567357618003 ], [ -1.598846071315229, 42.488707767653793 ], [ -1.598498114823679, 42.485847511818406 ], [ -1.598160148350285, 42.482986609203721 ], [ -1.597832172682212, 42.480125078902987 ], [ -1.597514188538942, 42.477262940010647 ], [ -1.597206196572997, 42.474400211622175 ], [ -1.596908197369575, 42.471536912834289 ], [ -1.596620191446356, 42.468673062744251 ], [ -1.596342179254311, 42.465808680450245 ], [ -1.596074161176972, 42.462943785050768 ], [ -1.595816137530789, 42.460078395644992 ], [ -1.595568108565136, 42.457212531332402 ], [ -1.595330074462536, 42.454346211212489 ], [ -1.59510203533827, 42.451479454385094 ], [ -1.594883991240835, 42.448612279949742 ], [ -1.594675942151734, 42.445744707005872 ], [ -1.594477887985693, 42.442876754652545 ], [ -1.594289828590243, 42.440008441988603 ], [ -1.594111763746844, 42.437139788111956 ], [ -1.593943693169301, 42.434270812120083 ], [ -1.593785616505422, 42.431401533109401 ], [ -1.593637533335907, 42.428531970175762 ], [ -1.593499443175148, 42.425662142413373 ], [ -1.593371345470618, 42.422792068915733 ], [ -1.593253239603562, 42.419921768774742 ], [ -1.593145124888543, 42.417051261080886 ], [ -1.593047000573536, 42.414180564923022 ], [ -1.592958865840379, 42.411309699388461 ], [ -1.592880719804376, 42.408438683562352 ], [ -1.592812561514575, 42.405567536527961 ], [ -1.592754389953716, 42.402696277366644 ], [ -1.592706204038234, 42.399824925157439 ], [ -1.592668002618594, 42.39695349897692 ], [ -1.59263978447879, 42.394082017899315 ], [ -1.592621548336902, 42.391210500996095 ], [ -1.592613292845067, 42.388338967336033 ], [ -1.592615016589343, 42.385467435985205 ], [ -1.592626718089536, 42.38259592600641 ], [ -1.592648395800258, 42.379724456459492 ], [ -1.592680048109435, 42.376853046401116 ], [ -1.59272167333959, 42.373981714884572 ], [ -1.592773269747888, 42.371110480959558 ], [ -1.592834835524903, 42.368239363672018 ], [ -1.592906368796499, 42.365368382064538 ], [ -1.592987867622003, 42.362497555175423 ], [ -1.593079329996111, 42.359626902039267 ], [ -1.593180753847256, 42.356756441686436 ], [ -1.593292137038847, 42.353886193143097 ], [ -1.593413477368923, 42.351016175430914 ], [ -1.593544772569847, 42.348146407567121 ], [ -1.593686020309068, 42.345276908564408 ], [ -1.593837218188618, 42.342407697430737 ], [ -1.593998363745219, 42.339538793169012 ], [ -1.594169454450974, 42.336670214777236 ], [ -1.594350487712314, 42.333801981248286 ], [ -1.594541460870873, 42.330934111569945 ], [ -1.59474237120356, 42.328066624724343 ], [ -1.59495321592203, 42.325199539688391 ], [ -1.595173992173389, 42.322332875433098 ], [ -1.59540469703974, 42.319466650924056 ], [ -1.595645327538622, 42.316600885120707 ], [ -1.595895880622652, 42.313735596976812 ], [ -1.596156353180297, 42.310870805439507 ], [ -1.596426742034842, 42.308006529450267 ], [ -1.596707043945776, 42.305142787943851 ], [ -1.596997255607527, 42.302279599848625 ], [ -1.597297373650398, 42.299416984086406 ], [ -1.597607394640499, 42.296554959572227 ], [ -1.597927315079605, 42.293693545214154 ], [ -1.598257131405123, 42.290832759913592 ], [ -1.598596839990476, 42.287972622564581 ], [ -1.598946437145129, 42.285113152054002 ], [ -1.599305919114283, 42.282254367261409 ], [ -1.599675282079542, 42.279396287058894 ], [ -1.600054522158035, 42.276538930311027 ], [ -1.600443635403646, 42.273682315874581 ], [ -1.600842617806382, 42.270826462598357 ], [ -1.6012514652922, 42.267971389323563 ], [ -1.601670173724071, 42.265117114883182 ], [ -1.602098738900583, 42.262263658101766 ], [ -1.602537156557453, 42.25941103779585 ], [ -1.602985422366804, 42.25655927277343 ], [ -1.603443531937213, 42.253708381833846 ], [ -1.603911480814135, 42.250858383768033 ], [ -1.604389264479799, 42.248009297357726 ], [ -1.604876878353111, 42.245161141376187 ], [ -1.605374317789927, 42.242313934587294 ], [ -1.605881578083103, 42.239467695745816 ], [ -1.60639865446272, 42.236622443597433 ], [ -1.606925542095374, 42.233778196878141 ], [ -1.607462236085502, 42.230934974314664 ], [ -1.608008731474316, 42.228092794623969 ], [ -1.608565023240475, 42.225251676513224 ], [ -1.609131106300128, 42.222411638679873 ], [ -1.609706975506475, 42.21957269981116 ], [ -1.610292625651014, 42.216734878584312 ], [ -1.610888051461911, 42.213898193666282 ], [ -1.611493247605416, 42.211062663713754 ], [ -1.612108208685623, 42.208228307372842 ], [ -1.612732929244028, 42.205395143279027 ], [ -1.613367403760516, 42.202563190057276 ], [ -1.614011626652711, 42.199732466321478 ], [ -1.614665592275772, 42.196902990674666 ], [ -1.615329294923599, 42.19407478170892 ], [ -1.616002728827847, 42.191247858004878 ], [ -1.616685888158646, 42.18842223813224 ], [ -1.617378767024291, 42.185597940648805 ], [ -1.618081359471341, 42.182774984101172 ], [ -1.618793659485266, 42.179953387024383 ], [ -1.619515660989372, 42.177133167941413 ], [ -1.6202473578462, 42.174314345363257 ], [ -1.620988743856605, 42.171496937789385 ], [ -1.62173981276028, 42.168680963706706 ], [ -1.622500558235628, 42.165866441590076 ], [ -1.623270973900257, 42.163053389902004 ], [ -1.624051053310443, 42.160241827092278 ], [ -1.624840789961574, 42.157431771598532 ], [ -1.625640177288564, 42.154623241845194 ], [ -1.626449208664698, 42.151816256244395 ], [ -1.627267877403666, 42.149010833194723 ], [ -1.628096176757415, 42.146206991082295 ], [ -1.628934099918012, 42.143404748279742 ], [ -1.629781640016893, 42.140604123146382 ], [ -1.630638790124985, 42.137805134028248 ], [ -1.631505543253099, 42.135007799257814 ], [ -1.632381892351598, 42.132212137154006 ], [ -1.633267830310689, 42.129418166021829 ], [ -1.634163349960756, 42.126625904152668 ], [ -1.635068444071891, 42.123835369823617 ], [ -1.635983105354341, 42.121046581297975 ], [ -1.636907326458585, 42.11825955682464 ], [ -1.637841099975134, 42.115474314638419 ], [ -1.638784418435411, 42.112690872959355 ], [ -1.6397372743104, 42.109909249993201 ], [ -1.640699660012261, 42.107129463931074 ], [ -1.641671567893276, 42.10435153294911 ], [ -1.642652990246543, 42.101575475208755 ], [ -1.643643919305878, 42.09880130885638 ], [ -1.644644347246226, 42.096029052023191 ], [ -1.645654266182796, 42.093258722825318 ], [ -1.646673668172338, 42.090490339363406 ], [ -1.647702545212281, 42.087723919722848 ], [ -1.64874088924146, 42.084959481973193 ], [ -1.649788692139831, 42.082197044168545 ], [ -1.650845945728728, 42.07943662434711 ], [ -1.65191264177091, 42.07667824053128 ], [ -1.652988771970601, 42.073921910727506 ], [ -1.654074327973583, 42.071167652925979 ], [ -1.655169301367047, 42.068415485100601 ], [ -1.65627368368056, 42.065665425209161 ], [ -1.657387466384784, 42.06291749119282 ], [ -1.658510640892794, 42.060171700976198 ], [ -1.659643198559661, 42.057428072467481 ], [ -1.660785130682442, 42.054686623557714 ], [ -1.661936428500159, 42.051947372121226 ], [ -1.663097083194441, 42.049210336015392 ], [ -1.664267085889101, 42.046475533080503 ], [ -1.665446427650343, 42.043742981139424 ], [ -1.666635099487231, 42.041012697997836 ], [ -1.667833092351023, 42.038284701444063 ], [ -1.669040397135801, 42.035559009248722 ], [ -1.670257004678954, 42.03283563916483 ], [ -1.671482905759868, 42.030114608927796 ], [ -1.672718091101631, 42.027395936254713 ], [ -1.673962551370027, 42.024679638845228 ], [ -1.675216277174157, 42.0219657343807 ], [ -1.676479259066274, 42.019254240524035 ], [ -1.67775148754213, 42.016545174920267 ], [ -1.679032953040858, 42.013838555195683 ], [ -1.680323645944759, 42.011134398958255 ], [ -1.681623556580484, 42.008432723797213 ], [ -1.682932675217621, 42.005733547283043 ], [ -1.684250992069807, 42.003036886967493 ], [ -1.685578497295111, 42.000342760383361 ], [ -1.686915180994686, 41.997651185044141 ], [ -1.688261033214285, 41.994962178444652 ], [ -1.689616043943946, 41.992275758059861 ], [ -1.690980203117465, 41.98959194134595 ], [ -1.692353500613501, 41.98691074573901 ], [ -1.693735926254617, 41.984232188656229 ], [ -1.695127469808649, 41.981556287494556 ], [ -1.696528120987445, 41.978883059631237 ], [ -1.697937869447687, 41.976212522423936 ], [ -1.69935670479098, 41.97354469321008 ], [ -1.700784616564163, 41.970879589306996 ], [ -1.702221594258417, 41.968217228011639 ], [ -1.703667627310313, 41.965557626601033 ], [ -1.705122705102061, 41.962900802331525 ], [ -1.706586816960571, 41.960246772438978 ], [ -1.708059952158178, 41.957595554138621 ], [ -1.709542099913207, 41.954947164624876 ], [ -1.71103324938903, 41.952301621071598 ], [ -1.71253338969503, 41.949658940631359 ], [ -1.714042509886131, 41.947019140435991 ], [ -1.715560598963416, 41.944382237596024 ], [ -1.717087645873521, 41.941748249200657 ], [ -1.718623639509576, 41.939117192317958 ], [ -1.720168568710757, 41.936489083994353 ], [ -1.721722422262236, 41.933863941254977 ], [ -1.723285188895959, 41.931241781102848 ], [ -1.724856857289864, 41.928622620519818 ], [ -1.726437416068948, 41.92600647646529 ], [ -1.728026853804407, 41.923393365877224 ], [ -1.729625159014481, 41.92078330567108 ], [ -1.731232320164342, 41.918176312740563 ], [ -1.732848325665439, 41.915572403956787 ], [ -1.734473163877272, 41.91297159616871 ], [ -1.736106823105843, 41.910373906202771 ], [ -1.737749291604407, 41.907779350862739 ], [ -1.739400557573692, 41.905187946929956 ], [ -1.741060609162143, 41.902599711162658 ], [ -1.742729434465093, 41.900014660296662 ], [ -1.744407021526349, 41.89743281104451 ], [ -1.746093358336617, 41.894854180095621 ], [ -1.74778843283516, 41.892278784116684 ], [ -1.749492232908851, 41.889706639750592 ], [ -1.75120474639252, 41.88713776361714 ], [ -1.75292596106942, 41.884572172312886 ], [ -1.754655864670738, 41.882009882410458 ], [ -1.756394444876398, 41.879450910459134 ], [ -1.758141689314558, 41.876895272984058 ], [ -1.759897585561802, 41.874342986486994 ], [ -1.761662121143611, 41.871794067445421 ], [ -1.76343528353417, 41.869248532313087 ], [ -1.765217060156339, 41.866706397519238 ], [ -1.767007438382334, 41.864167679469176 ], [ -1.768806405532997, 41.861632394543797 ], [ -1.770613948878813, 41.859100559099488 ], [ -1.772430055639026, 41.856572189468238 ], [ -1.774254712982538, 41.854047301957323 ], [ -1.77608790802776, 41.851525912849297 ], [ -1.777929627842712, 41.849008038402111 ], [ -1.779779859444945, 41.846493694848512 ], [ -1.781638589801715, 41.843982898396298 ], [ -1.783505805830781, 41.841475665228579 ], [ -1.785381494398981, 41.838972011502854 ], [ -1.78726564232418, 41.836471953351328 ], [ -1.789158236373582, 41.833975506880975 ], [ -1.791059263265621, 41.831482688173338 ], [ -1.792968709668266, 41.828993513284445 ], [ -1.794886562200535, 41.826507998244431 ], [ -1.796812807432012, 41.824026159057816 ], [ -1.798747431883014, 41.821548011703271 ], [ -1.800690422024426, 41.819073572133604 ], [ -1.802641764278606, 41.816602856275416 ], [ -1.804601445018508, 41.814135880029383 ], [ -1.806569450568419, 41.811672659269881 ], [ -1.80854576720384, 41.809213209844877 ], [ -1.810530381151633, 41.806757547576034 ], [ -1.812523278590376, 41.804305688258566 ], [ -1.814524445649825, 41.801857647661137 ], [ -1.816533868411729, 41.799413441525523 ], [ -1.818551532909503, 41.796973085566968 ], [ -1.820577425128668, 41.794536595473737 ], [ -1.82261153100642, 41.792103986907257 ], [ -1.824653836432337, 41.78967527550175 ], [ -1.826704327248062, 41.787250476864294 ], [ -1.828762989247662, 41.784829606575123 ], [ -1.830829808177963, 41.782412680186695 ], [ -1.83290476973744, 41.779999713224377 ], [ -1.834987859578434, 41.777590721185916 ], [ -1.837079063304936, 41.775185719541597 ], [ -1.83917836647455, 41.772784723733849 ], [ -1.84128575459753, 41.770387749177495 ], [ -1.843401213137404, 41.767994811259442 ], [ -1.845524727510734, 41.765605925338733 ], [ -1.847656283087458, 41.763221106746478 ], [ -1.849795865190987, 41.760840370785445 ], [ -1.851943459098219, 41.75846373273037 ], [ -1.85409905003965, 41.756091207827659 ], [ -1.85626262319961, 41.75372281129529 ], [ -1.858434163716231, 41.751358558323027 ], [ -1.860613656681581, 41.748998464071789 ], [ -1.862801087141885, 41.746642543674071 ], [ -1.864996440097505, 41.744290812233523 ], [ -1.867199700502978, 41.74194328482519 ], [ -1.869410853267772, 41.739599976494823 ], [ -1.871629883255016, 41.7372609022596 ], [ -1.873856775283343, 41.734926077107531 ], [ -1.876091514125368, 41.73259551599746 ], [ -1.878334084509057, 41.730269233858998 ], [ -1.88058447111718, 41.727947245592389 ], [ -1.882842658587587, 41.725629566068569 ], [ -1.885108631513299, 41.723316210128829 ], [ -1.887382374442614, 41.721007192585162 ], [ -1.889663871879273, 41.718702528219737 ], [ -1.891953108282446, 41.716402231784862 ], [ -1.894250068067159, 41.714106318003317 ], [ -1.896554735603853, 41.711814801567776 ], [ -1.898867095218982, 41.709527697140949 ], [ -1.901187131195095, 41.707245019355554 ], [ -1.903514827770623, 41.70496678281399 ], [ -1.905850169140215, 41.702693002088743 ], [ -1.908193139455025, 41.700423691721603 ], [ -1.910543722822135, 41.698158866224169 ], [ -1.912901903305713, 41.69589854007765 ], [ -1.915267664926264, 41.693642727732261 ], [ -1.917640991660962, 41.691391443608239 ], [ -1.920021867444206, 41.689144702094474 ], [ -1.92241027616686, 41.686902517549363 ], [ -1.924806201677418, 41.684664904300504 ], [ -1.927209627781155, 41.682431876644095 ], [ -1.929620538240898, 41.680203448845781 ], [ -1.932038916776901, 41.677979635139778 ], [ -1.934464747066579, 41.675760449729161 ], [ -1.936898012745593, 41.673545906785819 ], [ -1.939338697406854, 41.67133602045012 ], [ -1.941786784601513, 41.669130804831141 ], [ -1.944242257838664, 41.666930274006134 ], [ -1.946705100585223, 41.664734442021135 ], [ -1.949175296266662, 41.662543322890244 ], [ -1.951652828266699, 41.660356930595938 ], [ -1.954137679927432, 41.658175279088624 ], [ -1.956629834549473, 41.655998382287066 ], [ -1.959129275392359, 41.653826254077934 ], [ -1.961635985674368, 41.651658908315696 ], [ -1.964149948572277, 41.649496358822873 ], [ -1.966671147222296, 41.647338619389579 ], [ -1.969199564719848, 41.645185703773755 ], [ -1.971735184119338, 41.643037625700757 ], [ -1.974277988434651, 41.640894398863942 ], [ -1.976827960639067, 41.638756036923496 ], [ -1.979385083665511, 41.636622553507401 ], [ -1.981949340407062, 41.634493962210954 ], [ -1.98452071371575, 41.632370276596468 ], [ -1.987099186404236, 41.630251510193851 ], [ -1.989684741244989, 41.628137676499463 ], [ -1.992277360970626, 41.626028788977081 ], [ -1.994877028274341, 41.623924861057382 ], [ -1.997483725809258, 41.621825906138014 ], [ -2.000097436189487, 41.619731937583104 ], [ -2.002718141989511, 41.617642968723658 ], [ -2.00534582574454, 41.615559012857418 ], [ -2.007980469950933, 41.613480083248561 ], [ -2.010622057065664, 41.61140619312777 ], [ -2.013270569507129, 41.609337355692304 ], [ -2.015925989654835, 41.607273584105521 ], [ -2.018588299849611, 41.605214891497148 ], [ -2.02125748239359, 41.603161290963229 ], [ -2.023933519550722, 41.601112795565946 ], [ -2.026616393546499, 41.599069418333407 ], [ -2.029306086568307, 41.597031172259491 ], [ -2.032002580765252, 41.594998070304463 ], [ -2.034705858248787, 41.592970125394444 ], [ -2.037415901092361, 41.590947350420713 ], [ -2.040132691331675, 41.588929758240802 ], [ -2.042856210964726, 41.586917361677813 ], [ -2.045586441952309, 41.584910173520122 ], [ -2.048323366217428, 41.582908206521807 ], [ -2.051066965646076, 41.580911473402608 ], [ -2.053817222087274, 41.578919986847168 ], [ -2.056574117352665, 41.576933759505621 ], [ -2.059337633217174, 41.574952803993156 ], [ -2.062107751418874, 41.572977132890486 ], [ -2.064884453659273, 41.571006758742932 ], [ -2.067667721603073, 41.569041694061248 ], [ -2.070457536878836, 41.567081951320766 ], [ -2.073253881078752, 41.565127542961903 ], [ -2.076056735758512, 41.563178481389933 ], [ -2.07886608243807, 41.56123477897458 ], [ -2.081681902601146, 41.559296448050397 ], [ -2.084504177695995, 41.557363500916651 ], [ -2.087332889134673, 41.555435949836983 ], [ -2.090168018294094, 41.553513807039515 ], [ -2.093009546515054, 41.551597084716853 ], [ -2.095857455103805, 41.549685795025958 ], [ -2.098711725330522, 41.547779950087808 ], [ -2.101572338430734, 41.545879561987917 ], [ -2.104439275604854, 41.543984642775754 ], [ -2.107312518018328, 41.542095204464808 ], [ -2.110192046801825, 41.540211259032631 ], [ -2.113077843051302, 41.538332818420855 ], [ -2.115969887828509, 41.536459894534659 ], [ -2.118868162160377, 41.534592499243416 ], [ -2.121772647039684, 41.532730644379939 ], [ -2.124683323424719, 41.530874341740962 ], [ -2.12760017224047, 41.529023603086621 ], [ -2.130523174377136, 41.52717844014073 ], [ -2.133452310691413, 41.525338864590523 ], [ -2.136387562006602, 41.523504888086798 ], [ -2.139328909111937, 41.521676522243652 ], [ -2.142276332763184, 41.519853778638179 ], [ -2.145229813683233, 41.518036668811447 ], [ -2.148189332561158, 41.516225204266846 ], [ -2.151154870053372, 41.514419396471411 ], [ -2.154126406783042, 41.512619256855182 ], [ -2.157103923340578, 41.510824796811008 ], [ -2.160087400283474, 41.509036027694748 ], [ -2.163076818136632, 41.507252960825248 ], [ -2.166072157392876, 41.505475607484016 ], [ -2.169073398511773, 41.503703978915325 ], [ -2.172080521921494, 41.50193808632622 ], [ -2.175093508017279, 41.500177940886267 ], [ -2.178112337163096, 41.498423553727662 ], [ -2.181136989690317, 41.496674935945194 ], [ -2.184167445898725, 41.494932098595939 ], [ -2.187203686056776, 41.493195052699264 ], [ -2.190245690400919, 41.491463809237302 ], [ -2.193293439136286, 41.489738379154048 ], [ -2.196346912436732, 41.48801877335579 ], [ -2.199406090445175, 41.486305002711205 ], [ -2.202470953272897, 41.484597078050633 ], [ -2.205541481000571, 41.482895010166857 ], [ -2.208617653677929, 41.481198809814479 ], [ -2.211699451324366, 41.479508487709964 ], [ -2.214786853927977, 41.477824054531837 ], [ -2.217879841446989, 41.47614552092017 ], [ -2.220978393808804, 41.474472897476936 ], [ -2.224082490911035, 41.472806194765802 ], [ -2.227192112620955, 41.471145423312109 ], [ -2.23030723877572, 41.469490593602686 ], [ -2.233427849182805, 41.467841716085921 ], [ -2.236553923619907, 41.466198801171672 ], [ -2.239685441834981, 41.464561859231232 ], [ -2.242822383546514, 41.462930900597236 ], [ -2.245964728443929, 41.461305935563693 ], [ -2.249112456186749, 41.459686974385654 ], [ -2.252265546405675, 41.458074027279679 ], [ -2.255423978702638, 41.456467104423304 ], [ -2.258587732650291, 41.454866215954986 ], [ -2.261756787792587, 41.453271371974544 ], [ -2.264931123644792, 41.451682582542546 ], [ -2.268110719693743, 41.450099857680556 ], [ -2.271295555397842, 41.448523207371124 ], [ -2.274485610186898, 41.446952641557402 ], [ -2.277680863463215, 41.445388170143403 ], [ -2.280881294600199, 41.443829802993847 ], [ -2.284086882943793, 41.442277549934325 ], [ -2.28729760781214, 41.440731420750659 ], [ -2.290513448495684, 41.439191425189605 ], [ -2.293734384256923, 41.437657572958059 ], [ -2.296960394331247, 41.436129873723715 ], [ -2.300191457926849, 41.43460833711449 ], [ -2.303427554224466, 41.433092972718661 ], [ -2.306668662377526, 41.431583790084815 ], [ -2.309914761512912, 41.430080798721924 ], [ -2.3131658307306, 41.428584008099072 ], [ -2.31642184910341, 41.427093427645381 ], [ -2.319682795678366, 41.425609066750262 ], [ -2.322948649475032, 41.424130934763014 ], [ -2.32621938948755, 41.422659040993125 ], [ -2.329494994682991, 41.421193394709903 ], [ -2.332775444002868, 41.419734005142629 ], [ -2.336060716362443, 41.418280881480378 ], [ -2.339350790651371, 41.416834032872153 ], [ -2.342645645733361, 41.415393468426529 ], [ -2.345945260446088, 41.413959197212009 ], [ -2.349249613602753, 41.412531228256682 ], [ -2.35255868399, 41.411109570548192 ], [ -2.355872450369958, 41.409694233033839 ], [ -2.359190891479476, 41.408285224620457 ], [ -2.362513986030349, 41.406882554174182 ], [ -2.365841712709262, 41.405486230520921 ], [ -2.369174050178302, 41.404096262445641 ], [ -2.372510977074976, 41.402712658692849 ], [ -2.375852472012266, 41.401335427966224 ], [ -2.379198513578499, 41.399964578928817 ], [ -2.382549080337844, 41.398600120202744 ], [ -2.385904150830314, 41.397242060369386 ], [ -2.389263703572048, 41.395890407969254 ], [ -2.39262771705495, 41.394545171501754 ], [ -2.395996169747108, 41.393206359425605 ], [ -2.399369040093529, 41.391873980158167 ], [ -2.402746306514932, 41.390548042076233 ], [ -2.406127947408767, 41.38922855351484 ], [ -2.409513941149537, 41.387915522768317 ], [ -2.41290426608822, 41.386608958089703 ], [ -2.416298900552658, 41.38530886769091 ], [ -2.419697822848315, 41.384015259742291 ], [ -2.423101011256951, 41.382728142373068 ], [ -2.426508444038344, 41.38144752367117 ], [ -2.429920099429267, 41.38017341168289 ], [ -2.433335955644562, 41.378905814413308 ], [ -2.436755990875989, 41.377644739825818 ], [ -2.440180183293493, 41.376390195842475 ], [ -2.443608511045293, 41.375142190343617 ], [ -2.447040952256994, 41.37390073116795 ], [ -2.450477485032542, 41.372665826112708 ], [ -2.453918087454417, 41.371437482933267 ], [ -2.457362737583273, 41.370215709343299 ], [ -2.460811413458263, 41.369000513014818 ], [ -2.464264093097507, 41.367791901577796 ], [ -2.46772075449721, 41.366589882620559 ], [ -2.471181375633452, 41.365394463689356 ], [ -2.474645934460256, 41.364205652288788 ], [ -2.478114408911608, 41.363023455881169 ], [ -2.48158677690035, 41.361847881887066 ], [ -2.485063016318695, 41.360678937684739 ], [ -2.488543105038505, 41.359516630610536 ], [ -2.492027020911423, 41.35836096795866 ], [ -2.495514741768294, 41.357211956981153 ], [ -2.49900624542022, 41.356069604887907 ], [ -2.502501509658559, 41.354933918846271 ], [ -2.506000512254088, 41.353804905981868 ], [ -2.509503230958388, 41.352682573377479 ], [ -2.513009643503062, 41.351566928073801 ], [ -2.516519727600589, 41.350457977069162 ], [ -2.520033460943638, 41.349355727319463 ], [ -2.523550821205736, 41.348260185737814 ], [ -2.527071786041391, 41.347171359195492 ], [ -2.530596333086052, 41.346089254520727 ], [ -2.534124439956125, 41.345013878499238 ], [ -2.537656084249203, 41.343945237874422 ], [ -2.541191243544452, 41.34288333934677 ], [ -2.544729895402404, 41.341828189574173 ], [ -2.54827201736502, 41.34077979517194 ], [ -2.551817586956358, 41.3397381627125 ], [ -2.555366581681819, 41.338703298725619 ], [ -2.558918979029083, 41.337675209698212 ], [ -2.562474756467739, 41.33665390207436 ], [ -2.566033891449823, 41.335639382255152 ], [ -2.569596361409501, 41.334631656599058 ], [ -2.573162143763224, 41.333630731421529 ], [ -2.576731215910514, 41.332636612994726 ], [ -2.580303555233046, 41.33164930754819 ], [ -2.583879139095608, 41.330668821268461 ], [ -2.587457944845817, 41.329695160298634 ], [ -2.591039949814418, 41.328728330739054 ], [ -2.594625131315567, 41.327768338646777 ], [ -2.598213466646075, 41.326815190035774 ], [ -2.601804933086818, 41.325868890876762 ], [ -2.605399507901889, 41.324929447097418 ], [ -2.608997168339233, 41.323996864581851 ], [ -2.612597891630495, 41.323071149171241 ], [ -2.616201654991284, 41.32215230666317 ], [ -2.619808435621245, 41.321240342812104 ], [ -2.623418210704201, 41.320335263329007 ], [ -2.627030957408008, 41.319437073881524 ], [ -2.630646652885673, 41.31854578009375 ], [ -2.634265274273735, 41.317661387546387 ], [ -2.63788679869426, 41.316783901776851 ], [ -2.641511203253545, 41.315913328278853 ], [ -2.645138465042954, 41.315049672502383 ], [ -2.648768561139202, 41.314192939854273 ], [ -2.652401468603444, 41.313343135697373 ], [ -2.656037164482984, 41.312500265351247 ], [ -2.659675625809597, 41.311664334091645 ], [ -2.663316829601447, 41.310835347150572 ], [ -2.666960752861823, 41.310013309716545 ], [ -2.670607372579868, 41.309198226934001 ], [ -2.674256665730657, 41.308390103903925 ], [ -2.677908609275237, 41.307588945683555 ], [ -2.681563180160834, 41.306794757286063 ], [ -2.685220355321194, 41.306007543681019 ], [ -2.68888011167579, 41.305227309793821 ], [ -2.692542426131284, 41.304454060506501 ], [ -2.696207275580582, 41.303687800656668 ], [ -2.699874636903393, 41.302928535038227 ], [ -2.703544486966362, 41.302176268401183 ], [ -2.707216802623098, 41.301431005451491 ], [ -2.710891560714393, 41.300692750851034 ], [ -2.714568738068292, 41.299961509217717 ], [ -2.718248311499968, 41.299237285125592 ], [ -2.721930257812593, 41.298520083104101 ], [ -2.725614553796335, 41.297809907639156 ], [ -2.729301176229387, 41.297106763172302 ], [ -2.732990101878132, 41.29641065410096 ], [ -2.736681307496301, 41.295721584778342 ], [ -2.740374769826263, 41.295039559513434 ], [ -2.744070465598188, 41.294364582571276 ], [ -2.747768371530875, 41.293696658172308 ], [ -2.751468464331652, 41.293035790493008 ], [ -2.755170720696381, 41.292381983665265 ], [ -2.758875117309386, 41.291735241777239 ], [ -2.762581630844039, 41.291095568872088 ], [ -2.766290237962878, 41.290462968948944 ], [ -2.770000915317381, 41.28983744596291 ], [ -2.773713639547932, 41.289219003823881 ], [ -2.777428387284625, 41.28860764639834 ], [ -2.781145135147082, 41.288003377507579 ], [ -2.78486385974442, 41.2874062009288 ], [ -2.788584537674981, 41.286816120394718 ], [ -2.792307145527554, 41.28623313959352 ], [ -2.796031659880877, 41.285657262169011 ], [ -2.799758057303417, 41.285088491720309 ], [ -2.803486314353875, 41.284526831802133 ], [ -2.807216407581543, 41.283972285924499 ], [ -2.810948313525899, 41.283424857553172 ], [ -2.814682008717258, 41.282884550108911 ], [ -2.818417469676211, 41.2823513669683 ], [ -2.822154672914737, 41.28182531146296 ], [ -2.825893594935419, 41.281306386880068 ], [ -2.829634212231809, 41.280794596461995 ], [ -2.833376501288778, 41.280289943406665 ], [ -2.837120438582515, 41.279792430867126 ], [ -2.840866000580618, 41.279302061951881 ], [ -2.844613163742351, 41.278818839724423 ], [ -2.848361904518396, 41.278342767203846 ], [ -2.852112199351585, 41.277873847364525 ], [ -2.855864024676453, 41.27741208313563 ], [ -2.859617356919554, 41.276957477402135 ], [ -2.863372172499755, 41.276510033003632 ], [ -2.867128447828112, 41.276069752735374 ], [ -2.870886159308045, 41.275636639347617 ], [ -2.874645283335905, 41.275210695545823 ], [ -2.878405796300225, 41.274791923990392 ], [ -2.882167674582531, 41.274380327297315 ], [ -2.885930894557295, 41.273975908037187 ], [ -2.889695432591948, 41.273578668736029 ], [ -2.893461265047208, 41.273188611875071 ], [ -2.897228368276791, 41.272805739890195 ], [ -2.900996718628242, 41.272430055172833 ], [ -2.904766292442283, 41.272061560069112 ], [ -2.90853706605339, 41.27170025688055 ], [ -2.912309015789909, 41.271346147863269 ], [ -2.916082117974114, 41.270999235228835 ], [ -2.919856348922018, 41.270659521143699 ], [ -2.923631684944029, 41.270327007729144 ], [ -2.927408102344864, 41.270001697061666 ], [ -2.931185577423215, 41.269683591172829 ], [ -2.934964086473077, 41.26937269204867 ], [ -2.938743605782213, 41.269069001630825 ], [ -2.942524111633687, 41.268772521815436 ], [ -2.946305580305447, 41.268483254453727 ], [ -2.950087988070174, 41.268201201352035 ], [ -2.953871311195817, 41.267926364271162 ], [ -2.957655525945563, 41.267658744927587 ], [ -2.96144060857809, 41.267398344991754 ], [ -2.96522653534741, 41.267145166089875 ], [ -2.969013282503317, 41.266899209802446 ], [ -2.972800826291165, 41.266660477665162 ], [ -2.976589142952403, 41.266428971168509 ], [ -2.980378208724359, 41.266204691757849 ] ] ], [ [ [ -3.58560540248231, 43.585573790415111 ], [ -3.588190033710136, 43.585413089385504 ], [ -3.590775476007714, 43.58525949979569 ], [ -3.593361692659241, 43.585113023824434 ], [ -3.595948646938934, 43.584973663549341 ], [ -3.59853630211111, 43.584841420947221 ], [ -3.601124621430826, 43.584716297893912 ], [ -3.603713568144653, 43.58459829616428 ], [ -3.606303105491026, 43.584487417431845 ], [ -3.608893196700342, 43.584383663269541 ], [ -3.611483804996118, 43.584287035148954 ], [ -3.614074893594762, 43.584197534440705 ], [ -3.616666425706885, 43.584115162414257 ], [ -3.619258364536487, 43.584039920237885 ], [ -3.621850673283214, 43.58397180897893 ], [ -3.624443315141153, 43.583910829603404 ], [ -3.627036253300179, 43.583856982976286 ], [ -3.629629450946592, 43.58381026986126 ], [ -3.632222871263061, 43.583770690920836 ], [ -3.634816477429405, 43.583738246716479 ], [ -3.63741023262278, 43.583712937708334 ], [ -3.640004100018814, 43.583694764255426 ], [ -3.64259804279144, 43.583683726615433 ], [ -3.645192024113496, 43.583679824944973 ], [ -3.647786007157372, 43.583683059299325 ], [ -3.650379955095779, 43.583693429632632 ], [ -3.652973831101524, 43.583710935797825 ], [ -3.655567598348221, 43.583735577546619 ], [ -3.658161220011293, 43.583767354529563 ], [ -3.660754659267946, 43.583806266295781 ], [ -3.663347879297611, 43.583852312293459 ], [ -3.665940843282767, 43.583905491869466 ], [ -3.668533514409174, 43.583965804269539 ], [ -3.671125855866355, 43.584033248638242 ], [ -3.67371783084834, 43.584107824018986 ], [ -3.676309402553538, 43.584189529353921 ], [ -3.678900534186298, 43.584278363484152 ], [ -3.681491188956257, 43.584374325149781 ], [ -3.684081330079213, 43.584477412989528 ], [ -3.686670920778047, 43.584587625541289 ], [ -3.689259924282437, 43.584704961241748 ], [ -3.691848303830101, 43.584829418426573 ], [ -3.694436022666558, 43.584960995330505 ], [ -3.69702304404667, 43.58509969008697 ], [ -3.699609331233385, 43.585245500728874 ], [ -3.702194847500162, 43.585398425187826 ], [ -3.704779556130039, 43.585558461294625 ], [ -3.707363420416861, 43.585725606779306 ], [ -3.709946403665346, 43.585899859270683 ], [ -3.71252846919185, 43.586081216297096 ], [ -3.715109580324784, 43.586269675285848 ], [ -3.717689700404967, 43.586465233563665 ], [ -3.720268792786079, 43.586667888356303 ], [ -3.722846820835669, 43.586877636789069 ], [ -3.725423747934745, 43.587094475886346 ], [ -3.727999537478722, 43.587318402572201 ], [ -3.730574152878392, 43.587549413669876 ], [ -3.733147557559428, 43.587787505902121 ], [ -3.735719714963651, 43.588032675891178 ], [ -3.738290588548832, 43.58828492015892 ], [ -3.740860141790307, 43.588544235126719 ], [ -3.74342833817975, 43.588810617115755 ], [ -3.74599514122726, 43.589084062346565 ], [ -3.748560514460923, 43.5893645669397 ], [ -3.751124421427619, 43.589652126915418 ], [ -3.753686825693258, 43.589946738193767 ], [ -3.756247690843929, 43.590248396594667 ], [ -3.758806980485214, 43.590557097838179 ], [ -3.761364658243919, 43.590872837544119 ], [ -3.763920687767532, 43.591195611232529 ], [ -3.766475032725223, 43.591525414323385 ], [ -3.769027656808555, 43.591862242136997 ], [ -3.771578523731162, 43.592206089893935 ], [ -3.774127597230122, 43.592556952714872 ], [ -3.77667484106569, 43.592914825621079 ], [ -3.779220219022295, 43.59327970353413 ], [ -3.781763694908785, 43.593651581275893 ], [ -3.784305232558772, 43.594030453569239 ], [ -3.786844795831648, 43.594416315037421 ], [ -3.789382348612256, 43.594809160204363 ], [ -3.791917854812029, 43.595208983494594 ], [ -3.794451278369306, 43.595615779234024 ], [ -3.796982583249604, 43.596029541649003 ], [ -3.799511733446301, 43.596450264866995 ], [ -3.802038692980851, 43.596877942916585 ], [ -3.804563425903538, 43.597312569727464 ], [ -3.80708589629419, 43.597754139130515 ], [ -3.809606068261678, 43.598202644858183 ], [ -3.812123905945564, 43.598658080543871 ], [ -3.814639373515829, 43.599120439722668 ], [ -3.817152435173659, 43.599589715831428 ], [ -3.819663055151448, 43.600065902208328 ], [ -3.822171197714257, 43.60054899209338 ], [ -3.824676827159214, 43.601038978628509 ], [ -3.827179907816452, 43.601535854857374 ], [ -3.829680404049676, 43.602039613725822 ], [ -3.832178280256778, 43.602550248081606 ], [ -3.834673500869502, 43.603067750674832 ], [ -3.837166030354896, 43.603592114157706 ], [ -3.839655833215241, 43.604123331084978 ], [ -3.842142873988701, 43.604661393913794 ], [ -3.844627117249654, 43.605206295003796 ], [ -3.84710852760904, 43.605758026617487 ], [ -3.849587069715598, 43.606316580920044 ], [ -3.852062708255068, 43.606881949979403 ], [ -3.854535407951842, 43.607454125766559 ], [ -3.857005133568915, 43.608033100155758 ], [ -3.859471849907911, 43.608618864924196 ], [ -3.861935521810817, 43.609211411752355 ], [ -3.864396114158956, 43.609810732224439 ], [ -3.866853591874362, 43.610416817827762 ], [ -3.869307919920529, 43.611029659953545 ], [ -3.871759063301528, 43.611649249896693 ], [ -3.874206987063896, 43.612275578855815 ], [ -3.876651656296529, 43.612908637933742 ], [ -3.879093036131001, 43.613548418137192 ], [ -3.881531091742244, 43.614194910377137 ], [ -3.883965788348939, 43.614848105468887 ], [ -3.886397091214075, 43.615507994132273 ], [ -3.888824965645115, 43.616174566991496 ], [ -3.891249376995073, 43.616847814575657 ], [ -3.893670290662291, 43.617527727318468 ], [ -3.896087672091156, 43.618214295558751 ], [ -3.898501486772701, 43.618907509540328 ], [ -3.90091170024513, 43.6196073594122 ], [ -3.903318278093785, 43.620313835228707 ], [ -3.905721185952214, 43.621026926949625 ], [ -3.90812038950199, 43.62174662444032 ], [ -3.910515854474296, 43.622472917471868 ], [ -3.912907546648638, 43.623205795721226 ], [ -3.915295431855197, 43.6239452487713 ], [ -3.917679475973528, 43.624691266111164 ], [ -3.920059644934805, 43.625443837136096 ], [ -3.922435904720353, 43.626202951147739 ], [ -3.924808221364103, 43.626968597354463 ], [ -3.927176560951076, 43.627740764871142 ], [ -3.929540889619592, 43.628519442719615 ], [ -3.931901173560467, 43.629304619828396 ], [ -3.934257379018366, 43.630096285033623 ], [ -3.93660947229128, 43.630894427078125 ], [ -3.938957419731941, 43.631699034612609 ], [ -3.941301187747683, 43.632510096195162 ], [ -3.943640742801583, 43.633327600291473 ], [ -3.9459760514115, 43.634151535275265 ], [ -3.948307080152281, 43.634981889428133 ], [ -3.950633795654897, 43.635818650939981 ], [ -3.952956164607635, 43.636661807908986 ], [ -3.955274153756156, 43.637511348341754 ], [ -3.957587729904132, 43.638367260153579 ], [ -3.959896859913426, 43.63922953116866 ], [ -3.962201510705333, 43.640098149119993 ], [ -3.964501649259832, 43.640973101649564 ], [ -3.966797242616908, 43.641854376309041 ], [ -3.96908825787686, 43.642741960559356 ], [ -3.971374662200458, 43.643635841770909 ], [ -3.973656422809613, 43.644536007224005 ], [ -3.975933506987818, 43.645442444108994 ], [ -3.978205882080575, 43.646355139526165 ], [ -3.980473515495676, 43.647274080486284 ], [ -3.982736374704286, 43.648199253910377 ], [ -3.984994427240105, 43.649130646630169 ], [ -3.987247640701217, 43.650068245388212 ], [ -3.989495982749609, 43.651012036838168 ], [ -3.991739421112085, 43.651962007544697 ], [ -3.993977923580687, 43.652918143983769 ], [ -3.996211458012568, 43.653880432543019 ], [ -3.998439992331107, 43.654848859521557 ], [ -4.000663494526082, 43.655823411130683 ], [ -4.002881932654215, 43.65680407349344 ], [ -4.005095274839422, 43.657790832645318 ], [ -4.007303489273344, 43.658783674534241 ], [ -4.009506544215924, 43.659782585020416 ], [ -4.011704407995452, 43.660787549877362 ], [ -4.013897049009428, 43.661798554791247 ], [ -4.01608443572492, 43.662815585361493 ], [ -4.018266536678808, 43.663838627100866 ], [ -4.020443320478275, 43.664867665435807 ], [ -4.022614755801506, 43.665902685706357 ], [ -4.024780811397522, 43.666943673166621 ], [ -4.026941456087283, 43.667990612984774 ], [ -4.02909665876381, 43.669043490243467 ], [ -4.031246388392487, 43.670102289939685 ], [ -4.033390614011965, 43.671166996985214 ], [ -4.03552930473395, 43.672237596206976 ], [ -4.037662429743855, 43.673314072346791 ], [ -4.039789958301627, 43.674396410061952 ], [ -4.041911859741854, 43.675484593925241 ], [ -4.044028103473941, 43.676578608425089 ], [ -4.04613865898299, 43.677678437966172 ], [ -4.048243495830213, 43.678784066869092 ], [ -4.050342583652605, 43.679895479371027 ], [ -4.052435892164753, 43.681012659625296 ], [ -4.05452339115774, 43.682135591702696 ], [ -4.056605050500688, 43.683264259590338 ], [ -4.058680840140529, 43.684398647193149 ], [ -4.060750730102823, 43.685538738333086 ], [ -4.062814690491945, 43.686684516749992 ], [ -4.064872691491691, 43.687835966101296 ], [ -4.066924703365592, 43.688993069962798 ], [ -4.068970696457122, 43.69015581182849 ], [ -4.071010641190333, 43.691324175110879 ], [ -4.073044508070712, 43.692498143141229 ], [ -4.075072267684645, 43.693677699169761 ], [ -4.077093890700349, 43.694862826365963 ], [ -4.079109347868639, 43.696053507818668 ], [ -4.081118610022552, 43.697249726536299 ], [ -4.083121648078587, 43.698451465447171 ], [ -4.085118433036354, 43.699658707399799 ], [ -4.087108935979518, 43.700871435163002 ], [ -4.089093128075972, 43.702089631426006 ], [ -4.091070980578452, 43.703313278799001 ], [ -4.093042464824447, 43.704542359813118 ], [ -4.095007552237409, 43.705776856920643 ], [ -4.096966214326447, 43.707016752495569 ], [ -4.098918422686865, 43.708262028833524 ], [ -4.100864149001116, 43.709512668152037 ], [ -4.102803365038277, 43.710768652590815 ], [ -4.10473604265547, 43.712029964212135 ], [ -4.106662153797322, 43.713296585000947 ], [ -4.108581670497179, 43.71456849686485 ], [ -4.110494564876634, 43.715845681635123 ], [ -4.11240080914703, 43.717128121065912 ], [ -4.114300375608663, 43.718415796835359 ], [ -4.116193236652398, 43.719708690545318 ], [ -4.118079364758843, 43.721006783721954 ], [ -4.119958732499519, 43.722310057815804 ], [ -4.121831312537376, 43.723618494201759 ], [ -4.123697077626576, 43.724932074180138 ], [ -4.125556000613106, 43.726250778975825 ], [ -4.127408054435809, 43.72757458973949 ], [ -4.129253212125451, 43.728903487547399 ], [ -4.131091446806508, 43.73023745340155 ], [ -4.132922731696681, 43.731576468230365 ], [ -4.134747040107425, 43.732920512888377 ], [ -4.136564345444904, 43.734269568157103 ], [ -4.138374621209383, 43.735623614744782 ], [ -4.140177840996527, 43.736982633286921 ], [ -4.141973978497235, 43.738346604346475 ], [ -4.143763007498317, 43.739715508414079 ], [ -4.145544901882659, 43.741089325908533 ], [ -4.147319635629853, 43.742468037176543 ], [ -4.149087182816301, 43.743851622493658 ], [ -4.150847517615764, 43.745240062064042 ], [ -4.152600614299815, 43.746633336020999 ], [ -4.154346447238007, 43.748031424426969 ], [ -4.156084990898254, 43.749434307274079 ], [ -4.157816219847601, 43.750841964484437 ], [ -4.159540108751968, 43.752254375910162 ], [ -4.161256632377293, 43.75367152133353 ], [ -4.162965765588921, 43.755093380467976 ], [ -4.164667483353023, 43.756519932957552 ], [ -4.166361760736167, 43.757951158377487 ], [ -4.168048572906062, 43.759387036234806 ], [ -4.169727895132006, 43.760827545968056 ], [ -4.17139970278481, 43.762272666947851 ], [ -4.173063971338, 43.763722378477297 ], [ -4.174720676366998, 43.765176659791997 ], [ -4.176369793550387, 43.766635490060494 ], [ -4.178011298670247, 43.76809884838439 ], [ -4.179645167612025, 43.769566713798902 ], [ -4.181271376365133, 43.77103906527303 ], [ -4.182889901023734, 43.772515881709573 ], [ -4.184500717786086, 43.773997141945877 ], [ -4.186103802955957, 43.775482824753809 ], [ -4.187699132942416, 43.776972908840143 ], [ -4.189286684260538, 43.778467372846862 ], [ -4.190866433530987, 43.779966195351399 ], [ -4.192438357481653, 43.781469354866836 ], [ -4.194002432946602, 43.782976829842539 ], [ -4.195558636867359, 43.78448859866419 ], [ -4.197106946293196, 43.786004639654017 ], [ -4.19864733838094, 43.787524931071104 ], [ -4.200179790395793, 43.789049451112056 ], [ -4.201704279711657, 43.790578177910803 ], [ -4.203220783811362, 43.792111089539233 ], [ -4.204729280286837, 43.79364816400723 ], [ -4.206229746839752, 43.795189379263341 ], [ -4.207722161281712, 43.796734713194546 ], [ -4.209206501534565, 43.798284143627143 ], [ -4.210682745630987, 43.799837648326644 ], [ -4.212150871714364, 43.80139520499818 ], [ -4.213610858039631, 43.802956791287009 ], [ -4.215062682973563, 43.804522384778359 ], [ -4.216506324994332, 43.806091962998288 ], [ -4.217941762692854, 43.807665503413553 ], [ -4.219368974772586, 43.809242983432227 ], [ -4.220787940050051, 43.810824380403801 ], [ -4.222198637455098, 43.812409671619591 ], [ -4.223601046031072, 43.813998834313004 ], [ -4.224995144935328, 43.815591845659945 ], [ -4.226380913439776, 43.817188682778912 ], [ -4.227758330930415, 43.818789322731583 ], [ -4.229127376908766, 43.82039374252291 ], [ -4.230488030991236, 43.822001919101687 ], [ -4.231840272910179, 43.823613829360568 ], [ -4.233184082513149, 43.825229450136533 ], [ -4.234519439764951, 43.826848758211334 ], [ -4.2358463247458, 43.828471730311442 ], [ -4.237164717653869, 43.830098343108858 ], [ -4.238474598803672, 43.831728573221028 ], [ -4.239775948627607, 43.833362397211381 ], [ -4.241068747675794, 43.834999791589539 ], [ -4.242352976616397, 43.836640732811752 ], [ -4.243628616235997, 43.838285197281081 ], [ -4.244895647439972, 43.83993316134795 ], [ -4.246154051252708, 43.841584601310146 ], [ -4.247403808818104, 43.843239493413449 ], [ -4.24864490139916, 43.844897813851823 ], [ -4.249877310379262, 43.846559538767593 ], [ -4.25110101726205, 43.848224644252461 ], [ -4.252316003671567, 43.849893106346606 ], [ -4.253522251352527, 43.851564901040192 ], [ -4.254719742171137, 43.85324000427309 ], [ -4.255908458114771, 43.854918391935456 ], [ -4.257088381292731, 43.856600039867828 ], [ -4.258259493936038, 43.858284923861646 ], [ -4.259421778398393, 43.859973019659662 ], [ -4.260575217155633, 43.86166430295593 ], [ -4.261719792806831, 43.863358749396568 ], [ -4.262855488074228, 43.865056334579741 ], [ -4.26398228580336, 43.866757034056306 ], [ -4.265100168963574, 43.868460823329841 ], [ -4.266209120648081, 43.87016767785731 ], [ -4.26730912407471, 43.871877573049069 ], [ -4.268400162585619, 43.873590484269506 ], [ -4.269482219648069, 43.875306386837181 ], [ -4.270555278853886, 43.877025256025284 ], [ -4.271619323921223, 43.878747067061909 ], [ -4.272674338692894, 43.880471795130411 ], [ -4.273720307138503, 43.882199415369897 ], [ -4.27475721335351, 43.883929902875224 ], [ -4.275785041559898, 43.885663232697716 ], [ -4.27680377610616, 43.887399379845334 ], [ -4.277813401468343, 43.889138319283056 ], [ -4.278813902249561, 43.890880025933249 ], [ -4.279805263180185, 43.892624474675856 ], [ -4.280787469118721, 43.894371640349107 ], [ -4.281760505051855, 43.896121497749434 ], [ -4.282724356094309, 43.897874021632163 ], [ -4.283679007489467, 43.899629186711685 ], [ -4.284624444609599, 43.901386967661857 ], [ -4.28556065295613, 43.903147339116494 ], [ -4.2864876181598, 43.904910275669316 ], [ -4.287405325980926, 43.90667575187485 ], [ -4.288313762309634, 43.908443742248458 ], [ -4.289212913166158, 43.910214221266664 ], [ -4.290102764701223, 43.911987163367677 ], [ -4.290983303195874, 43.913762542951687 ], [ -4.29185451506221, 43.91554033438107 ], [ -4.292716386843332, 43.917320511981202 ], [ -4.293568905213583, 43.9191030500401 ], [ -4.294412056978987, 43.920887922809534 ], [ -4.29524582907711, 43.922675104504698 ], [ -4.296070208577786, 43.924464569305393 ], [ -4.296885182683068, 43.926256291355557 ], [ -4.297690738727271, 43.928050244764066 ], [ -4.298486864177617, 43.92984640360504 ], [ -4.299273546634108, 43.931644741918213 ], [ -4.300050773830291, 43.933445233709179 ], [ -4.300818533632532, 43.935247852950063 ], [ -4.301576814041168, 43.937052573579436 ], [ -4.302325603190176, 43.938859369503092 ], [ -4.303064889347933, 43.940668214594226 ], [ -4.303794660916656, 43.942479082693644 ], [ -4.304514906433197, 43.944291947610665 ], [ -4.305225614569203, 43.94610678312285 ], [ -4.30592677413106, 43.947923562976747 ], [ -4.306618374060661, 43.949742260888243 ], [ -4.307300403434459, 43.9515628505427 ], [ -4.307972851465316, 43.953385305595766 ], [ -4.308635707501245, 43.955209599673296 ], [ -4.309288961026557, 43.957035706371855 ], [ -4.309932601661274, 43.958863599259345 ], [ -4.310566619162119, 43.960693251875114 ], [ -4.311191003422352, 43.962524637730205 ], [ -4.311805744471751, 43.964357730308272 ], [ -4.312410832477484, 43.96619250306523 ], [ -4.313006257743091, 43.968028929430488 ], [ -4.313592010710282, 43.969866982806295 ], [ -4.314168081957729, 43.971706636569124 ], [ -4.314734462201874, 43.973547864069317 ], [ -4.315291142297177, 43.975390638632014 ], [ -4.315838113236087, 43.977234933556858 ], [ -4.316375366149317, 43.979080722119321 ], [ -4.316902892306061, 43.980927977570069 ], [ -4.317420683114102, 43.982776673136087 ], [ -4.317928730119863, 43.984626782020683 ], [ -4.318427025009025, 43.986478277404053 ], [ -4.318915559606152, 43.988331132443506 ], [ -4.319394325875217, 43.990185320274058 ], [ -4.319863315919484, 43.99204081400849 ], [ -4.3203225219825, 43.993897586738093 ], [ -4.320771936446721, 43.995755611532978 ], [ -4.321211551834995, 43.997614861442173 ], [ -4.321641360810792, 43.999475309494166 ], [ -4.322061356176943, 44.001336928697555 ], [ -4.322471530877408, 44.003199692041058 ], [ -4.322871877996482, 44.005063572494151 ], [ -4.323262390759359, 44.006928543007326 ], [ -4.323643062532078, 44.008794576512386 ], [ -4.32401388682173, 44.010661645923122 ], [ -4.324374857276789, 44.012529724135568 ], [ -4.324725967686983, 44.014398784028096 ], [ -4.325067211983214, 44.016268798462391 ], [ -4.32539858423891, 44.018139740283296 ], [ -4.325720078668255, 44.020011582319526 ], [ -4.326031689628277, 44.021884297383821 ], [ -4.326333411617404, 44.023757858273811 ], [ -4.326625239276667, 44.025632237771632 ], [ -4.326907167389167, 44.027507408644958 ], [ -4.327179190880838, 44.029383343647268 ], [ -4.327441304819775, 44.031260015517965 ], [ -4.32769350441724, 44.033137396983165 ], [ -4.327935785027129, 44.035015460755744 ], [ -4.328168142146323, 44.036894179535892 ], [ -4.328390571414904, 44.038773526011667 ], [ -4.328603068615866, 44.040653472858807 ], [ -4.328805629676031, 44.042533992741959 ], [ -4.328998250665241, 44.044415058314449 ], [ -4.329180927797221, 44.046296642218728 ], [ -4.329353657429134, 44.048178717087239 ], [ -4.329516436062365, 44.050061255542275 ], [ -4.329669260341444, 44.051944230196575 ], [ -4.329812127055888, 44.053827613653787 ], [ -4.329945033138245, 44.05571137850874 ], [ -4.33006797566618, 44.057595497348039 ], [ -4.330180951861267, 44.059479942750109 ], [ -4.330283959089456, 44.061364687286087 ], [ -4.330376994861314, 44.063249703519723 ], [ -4.330460056832007, 44.065134964008188 ], [ -4.330533142801289, 44.067020441302006 ], [ -4.330596250713882, 44.068906107946141 ], [ -4.33064937865904, 44.070791936479488 ], [ -4.330692524871681, 44.072677899436137 ], [ -4.330725687730802, 44.07456396934532 ], [ -4.330748865761018, 44.076450118731934 ], [ -4.330762057632541, 44.078336320116684 ], [ -4.330765262159979, 44.080222546016934 ], [ -4.330758478303908, 44.082108768946874 ], [ -4.330741705170146, 44.083994961417638 ], [ -4.33071494201011, 44.085881095938376 ], [ -4.330678188220528, 44.087767145016016 ], [ -4.330631443344032, 44.089653081155916 ], [ -4.330574707068839, 44.091538876862366 ], [ -4.330507979228853, 44.093424504638854 ], [ -4.330431259803881, 44.095309936988428 ], [ -4.330344548919615, 44.09719514641435 ], [ -4.330247846847575, 44.099080105420093 ], [ -4.33014115400541, 44.100964786510019 ], [ -4.330024470956898, 44.102849162189862 ], [ -4.329897798411318, 44.104733204966898 ], [ -4.329761137224965, 44.106616887350455 ], [ -4.329614488399531, 44.108500181852207 ], [ -4.329457853083415, 44.110383060986869 ], [ -4.329291232571024, 44.112265497272318 ], [ -4.329114628303085, 44.114147463230125 ], [ -4.328928041867007, 44.116028931385721 ], [ -4.328731474996138, 44.117909874269287 ], [ -4.328524929570588, 44.119790264415627 ], [ -4.328308407616329, 44.1216700743649 ], [ -4.328081911306668, 44.123549276663056 ], [ -4.327845442960618, 44.125427843861878 ], [ -4.327599005044128, 44.127305748519923 ], [ -4.327342600169463, 44.129182963202204 ], [ -4.327076231095623, 44.131059460481502 ], [ -4.326799900728261, 44.132935212937888 ], [ -4.32651361211924, 44.134810193159836 ], [ -4.326217368467354, 44.136684373744039 ], [ -4.325911173117819, 44.138557727296245 ], [ -4.325595029562866, 44.140430226431462 ], [ -4.325268941440729, 44.142301843774369 ], [ -4.324932912536732, 44.14417255195989 ], [ -4.324586946782616, 44.146042323633381 ], [ -4.324231048256981, 44.147911131451053 ], [ -4.323865221184812, 44.14977894808041 ], [ -4.32348946993775, 44.151645746200906 ], [ -4.323103799034234, 44.153511498503832 ], [ -4.322708213139135, 44.155376177693228 ], [ -4.32230271706401, 44.157239756486042 ], [ -4.321887315766964, 44.159102207612442 ], [ -4.321462014352584, 44.160963503816447 ], [ -4.321026818072248, 44.162823617856219 ], [ -4.32058173232359, 44.164682522504442 ], [ -4.320126762650875, 44.166540190548659 ], [ -4.319661914744893, 44.168396594791936 ], [ -4.319187194442851, 44.170251708052994 ], [ -4.31870260772832, 44.172105503166875 ], [ -4.318208160731257, 44.17395795298502 ], [ -4.317703859728016, 44.175809030375838 ], [ -4.317189711141329, 44.177658708225245 ], [ -4.316665721540256, 44.179506959436779 ], [ -4.316131897639818, 44.181353756932275 ], [ -4.315588246301357, 44.183199073652119 ], [ -4.315034774532668, 44.185042882555834 ], [ -4.314471489487326, 44.186885156621919 ], [ -4.313898398464785, 44.188725868849097 ], [ -4.313315508910995, 44.190564992256043 ], [ -4.312722828417623, 44.192402499882192 ], [ -4.312120364722227, 44.194238364787708 ], [ -4.311508125707851, 44.196072560054539 ], [ -4.310886119404132, 44.197905058786056 ], [ -4.310254353985397, 44.199735834108118 ], [ -4.309612837772532, 44.201564859169125 ], [ -4.308961579231387, 44.203392107140232 ], [ -4.308300586973626, 44.205217551216357 ], [ -4.307629869756022, 44.207041164616093 ], [ -4.306949436481053, 44.208862920582142 ], [ -4.306259296196286, 44.210682792381945 ], [ -4.305559458094591, 44.212500753307907 ], [ -4.30484993151374, 44.214316776677741 ], [ -4.304130725936584, 44.216130835835223 ], [ -4.30340185099121, 44.217942904150014 ], [ -4.302663316450142, 44.219752955018635 ], [ -4.301915132231005, 44.221560961864547 ], [ -4.301157308395816, 44.223366898138586 ], [ -4.300389855151345, 44.225170737319445 ], [ -4.299612782848575, 44.226972452913792 ], [ -4.298826101983228, 44.228772018457313 ], [ -4.298029823195073, 44.230569407514331 ], [ -4.297223957267982, 44.232364593678732 ], [ -4.296408515129833, 44.234157550574167 ], [ -4.295583507852911, 44.235948251854452 ], [ -4.294748946652773, 44.237736671203962 ], [ -4.293904842888885, 44.23952278233817 ], [ -4.293051208064291, 44.241306559003846 ], [ -4.292188053825573, 44.243087974979481 ], [ -4.291315391962655, 44.24486700407585 ], [ -4.290433234408654, 44.246643620136219 ], [ -4.289541593239682, 44.248417797036815 ], [ -4.288640480675156, 44.250189508687235 ], [ -4.287729909076872, 44.251958729030903 ], [ -4.286809890949852, 44.253725432045215 ], [ -4.285880438940947, 44.25548959174219 ], [ -4.284941565840377, 44.257251182168837 ], [ -4.28399328457992, 44.259010177407333 ], [ -4.283035608233893, 44.26076655157572 ], [ -4.282068550018211, 44.262520278828127 ], [ -4.281092123291229, 44.264271333354998 ], [ -4.280106341552457, 44.26601968938386 ], [ -4.279111218443222, 44.267765321179397 ], [ -4.278106767746305, 44.269508203044055 ], [ -4.277093003385541, 44.27124830931821 ], [ -4.276069939425895, 44.272985614380893 ], [ -4.275037590073294, 44.274720092649765 ], [ -4.273995969674292, 44.276451718581612 ], [ -4.2729450927165, 44.278180466673248 ], [ -4.271884973827289, 44.279906311461019 ], [ -4.270815627774509, 44.281629227521989 ], [ -4.269737069466281, 44.283349189473796 ], [ -4.268649313950359, 44.285066171975366 ], [ -4.267552376414378, 44.286780149726866 ], [ -4.266446272185467, 44.288491097470896 ], [ -4.265331016730077, 44.290198989992014 ], [ -4.264206625653911, 44.29190380211746 ], [ -4.26307311470149, 44.293605508717647 ], [ -4.261930499756129, 44.295304084706579 ], [ -4.260778796839815, 44.296999505041768 ], [ -4.259618022113078, 44.298691744725225 ], [ -4.258448191874299, 44.300380778803486 ], [ -4.257269322560093, 44.302066582368148 ], [ -4.256081430745088, 44.30374913055585 ], [ -4.254884533140877, 44.305428398549473 ], [ -4.253678646597131, 44.307104361577608 ], [ -4.252463788100184, 44.30877699491559 ], [ -4.251239974773549, 44.310446273885596 ], [ -4.250007223877348, 44.312112173857003 ], [ -4.248765552808687, 44.313774670246751 ], [ -4.247514979100355, 44.315433738519971 ], [ -4.246255520421643, 44.31708935419006 ], [ -4.244987194577702, 44.318741492819278 ], [ -4.243710019509021, 44.320390130018872 ], [ -4.24242401329176, 44.322035241449754 ], [ -4.241129194137497, 44.323676802822554 ], [ -4.239825580392155, 44.325314789898322 ], [ -4.238513190536874, 44.326949178488654 ], [ -4.237192043187004, 44.328579944456209 ], [ -4.235862157092252, 44.330207063714802 ], [ -4.234523551136435, 44.331830512230333 ], [ -4.233176244336753, 44.333450266020471 ], [ -4.231820255844503, 44.335066301155642 ], [ -4.230455604943574, 44.336678593758919 ], [ -4.229082311051362, 44.33828712000669 ], [ -4.227700393717647, 44.339891856128702 ], [ -4.226309872625051, 44.34149277840919 ], [ -4.224910767588231, 44.343089863185995 ], [ -4.22350309855381, 44.344683086852143 ], [ -4.22208688560018, 44.346272425855496 ], [ -4.220662148937238, 44.347857856699399 ], [ -4.219228908905883, 44.349439355942842 ], [ -4.217787185978104, 44.351016900200996 ], [ -4.21633700075639, 44.352590466145536 ], [ -4.214878373973723, 44.354160030504978 ], [ -4.21341132649297, 44.355725570065069 ], [ -4.211935879307064, 44.357287061668941 ], [ -4.210452053538348, 44.358844482217933 ], [ -4.208959870438203, 44.360397808671379 ], [ -4.207459351387309, 44.361947018047417 ], [ -4.205950517894601, 44.36349208742319 ], [ -4.204433391598029, 44.365032993935067 ], [ -4.202907994262737, 44.366569714779082 ], [ -4.201374347782584, 44.368102227211544 ], [ -4.199832474178167, 44.369630508548923 ], [ -4.198282395597691, 44.37115453616854 ], [ -4.196724134315894, 44.372674287508822 ], [ -4.195157712734666, 44.374189740069554 ], [ -4.193583153381469, 44.375700871412562 ], [ -4.192000478910344, 44.377207659161449 ], [ -4.190409712100402, 44.378710081002787 ], [ -4.188810875856686, 44.380208114685381 ], [ -4.187203993208796, 44.381701738021796 ], [ -4.185589087311381, 44.383190928887849 ], [ -4.183966181443054, 44.384675665223234 ], [ -4.182335299006961, 44.386155925031872 ], [ -4.180696463529499, 44.387631686382299 ], [ -4.179049698660889, 44.389102927407947 ], [ -4.177395028174296, 44.390569626307389 ], [ -4.175732475965357, 44.392031761344867 ], [ -4.17406206605258, 44.39348931085059 ], [ -4.172383822576176, 44.394942253220755 ], [ -4.17069776979826, 44.396390566918527 ], [ -4.169003932102265, 44.397834230473691 ], [ -4.16730233399289, 44.399273222483508 ], [ -4.165593000095121, 44.400707521612567 ], [ -4.163875955154667, 44.402137106593671 ], [ -4.162151224037168, 44.40356195622762 ], [ -4.16041883172778, 44.404982049384152 ], [ -4.158678803331274, 44.406397365001332 ], [ -4.156931164070855, 44.407807882087205 ], [ -4.155175939288709, 44.409213579718802 ], [ -4.153413154445303, 44.410614437043364 ], [ -4.151642835118718, 44.412010433278134 ], [ -4.149865007004467, 44.413401547711167 ], [ -4.148079695915686, 44.414787759701191 ], [ -4.146286927781602, 44.416169048678164 ], [ -4.144486728648409, 44.417545394143595 ], [ -4.142679124677934, 44.418916775670851 ], [ -4.140864142148112, 44.42028317290535 ], [ -4.13904180745137, 44.421644565565188 ], [ -4.137212147095855, 44.423000933440989 ], [ -4.135375187703636, 44.424352256396695 ], [ -4.13353095601099, 44.425698514369628 ], [ -4.131679478868474, 44.427039687370737 ], [ -4.129820783239146, 44.428375755485142 ], [ -4.127954896199387, 44.42970669887228 ], [ -4.126081844938353, 44.431032497766282 ], [ -4.124201656757263, 44.432353132476251 ], [ -4.122314359068786, 44.433668583386563 ], [ -4.120419979397267, 44.434978830957306 ], [ -4.118518545377798, 44.436283855724277 ], [ -4.116610084756381, 44.437583638299728 ], [ -4.114694625388879, 44.438878159372102 ], [ -4.11277219524092, 44.440167399707022 ], [ -4.110842822387617, 44.441451340147076 ], [ -4.108906535012898, 44.442729961612052 ], [ -4.106963361409171, 44.444003245099914 ], [ -4.105013329976984, 44.445271171686464 ], [ -4.103056469224772, 44.446533722525579 ], [ -4.101092807767902, 44.447790878849958 ], [ -4.099122374328782, 44.449042621971387 ], [ -4.097145197736185, 44.450288933280554 ], [ -4.095161306924768, 44.45152979424774 ], [ -4.093170730934879, 44.452765186423171 ], [ -4.091173498911914, 44.453995091436916 ], [ -4.08916964010628, 44.455219490999617 ], [ -4.08715918387216, 44.456438366902418 ], [ -4.085142159667762, 44.457651701017582 ], [ -4.083118597054819, 44.458859475298368 ], [ -4.08108852569772, 44.460061671779748 ], [ -4.079051975363974, 44.461258272578448 ], [ -4.077008975922368, 44.462449259893354 ], [ -4.074959557343697, 44.4636346160055 ], [ -4.072903749700159, 44.464814323278688 ], [ -4.070841583164169, 44.465988364159784 ], [ -4.068773088008764, 44.467156721178519 ], [ -4.066698294606783, 44.468319376948401 ], [ -4.064617233430247, 44.469476314166592 ], [ -4.062529935050192, 44.47062751561419 ], [ -4.060436430136361, 44.471772964156784 ], [ -4.058336749455793, 44.472912642744255 ], [ -4.056230923873726, 44.474046534411713 ], [ -4.054118984352153, 44.475174622278857 ], [ -4.052000961949759, 44.476296889551215 ], [ -4.049876887821195, 44.477413319519741 ], [ -4.047746793216931, 44.478523895561217 ], [ -4.045610709482537, 44.47962860113892 ], [ -4.043468668058513, 44.480727419802079 ], [ -4.041320700479003, 44.481820335187102 ], [ -4.039166838372613, 44.482907331016825 ], [ -4.037007113460584, 44.483988391101903 ], [ -4.034841557557587, 44.485063499339894 ], [ -4.032670202570064, 44.486132639716431 ], [ -4.030493080496612, 44.487195796304832 ], [ -4.028310223426744, 44.488252953266908 ], [ -4.026121663541578, 44.489304094852756 ], [ -4.023927433111643, 44.490349205401436 ], [ -4.021727564498309, 44.491388269340668 ], [ -4.019522090151314, 44.49242127118751 ], [ -4.017311042610246, 44.493448195548666 ], [ -4.015094454502183, 44.494469027120324 ], [ -4.012872358543, 44.495483750688749 ], [ -4.010644787534947, 44.496492351130371 ], [ -4.008411774367936, 44.497494813411976 ], [ -4.006173352017849, 44.498491122591155 ], [ -4.003929553546747, 44.499481263816357 ], [ -4.001680412101688, 44.500465222327193 ], [ -3.999425960914768, 44.501442983454645 ], [ -3.997166233302504, 44.502414532621287 ], [ -3.994901262665201, 44.503379855341485 ], [ -3.992631082486194, 44.504338937221966 ], [ -3.990355726331992, 44.505291763961424 ], [ -3.988075227851172, 44.506238321351333 ], [ -3.985789620774163, 44.507178595275832 ], [ -3.98349893891257, 44.508112571711941 ], [ -3.981203216158809, 44.509040236730051 ], [ -3.978902486485241, 44.509961576494042 ], [ -3.97659678394422, 44.510876577261186 ], [ -3.974286142667279, 44.511785225382894 ], [ -3.971970596864054, 44.512687507304555 ], [ -3.96965018082264, 44.513583409565818 ], [ -3.967324928908932, 44.514472918800934 ], [ -3.964994875565099, 44.51535602173891 ], [ -3.962660055310588, 44.516232705203585 ], [ -3.960320502740329, 44.517102956113973 ], [ -3.957976252524645, 44.517966761484708 ], [ -3.95562733940916, 44.518824108425598 ], [ -3.953273798213172, 44.519674984142476 ], [ -3.950915663830329, 44.520519375937141 ], [ -3.948552971227316, 44.521357271207492 ], [ -3.946185755443445, 44.522188657447963 ], [ -3.943814051590242, 44.5230135222494 ], [ -3.941437894850697, 44.523831853299505 ], [ -3.93905732047933, 44.524643638383068 ], [ -3.936672363800542, 44.52544886538189 ], [ -3.934283060208996, 44.526247522275234 ], [ -3.931889445168814, 44.52703959713984 ], [ -3.929491554213004, 44.5278250781504 ], [ -3.927089422942387, 44.528603953579342 ], [ -3.924683087026136, 44.529376211797334 ], [ -3.922272582200229, 44.530141841273277 ], [ -3.91985794426718, 44.530900830574772 ], [ -3.917439209095928, 44.531653168367718 ], [ -3.91501641262069, 44.532398843417383 ], [ -3.912589590840446, 44.533137844587564 ], [ -3.91015877981854, 44.533870160841815 ], [ -3.907724015682354, 44.534595781242729 ], [ -3.905285334622597, 44.53531469495244 ], [ -3.902842772892117, 44.536026891233043 ], [ -3.90039636680616, 44.536732359446511 ], [ -3.897946152741364, 44.53743108905477 ], [ -3.89549216713558, 44.538123069620269 ], [ -3.893034446486562, 44.538808290805513 ], [ -3.890573027352265, 44.539486742374002 ], [ -3.888107946349644, 44.54015841418979 ], [ -3.885639240154212, 44.540823296217674 ], [ -3.883166945499827, 44.541481378524018 ], [ -3.880691099177369, 44.542132651275857 ], [ -3.878211738035121, 44.542777104742008 ], [ -3.875728898977164, 44.543414729292905 ], [ -3.873242618963586, 44.544045515400313 ], [ -3.870752935009753, 44.544669453638214 ], [ -3.868259884185091, 44.54528653468239 ], [ -3.865763503613643, 44.545896749310927 ], [ -3.863263830472094, 44.546500088404116 ], [ -3.860760901990452, 44.547096542944821 ], [ -3.858254755450701, 44.54768610401824 ], [ -3.855745428186579, 44.54826876281286 ], [ -3.853232957582466, 44.548844510619389 ], [ -3.850717381073919, 44.549413338832075 ], [ -3.848198736145304, 44.549975238948193 ], [ -3.845677060330972, 44.550530202568098 ], [ -3.843152391213578, 44.551078221395912 ], [ -3.840624766423936, 44.551619287239085 ], [ -3.838094223640129, 44.552153392008975 ], [ -3.835560800587396, 44.552680527720582 ], [ -3.83302453503695, 44.553200686492964 ], [ -3.830485464805508, 44.553713860549223 ], [ -3.827943627755108, 44.55422004221677 ], [ -3.825399061792115, 44.554719223927201 ], [ -3.822851804866639, 44.555211398216876 ], [ -3.820301894972029, 44.555696557726165 ], [ -3.817749370144382, 44.556174695200816 ], [ -3.815194268461596, 44.556645803490845 ], [ -3.81263662804306, 44.557109875551589 ], [ -3.810076487049131, 44.557566904443078 ], [ -3.807513883680009, 44.558016883330779 ], [ -3.804948856175844, 44.558459805485256 ], [ -3.8023814428151, 44.558895664282545 ], [ -3.799811681915226, 44.55932445320412 ], [ -3.797239611831396, 44.559746165837041 ], [ -3.794665270955312, 44.56016079587404 ], [ -3.79208869771581, 44.560568337113693 ], [ -3.789509930577487, 44.560968783460332 ], [ -3.7869290080397, 44.561362128924479 ], [ -3.784345968637159, 44.561748367622563 ], [ -3.781760850938178, 44.562127493777268 ], [ -3.779173693544624, 44.562499501717539 ], [ -3.77658453509147, 44.562864385878655 ], [ -3.773993414245236, 44.563222140802459 ], [ -3.771400369704587, 44.563572761137266 ], [ -3.768805440198822, 44.563916241637834 ], [ -3.766208664487527, 44.564252577165995 ], [ -3.763610081360306, 44.564581762690011 ], [ -3.761009729635778, 44.564903793285325 ], [ -3.758407648160612, 44.565218664134107 ], [ -3.75580387580967, 44.565526370525788 ], [ -3.753198451485089, 44.565826907856575 ], [ -3.750591414115391, 44.566120271630218 ], [ -3.747982802655188, 44.566406457457418 ], [ -3.745372656084335, 44.566685461056586 ], [ -3.742761013407488, 44.566957278252929 ], [ -3.740147913653312, 44.567221904979746 ], [ -3.737533395874025, 44.56747933727749 ], [ -3.734917499144443, 44.567729571294308 ], [ -3.732300262562106, 44.567972603286101 ], [ -3.729681725245282, 44.568208429616114 ], [ -3.727061926334198, 44.56843704675584 ], [ -3.724440904988557, 44.568658451284385 ], [ -3.721818700388234, 44.568872639888681 ], [ -3.719195351731828, 44.569079609363747 ], [ -3.716570898236734, 44.569279356612363 ], [ -3.713945379137809, 44.569471878645579 ], [ -3.711318833687157, 44.569657172582453 ], [ -3.708691301153634, 44.569835235650238 ], [ -3.706062820821889, 44.570006065184167 ], [ -3.703433431991581, 44.570169658627918 ], [ -3.70080317397718, 44.570326013533318 ], [ -3.698172086107453, 44.570475127560528 ], [ -3.695540207723968, 44.570616998478087 ], [ -3.69290757818138, 44.570751624162753 ], [ -3.690274236846658, 44.570879002599895 ], [ -3.687640223097641, 44.570999131883205 ], [ -3.685005576323483, 44.571112010215025 ], [ -3.682370335923491, 44.571217635905882 ], [ -3.679734541306257, 44.57131600737506 ], [ -3.677098231889656, 44.571407123150422 ], [ -3.674461447099459, 44.571490981868344 ], [ -3.671824226369514, 44.571567582273623 ], [ -3.669186609140338, 44.57163692322009 ], [ -3.666548634859233, 44.57169900366987 ], [ -3.663910342978856, 44.571753822693871 ], [ -3.661271772957234, 44.571801379471765 ], [ -3.658632964256697, 44.571841673291551 ], [ -3.655993956343537, 44.571874703550499 ], [ -3.653354788687416, 44.571900469753963 ], [ -3.6507155007602, 44.571918971516617 ], [ -3.64807613203587, 44.571930208561319 ], [ -3.645436721989867, 44.571934180720064 ], [ -3.64279731009821, 44.571930887933242 ], [ -3.640157935836609, 44.571920330250308 ], [ -3.637518638680634, 44.571902507829115 ], [ -3.63487945810447, 44.571877420936517 ], [ -3.632240433580201, 44.571845069947813 ], [ -3.629601604577819, 44.571805455347366 ], [ -3.626963010563665, 44.571758577727984 ], [ -3.624324691000852, 44.571704437791254 ], [ -3.6216866853474, 44.57164303634741 ], [ -3.619049033057093, 44.571574374315396 ], [ -3.616411773577147, 44.5714984527228 ], [ -3.613774946348989, 44.571415272705906 ], [ -3.611138590807312, 44.571324835509564 ], [ -3.608502746378315, 44.571227142487281 ], [ -3.605867452480844, 44.571122195101005 ], [ -3.60323274852444, 44.571009994921461 ], [ -3.60059867390925, 44.570890543627726 ], [ -3.597965268025117, 44.570763843007505 ], [ -3.595332570251659, 44.570629894956852 ], [ -3.59270061995606, 44.570488701480329 ], [ -3.590069456494783, 44.570340264691055 ], [ -3.587439119210343, 44.570184586810342 ], [ -3.584809647432761, 44.57002167016784 ], [ -3.582181080477802, 44.569851517201627 ], [ -3.579553457646681, 44.569674130457919 ], [ -3.576926818225745, 44.569489512591318 ], [ -3.574301201484825, 44.569297666364506 ], [ -3.571676646677688, 44.569098594648338 ], [ -3.569053193041253, 44.568892300421659 ], [ -3.566430879794037, 44.568678786771464 ], [ -3.563809746136725, 44.568458056892787 ], [ -3.561189831251059, 44.56823011408855 ], [ -3.558571174298694, 44.567994961769486 ], [ -3.555953814421159, 44.567752603454153 ], [ -3.553337790739497, 44.56750304276914 ], [ -3.550723142352825, 44.567246283448526 ], [ -3.548109908338106, 44.566982329334124 ], [ -3.545498127749746, 44.566711184375173 ], [ -3.542887839618821, 44.566432852628722 ], [ -3.540279082951938, 44.566147338259228 ], [ -3.537671896731662, 44.565854645538337 ], [ -3.53506631991475, 44.565554778845303 ], [ -3.532462391432278, 44.565247742666465 ], [ -3.529860150188735, 44.564933541595352 ], [ -3.527259635061592, 44.564612180332723 ], [ -3.524660884900237, 44.56428366368624 ], [ -3.522063938526226, 44.563947996570725 ], [ -3.519468834731374, 44.563605184007677 ], [ -3.516875612278435, 44.563255231125318 ], [ -3.51428430989957, 44.562898143158968 ], [ -3.511694966296103, 44.562533925450367 ], [ -3.509107620137891, 44.562162583447545 ], [ -3.506522310062647, 44.561784122705575 ], [ -3.503939074675391, 44.561398548885307 ], [ -3.501357952547699, 44.561005867754226 ], [ -3.498778982217397, 44.560606085185988 ], [ -3.496202202187153, 44.560199207160096 ], [ -3.493627650925012, 44.559785239762419 ], [ -3.491055366862746, 44.559364189184322 ], [ -3.488485388396213, 44.558936061723323 ], [ -3.485917753883465, 44.55850086378247 ], [ -3.483352501645674, 44.558058601870279 ], [ -3.48078966996506, 44.557609282601092 ], [ -3.478229297085369, 44.557152912694221 ], [ -3.475671421210499, 44.556689498974656 ], [ -3.473116080504605, 44.556219048372277 ], [ -3.470563313090848, 44.555741567922091 ], [ -3.468013157051129, 44.555257064764113 ], [ -3.465465650425334, 44.554765546143102 ], [ -3.462920831210888, 44.554267019408535 ], [ -3.460378737362122, 44.553761492014523 ], [ -3.457839406789521, 44.553248971519558 ], [ -3.455302877359015, 44.552729465586658 ], [ -3.452769186891861, 44.552202981982859 ], [ -3.450238373163473, 44.551669528579374 ], [ -3.447710473903429, 44.551129113351436 ], [ -3.445185526794172, 44.550581744378171 ], [ -3.442663569470916, 44.550027429842132 ], [ -3.440144639521147, 44.549466178029988 ], [ -3.437628774483242, 44.548897997331167 ], [ -3.435116011846786, 44.548322896239064 ], [ -3.432606389051634, 44.547740883349867 ], [ -3.430099943486975, 44.547151967362858 ], [ -3.42759671249159, 44.546556157080353 ], [ -3.42509673335201, 44.54595346140735 ], [ -3.422600043303081, 44.545343889351386 ], [ -3.420106679526882, 44.544727450022656 ], [ -3.41761667915197, 44.544104152633508 ], [ -3.415130079253299, 44.543474006498506 ], [ -3.412646916851149, 44.542837021034366 ], [ -3.41016722891054, 44.542193205759482 ], [ -3.407691052341275, 44.541542570294098 ], [ -3.405218423996639, 44.540885124360059 ], [ -3.40274938067296, 44.54022087778057 ], [ -3.40028395910923, 44.539549840480049 ], [ -3.397822195986866, 44.538872022484107 ], [ -3.395364127928016, 44.538187433919092 ], [ -3.392909791496105, 44.537496085012542 ], [ -3.390459223194929, 44.536797986092104 ], [ -3.388012459467519, 44.536093147586215 ], [ -3.385569536696527, 44.53538158002349 ], [ -3.383130491202809, 44.53466329403259 ], [ -3.380695359245297, 44.533938300342193 ], [ -3.378264177020443, 44.53320660978072 ], [ -3.375836980661389, 44.532468233276212 ], [ -3.373413806237719, 44.531723181856066 ], [ -3.370994689754353, 44.530971466646896 ], [ -3.368579667151678, 44.530213098874626 ], [ -3.366168774304673, 44.529448089863621 ], [ -3.363762047022089, 44.528676451037413 ], [ -3.361359521046096, 44.527898193917729 ], [ -3.358961232052275, 44.527113330124791 ], [ -3.356567215647923, 44.526321871376844 ], [ -3.3541775073722, 44.525523829490261 ], [ -3.351792142695742, 44.52471921637909 ], [ -3.3494111570197, 44.52390804405497 ], [ -3.34703458567534, 44.523090324626914 ], [ -3.344662463923445, 44.522266070301121 ], [ -3.342294826953602, 44.521435293380868 ], [ -3.339931709884477, 44.520598006266191 ], [ -3.337573147761977, 44.519754221453667 ], [ -3.33521917555948, 44.518903951536309 ], [ -3.332869828177479, 44.518047209203438 ], [ -3.330525140442495, 44.517184007240374 ], [ -3.328185147106771, 44.516314358527957 ], [ -3.325849882848019, 44.515438276043021 ], [ -3.323519382267972, 44.514555772857541 ], [ -3.321193679893065, 44.513666862138685 ], [ -3.31887281017321, 44.512771557148668 ], [ -3.316556807480928, 44.511869871244407 ], [ -3.314245706111592, 44.510961817877217 ], [ -3.311939540282804, 44.510047410593067 ], [ -3.309638344133017, 44.509126663031921 ], [ -3.307342151721819, 44.50819958892739 ], [ -3.305050997029549, 44.507266202107104 ], [ -3.302764913955692, 44.506326516491924 ], [ -3.300483936319582, 44.505380546096013 ], [ -3.298208097859406, 44.504428305026487 ], [ -3.295937432231225, 44.503469807483441 ], [ -3.293671973009334, 44.502505067759202 ], [ -3.291411753684756, 44.501534100238828 ], [ -3.289156807665795, 44.500556919399095 ], [ -3.286907168276705, 44.499573539808956 ], [ -3.2846628687575, 44.498583976128742 ], [ -3.282423942263261, 44.497588243110386 ], [ -3.280190421863904, 44.496586355596982 ], [ -3.277962340543518, 44.495578328522335 ], [ -3.275739731199796, 44.49456417691129 ], [ -3.27352262664365, 44.493543915878803 ], [ -3.271311059598733, 44.492517560630375 ], [ -3.269105062700693, 44.491485126461306 ], [ -3.266904668496845, 44.490446628756608 ], [ -3.26470990944593, 44.489402082990864 ], [ -3.262520817917229, 44.488351504727852 ], [ -3.260337426190214, 44.487294909620367 ], [ -3.258159766453743, 44.486232313410021 ], [ -3.255987870806473, 44.48516373192669 ], [ -3.253821771255155, 44.48408918108877 ], [ -3.251661499715095, 44.483008676902536 ], [ -3.249507088009384, 44.481922235462036 ], [ -3.24735856786817, 44.480829872948647 ], [ -3.245215970928649, 44.479731605631343 ], [ -3.243079328734009, 44.478627449865613 ], [ -3.240948672733345, 44.477517422093953 ], [ -3.23882403428112, 44.476401538845273 ], [ -3.236705444636641, 44.475279816734563 ], [ -3.234592934963935, 44.474152272462916 ], [ -3.232486536330171, 44.473018922816927 ], [ -3.230386279706867, 44.471879784668637 ], [ -3.228292195967749, 44.470734874975228 ], [ -3.226204315889568, 44.469584210778713 ], [ -3.22412267015121, 44.468427809205792 ], [ -3.222047289332608, 44.467265687467467 ], [ -3.219978203915348, 44.466097862858611 ], [ -3.217915444281324, 44.464924352758032 ], [ -3.215859040712985, 44.463745174628038 ], [ -3.213809023392536, 44.46256034601425 ], [ -3.211765422400985, 44.461369884544837 ], [ -3.209728267718895, 44.460173807931199 ], [ -3.207697589224884, 44.458972133966689 ], [ -3.205673416695404, 44.457764880527087 ], [ -3.203655779805095, 44.456552065569532 ], [ -3.20164470812476, 44.45533370713337 ], [ -3.199640231122551, 44.454109823338655 ], [ -3.197642378162503, 44.452880432386728 ], [ -3.19565117850471, 44.451645552559356 ], [ -3.193666661304222, 44.45040520221896 ], [ -3.191688855611429, 44.449159399807883 ], [ -3.189717790370748, 44.447908163848538 ], [ -3.187753494420999, 44.446651512942424 ], [ -3.18579599649441, 44.445389465770795 ], [ -3.183845325216507, 44.444122041093365 ], [ -3.181901509105761, 44.442849257748875 ], [ -3.179964576572579, 44.441571134654232 ], [ -3.178034555919746, 44.440287690804347 ], [ -3.176111475341182, 44.438998945272076 ], [ -3.174195362922454, 44.437704917207526 ], [ -3.172286246639251, 44.43640562583802 ], [ -3.170384154357822, 44.435101090467867 ], [ -3.168489113834178, 44.433791330477646 ], [ -3.166601152714171, 44.432476365324391 ], [ -3.164720298532234, 44.431156214541055 ], [ -3.162846578711727, 44.429830897736132 ], [ -3.160980020564351, 44.428500434593602 ], [ -3.159120651289428, 44.427164844872166 ], [ -3.157268497973918, 44.425824148405546 ], [ -3.155423587591985, 44.42447836510167 ], [ -3.153585947004128, 44.423127514942657 ], [ -3.151755602957707, 44.421771617984184 ], [ -3.149932582085448, 44.420410694355688 ], [ -3.148116910905842, 44.419044764259503 ], [ -3.146308615822674, 44.417673847970889 ], [ -3.144507723124246, 44.416297965837607 ], [ -3.142714258983516, 44.41491713827952 ], [ -3.140928249456978, 44.413531385788495 ], [ -3.139149720485458, 44.412140728927845 ], [ -3.137378697892512, 44.410745188332179 ], [ -3.135615207384941, 44.409344784706931 ], [ -3.133859274551659, 44.40793953882811 ], [ -3.132110924864247, 44.40652947154215 ], [ -3.130370183675867, 44.405114603765213 ], [ -3.128637076220949, 44.403694956483015 ], [ -3.12691162761542, 44.402270550750821 ], [ -3.125193862855502, 44.400841407692695 ], [ -3.123483806818068, 44.399407548501216 ], [ -3.121781484259994, 44.397968994437363 ], [ -3.120086919817561, 44.396525766830145 ], [ -3.118400138006975, 44.395077887075935 ], [ -3.116721163222814, 44.393625376638745 ], [ -3.115050019738506, 44.392168257049249 ], [ -3.113386731705873, 44.390706549904877 ], [ -3.111731323154558, 44.389240276869309 ], [ -3.110083817991903, 44.387769459672221 ], [ -3.108444240002649, 44.386294120108872 ], [ -3.106812612848156, 44.384814280039578 ], [ -3.105188960066636, 44.383329961390054 ], [ -3.103573305072854, 44.381841186150076 ], [ -3.101965671156905, 44.380347976374196 ], [ -3.100366081485221, 44.378850354180372 ], [ -3.098774559099241, 44.377348341750533 ], [ -3.097191126915142, 44.375841961329414 ], [ -3.095615807724168, 44.374331235225121 ], [ -3.094048624191997, 44.372816185807871 ], [ -3.09248959885819, 44.371296835510094 ], [ -3.090938754135927, 44.369773206826338 ], [ -3.089396112312141, 44.368245322312461 ], [ -3.087861695546774, 44.366713204585409 ], [ -3.086335525872755, 44.365176876322835 ], [ -3.084817625195195, 44.36363636026315 ], [ -3.083308015291868, 44.362091679204603 ], [ -3.081806717812112, 44.360542856005033 ], [ -3.080313754277231, 44.358989913582086 ], [ -3.078829146079744, 44.357432874911858 ], [ -3.077352914483293, 44.355871763029739 ], [ -3.075885080622458, 44.354306601028931 ], [ -3.074425665501857, 44.352737412060783 ], [ -3.072974689996882, 44.351164219334258 ], [ -3.071532174852461, 44.349587046115481 ], [ -3.070098140683359, 44.348005915727498 ], [ -3.068672607973772, 44.346420851549965 ], [ -3.067255597076868, 44.344831877018436 ], [ -3.065847128215072, 44.34323901562454 ], [ -3.064447221478721, 44.341642290915125 ], [ -3.063055896826852, 44.340041726492316 ], [ -3.061673174086592, 44.338437346012718 ], [ -3.060299072952731, 44.336829173187439 ], [ -3.058933612987687, 44.335217231781492 ], [ -3.057576813621058, 44.333601545613611 ], [ -3.056228694149505, 44.331982138555624 ], [ -3.054889273736488, 44.330359034532307 ], [ -3.053558571411707, 44.328732257520969 ], [ -3.052236606071841, 44.327101831551076 ], [ -3.05092339647866, 44.325467780703754 ], [ -3.049618961260472, 44.323830129111663 ], [ -3.048323318910593, 44.322188900958423 ], [ -3.047036487788192, 44.320544120478296 ], [ -3.045758486116826, 44.318895811955947 ], [ -3.044489331985524, 44.317243999725868 ], [ -3.0432290433476, 44.315588708172086 ], [ -3.041977638020843, 44.31392996172783 ], [ -3.040735133687132, 44.312267784875154 ], [ -3.039501547892257, 44.310602202144437 ], [ -3.038276898045576, 44.308933238114328 ], [ -3.037061201420526, 44.307260917410801 ], [ -3.035854475153107, 44.305585264707446 ], [ -3.034656736242661, 44.303906304724627 ], [ -3.033468001551357, 44.302224062229151 ], [ -3.032288287804103, 44.300538562034141 ], [ -3.031117611588174, 44.298849828998463 ], [ -3.029955989353026, 44.297157888026476 ], [ -3.02880343741002, 44.295462764067324 ], [ -3.02765997193262, 44.293764482114959 ], [ -3.026525608955573, 44.292063067207536 ], [ -3.025400364375569, 44.290358544427185 ], [ -3.024284253949813, 44.288650938899337 ], [ -3.023177293297219, 44.286940275792809 ], [ -3.022079497896954, 44.285226580318877 ], [ -3.020990883089516, 44.283509877731319 ], [ -3.019911464075426, 44.281790193325826 ], [ -3.018841255915425, 44.280067552439775 ], [ -3.017780273530833, 44.278341980451394 ], [ -3.016728531702515, 44.276613502780215 ], [ -3.015686045071351, 44.27488214488578 ], [ -3.014652828137486, 44.273147932267868 ], [ -3.01362889526115, 44.271410890465823 ], [ -3.012614260661083, 44.269671045058217 ], [ -3.011608938415502, 44.267928421662653 ], [ -3.01061294246152, 44.26618304593503 ], [ -3.009626286595289, 44.264434943569448 ], [ -3.00864898447105, 44.262684140297544 ], [ -3.007681049601747, 44.260930661888651 ], [ -3.006722495358891, 44.259174534148578 ], [ -3.005773334971871, 44.257415782919821 ], [ -3.004833581528068, 44.255654434081201 ], [ -3.003903247972746, 44.253890513547056 ], [ -3.002982347109074, 44.252124047267039 ], [ -3.002070891597614, 44.250355061226045 ], [ -3.001168893956588, 44.248583581443384 ], [ -3.000276366561324, 44.246809633972418 ], [ -2.99939332164422, 44.24503324490049 ], [ -2.998519771294996, 44.243254440348146 ], [ -2.997655727460113, 44.24147324646917 ], [ -2.996801201943017, 44.23968968944979 ], [ -2.995956206403435, 44.23790379550838 ], [ -2.995120752358141, 44.236115590895274 ], [ -2.994294851179673, 44.234325101892161 ], [ -2.993478514097543, 44.23253235481171 ], [ -2.992671752196983, 44.230737375997272 ], [ -2.991874576419588, 44.228940191822424 ], [ -2.991086997562693, 44.227140828690452 ], [ -2.990309026279595, 44.225339313034226 ], [ -2.989540673079276, 44.223535671315609 ], [ -2.988781948326334, 44.221729930025155 ], [ -2.988032862241275, 44.21992211568147 ], [ -2.987293424899348, 44.218112254831183 ], [ -2.986563646231936, 44.216300374048252 ], [ -2.985843536024932, 44.214486499933791 ], [ -2.985133103920122, 44.212670659115531 ], [ -2.984432359413742, 44.210852878247373 ], [ -2.983741311857231, 44.20903318400908 ], [ -2.983059970457077, 44.207211603105875 ], [ -2.982388344274297, 44.2053881622682 ], [ -2.981726442224971, 44.203562888250815 ], [ -2.981074273079572, 44.201735807832982 ], [ -2.980431845463425, 44.199906947817787 ], [ -2.979799167855887, 44.198076335031544 ], [ -2.979176248591252, 44.196243996323894 ], [ -2.978563095857789, 44.194409958566958 ], [ -2.977959717698634, 44.192574248655006 ], [ -2.977366122010533, 44.190736893504543 ], [ -2.976782316544644, 44.188897920053016 ], [ -2.976208308906334, 44.187057355259199 ], [ -2.975644106554908, 44.185215226102471 ], [ -2.975089716803823, 44.183371559582362 ], [ -2.974545146820253, 44.181526382718367 ], [ -2.974010403625546, 44.179679722549182 ], [ -2.973485494094569, 44.177831606132749 ], [ -2.972970424956509, 44.175982060545536 ], [ -2.972465202793733, 44.174131112882222 ], [ -2.971969834042626, 44.172278790255326 ], [ -2.971484324993439, 44.170425119794729 ], [ -2.971008681789501, 44.168570128647509 ], [ -2.97054291042859, 44.166713843977064 ], [ -2.970087016761147, 44.164856292963151 ], [ -2.969641006491786, 44.16299750280141 ], [ -2.969204885178361, 44.161137500702729 ], [ -2.968778658232668, 44.159276313892995 ], [ -2.968362330919171, 44.157413969612719 ], [ -2.967955908356524, 44.155550495116721 ], [ -2.96755939551654, 44.153685917673364 ], [ -2.967172797224274, 44.151820264564627 ], [ -2.966796118158558, 44.14995356308529 ], [ -2.966429362851225, 44.148085840542741 ], [ -2.966072535688056, 44.14621712425663 ], [ -2.965725640907411, 44.144347441558281 ], [ -2.965388682601847, 44.142476819790296 ], [ -2.965061664716555, 44.140605286306396 ], [ -2.96474459105062, 44.138732868470811 ], [ -2.964437465256274, 44.136859593657881 ], [ -2.964140290839224, 44.134985489251648 ], [ -2.963853071158214, 44.133110582645536 ], [ -2.963575809426089, 44.131234901242031 ], [ -2.963308508708308, 44.129358472451941 ], [ -2.963051171924109, 44.127481323694312 ], [ -2.962803801846267, 44.125603482395938 ], [ -2.962566401100904, 44.123724975990797 ], [ -2.962338972167478, 44.121845831919991 ], [ -2.962121517378932, 44.119966077630799 ], [ -2.961914038921907, 44.118085740577143 ], [ -2.961716538836395, 44.116204848218175 ], [ -2.961529019016018, 44.11432342801853 ], [ -2.961351481208042, 44.112441507447755 ], [ -2.961183927013215, 44.110559113979782 ], [ -2.961026357886082, 44.108676275092826 ], [ -2.960878775134938, 44.106793018268732 ], [ -2.96074117992163, 44.104909370992509 ], [ -2.960613573261711, 44.103025360752085 ], [ -2.960495956024667, 44.101141015037996 ], [ -2.960388328934207, 44.099256361342796 ], [ -2.960290692567166, 44.097371427160667 ], [ -2.960203047355059, 44.095486239987153 ], [ -2.960125393583046, 44.09360082731849 ], [ -2.960057731390475, 44.091715216651643 ], [ -2.960000060770603, 44.089829435483587 ], [ -2.959952381571349, 44.087943511310705 ], [ -2.959914693494167, 44.086057471628948 ], [ -2.95988699609564, 44.084171343933058 ], [ -2.959869288785903, 44.082285155716171 ], [ -2.95986157083, 44.080398934469507 ], [ -2.959863841347441, 44.078512707681938 ], [ -2.95987609931216, 44.076626502839694 ], [ -2.959898343552891, 44.074740347425873 ], [ -2.959930572752735, 44.072854268919905 ], [ -2.95997278545031, 44.070968294797247 ], [ -2.96002498003832, 44.069082452529258 ], [ -2.96008715476484, 44.067196769582303 ], [ -2.960159307732739, 44.065311273417819 ], [ -2.960241436900606, 44.063425991491563 ], [ -2.960333540081321, 44.061540951253463 ], [ -2.960435614943927, 44.059656180147087 ], [ -2.960547659012247, 44.057771705609042 ], [ -2.960669669665819, 44.055887555069276 ], [ -2.960801644140029, 44.054003755949878 ], [ -2.960943579525352, 44.052120335664995 ], [ -2.961095472768589, 44.050237321620699 ], [ -2.961257320672041, 44.048354741214133 ], [ -2.961429119894287, 44.046472621833274 ], [ -2.96161086694977, 44.044590990856904 ], [ -2.961802558209272, 44.042709875653607 ], [ -2.962004189899742, 44.040829303581674 ], [ -2.962215758104654, 44.03894930198895 ], [ -2.962437258764253, 44.037069898211875 ], [ -2.962668687674814, 44.035191119575714 ], [ -2.962910040489901, 44.033312993393579 ], [ -2.963161312719631, 44.031435546966541 ], [ -2.963422499731649, 44.029558807582681 ], [ -2.963693596749934, 44.027682802517376 ], [ -2.963974598856539, 44.025807559032359 ], [ -2.964265500990244, 44.023933104375551 ], [ -2.964566297947802, 44.022059465780728 ], [ -2.964876984383278, 44.020186670466764 ], [ -2.965197554808696, 44.018314745637802 ], [ -2.965528003594195, 44.016443718482414 ], [ -2.965868324967353, 44.014573616173472 ], [ -2.966218513014681, 44.012704465867571 ], [ -2.966578561680252, 44.010836294704696 ], [ -2.966948464767431, 44.008969129808001 ], [ -2.967328215937471, 44.007102998283088 ], [ -2.967717808710776, 44.005237927217969 ], [ -2.968117236466641, 44.003373943682426 ], [ -2.968526492443355, 44.001511074727738 ], [ -2.968945569738542, 43.999649347386331 ], [ -2.969374461308961, 43.997788788671166 ], [ -2.969813159971207, 43.995929425575582 ], [ -2.970261658401101, 43.994071285073062 ], [ -2.970719949134971, 43.992214394116246 ], [ -2.971188024568518, 43.990358779637219 ], [ -2.971665876958102, 43.988504468546701 ], [ -2.97215349842006, 43.986651487733866 ], [ -2.972650880931451, 43.984799864065813 ], [ -2.973158016329801, 43.982949624387281 ], [ -2.973674896313814, 43.981100795520362 ], [ -2.974201512443058, 43.979253404263844 ], [ -2.974737856138127, 43.97740747739298 ], [ -2.975283918681208, 43.97556304165915 ], [ -2.975839691215839, 43.973720123789604 ], [ -2.97640516474747, 43.97187875048666 ], [ -2.976980330143499, 43.970038948427749 ], [ -2.977565178133383, 43.968200744264756 ], [ -2.978159699308576, 43.966364164623904 ], [ -2.978763884123282, 43.964529236105058 ], [ -2.97937772289458, 43.962695985281563 ], [ -2.980001205801901, 43.960864438699993 ], [ -2.98063432288794, 43.959034622879273 ], [ -2.981277064058641, 43.957206564310944 ], [ -2.981929419083719, 43.95538028945824 ], [ -2.982591377595798, 43.953555824756108 ], [ -2.983262929091977, 43.951733196610547 ], [ -2.983944062933047, 43.949912431398452 ], [ -2.984634768344322, 43.948093555467103 ], [ -2.985335034415106, 43.946276595133781 ], [ -2.986044850099851, 43.944461576685612 ], [ -2.98676420421777, 43.94264852637879 ], [ -2.987493085452796, 43.94083747043873 ], [ -2.988231482354406, 43.939028435059157 ], [ -2.988979383337589, 43.937221446402205 ], [ -2.989736776683278, 43.935416530597649 ], [ -2.990503650537753, 43.933613713742766 ], [ -2.991279992913966, 43.931813021902087 ], [ -2.992065791690883, 43.930014481106703 ], [ -2.992861034614353, 43.928218117354191 ], [ -2.993665709296924, 43.926423956607884 ], [ -2.994479803218163, 43.924632024796985 ], [ -2.99530330372485, 43.922842347815852 ], [ -2.996136198031351, 43.921054951523793 ], [ -2.996978473219742, 43.91926986174451 ], [ -2.997830116240378, 43.917487104266002 ], [ -2.99869111391118, 43.915706704840112 ], [ -2.999561452918726, 43.913928689181937 ], [ -3.00044111981869, 43.912153082969887 ], [ -3.001330101035254, 43.910379911844906 ], [ -3.002228382861794, 43.908609201410371 ], [ -3.003135951461175, 43.906840977231717 ], [ -3.004052792865572, 43.905075264835951 ], [ -3.004978892977697, 43.903312089711363 ], [ -3.005914237569773, 43.901551477307272 ], [ -3.00685881228459, 43.899793453033347 ], [ -3.00781260263561, 43.89803804225977 ], [ -3.008775594007509, 43.896285270316312 ], [ -3.009747771655294, 43.89453516249241 ], [ -3.01072912070607, 43.89278774403666 ], [ -3.011719626158277, 43.891043040156362 ], [ -3.012719272882312, 43.889301076017297 ], [ -3.013728045620775, 43.887561876743355 ], [ -3.01474592898859, 43.885825467416275 ], [ -3.015772907473481, 43.884091873075036 ], [ -3.016808965435964, 43.882361118715686 ], [ -3.017854087109844, 43.880633229291007 ], [ -3.018908256602764, 43.87890822971017 ], [ -3.019971457895473, 43.877186144838213 ], [ -3.021043674843147, 43.875466999496005 ], [ -3.022124891175102, 43.873750818459577 ], [ -3.023215090495277, 43.872037626460049 ], [ -3.024314256282599, 43.870327448183041 ], [ -3.025422371890725, 43.868620308268561 ], [ -3.026539420549343, 43.866916231310476 ], [ -3.027665385362957, 43.865215241856198 ], [ -3.028800249312793, 43.863517364406597 ], [ -3.029943995255904, 43.861822623415172 ], [ -3.03109660592588, 43.860131043288227 ], [ -3.032258063933376, 43.858442648384141 ], [ -3.033428351765775, 43.856757463013373 ], [ -3.034607451788268, 43.855075511437754 ], [ -3.035795346243326, 43.85339681787034 ], [ -3.036992017251542, 43.851721406475249 ], [ -3.038197446811698, 43.850049301366994 ], [ -3.039411616801077, 43.848380526610292 ], [ -3.040634508976194, 43.846715106219868 ], [ -3.041866104972152, 43.845053064159977 ], [ -3.043106386303645, 43.843394424343948 ], [ -3.044355334365451, 43.841739210634174 ], [ -3.045612930432134, 43.840087446841459 ], [ -3.046879155658238, 43.838439156724981 ], [ -3.04815399107968, 43.836794363991729 ], [ -3.049437417612629, 43.835153092296302 ], [ -3.050729416054798, 43.833515365240522 ], [ -3.052029967085649, 43.831881206373119 ], [ -3.053339051266192, 43.830250639189494 ], [ -3.054656649039724, 43.828623687131319 ], [ -3.055982740732091, 43.827000373586088 ], [ -3.057317306551818, 43.825380721887051 ], [ -3.058660326590612, 43.823764755312702 ], [ -3.060011780823871, 43.822152497086606 ], [ -3.061371649110083, 43.820543970376931 ], [ -3.062739911192412, 43.818939198296228 ], [ -3.064116546698135, 43.817338203900938 ], [ -3.06550153513919, 43.815741010191275 ], [ -3.066894855912865, 43.814147640111202 ], [ -3.068296488301329, 43.812558116547251 ], [ -3.069706411472808, 43.810972462328898 ], [ -3.071124604481382, 43.809390700228313 ], [ -3.072551046267238, 43.807812852959493 ], [ -3.073985715657687, 43.806238943178435 ], [ -3.075428591366603, 43.804668993482501 ], [ -3.076879651995527, 43.803103026410461 ], [ -3.078338876033124, 43.801541064441992 ], [ -3.079806241856679, 43.799983129997131 ], [ -3.081281727731338, 43.798429245436374 ], [ -3.082765311811243, 43.796879433060155 ], [ -3.084256972138913, 43.795333715108669 ], [ -3.085756686646863, 43.793792113761462 ], [ -3.087264433157154, 43.79225465113695 ], [ -3.088780189381369, 43.790721349292539 ], [ -3.090303932922003, 43.789192230224032 ], [ -3.091835641271875, 43.787667315865285 ], [ -3.093375291815077, 43.786146628088353 ], [ -3.094922861826817, 43.784630188702494 ], [ -3.096478328474447, 43.783118019454292 ], [ -3.098041668816748, 43.781610142027581 ], [ -3.099612859805776, 43.780106578042542 ], [ -3.101191878285539, 43.778607349055925 ], [ -3.10277870099359, 43.777112476560518 ], [ -3.104373304560854, 43.775621981984798 ], [ -3.105975665512373, 43.774135886693081 ], [ -3.107585760266749, 43.772654211984438 ], [ -3.109203565137706, 43.771176979093219 ], [ -3.11082905633354, 43.769704209188276 ], [ -3.112462209957862, 43.768235923372764 ], [ -3.11410300201006, 43.766772142684054 ], [ -3.115751408385236, 43.765312888093021 ], [ -3.117407404875084, 43.7638581805044 ], [ -3.119070967167696, 43.762408040755687 ], [ -3.120742070848755, 43.760962489617803 ], [ -3.122420691400472, 43.759521547793938 ], [ -3.124106804203878, 43.758085235919651 ], [ -3.125800384537382, 43.756653574562868 ], [ -3.127501407578309, 43.755226584223038 ], [ -3.129209848402521, 43.753804285331242 ], [ -3.130925681985879, 43.752386698249744 ], [ -3.13264888320302, 43.750973843271929 ], [ -3.134379426828883, 43.749565740621755 ], [ -3.136117287539165, 43.748162410453624 ], [ -3.137862439909648, 43.746763872852078 ], [ -3.13961485841793, 43.74537014783148 ], [ -3.141374517442682, 43.743981255336095 ], [ -3.143141391264385, 43.742597215239094 ], [ -3.144915454066132, 43.741218047342997 ], [ -3.146696679933258, 43.739843771378993 ], [ -3.148485042854665, 43.73847440700699 ], [ -3.150280516722098, 43.737109973815137 ], [ -3.152083075331126, 43.735750491319216 ], [ -3.153892692382016, 43.734395978963192 ], [ -3.155709341478813, 43.733046456118451 ], [ -3.157532996131352, 43.731701942083376 ], [ -3.159363629754044, 43.730362456083469 ], [ -3.161201215667309, 43.729028017270885 ], [ -3.163045727097761, 43.727698644724313 ], [ -3.164897137178124, 43.726374357448506 ], [ -3.166755418948651, 43.725055174374212 ], [ -3.16862054535619, 43.723741114357701 ], [ -3.170492489255623, 43.722432196181025 ], [ -3.172371223409663, 43.721128438551034 ], [ -3.174256720489506, 43.719829860099658 ], [ -3.176148953075558, 43.718536479383545 ], [ -3.178047893656873, 43.717248314883626 ], [ -3.179953514632489, 43.715965385005099 ], [ -3.181865788311335, 43.714687708076987 ], [ -3.183784686912985, 43.71341530235221 ], [ -3.185710182567388, 43.712148186006772 ], [ -3.18764224731607, 43.710886377140156 ], [ -3.189580853112186, 43.709629893774704 ], [ -3.191525971820752, 43.708378753855499 ], [ -3.193477575219228, 43.707132975249813 ], [ -3.195435634998026, 43.705892575747598 ], [ -3.197400122760752, 43.704657573060452 ], [ -3.1993710100243, 43.703427984821836 ], [ -3.201348268220303, 43.702203828586704 ], [ -3.203331868694341, 43.700985121831366 ], [ -3.205321782706993, 43.699771881952991 ], [ -3.207317981433832, 43.698564126269659 ], [ -3.209320435966666, 43.697361872020167 ], [ -3.211329117312835, 43.696165136363412 ], [ -3.21334399639667, 43.694973936378538 ], [ -3.215365044058987, 43.693788289064678 ], [ -3.217392231057943, 43.692608211340335 ], [ -3.219425528069965, 43.691433720043747 ], [ -3.221464905689022, 43.690264831932268 ], [ -3.223510334427615, 43.689101563682172 ], [ -3.225561784718018, 43.687943931888519 ], [ -3.227619226910959, 43.686791953065011 ], [ -3.229682631277308, 43.685645643643483 ], [ -3.231751968008618, 43.684505019974118 ], [ -3.233827207216311, 43.683370098324893 ], [ -3.2359083189333, 43.682240894881254 ], [ -3.237995273114258, 43.681117425746478 ], [ -3.240088039635227, 43.679999706940741 ], [ -3.242186588294844, 43.678887754401366 ], [ -3.244290888814539, 43.677781583982721 ], [ -3.246400910838651, 43.676681211455332 ], [ -3.248516623935445, 43.67558665250646 ], [ -3.250637997597298, 43.674497922739349 ], [ -3.252765001240409, 43.673415037673379 ], [ -3.254897604206583, 43.672338012743701 ], [ -3.257035775762339, 43.671266863300907 ], [ -3.259179485100452, 43.67020160461103 ], [ -3.261328701339528, 43.669142251855277 ], [ -3.263483393524668, 43.668088820129675 ], [ -3.265643530628312, 43.667041324445172 ], [ -3.267809081550394, 43.66599977972723 ], [ -3.269980015118164, 43.66496420081571 ], [ -3.272156300087749, 43.663934602464487 ], [ -3.274337905143676, 43.662910999341499 ], [ -3.276524798899933, 43.661893406028547 ], [ -3.278716949899791, 43.66088183702086 ], [ -3.280914326617075, 43.659876306727135 ], [ -3.283116897455353, 43.658876829469243 ], [ -3.285324630749842, 43.65788341948209 ], [ -3.287537494766588, 43.6568960909133 ], [ -3.289755457703646, 43.655914857823277 ], [ -3.291978487691379, 43.654939734184801 ], [ -3.294206552792486, 43.653970733882844 ], [ -3.296439621003254, 43.653007870714561 ], [ -3.298677660253042, 43.652051158388929 ], [ -3.300920638405327, 43.651100610526697 ], [ -3.303168523258392, 43.650156240660003 ], [ -3.305421282544723, 43.64921806223262 ], [ -3.307678883932502, 43.648286088599257 ], [ -3.309941295025741, 43.647360333025574 ], [ -3.312208483364534, 43.646440808688318 ], [ -3.314480416425323, 43.645527528674613 ], [ -3.316757061622078, 43.644620505982324 ], [ -3.319038386306116, 43.643719753519335 ], [ -3.321324357766522, 43.642825284103843 ], [ -3.323614943231126, 43.641937110464035 ], [ -3.325910109866396, 43.641055245237716 ], [ -3.328209824778075, 43.640179700972624 ], [ -3.330514055012099, 43.639310490125609 ], [ -3.332822767553906, 43.63844762506298 ], [ -3.33513592933016, 43.6375911180603 ], [ -3.337453507208259, 43.636740981301912 ], [ -3.339775467997264, 43.635897226881127 ], [ -3.342101778448531, 43.635059866799821 ], [ -3.344432405255385, 43.634228912968368 ], [ -3.346767315054274, 43.633404377205537 ], [ -3.349106474425153, 43.632586271238139 ], [ -3.351449849891444, 43.631774606701356 ], [ -3.353797407921134, 43.630969395137832 ], [ -3.356149114926653, 43.630170647998142 ], [ -3.358504937265935, 43.629378376640496 ], [ -3.360864841242299, 43.628592592330314 ], [ -3.363228793105098, 43.627813306240618 ], [ -3.365596759050249, 43.627040529451243 ], [ -3.367968705220754, 43.626274272949139 ], [ -3.370344597707005, 43.625514547628143 ], [ -3.372724402547336, 43.624761364288695 ], [ -3.375108085728194, 43.624014733637843 ], [ -3.37749561318523, 43.623274666289063 ], [ -3.379886950803078, 43.622541172762027 ], [ -3.382282064416202, 43.621814263482626 ], [ -3.384680919809199, 43.621093948782764 ], [ -3.387083482717379, 43.620380238900083 ], [ -3.389489718827099, 43.619673143978176 ], [ -3.391899593776372, 43.618972674065908 ], [ -3.394313073154951, 43.61827883911787 ], [ -3.396730122505643, 43.617591648993994 ], [ -3.399150707323661, 43.616911113459238 ], [ -3.401574793057865, 43.616237242183772 ], [ -3.404002345110874, 43.615570044742633 ], [ -3.406433328839763, 43.614909530615734 ], [ -3.408867709556338, 43.614255709187766 ], [ -3.411305452527709, 43.613608589747756 ], [ -3.413746522976818, 43.612968181489521 ], [ -3.416190886082415, 43.612334493510886 ], [ -3.418638506980494, 43.611707534813988 ], [ -3.4210893507635, 43.611087314305266 ], [ -3.423543382481975, 43.610473840794853 ], [ -3.426000567144261, 43.609867122997002 ], [ -3.428460869717304, 43.609267169529481 ], [ -3.430924255126986, 43.608673988913743 ], [ -3.433390688258908, 43.608087589574964 ], [ -3.435860133957994, 43.607507979841543 ], [ -3.438332557030207, 43.606935167945217 ], [ -3.440807922241918, 43.60636916202094 ], [ -3.443286194320871, 43.605809970106847 ], [ -3.445767337956815, 43.605257600143936 ], [ -3.448251317801738, 43.604712059976045 ], [ -3.450738098469992, 43.604173357350021 ], [ -3.453227644539577, 43.603641499915142 ], [ -3.455719920552009, 43.603116495223517 ], [ -3.458214891012674, 43.602598350729345 ], [ -3.460712520391835, 43.602087073789768 ], [ -3.463212773125032, 43.601582671663586 ], [ -3.465715613612827, 43.601085151512336 ], [ -3.468221006222044, 43.600594520399319 ], [ -3.470728915286382, 43.600110785289942 ], [ -3.473239305105881, 43.599633953051615 ], [ -3.475752139948321, 43.599164030453522 ], [ -3.478267384049417, 43.598701024166466 ], [ -3.480785001612958, 43.598244940762974 ], [ -3.483304956812384, 43.597795786717278 ], [ -3.485827213789407, 43.597353568404735 ], [ -3.488351736656117, 43.596918292102565 ], [ -3.490878489495028, 43.596489963988994 ], [ -3.493407436358967, 43.596068590143609 ], [ -3.49593854127215, 43.595654176546965 ], [ -3.498471768230828, 43.595246729080927 ], [ -3.501007081202872, 43.594846253528203 ], [ -3.503544444129034, 43.594452755572526 ], [ -3.506083820923415, 43.594066240798426 ], [ -3.508625175473213, 43.593686714691259 ], [ -3.511168471640402, 43.593314182637023 ], [ -3.513713673260645, 43.592948649922363 ], [ -3.516260744145429, 43.592590121734425 ], [ -3.518809648081121, 43.592238603161157 ], [ -3.521360348830563, 43.591894099190512 ], [ -3.523912810132602, 43.591556614710996 ], [ -3.526466995703412, 43.591226154511588 ], [ -3.529022869236374, 43.590902723281381 ], [ -3.531580394402583, 43.590586325609472 ], [ -3.534139534851979, 43.590276965985282 ], [ -3.536700254213, 43.589974648798282 ], [ -3.539262516093333, 43.589679378337884 ], [ -3.54182628408068, 43.589391158793525 ], [ -3.544391521742861, 43.589109994254436 ], [ -3.546958192628586, 43.588835888709752 ], [ -3.549526260267735, 43.588568846048361 ], [ -3.552095688171684, 43.588308870058881 ], [ -3.55466643983442, 43.588055964429792 ], [ -3.557238478732439, 43.587810132748942 ], [ -3.559811768325102, 43.587571378503974 ], [ -3.5623862720558, 43.58733970508198 ], [ -3.56496195335174, 43.587115115769535 ], [ -3.56753877562478, 43.586897613752839 ], [ -3.570116702271992, 43.586687202117368 ], [ -3.572695696675988, 43.586483883847954 ], [ -3.575275722205169, 43.58628766182877 ], [ -3.577856742214477, 43.586098538843544 ], [ -3.580438720046252, 43.585916517574994 ], [ -3.583021619029741, 43.585741600605118 ], [ -3.58560540248231, 43.585573790415111 ] ] ], [ [ [ -2.237960639378056, 44.046550451994669 ], [ -2.240610849466377, 44.046419823817359 ], [ -2.243261709757125, 44.046296315722998 ], [ -2.245913183808561, 44.046179929407842 ], [ -2.248565235171507, 44.046070666470364 ], [ -2.251217827389768, 44.045968528411429 ], [ -2.25387092399972, 44.045873516633613 ], [ -2.256524488531598, 44.045785632441955 ], [ -2.259178484510335, 44.04570487704347 ], [ -2.261832875454294, 44.04563125154727 ], [ -2.264487624877968, 44.045564756964623 ], [ -2.267142696290523, 44.045505394208547 ], [ -2.269798053197529, 44.045453164094582 ], [ -2.272453659100644, 44.045408067339885 ], [ -2.275109477498626, 44.045370104563851 ], [ -2.27776547188732, 44.04533927628794 ], [ -2.280421605760543, 44.045315582935459 ], [ -2.283077842610549, 44.04529902483187 ], [ -2.285734145927702, 44.045289602204477 ], [ -2.288390479201987, 44.045287315182826 ], [ -2.291046805922917, 44.04529216379818 ], [ -2.293703089579977, 44.045304147984091 ], [ -2.296359293663256, 44.045323267575917 ], [ -2.299015381664042, 44.045349522311 ], [ -2.301671317074684, 44.045382911828916 ], [ -2.304327063389784, 44.045423435670934 ], [ -2.306982584106359, 44.045471093280554 ], [ -2.309637842723939, 44.045525884003283 ], [ -2.312292802745614, 44.045587807086626 ], [ -2.314947427678253, 44.045656861680172 ], [ -2.317601681032784, 44.045733046835288 ], [ -2.320255526325215, 44.045816361505906 ], [ -2.322908927076124, 44.045906804547691 ], [ -2.325561846812011, 44.046004374718343 ], [ -2.328214249065538, 44.046109070677907 ], [ -2.330866097375901, 44.04622089098843 ], [ -2.33351735528886, 44.04633983411415 ], [ -2.33616798635825, 44.04646589842136 ], [ -2.338817954145473, 44.046599082178581 ], [ -2.341467222220165, 44.046739383556719 ], [ -2.344115754161037, 44.046886800628613 ], [ -2.346763513556126, 44.047041331369449 ], [ -2.349410464003098, 44.047202973656873 ], [ -2.352056569109803, 44.047371725270594 ], [ -2.354701792494803, 44.047547583892779 ], [ -2.357346097787849, 44.047730547107911 ], [ -2.359989448630196, 44.047920612402876 ], [ -2.362631808675189, 44.048117777166972 ], [ -2.365273141588666, 44.048322038691992 ], [ -2.367913411049351, 44.048533394172139 ], [ -2.370552580749836, 44.048751840704291 ], [ -2.373190614395924, 44.048977375287635 ], [ -2.375827475708197, 44.049209994824238 ], [ -2.378463128421999, 44.049449696118536 ], [ -2.381097536287881, 44.049696475877944 ], [ -2.383730663072051, 44.049950330712235 ], [ -2.386362472556931, 44.050211257134343 ], [ -2.38899292854177, 44.050479251559601 ], [ -2.391621994842552, 44.050754310306495 ], [ -2.394249635293218, 44.051036429596387 ], [ -2.396875813745385, 44.051325605553352 ], [ -2.399500494069273, 44.051621834204724 ], [ -2.402123640154257, 44.051925111480692 ], [ -2.404745215908636, 44.052235433214598 ], [ -2.407365185260971, 44.052552795142965 ], [ -2.40998351215993, 44.052877192905584 ], [ -2.412600160574956, 44.053208622045197 ], [ -2.415215094496722, 44.053547078008272 ], [ -2.417828277937496, 44.053892556144447 ], [ -2.420439674931813, 44.054245051706609 ], [ -2.423049249536682, 44.05460455985159 ], [ -2.425656965832159, 44.054971075639109 ], [ -2.428262787922155, 44.055344594033159 ], [ -2.43086667993383, 44.055725109901111 ], [ -2.433468606019228, 44.056112618013948 ], [ -2.43606853035526, 44.056507113046692 ], [ -2.438666417144069, 44.056908589578178 ], [ -2.441262230613443, 44.057317042090943 ], [ -2.443855935017729, 44.057732464971849 ], [ -2.446447494637661, 44.058154852511819 ], [ -2.449036873781033, 44.058584198905685 ], [ -2.45162403678379, 44.059020498252636 ], [ -2.454208948009132, 44.059463744556325 ], [ -2.456791571849396, 44.059913931724452 ], [ -2.45937187272566, 44.060371053569455 ], [ -2.461949815088223, 44.060835103808117 ], [ -2.464525363417694, 44.061306076061996 ], [ -2.467098482224437, 44.061783963857053 ], [ -2.469669136049972, 44.062268760624377 ], [ -2.472237289466963, 44.062760459699618 ], [ -2.474802907079586, 44.063259054323652 ], [ -2.477365953524452, 44.063764537642058 ], [ -2.47992639347051, 44.064276902705707 ], [ -2.482484191619723, 44.064796142470662 ], [ -2.485039312707496, 44.065322249798335 ], [ -2.48759172150342, 44.065855217455294 ], [ -2.490141382811291, 44.066395038113697 ], [ -2.492688261469498, 44.066941704351485 ], [ -2.495232322352432, 44.067495208651735 ], [ -2.497773530369289, 44.06805554340378 ], [ -2.500311850466031, 44.068622700902594 ], [ -2.502847247625062, 44.069196673348941 ], [ -2.505379686865959, 44.069777452849941 ], [ -2.507909133245756, 44.070365031418611 ], [ -2.510435551859398, 44.070959400974331 ], [ -2.512958907840321, 44.071560553342685 ], [ -2.515479166360906, 44.072168480255911 ], [ -2.517996292632688, 44.072783173352668 ], [ -2.520510251907151, 44.073404624178245 ], [ -2.523021009475611, 44.074032824184748 ], [ -2.525528530670751, 44.074667764731224 ], [ -2.528032780865338, 44.075309437083469 ], [ -2.530533725474666, 44.075957832414701 ], [ -2.533031329955591, 44.076612941804953 ], [ -2.535525559807057, 44.077274756242019 ], [ -2.538016380571734, 44.077943266620714 ], [ -2.54050375783482, 44.078618463743673 ], [ -2.542987657225568, 44.079300338321048 ], [ -2.545468044417626, 44.079988880970845 ], [ -2.547944885129169, 44.080684082218895 ], [ -2.550418145123266, 44.081385932499124 ], [ -2.552887790208838, 44.082094422153659 ], [ -2.55535378624052, 44.082809541432539 ], [ -2.55781609911979, 44.083531280494661 ], [ -2.56027469479432, 44.084259629407114 ], [ -2.562729539259658, 44.08499457814581 ], [ -2.565180598558882, 44.085736116595285 ], [ -2.56762783878342, 44.086484234548998 ], [ -2.570071226073115, 44.087238921709464 ], [ -2.57251072661683, 44.088000167688357 ], [ -2.574946306653166, 44.088767962006592 ], [ -2.577377932470424, 44.0895422940945 ], [ -2.579805570407804, 44.090323153292012 ], [ -2.582229186854506, 44.091110528848716 ], [ -2.58464874825159, 44.091904409924041 ], [ -2.587064221091721, 44.09270478558733 ], [ -2.58947557191946, 44.093511644817944 ], [ -2.591882767332163, 44.094324976505789 ], [ -2.594285773980003, 44.095144769450854 ], [ -2.596684558566916, 44.095971012363734 ], [ -2.599079087850273, 44.096803693865702 ], [ -2.601469328642167, 44.097642802488856 ], [ -2.603855247809007, 44.098488326676225 ], [ -2.606236812272611, 44.0993402547819 ], [ -2.60861398901056, 44.100198575071381 ], [ -2.610986745056161, 44.101063275721465 ], [ -2.613355047499171, 44.101934344820442 ], [ -2.615718863486785, 44.102811770368291 ], [ -2.61807816022273, 44.103695540276995 ], [ -2.620432904969133, 44.104585642370452 ], [ -2.622783065045993, 44.105482064384852 ], [ -2.625128607831939, 44.106384793968346 ], [ -2.627469500764941, 44.107293818682038 ], [ -2.629805711342023, 44.108209125999331 ], [ -2.632137207120405, 44.109130703306548 ], [ -2.634463955717575, 44.110058537903008 ], [ -2.636785924811617, 44.110992617000974 ], [ -2.639103082141977, 44.111932927726244 ], [ -2.641415395509768, 44.112879457117842 ], [ -2.643722832777902, 44.113832192128555 ], [ -2.646025361872134, 44.114791119624826 ], [ -2.648322950780535, 44.11575622638717 ], [ -2.650615567555029, 44.116727499110112 ], [ -2.652903180311013, 44.117704924402503 ], [ -2.655185757227914, 44.118688488787704 ], [ -2.657463266550173, 44.119678178703495 ], [ -2.65973567658671, 44.120673980502787 ], [ -2.662002955712271, 44.121675880453211 ], [ -2.664265072367156, 44.122683864737603 ], [ -2.666521995058045, 44.123697919454273 ], [ -2.668773692358258, 44.124718030616719 ], [ -2.671020132908407, 44.12574418415452 ], [ -2.673261285416473, 44.126776365912797 ], [ -2.675497118658077, 44.127814561652883 ], [ -2.677727601477581, 44.128858757052285 ], [ -2.679952702788011, 44.129908937704968 ], [ -2.682172391571488, 44.130965089121439 ], [ -2.68438663687988, 44.132027196729062 ], [ -2.686595407834902, 44.133095245871999 ], [ -2.68879867362876, 44.134169221811845 ], [ -2.690996403524485, 44.135249109727255 ], [ -2.693188566856257, 44.136334894714615 ], [ -2.695375133030392, 44.13742656178794 ], [ -2.697556071524524, 44.138524095879227 ], [ -2.699731351889157, 44.139627481838595 ], [ -2.701900943747782, 44.14073670443431 ], [ -2.704064816797329, 44.14185174835341 ], [ -2.70622294080771, 44.142972598201474 ], [ -2.708375285623829, 44.144099238502825 ], [ -2.710521821164456, 44.145231653701288 ], [ -2.712662517423516, 44.146369828159564 ], [ -2.714797344470557, 44.147513746160122 ], [ -2.716926272450601, 44.148663391904925 ], [ -2.719049271584657, 44.149818749516179 ], [ -2.721166312170508, 44.150979803035867 ], [ -2.723277364582946, 44.152146536426365 ], [ -2.72538239927386, 44.153318933570631 ], [ -2.727481386773063, 44.154496978272363 ], [ -2.7295742976885, 44.155680654256031 ], [ -2.731661102707004, 44.156869945167493 ], [ -2.73374177259363, 44.158064834573814 ], [ -2.735816278193357, 44.159265305963622 ], [ -2.737884590430727, 44.160471342747421 ], [ -2.739946680310576, 44.161682928257626 ], [ -2.742002518918067, 44.162900045748891 ], [ -2.744052077419608, 44.164122678398158 ], [ -2.746095327062637, 44.165350809305359 ], [ -2.748132239176395, 44.166584421492999 ], [ -2.750162785172453, 44.167823497906731 ], [ -2.752186936544537, 44.169068021415612 ], [ -2.754204664869913, 44.170317974811951 ], [ -2.756215941808405, 44.171573340812138 ], [ -2.758220739103988, 44.172834102056406 ], [ -2.760219028584479, 44.174100241108981 ], [ -2.762210782162572, 44.175371740458857 ], [ -2.764195971835397, 44.176648582519448 ], [ -2.766174569685424, 44.177930749629084 ], [ -2.768146547880847, 44.179218224051347 ], [ -2.770111878676023, 44.180510987974785 ], [ -2.77207053441148, 44.181809023513878 ], [ -2.774022487514523, 44.183112312708779 ], [ -2.775967710499748, 44.184420837525636 ], [ -2.777906175969423, 44.18573457985692 ], [ -2.779837856613339, 44.187053521521548 ], [ -2.781762725210197, 44.188377644265145 ], [ -2.783680754626842, 44.189706929760419 ], [ -2.785591917819546, 44.191041359607155 ], [ -2.787496187833968, 44.192380915332727 ], [ -2.789393537805431, 44.193725578391948 ], [ -2.791283940959918, 44.195075330167981 ], [ -2.793167370613304, 44.196430151971747 ], [ -2.79504380017301, 44.197790025042814 ], [ -2.796913203137631, 44.199154930549305 ], [ -2.798775553097352, 44.200524849588362 ], [ -2.8006308237346, 44.201899763186077 ], [ -2.802478988824124, 44.203279652298164 ], [ -2.804320022233536, 44.204664497809837 ], [ -2.806153897923917, 44.206054280536222 ], [ -2.807980589949399, 44.207448981222683 ], [ -2.809800072458376, 44.208848580544917 ], [ -2.811612319693378, 44.21025305910922 ], [ -2.813417305991922, 44.211662397452869 ], [ -2.815215005786185, 44.213076576044237 ], [ -2.817005393603884, 44.214495575283173 ], [ -2.818788444068461, 44.21591937550108 ], [ -2.820564131899639, 44.217347956961483 ], [ -2.822332431913221, 44.218781299859863 ], [ -2.824093319022459, 44.220219384324267 ], [ -2.825846768237344, 44.221662190415358 ], [ -2.827592754665288, 44.223109698126891 ], [ -2.829331253512193, 44.22456188738586 ], [ -2.83106224008184, 44.226018738052623 ], [ -2.832785689776554, 44.227480229921191 ], [ -2.834501578097857, 44.22894634271983 ], [ -2.836209880646737, 44.230417056110959 ], [ -2.837910573123634, 44.231892349691599 ], [ -2.839603631328904, 44.233372202993465 ], [ -2.841289031163575, 44.234856595483492 ], [ -2.842966748629343, 44.236345506564007 ], [ -2.84463675982881, 44.237838915572809 ], [ -2.846299040966377, 44.239336801783566 ], [ -2.84795356834802, 44.240839144406365 ], [ -2.84960031838167, 44.242345922587425 ], [ -2.851239267577967, 44.243857115409945 ], [ -2.852870392550165, 44.245372701893977 ], [ -2.854493670015116, 44.24689266099665 ], [ -2.856109076792831, 44.248416971613203 ], [ -2.857716589806864, 44.249945612576006 ], [ -2.859316186085619, 44.251478562656089 ], [ -2.860907842761547, 44.253015800562501 ], [ -2.8624915370721, 44.254557304943127 ], [ -2.86406724635993, 44.25610305438466 ], [ -2.865634948073164, 44.257653027413205 ], [ -2.867194619765888, 44.259207202494217 ], [ -2.86874623909824, 44.260765558033128 ], [ -2.870289783837048, 44.262328072375091 ], [ -2.871825231855863, 44.26389472380589 ], [ -2.873352561135374, 44.265465490552096 ], [ -2.874871749763971, 44.267040350780874 ], [ -2.876382775937676, 44.26861928260081 ], [ -2.877885617961, 44.270202264061915 ], [ -2.879380254246463, 44.271789273156081 ], [ -2.880866663315865, 44.273380287817425 ], [ -2.882344823799844, 44.274975285922103 ], [ -2.883814714438535, 44.276574245289183 ], [ -2.885276314081992, 44.278177143680786 ], [ -2.886729601690323, 44.27978395880212 ], [ -2.888174556333868, 44.281394668302049 ], [ -2.889611157193894, 44.283009249773265 ], [ -2.891039383562765, 44.284627680752664 ], [ -2.89245921484409, 44.286249938721618 ], [ -2.89387063055316, 44.287876001106163 ], [ -2.895273610317099, 44.289505845277397 ], [ -2.896668133875687, 44.291139448551931 ], [ -2.898054181081056, 44.292776788191908 ], [ -2.899431731898366, 44.294417841405398 ], [ -2.900800766405935, 44.296062585346768 ], [ -2.902161264795632, 44.297710997117136 ], [ -2.903513207373144, 44.299363053764225 ], [ -2.904856574558316, 44.301018732283019 ], [ -2.906191346885519, 44.302678009616066 ], [ -2.907517505003707, 44.30434086265371 ], [ -2.908835029676939, 44.306007268234289 ], [ -2.910143901784654, 44.307677203144621 ], [ -2.911444102321921, 44.309350644120222 ], [ -2.912735612399703, 44.311027567845677 ], [ -2.914018413245382, 44.312707950954902 ], [ -2.915292486202469, 44.314391770031484 ], [ -2.916557812731596, 44.316079001608891 ], [ -2.917814374410323, 44.317769622170921 ], [ -2.91906215293414, 44.319463608151999 ], [ -2.920301130115323, 44.321160935937407 ], [ -2.921531287884612, 44.322861581863762 ], [ -2.922752608291356, 44.324565522219153 ], [ -2.923965073502845, 44.326272733243442 ], [ -2.925168665805337, 44.327983191128816 ], [ -2.926363367604309, 44.329696872019888 ], [ -2.92754916142463, 44.331413752014164 ], [ -2.928726029911002, 44.33313380716217 ], [ -2.92989395582768, 44.334857013467918 ], [ -2.931052922059205, 44.336583346889341 ], [ -2.93220291161111, 44.338312783338289 ], [ -2.933343907609011, 44.340045298681218 ], [ -2.934475893300058, 44.341780868739228 ], [ -2.935598852052461, 44.343519469288466 ], [ -2.936712767356148, 44.345261076060602 ], [ -2.937817622822726, 44.347005664742959 ], [ -2.938913402186343, 44.348753210979027 ], [ -2.94000008930297, 44.350503690368384 ], [ -2.941077668151503, 44.35225707846778 ], [ -2.942146122833846, 44.354013350790602 ], [ -2.943205437574959, 44.355772482807836 ], [ -2.944255596723124, 44.35753444994814 ], [ -2.945296584750572, 44.359299227598171 ], [ -2.946328386253292, 44.361066791102942 ], [ -2.947350985951512, 44.36283711576629 ], [ -2.948364368689932, 44.364610176850903 ], [ -2.949368519437849, 44.366385949578991 ], [ -2.950363423289982, 44.36816440913244 ], [ -2.951349065465607, 44.369945530653176 ], [ -2.952325431309779, 44.371729289243426 ], [ -2.953292506293419, 44.373515659966202 ], [ -2.954250276013134, 44.375304617845543 ], [ -2.95519872619176, 44.377096137867042 ], [ -2.956137842678812, 44.378890194977714 ], [ -2.957067611450142, 44.380686764086903 ], [ -2.95798801860894, 44.382485820066243 ], [ -2.958899050384982, 44.384287337750173 ], [ -2.959800693136038, 44.386091291936147 ], [ -2.960692933346944, 44.387897657385146 ], [ -2.961575757631077, 44.389706408821951 ], [ -2.962449152729257, 44.391517520935409 ], [ -2.963313105511014, 44.393330968378805 ], [ -2.964167602974158, 44.395146725770225 ], [ -2.965012632245525, 44.396964767693021 ], [ -2.965848180580958, 44.398785068695936 ], [ -2.966674235365422, 44.400607603293651 ], [ -2.96749078411335, 44.402432345966986 ], [ -2.968297814468786, 44.404259271163376 ], [ -2.969095314205699, 44.406088353296973 ], [ -2.969883271228427, 44.407919566749463 ], [ -2.970661673571255, 44.409752885869935 ], [ -2.971430509399354, 44.411588284975245 ], [ -2.972189767008269, 44.413425738350853 ], [ -2.972939434825018, 44.415265220250902 ], [ -2.973679501407223, 44.41710670489816 ], [ -2.974409955444394, 44.418950166485125 ], [ -2.975130785757405, 44.420795579173749 ], [ -2.975841981299016, 44.422642917096155 ], [ -2.976543531153935, 44.424492154354802 ], [ -2.977235424538958, 44.4263432650231 ], [ -2.977917650803388, 44.428196223145292 ], [ -2.978590199429476, 44.430051002737322 ], [ -2.979253060031548, 44.431907577786951 ], [ -2.979906222357773, 44.433765922253841 ], [ -2.980549676288839, 44.435626010070699 ], [ -2.981183411839008, 44.437487815142696 ], [ -2.981807419156448, 44.439351311348553 ], [ -2.982421688522558, 44.441216472540368 ], [ -2.983026210353135, 44.443083272544392 ], [ -2.983620975197806, 44.444951685161321 ], [ -2.98420597374075, 44.446821684166203 ], [ -2.98478119680068, 44.448693243309478 ], [ -2.98534663533052, 44.450566336316726 ], [ -2.985902280418775, 44.452440936889779 ], [ -2.986448123288339, 44.454317018706014 ], [ -2.986984155297999, 44.456194555419778 ], [ -2.987510367941172, 44.458073520662062 ], [ -2.988026752847264, 44.459953888041234 ], [ -2.988533301781535, 44.461835631143167 ], [ -2.989030006644802, 44.463718723531734 ], [ -2.989516859474253, 44.465603138749273 ], [ -2.989993852443171, 44.46748885031645 ], [ -2.990460977861166, 44.469375831733359 ], [ -2.990918228174464, 44.471264056479527 ], [ -2.991365595966077, 44.473153498014057 ], [ -2.991803073955924, 44.475044129776229 ], [ -2.992230655000887, 44.476935925186197 ], [ -2.992648332094837, 44.478828857644565 ], [ -2.993056098369377, 44.480722900533479 ], [ -2.993453947093168, 44.482618027216752 ], [ -2.993841871673065, 44.48451421104 ], [ -2.994219865653302, 44.486411425331397 ], [ -2.994587922715962, 44.488309643401898 ], [ -2.994946036681465, 44.490208838545342 ], [ -2.995294201508509, 44.492108984039319 ], [ -2.995632411293768, 44.494010053145161 ], [ -2.995960660272876, 44.495912019108502 ], [ -2.996278942819766, 44.497814855159518 ], [ -2.996587253447255, 44.49971853451337 ], [ -2.996885586806981, 44.501623030370602 ], [ -2.997173937689847, 44.503528315917372 ], [ -2.997452301025927, 44.505434364326241 ], [ -2.99772067188401, 44.507341148755948 ], [ -2.997979045472916, 44.50924864235229 ], [ -2.998227417140983, 44.511156818247997 ], [ -2.998465782375671, 44.513065649563714 ], [ -2.998694136804953, 44.514975109407949 ], [ -2.998912476196021, 44.516885170877565 ], [ -2.999120796456617, 44.518795807058076 ], [ -2.999319093634212, 44.520706991024142 ], [ -2.999507363916882, 44.522618695840052 ], [ -2.999685603632724, 44.524530894559675 ], [ -2.99985380925047, 44.526443560227342 ], [ -3.000011977379318, 44.528356665877922 ], [ -3.000160104769491, 44.530270184537379 ], [ -3.000298188311506, 44.532184089222739 ], [ -3.000426225036791, 44.53409835294314 ], [ -3.000544212118309, 44.536012948699607 ], [ -3.000652146869582, 44.537927849485712 ], [ -3.000750026745269, 44.539843028288075 ], [ -3.000837849341538, 44.541758458086456 ], [ -3.000915612395815, 44.543674111854166 ], [ -3.000983313787084, 44.545589962558608 ], [ -3.001040951535557, 44.547505983161763 ], [ -3.001088523803478, 44.549422146620095 ], [ -3.001126028894455, 44.551338425885525 ], [ -3.001153465253899, 44.553254793905303 ], [ -3.001170831469351, 44.555171223622693 ], [ -3.001178126270219, 44.557087687977287 ], [ -3.001175348527509, 44.559004159905406 ], [ -3.001162497254851, 44.560920612340205 ], [ -3.001139571607663, 44.562837018212747 ], [ -3.001106570883889, 44.564753350451383 ], [ -3.001063494523674, 44.56666958198312 ], [ -3.001010342109391, 44.568585685733375 ], [ -3.000947113365884, 44.570501634626559 ], [ -3.000873808160575, 44.572417401586542 ], [ -3.000790426503493, 44.574332959536846 ], [ -3.000696968547164, 44.576248281401135 ], [ -3.000593434586681, 44.5781633401036 ], [ -3.00047982506016, 44.580078108569424 ], [ -3.000356140548104, 44.581992559725023 ], [ -3.000222381773988, 44.583906666498343 ], [ -3.000078549604569, 44.585820401819561 ], [ -2.999924645048772, 44.587733738621289 ], [ -2.999760669259114, 44.589646649838812 ], [ -2.9995866235305, 44.591559108410749 ], [ -2.999402509301584, 44.593471087279418 ], [ -2.999208328153606, 44.595382559390785 ], [ -2.999004081810925, 44.597293497695354 ], [ -2.998789772141328, 44.59920387514849 ], [ -2.998565401155446, 44.601113664710638 ], [ -2.998330971007541, 44.603022839347581 ], [ -2.998086483994578, 44.604931372031075 ], [ -2.99783194255712, 44.606839235739272 ], [ -2.997567349279235, 44.608746403457062 ], [ -2.997292706887536, 44.61065284817613 ], [ -2.997008018252851, 44.612558542895663 ], [ -2.996713286388626, 44.614463460622893 ], [ -2.996408514451969, 44.616367574373065 ], [ -2.996093705743481, 44.618270857170046 ], [ -2.995768863707001, 44.620173282046842 ], [ -2.99543399192969, 44.622074822045434 ], [ -2.995089094142198, 44.623975450218019 ], [ -2.994734174218352, 44.625875139626785 ], [ -2.994369236175829, 44.627773863344281 ], [ -2.993994284175159, 44.629671594454024 ], [ -2.993609322520794, 44.631568306051065 ], [ -2.993214355660139, 44.633463971241845 ], [ -2.992809388184354, 44.635358563145061 ], [ -2.992394424827599, 44.637252054891739 ], [ -2.991969470467627, 44.639144419625801 ], [ -2.991534530125612, 44.641035630504405 ], [ -2.991089608965965, 44.642925660698261 ], [ -2.990634712296462, 44.644814483392203 ], [ -2.990169845568052, 44.646702071785271 ], [ -2.989695014374992, 44.648588399091494 ], [ -2.989210224455, 44.65047343853977 ], [ -2.988715481688778, 44.65235716337483 ], [ -2.988210792100616, 44.654239546857028 ], [ -2.987696161857334, 44.656120562263304 ], [ -2.987171597269562, 44.658000182887115 ], [ -2.986637104790476, 44.659878382039011 ], [ -2.986092691016939, 44.661755133047102 ], [ -2.985538362688267, 44.663630409257365 ], [ -2.984974126687176, 44.665504184033672 ], [ -2.984399990039022, 44.66737643075907 ], [ -2.983815959912268, 44.669247122835046 ], [ -2.983222043618319, 44.671116233682923 ], [ -2.982618248611074, 44.672983736743525 ], [ -2.982004582487379, 44.674849605477931 ], [ -2.981381052987086, 44.676713813367691 ], [ -2.980747667992057, 44.678576333915316 ], [ -2.980104435527212, 44.680437140644713 ], [ -2.979451363759853, 44.682296207101274 ], [ -2.978788460999802, 44.684153506852617 ], [ -2.978115735699304, 44.6860090134888 ], [ -2.977433196452743, 44.687862700622659 ], [ -2.976740851997057, 44.689714541890353 ], [ -2.976038711211253, 44.691564510951508 ], [ -2.975326783116316, 44.693412581489824 ], [ -2.974605076875437, 44.695258727213293 ], [ -2.973873601794009, 44.697102921854842 ], [ -2.973132367318765, 44.698945139172302 ], [ -2.97238138303867, 44.700785352949126 ], [ -2.971620658684241, 44.702623536994707 ], [ -2.970850204127759, 44.704459665144583 ], [ -2.970070029382801, 44.706293711261004 ], [ -2.96928014460491, 44.708125649233395 ], [ -2.968480560090272, 44.70995545297837 ], [ -2.967671286276867, 44.711783096440534 ], [ -2.966852333743894, 44.713608553592543 ], [ -2.966023713211219, 44.715431798435603 ], [ -2.965185435539869, 44.717252805000044 ], [ -2.964337511731715, 44.719071547345244 ], [ -2.963479952929519, 44.720887999560532 ], [ -2.962612770416801, 44.722702135765047 ], [ -2.961735975617032, 44.724513930108557 ], [ -2.960849580094486, 44.726323356771779 ], [ -2.95995359555419, 44.728130389966267 ], [ -2.959048033840483, 44.729935003935417 ], [ -2.958132906938311, 44.731737172954681 ], [ -2.957208226972377, 44.73353687133158 ], [ -2.956274006207512, 44.735334073406491 ], [ -2.955330257047858, 44.737128753552867 ], [ -2.954376992037313, 44.738920886177667 ], [ -2.953414223859164, 44.740710445721682 ], [ -2.952441965335987, 44.74249740665983 ], [ -2.95146022942956, 44.74428174350173 ], [ -2.950469029240772, 44.746063430791935 ], [ -2.949468378009208, 44.747842443110216 ], [ -2.948458289113307, 44.749618755072227 ], [ -2.947438776070115, 44.751392341329712 ], [ -2.946409852535107, 44.753163176570681 ], [ -2.945371532302107, 44.754931235520139 ], [ -2.944323829302991, 44.756696492940272 ], [ -2.943266757607778, 44.758458923630918 ], [ -2.942200331424036, 44.760218502429566 ], [ -2.941124565097402, 44.761975204212384 ], [ -2.940039473110863, 44.763729003893999 ], [ -2.938945070084781, 44.765479876428117 ], [ -2.937841370776598, 44.767227796807987 ], [ -2.936728390080822, 44.768972740066573 ], [ -2.935606143029023, 44.770714681276971 ], [ -2.93447464478926, 44.77245359555274 ], [ -2.933333910666082, 44.774189458048646 ], [ -2.93218395610051, 44.775922243960444 ], [ -2.931024796669732, 44.777651928525565 ], [ -2.929856448086635, 44.779378487023358 ], [ -2.928678926200389, 44.781101894775816 ], [ -2.927492246995252, 44.782822127147455 ], [ -2.926296426591152, 44.784539159545865 ], [ -2.92509148124339, 44.786252967422186 ], [ -2.92387742734198, 44.787963526271376 ], [ -2.922654281412075, 44.789670811632419 ], [ -2.921422060113233, 44.791374799089049 ], [ -2.920180780239677, 44.793075464269897 ], [ -2.918930458719694, 44.794772782848767 ], [ -2.917671112615745, 44.79646673054507 ], [ -2.916402759124038, 44.798157283124205 ], [ -2.915125415574476, 44.799844416398209 ], [ -2.913839099430473, 44.80152810622544 ], [ -2.912543828288231, 44.803208328511559 ], [ -2.911239619877553, 44.804885059209511 ], [ -2.909926492060804, 44.80655827432021 ], [ -2.908604462832501, 44.80822794989264 ], [ -2.907273550319927, 44.809894062024028 ], [ -2.905933772782348, 44.811556586860966 ], [ -2.904585148611072, 44.81321550059878 ], [ -2.903227696328954, 44.814870779482668 ], [ -2.901861434590031, 44.816522399807617 ], [ -2.900486382179899, 44.818170337918829 ], [ -2.899102558014955, 44.819814570212316 ], [ -2.897709981142241, 44.821455073134906 ], [ -2.896308670739546, 44.823091823184768 ], [ -2.894898646114803, 44.82472479691188 ], [ -2.893479926705692, 44.826353970918191 ], [ -2.892052532079771, 44.827979321857846 ], [ -2.890616481934332, 44.829600826438003 ], [ -2.889171796095825, 44.831218461418672 ], [ -2.887718494519331, 44.832832203613535 ], [ -2.886256597289232, 44.834442029889786 ], [ -2.884786124618268, 44.836047917168806 ], [ -2.883307096846951, 44.837649842426544 ], [ -2.881819534444376, 44.839247782693711 ], [ -2.880323458006933, 44.840841715056094 ], [ -2.878818888258615, 44.842431616655048 ], [ -2.877305846050564, 44.844017464687752 ], [ -2.875784352360975, 44.845599236407558 ], [ -2.87425442829428, 44.847176909124329 ], [ -2.872716095081613, 44.848750460204826 ], [ -2.871169374080007, 44.850319867072997 ], [ -2.869614286772625, 44.85188510721018 ], [ -2.868050854767651, 44.853446158155876 ], [ -2.866479099798752, 44.855002997507619 ], [ -2.864899043724615, 44.856555602921517 ], [ -2.863310708528406, 44.858103952112593 ], [ -2.861714116317861, 44.859648022855055 ], [ -2.860109289324653, 44.861187792982641 ], [ -2.858496249904084, 44.862723240389123 ], [ -2.856875020535511, 44.864254343028314 ], [ -2.855245623820806, 44.865781078914758 ], [ -2.853608082485154, 44.867303426123797 ], [ -2.851962419376156, 44.868821362791891 ], [ -2.850308657463616, 44.870334867117222 ], [ -2.848646819839681, 44.871843917359811 ], [ -2.846976929717557, 44.873348491841753 ], [ -2.84529901043242, 44.874848568947762 ], [ -2.843613085440063, 44.876344127125435 ], [ -2.841919178317111, 44.877835144885601 ], [ -2.840217312760698, 44.87932160080247 ], [ -2.838507512588037, 44.880803473514064 ], [ -2.836789801735824, 44.882280741722631 ], [ -2.835064204260384, 44.883753384194996 ], [ -2.833330744337201, 44.885221379762577 ], [ -2.831589446260624, 44.886684707322019 ], [ -2.82984033444306, 44.88814334583536 ], [ -2.828083433415375, 44.88959727433047 ], [ -2.82631876782601, 44.89104647190117 ], [ -2.824546362441298, 44.89249091770774 ], [ -2.822766242143913, 44.893930590977213 ], [ -2.820978431933927, 44.895365471003551 ], [ -2.819182956927452, 44.896795537148058 ], [ -2.817379842356869, 44.898220768839749 ], [ -2.815569113570378, 44.899641145575465 ], [ -2.813750796031197, 44.901056646920367 ], [ -2.811924915317905, 44.902467252508352 ], [ -2.810091497123487, 44.903872942041986 ], [ -2.808250567255414, 44.905273695293126 ], [ -2.806402151634895, 44.906669492103205 ], [ -2.804546276297297, 44.908060312383171 ], [ -2.8026829673905, 44.909446136114468 ], [ -2.800812251175563, 44.910826943348802 ], [ -2.798934154025996, 44.912202714208419 ], [ -2.797048702427649, 44.91357342888692 ], [ -2.79515592297784, 44.914939067648945 ], [ -2.793255842385327, 44.916299610830904 ], [ -2.791348487470127, 44.917655038841069 ], [ -2.78943388516272, 44.919005332160012 ], [ -2.78751206250357, 44.920350471340697 ], [ -2.785583046643295, 44.921690437009104 ], [ -2.783646864842263, 44.923025209864079 ], [ -2.781703544469338, 44.924354770678072 ], [ -2.779753113002645, 44.925679100297167 ], [ -2.777795598028449, 44.92699817964133 ], [ -2.775831027240752, 44.92831198970508 ], [ -2.773859428441232, 44.929620511557019 ], [ -2.771880829539191, 44.930923726341206 ], [ -2.769895258549876, 44.932221615276475 ], [ -2.767902743595402, 44.933514159657221 ], [ -2.765903312903693, 44.93480134085339 ], [ -2.76389699480828, 44.936083140311204 ], [ -2.761883817747878, 44.937359539552979 ], [ -2.759863810265786, 44.938630520177675 ], [ -2.757837001009787, 44.939896063860999 ], [ -2.755803418731531, 44.941156152356015 ], [ -2.753763092286054, 44.942410767493065 ], [ -2.751716050631876, 44.943659891179976 ], [ -2.749662322829937, 44.944903505402912 ], [ -2.747601938043284, 44.946141592226155 ], [ -2.745534925536992, 44.947374133792323 ], [ -2.743461314677539, 44.948601112323054 ], [ -2.741381134932506, 44.949822510118935 ], [ -2.739294415869764, 44.951038309559856 ], [ -2.737201187157772, 44.952248493105508 ], [ -2.735101478564133, 44.953453043295241 ], [ -2.73299531995621, 44.954651942748633 ], [ -2.730882741300067, 44.955845174165638 ], [ -2.728763772659936, 44.957032720326829 ], [ -2.726638444198597, 44.958214564093971 ], [ -2.724506786175751, 44.959390688409734 ], [ -2.722368828948641, 44.960561076298454 ], [ -2.720224602970781, 44.96172571086607 ], [ -2.718074138792362, 44.962884575300421 ], [ -2.71591746705895, 44.964037652871845 ], [ -2.713754618511649, 44.965184926933063 ], [ -2.711585623986265, 44.966326380919497 ], [ -2.709410514413309, 44.967461998349599 ], [ -2.707229320816861, 44.968591762825056 ], [ -2.705042074314768, 44.96971565803117 ], [ -2.702848806117975, 44.97083366773694 ], [ -2.700649547529687, 44.971945775795483 ], [ -2.698444329945896, 44.973051966143935 ], [ -2.696233184853452, 44.974152222804236 ], [ -2.694016143830861, 44.975246529882881 ], [ -2.691793238547742, 44.976334871571396 ], [ -2.689564500763126, 44.977417232146749 ], [ -2.687329962326356, 44.978493595971059 ], [ -2.685089655176295, 44.979563947492508 ], [ -2.68284361134022, 44.980628271245045 ], [ -2.680591862934236, 44.981686551848966 ], [ -2.678334442161901, 44.982738774010791 ], [ -2.676071381314568, 44.983784922523981 ], [ -2.673802712770364, 44.984824982268826 ], [ -2.671528468994113, 44.985858938212573 ], [ -2.669248682536392, 44.986886775410134 ], [ -2.666963386033226, 44.987908479003892 ], [ -2.664672612206259, 44.988924034224134 ], [ -2.662376393860871, 44.989933426389179 ], [ -2.660074763886986, 44.990936640905609 ], [ -2.657767755257858, 44.991933663268632 ], [ -2.655455401030046, 44.99292447906214 ], [ -2.653137734342621, 44.993909073958811 ], [ -2.650814788416561, 44.994887433720983 ], [ -2.648486596554537, 44.995859544200002 ], [ -2.646153192140117, 44.996825391336863 ], [ -2.643814608638033, 44.997784961162672 ], [ -2.641470879592416, 44.998738239798385 ], [ -2.63912203862738, 44.99968521345528 ], [ -2.636768119445867, 45.000625868435193 ], [ -2.634409155829704, 45.001560191130572 ], [ -2.632045181638554, 45.002488168024854 ], [ -2.629676230809523, 45.003409785692654 ], [ -2.627302337356916, 45.00432503079962 ], [ -2.624923535371895, 45.005233890103383 ], [ -2.622539859020789, 45.006136350453048 ], [ -2.620151342546341, 45.00703239878969 ], [ -2.617758020265862, 45.007922022146609 ], [ -2.615359926570744, 45.008805207649374 ], [ -2.612957095927283, 45.009681942516167 ], [ -2.610549562874201, 45.010552214057967 ], [ -2.608137362023839, 45.011416009678605 ], [ -2.605720528060519, 45.01227331687506 ], [ -2.603299095740621, 45.013124123237681 ], [ -2.600873099891716, 45.013968416450481 ], [ -2.598442575412204, 45.014806184290947 ], [ -2.596007557270869, 45.015637414630611 ], [ -2.59356808050615, 45.016462095435152 ], [ -2.591124180225648, 45.017280214764405 ], [ -2.588675891605722, 45.018091760772755 ], [ -2.586223249890693, 45.018896721709375 ], [ -2.58376629039308, 45.019695085917895 ], [ -2.581305048491532, 45.02048684183751 ], [ -2.57883955963196, 45.021271978002062 ], [ -2.576369859326039, 45.022050483041092 ], [ -2.573895983150693, 45.022822345679792 ], [ -2.571417966748024, 45.023587554738704 ], [ -2.568935845824472, 45.024346099134675 ], [ -2.566449656150276, 45.025097967880441 ], [ -2.563959433558673, 45.025843150084874 ], [ -2.561465213945988, 45.026581634953544 ], [ -2.558967033270523, 45.027313411788462 ], [ -2.556464927552148, 45.028038469988246 ], [ -2.553958932872175, 45.028756799048629 ], [ -2.551449085371897, 45.029468388562414 ], [ -2.548935421253006, 45.030173228219574 ], [ -2.546417976776343, 45.030871307807587 ], [ -2.543896788261733, 45.03156261721125 ], [ -2.541371892087425, 45.032247146413511 ], [ -2.538843324688946, 45.032924885494829 ], [ -2.536311122559462, 45.033595824633686 ], [ -2.533775322248724, 45.034259954107085 ], [ -2.531235960362213, 45.034917264290058 ], [ -2.528693073561236, 45.035567745656245 ], [ -2.526146698561886, 45.036211388777794 ], [ -2.523596872134586, 45.036848184325947 ], [ -2.521043631103499, 45.037478123070507 ], [ -2.518487012346536, 45.038101195880579 ], [ -2.515927052793572, 45.038717393724347 ], [ -2.513363789426905, 45.039326707669602 ], [ -2.510797259280393, 45.03992912888328 ], [ -2.508227499438707, 45.04052464863215 ], [ -2.505654547037065, 45.04111325828277 ], [ -2.503078439260413, 45.041694949301537 ], [ -2.500499213342939, 45.042269713254875 ], [ -2.497916906567507, 45.042837541809448 ], [ -2.495331556264872, 45.043398426732203 ], [ -2.492743199813718, 45.043952359890497 ], [ -2.490151874639172, 45.044499333252148 ], [ -2.487557618212976, 45.0450393388859 ], [ -2.484960468052717, 45.045572368960904 ], [ -2.482360461720895, 45.046098415747856 ], [ -2.479757636824978, 45.046617471617772 ], [ -2.477152031016098, 45.047129529043424 ], [ -2.474543681989028, 45.047634580598469 ], [ -2.471932627481419, 45.04813261895827 ], [ -2.469318905273135, 45.048623636899485 ], [ -2.466702553185666, 45.04910762730055 ], [ -2.464083609081569, 45.04958458314163 ], [ -2.461462110864311, 45.050054497504547 ], [ -2.458838096476639, 45.050517363573341 ], [ -2.456211603901047, 45.05097317463391 ], [ -2.453582671158718, 45.051421924074567 ], [ -2.450951336308938, 45.051863605385591 ], [ -2.448317637448622, 45.052298212159926 ], [ -2.445681612711543, 45.052725738092803 ], [ -2.443043300267913, 45.053146176981976 ], [ -2.440402738323769, 45.053559522728165 ], [ -2.43775996512031, 45.053965769334539 ], [ -2.4351150189332, 45.054364910907331 ], [ -2.432467938072115, 45.054756941655583 ], [ -2.429818760880406, 45.055141855891542 ], [ -2.427167525734084, 45.055519648030547 ], [ -2.424514271040974, 45.055890312591011 ], [ -2.421859035241171, 45.056253844194785 ], [ -2.419201856805343, 45.056610237567142 ], [ -2.416542774234559, 45.056959487536666 ], [ -2.413881826059786, 45.05730158903576 ], [ -2.411219050841495, 45.057636537100109 ], [ -2.408554487168221, 45.057964326869424 ], [ -2.40588817365684, 45.058284953587062 ], [ -2.403220148951476, 45.05859841260024 ], [ -2.400550451723065, 45.05890469936017 ], [ -2.397879120668987, 45.059203809422037 ], [ -2.395206194511879, 45.059495738445143 ], [ -2.392531711999342, 45.059780482192757 ], [ -2.389855711903753, 45.060058036532645 ], [ -2.387178233020791, 45.060328397436592 ], [ -2.384499314169528, 45.060591560980932 ], [ -2.381818994191649, 45.060847523346141 ], [ -2.37913731195067, 45.061096280817459 ], [ -2.376454306331362, 45.06133782978447 ], [ -2.373770016239688, 45.061572166741342 ], [ -2.371084480601043, 45.061799288286934 ], [ -2.368397738360918, 45.062019191124676 ], [ -2.365709828483344, 45.062231872062867 ], [ -2.363020789950785, 45.062437328014461 ], [ -2.36033066176354, 45.06263555599741 ], [ -2.357639482938684, 45.062826553134364 ], [ -2.354947292510221, 45.063010316653028 ], [ -2.352254129527183, 45.063186843885966 ], [ -2.34956003305502, 45.063356132271039 ], [ -2.346865042172615, 45.063518179350723 ], [ -2.344169195973526, 45.063672982772864 ], [ -2.341472533564902, 45.063820540290315 ], [ -2.338775094066143, 45.063960849761379 ], [ -2.336076916609022, 45.06409390914903 ], [ -2.333378040337257, 45.064219716522025 ], [ -2.330678504404792, 45.064338270053838 ], [ -2.327978347976714, 45.064449568023818 ], [ -2.32527761022715, 45.064553608816141 ], [ -2.32257633033976, 45.064650390920562 ], [ -2.319874547506573, 45.064739912931991 ], [ -2.317172300927582, 45.0648221735512 ], [ -2.314469629809931, 45.064897171583702 ], [ -2.311766573367344, 45.064964905940997 ], [ -2.309063170819909, 45.065025375639642 ], [ -2.306359461392796, 45.06507857980187 ], [ -2.303655484316374, 45.06512451765537 ], [ -2.300951278824675, 45.065163188533219 ], [ -2.298246884155838, 45.065194591874011 ], [ -2.295542339550416, 45.06521872722201 ], [ -2.2928376842522, 45.065235594226621 ], [ -2.290132957505551, 45.065245192643047 ], [ -2.287428198556823, 45.065247522332108 ], [ -2.284723446652825, 45.065242583259781 ], [ -2.282018741039667, 45.065230375497869 ], [ -2.279314120963205, 45.065210899223551 ], [ -2.276609625667862, 45.065184154719645 ], [ -2.273905294396316, 45.065150142374264 ], [ -2.271201166388067, 45.065108862681299 ], [ -2.268497280880062, 45.06506031624 ], [ -2.265793677105114, 45.06500450375502 ], [ -2.263090394291742, 45.064941426036604 ], [ -2.260387471663336, 45.06487108400043 ], [ -2.25768494843759, 45.064793478667674 ], [ -2.254982863826353, 45.064708611164995 ], [ -2.252281257033906, 45.06461648272424 ], [ -2.249580167257863, 45.06451709468282 ], [ -2.246879633686808, 45.064410448483585 ], [ -2.244179695501257, 45.064296545674594 ], [ -2.241480391872433, 45.064175387909224 ], [ -2.238781761960996, 45.064046976946479 ], [ -2.236083844917764, 45.063911314650184 ], [ -2.233386679882048, 45.06376840298968 ], [ -2.230690305981101, 45.06361824403934 ], [ -2.227994762330258, 45.063460839979079 ], [ -2.225300088031467, 45.063296193093578 ], [ -2.222606322173624, 45.063124305772739 ], [ -2.219913503830528, 45.062945180511647 ], [ -2.217221672061719, 45.062758819910435 ], [ -2.214530865911161, 45.062565226674025 ], [ -2.211841124406724, 45.062364403612555 ], [ -2.209152486559587, 45.062156353640823 ], [ -2.206464991363546, 45.061941079778713 ], [ -2.203778677794798, 45.061718585150722 ], [ -2.201093584810458, 45.061488872986239 ], [ -2.198409751349071, 45.061251946619464 ], [ -2.195727216329248, 45.061007809489013 ], [ -2.193046018649349, 45.060756465138219 ], [ -2.190366197186362, 45.060497917215152 ], [ -2.187687790796267, 45.060232169472137 ], [ -2.18501083831245, 45.05995922576593 ], [ -2.182335378545954, 45.059679090058033 ], [ -2.17966145028399, 45.059391766413675 ], [ -2.176989092290133, 45.059097259002876 ], [ -2.174318343303142, 45.058795572099505 ], [ -2.171649242036639, 45.058486710081802 ], [ -2.168981827178603, 45.058170677431725 ], [ -2.166316137390312, 45.057847478735603 ], [ -2.163652211306212, 45.057517118683428 ], [ -2.160990087533004, 45.057179602069077 ], [ -2.158329804649674, 45.056834933790199 ], [ -2.155671401205586, 45.056483118848014 ], [ -2.153014915721213, 45.056124162347736 ], [ -2.150360386686939, 45.055758069497564 ], [ -2.147707852562307, 45.055384845609574 ], [ -2.145057351775973, 45.055004496098952 ], [ -2.142408922724712, 45.05461702648423 ], [ -2.139762603772496, 45.054222442387285 ], [ -2.137118433250845, 45.053820749532747 ], [ -2.134476449457107, 45.053411953748622 ], [ -2.131836690654801, 45.052996060965611 ], [ -2.129199195072634, 45.05257307721741 ], [ -2.126564000903624, 45.052143008640186 ], [ -2.123931146305064, 45.051705861473046 ], [ -2.121300669397677, 45.051261642057526 ], [ -2.11867260826503, 45.050810356837417 ], [ -2.116047000952378, 45.05035201235917 ], [ -2.113423885467395, 45.04988661527117 ], [ -2.110803299778241, 45.049414172324191 ], [ -2.108185281813818, 45.048934690370864 ], [ -2.105569869462797, 45.04844817636576 ], [ -2.10295710057314, 45.047954637365436 ], [ -2.100347012951447, 45.047454080527935 ], [ -2.097739644362425, 45.046946513112992 ], [ -2.095135032528511, 45.046431942481725 ], [ -2.092533215128867, 45.045910376096671 ], [ -2.089934229799025, 45.045381821521644 ], [ -2.087338114130322, 45.044846286421667 ], [ -2.084744905669065, 45.044303778562472 ], [ -2.082154641916674, 45.043754305811056 ], [ -2.079567360328068, 45.043197876134919 ], [ -2.076983098311963, 45.042634497602116 ], [ -2.074401893229709, 45.042064178381558 ], [ -2.071823782394965, 45.04148692674228 ], [ -2.06924880307348, 45.040902751053579 ], [ -2.066676992481396, 45.040311659784969 ], [ -2.064108387786221, 45.039713661505914 ], [ -2.061543026104852, 45.03910876488569 ], [ -2.058980944503808, 45.038496978693445 ], [ -2.056422179998562, 45.037878311797691 ], [ -2.053866769552637, 45.037252773166514 ], [ -2.051314750077542, 45.0366203718674 ], [ -2.048766158431725, 45.035981117066733 ], [ -2.046221031419959, 45.035335018030217 ], [ -2.043679405793546, 45.034682084122174 ], [ -2.04114131824883, 45.034022324805854 ], [ -2.038606805427029, 45.033355749642986 ], [ -2.036075903914062, 45.032682368293756 ], [ -2.033548650239095, 45.032002190516685 ], [ -2.03102508087478, 45.031315226168203 ], [ -2.028505232236144, 45.030621485203099 ], [ -2.025989140680434, 45.029920977673676 ], [ -2.023476842506632, 45.029213713730044 ], [ -2.020968373954123, 45.028499703619737 ], [ -2.018463771203022, 45.027778957687673 ], [ -2.01596307037316, 45.027051486375967 ], [ -2.013466307523915, 45.026317300223795 ], [ -2.010973518653298, 45.025576409867092 ], [ -2.008484739697122, 45.024828826038544 ], [ -2.00600000652905, 45.02407455956741 ], [ -2.00351935496012, 45.02331362137928 ], [ -2.001042820737658, 45.022546022495817 ], [ -1.99857043954493, 45.021771774034882 ], [ -1.996102247000783, 45.020990887209997 ], [ -1.993638278658647, 45.020203373330574 ], [ -1.991178570006825, 45.019409243801299 ], [ -1.98872315646703, 45.018608510122277 ], [ -1.986272073394339, 45.017801183888878 ], [ -1.983825356076777, 45.016987276791006 ], [ -1.981383039734296, 45.016166800613853 ], [ -1.978945159518579, 45.015339767236988 ], [ -1.976511750512759, 45.014506188634158 ], [ -1.974082847730001, 45.013666076873797 ], [ -1.971658486114053, 45.012819444117959 ], [ -1.969238700537789, 45.011966302622831 ], [ -1.966823525803501, 45.011106664737945 ], [ -1.964412996641657, 45.010240542906693 ], [ -1.962007147710967, 45.009367949665226 ], [ -1.95960601359697, 45.008488897643417 ], [ -1.957209628812952, 45.007603399563479 ], [ -1.954818027798032, 45.006711468240425 ], [ -1.952431244917303, 45.005813116581947 ], [ -1.950049314461161, 45.004908357587851 ], [ -1.947672270644911, 45.003997204350036 ], [ -1.945300147608304, 45.003079670052273 ], [ -1.94293297941484, 45.002155767970073 ], [ -1.940570800050843, 45.001225511470352 ], [ -1.938213643426071, 45.000288914011364 ], [ -1.935861543372245, 44.999345989142384 ], [ -1.933514533642788, 44.998396750503332 ], [ -1.931172647912513, 44.997441211825041 ], [ -1.928835919776802, 44.996479386928712 ], [ -1.926504382751429, 44.995511289725549 ], [ -1.924178070271895, 44.994536934217045 ], [ -1.921857015692944, 44.993556334494166 ], [ -1.919541252287878, 44.992569504737538 ], [ -1.917230813248412, 44.991576459217271 ], [ -1.914925731683946, 44.990577212292401 ], [ -1.912626040621427, 44.989571778411019 ], [ -1.910331773003954, 44.988560172109629 ], [ -1.908042961691133, 44.987542408013375 ], [ -1.905759639458732, 44.986518500835651 ], [ -1.903481838997486, 44.985488465377649 ], [ -1.901209592912593, 44.984452316528568 ], [ -1.8989429337243, 44.983410069264856 ], [ -1.896681893866, 44.982361738650582 ], [ -1.894426505684904, 44.981307339836661 ], [ -1.892176801440863, 44.980246888060748 ], [ -1.889932813306167, 44.979180398647394 ], [ -1.887694573365074, 44.978107887007319 ], [ -1.885462113613035, 44.97702936863741 ], [ -1.883235465957014, 44.97594485912046 ], [ -1.881014662213832, 44.974854374124732 ], [ -1.87879973411071, 44.973757929404236 ], [ -1.876590713284248, 44.972655540797831 ], [ -1.874387631280413, 44.971547224229539 ], [ -1.872190519553402, 44.970432995707633 ], [ -1.869999409465875, 44.969312871325393 ], [ -1.867814332288057, 44.968186867259803 ], [ -1.865635319197494, 44.967054999772039 ], [ -1.863462401278292, 44.965917285206878 ], [ -1.86129560952138, 44.964773739992403 ], [ -1.859134974822973, 44.963624380640134 ], [ -1.856980527984966, 44.962469223744165 ], [ -1.85483229971446, 44.961308285981552 ], [ -1.852690320622471, 44.960141584111646 ], [ -1.850554621224835, 44.958969134975895 ], [ -1.84842523194038, 44.957790955497664 ], [ -1.846302183091278, 44.95660706268221 ], [ -1.844185504902873, 44.955417473615597 ], [ -1.842075227502465, 44.954222205465484 ], [ -1.839971380918956, 44.953021275480275 ], [ -1.837873995082999, 44.951814700988749 ], [ -1.835783099826239, 44.95060249940024 ], [ -1.833698724880964, 44.949384688203963 ], [ -1.831620899879515, 44.948161284969075 ], [ -1.829549654353572, 44.946932307343964 ], [ -1.827485017734438, 44.945697773056565 ], [ -1.825427019352596, 44.944457699913571 ], [ -1.823375688436188, 44.943212105800519 ], [ -1.8213310541119, 44.941961008681297 ], [ -1.819293145404005, 44.940704426597833 ], [ -1.817261991233673, 44.939442377670126 ], [ -1.815237620418915, 44.938174880095588 ], [ -1.813220061674109, 44.936901952149036 ], [ -1.811209343609855, 44.935623612182269 ], [ -1.80920549473173, 44.934339878623888 ], [ -1.807208543440816, 44.933050769978919 ], [ -1.805218518032639, 44.931756304828617 ], [ -1.803235446697335, 44.930456501830186 ], [ -1.801259357518644, 44.929151379716281 ], [ -1.799290278473833, 44.927840957294954 ], [ -1.797328237433749, 44.926525253449498 ], [ -1.795373262161169, 44.92520428713771 ], [ -1.793425380311548, 44.923878077391954 ], [ -1.7914846194327, 44.922546643318739 ], [ -1.789551006963182, 44.921210004098498 ], [ -1.787624570233201, 44.919868178985276 ], [ -1.785705336463459, 44.918521187306354 ], [ -1.783793332765317, 44.917169048462064 ], [ -1.781888586139842, 44.915811781925427 ], [ -1.779991123477956, 44.914449407241911 ], [ -1.778100971559468, 44.913081944029024 ], [ -1.776218157053359, 44.911709411976162 ], [ -1.774342706517168, 44.910331830844164 ], [ -1.772474646396042, 44.908949220465111 ], [ -1.770614003023295, 44.907561600742191 ], [ -1.76876080261969, 44.906168991648897 ], [ -1.766915071292598, 44.904771413229156 ], [ -1.765076835036175, 44.903368885596933 ], [ -1.763246119731236, 44.901961428935977 ], [ -1.761422951143901, 44.900549063499113 ], [ -1.759607354926176, 44.899131809608569 ], [ -1.757799356615454, 44.897709687655208 ], [ -1.755998981633821, 44.896282718098426 ], [ -1.754206255287405, 44.894850921465718 ], [ -1.752421202767381, 44.893414318352413 ], [ -1.750643849147785, 44.891972929421335 ], [ -1.748874219387137, 44.890526775402741 ], [ -1.74711233832601, 44.889075877093461 ], [ -1.745358230688502, 44.887620255357355 ], [ -1.743611921080918, 44.886159931124006 ], [ -1.741873433991745, 44.884694925389411 ], [ -1.740142793790913, 44.88322525921496 ], [ -1.738420024730116, 44.881750953727519 ], [ -1.736705150942186, 44.880272030118711 ], [ -1.734998196440589, 44.878788509645283 ], [ -1.733299185119037, 44.877300413627722 ], [ -1.731608140751769, 44.875807763451206 ], [ -1.729925086992602, 44.874310580564121 ], [ -1.728250047374889, 44.872808886478445 ], [ -1.726583045311127, 44.871302702769349 ], [ -1.724924104092626, 44.869792051074434 ], [ -1.723273246889464, 44.868276953094018 ], [ -1.721630496749774, 44.86675743059029 ], [ -1.71999587659938, 44.86523350538716 ], [ -1.718369409242108, 44.863705199370358 ], [ -1.716751117358954, 44.862172534486213 ], [ -1.715141023507764, 44.860635532742208 ], [ -1.713539150123201, 44.859094216205968 ], [ -1.711945519516748, 44.857548607005349 ], [ -1.710360153875113, 44.85599872732805 ], [ -1.708783075261536, 44.854444599421129 ], [ -1.707214305614559, 44.852886245590845 ], [ -1.705653866747922, 44.851323688201923 ], [ -1.70410178035041, 44.849756949677897 ], [ -1.702558067985249, 44.848186052500225 ], [ -1.701022751090495, 44.846611019208069 ], [ -1.699495850977903, 44.845031872398032 ], [ -1.697977388833038, 44.843448634723948 ], [ -1.696467385715247, 44.841861328896179 ], [ -1.694965862557211, 44.840269977681608 ], [ -1.693472840164189, 44.838674603903186 ], [ -1.691988339214586, 44.837075230439552 ], [ -1.690512380258995, 44.83547188022456 ], [ -1.689044983720521, 44.833864576247308 ], [ -1.687586169893726, 44.83225334155162 ], [ -1.686135958945569, 44.830638199235423 ], [ -1.684694370913539, 44.829019172450799 ], [ -1.683261425707065, 44.827396284403385 ], [ -1.681837143105937, 44.825769558352214 ], [ -1.680421542761046, 44.824139017609205 ], [ -1.679014644193179, 44.822504685538945 ], [ -1.677616466793766, 44.820866585558178 ], [ -1.676227029824066, 44.819224741135635 ], [ -1.674846352414574, 44.817579175791579 ], [ -1.673474453565621, 44.815929913097385 ], [ -1.67211135214692, 44.814276976675487 ], [ -1.670757066896497, 44.812620390198553 ], [ -1.669411616421508, 44.810960177389724 ], [ -1.668075019197918, 44.809296362021584 ], [ -1.666747293569139, 44.807628967916429 ], [ -1.665428457747134, 44.80595801894539 ], [ -1.664118529811812, 44.804283539028575 ], [ -1.662817527710156, 44.802605552134374 ], [ -1.661525469257092, 44.80092408227906 ], [ -1.660242372134389, 44.799239153526777 ], [ -1.658968253890555, 44.797550789988854 ], [ -1.657703131941049, 44.795859015823453 ], [ -1.656447023567839, 44.794163855235666 ], [ -1.655199945919376, 44.79246533247634 ], [ -1.653961916009723, 44.790763471842602 ], [ -1.652732950719079, 44.789058297676839 ], [ -1.651513066793458, 44.787349834366601 ], [ -1.650302280844129, 44.785638106344315 ], [ -1.649100609347718, 44.783923138086827 ], [ -1.64790806864604, 44.782204954114874 ], [ -1.646724674945666, 44.780483578993127 ], [ -1.645550444317898, 44.778759037329294 ], [ -1.644385392698649, 44.777031353774383 ], [ -1.643229535887851, 44.775300553021708 ], [ -1.642082889549982, 44.77356665980701 ], [ -1.640945469213486, 44.771829698907688 ], [ -1.639817290269979, 44.770089695142872 ], [ -1.638698367975468, 44.768346673372662 ], [ -1.637588717448795, 44.766600658498163 ], [ -1.636488353672179, 44.764851675460477 ], [ -1.635397291491384, 44.763099749241078 ], [ -1.634315545614293, 44.76134490486097 ], [ -1.633243130612358, 44.759587167380403 ], [ -1.63218006091893, 44.757826561898824 ], [ -1.6311263508301, 44.756063113553822 ], [ -1.630082014504289, 44.754296847521388 ], [ -1.629047065961789, 44.752527789015396 ], [ -1.628021519084962, 44.750755963287084 ], [ -1.627005387618081, 44.748981395624682 ], [ -1.625998685166802, 44.747204111353241 ], [ -1.625001425198364, 44.745424135834043 ], [ -1.624013621041707, 44.743641494464313 ], [ -1.623035285886383, 44.741856212677057 ], [ -1.622066432783413, 44.740068315940213 ], [ -1.621107074644561, 44.738277829756662 ], [ -1.62015722424247, 44.73648477966384 ], [ -1.619216894210479, 44.734689191233059 ], [ -1.61828609704211, 44.732891090069607 ], [ -1.617364845091905, 44.73109050181175 ], [ -1.616453150574096, 44.729287452131146 ], [ -1.615551025563131, 44.72748196673156 ], [ -1.61465848199358, 44.725674071349367 ], [ -1.613775531660216, 44.723863791752493 ], [ -1.612902186217027, 44.722051153740537 ], [ -1.612038457177781, 44.720236183143882 ], [ -1.611184355916103, 44.718418905823931 ], [ -1.610339893664614, 44.716599347672101 ], [ -1.609505081515657, 44.71477753461005 ], [ -1.608679930420437, 44.712953492588667 ], [ -1.607864451189668, 44.711127247588344 ], [ -1.607058654492421, 44.709298825618028 ], [ -1.606262550857141, 44.707468252715287 ], [ -1.605476150671176, 44.705635554945424 ], [ -1.604699464180076, 44.703800758401734 ], [ -1.60393250148856, 44.701963889204649 ], [ -1.603175272559412, 44.700124973501453 ], [ -1.602427787213911, 44.698284037466166 ], [ -1.601690055131921, 44.696441107298561 ], [ -1.600962085851213, 44.694596209224663 ], [ -1.600243888768111, 44.692749369495331 ], [ -1.599535473136547, 44.690900614386841 ], [ -1.5988368480689, 44.689049970200003 ], [ -1.598148022535185, 44.687197463259722 ], [ -1.597469005363567, 44.685343119914769 ], [ -1.596799805239461, 44.683486966537387 ], [ -1.59614043070651, 44.681629029523144 ], [ -1.595490890165653, 44.679769335290004 ], [ -1.594851191875842, 44.677907910278392 ], [ -1.594221343952939, 44.676044780950569 ], [ -1.593601354370702, 44.674179973790466 ], [ -1.592991230960046, 44.672313515303031 ], [ -1.592390981409308, 44.670445432014233 ], [ -1.591800613264036, 44.66857575047014 ], [ -1.591220133927372, 44.666704497237049 ], [ -1.590649550659009, 44.664831698900954 ], [ -1.590088870576087, 44.662957382066878 ], [ -1.589538100652944, 44.661081573358743 ], [ -1.588997247720598, 44.659204299419059 ], [ -1.588466318467446, 44.657325586908385 ], [ -1.587945319438538, 44.655445462505071 ], [ -1.587434257036253, 44.653563952904491 ], [ -1.586933137519083, 44.651681084819387 ], [ -1.586441967003193, 44.649796884978713 ], [ -1.585960751460927, 44.647911380127859 ], [ -1.58548949672201, 44.646024597027669 ], [ -1.585028208472415, 44.644136562454712 ], [ -1.584576892255031, 44.642247303200392 ], [ -1.584135553469324, 44.640356846070738 ], [ -1.583704197371869, 44.638465217886143 ], [ -1.583282829075428, 44.636572445480816 ], [ -1.582871453549738, 44.634678555702287 ], [ -1.582470075620914, 44.632783575411345 ], [ -1.582078699972042, 44.630887531481527 ], [ -1.581697331142347, 44.628990450798348 ], [ -1.581325973528225, 44.627092360259695 ], [ -1.580964631382209, 44.625193286774767 ], [ -1.580613308813763, 44.623293257263924 ], [ -1.58027200978859, 44.621392298658243 ], [ -1.579940738129594, 44.619490437899351 ], [ -1.57961949751561, 44.617587701938774 ], [ -1.579308291482304, 44.615684117737715 ], [ -1.579007123422463, 44.613779712266478 ], [ -1.578715996584665, 44.611874512504421 ], [ -1.57843491407478, 44.609968545439081 ], [ -1.578163878854842, 44.608061838066405 ], [ -1.577902893744156, 44.606154417389682 ], [ -1.577651961417984, 44.604246310419747 ], [ -1.57741108440906, 44.602337544174311 ], [ -1.577180265106035, 44.600428145677505 ], [ -1.576959505755036, 44.598518141959794 ], [ -1.576748808458467, 44.596607560057237 ], [ -1.576548175175808, 44.594696427011279 ], [ -1.576357607723299, 44.59278476986858 ], [ -1.576177107774041, 44.590872615680027 ], [ -1.576006676858063, 44.588959991501042 ], [ -1.575846316362175, 44.587046924390854 ], [ -1.575696027530455, 44.585133441411884 ], [ -1.575555811463669, 44.58321956963001 ], [ -1.575425669119934, 44.581305336113438 ], [ -1.575305601314317, 44.579390767932907 ], [ -1.575195608719045, 44.577475892160919 ], [ -1.575095691863571, 44.575560735871719 ], [ -1.575005851134492, 44.573645326140486 ], [ -1.574926086775981, 44.571729690043263 ], [ -1.574856398889079, 44.569813854656431 ], [ -1.574796787432951, 44.567897847056337 ], [ -1.574747252223437, 44.565981694319056 ], [ -1.574707792934673, 44.5640654235198 ], [ -1.574678409097645, 44.562149061732718 ], [ -1.574659100101631, 44.560232636030342 ], [ -1.574649865193113, 44.558316173483291 ], [ -1.574650703477047, 44.556399701159918 ], [ -1.574661613915394, 44.554483246125876 ], [ -1.574682595328583, 44.552566835443763 ], [ -1.574713646395254, 44.5506504961727 ], [ -1.574754765651468, 44.548734255368046 ], [ -1.574805951492053, 44.546818140080923 ], [ -1.574867202169714, 44.544902177357834 ], [ -1.574938515795818, 44.542986394240295 ], [ -1.575019890339692, 44.541070817764542 ], [ -1.575111323629687, 44.539155474961007 ], [ -1.575212813352294, 44.537240392854095 ], [ -1.575324357053027, 44.535325598461725 ], [ -1.575445952135874, 44.533411118794774 ], [ -1.575577595864034, 44.53149698085705 ], [ -1.575719285359185, 44.529583211644578 ], [ -1.575871017602475, 44.527669838145599 ], [ -1.576032789434072, 44.525756887339718 ], [ -1.576204597553612, 44.523844386197965 ], [ -1.576386438519548, 44.521932361682062 ], [ -1.576578308750436, 44.520020840744358 ], [ -1.576780204523744, 44.518109850327122 ], [ -1.576992121977501, 44.516199417362571 ], [ -1.57721405710872, 44.514289568772227 ], [ -1.577446005774762, 44.512380331466346 ], [ -1.577687963692723, 44.510471732343966 ], [ -1.577939926440223, 44.508563798292322 ], [ -1.57820188945479, 44.50665655618657 ], [ -1.578473848034452, 44.504750032889142 ], [ -1.578755797338076, 44.502844255249741 ], [ -1.579047732384542, 44.500939250104679 ], [ -1.57934964805384, 44.499035044276695 ], [ -1.579661539086788, 44.497131664574297 ], [ -1.579983400085312, 44.495229137791881 ], [ -1.580315225512253, 44.493327490708921 ], [ -1.580657009692166, 44.491426750089559 ], [ -1.581008746810448, 44.489526942682851 ], [ -1.581370430914453, 44.487628095221439 ], [ -1.581742055912919, 44.485730234422107 ], [ -1.58212361557692, 44.483833386984756 ], [ -1.582515103538978, 44.481937579592476 ], [ -1.582916513294015, 44.480042838910691 ], [ -1.58332783819897, 44.478149191587505 ], [ -1.583749071473607, 44.47625666425229 ], [ -1.584180206199795, 44.47436528351659 ], [ -1.584621235322505, 44.472475075972646 ], [ -1.585072151649219, 44.470586068193555 ], [ -1.585532947850733, 44.468698286733002 ], [ -1.586003616461056, 44.466811758124379 ], [ -1.586484149877125, 44.464926508881071 ], [ -1.586974540359923, 44.463042565495556 ], [ -1.587474780033605, 44.461159954439466 ], [ -1.587984860886254, 44.459278702162692 ], [ -1.588504774770418, 44.457398835093507 ], [ -1.589034513402187, 44.45552037963801 ], [ -1.589574068362372, 44.453643362179839 ], [ -1.59012343109595, 44.451767809079662 ], [ -1.590682592912957, 44.449893746674782 ], [ -1.591251544987886, 44.44802120127919 ], [ -1.591830278360518, 44.446150199182519 ], [ -1.592418783936003, 44.444280766650316 ], [ -1.593017052484311, 44.442412929923407 ], [ -1.593625074641287, 44.440546715217401 ], [ -1.594242840908613, 44.438682148722648 ], [ -1.594870341654013, 44.436819256603698 ], [ -1.595507567110721, 44.43495806499876 ], [ -1.596154507378932, 44.433098600019711 ], [ -1.596811152424986, 44.431240887751549 ], [ -1.597477492081964, 44.4293849542521 ], [ -1.598153516049894, 44.427530825551408 ], [ -1.5988392138957, 44.425678527651726 ], [ -1.599534575053998, 44.423828086527038 ], [ -1.600239588826164, 44.421979528122613 ], [ -1.60095424438196, 44.420132878354664 ], [ -1.60167853075856, 44.418288163110198 ], [ -1.602412436861298, 44.416445408246297 ], [ -1.603155951463814, 44.414604639590209 ], [ -1.603909063208352, 44.412765882938537 ], [ -1.604671760605599, 44.410929164057102 ], [ -1.605444032035221, 44.409094508680987 ], [ -1.606225865746294, 44.407261942513266 ], [ -1.607017249856543, 44.405431491225528 ], [ -1.607818172354039, 44.403603180456997 ], [ -1.608628621095814, 44.401777035814462 ], [ -1.609448583809316, 44.399953082871889 ], [ -1.610278048092305, 44.398131347169745 ], [ -1.611117001412368, 44.396311854215256 ], [ -1.611965431108487, 44.39449462948145 ], [ -1.612823324389895, 44.392679698407257 ], [ -1.61369066833691, 44.390867086396895 ], [ -1.614567449901537, 44.389056818819633 ], [ -1.615453655907031, 44.387248921009515 ], [ -1.616349273048467, 44.385443418264771 ], [ -1.617254287892963, 44.383640335847645 ], [ -1.61816868687972, 44.381839698984237 ], [ -1.619092456320486, 44.380041532863835 ], [ -1.620025582399778, 44.378245862638579 ], [ -1.620968051174815, 44.376452713423348 ], [ -1.621919848576117, 44.374662110295425 ], [ -1.622880960407867, 44.372874078293819 ], [ -1.623851372347401, 44.371088642419224 ], [ -1.624831069946172, 44.369305827633838 ], [ -1.625820038629741, 44.367525658860423 ], [ -1.626818263698286, 44.365748160982555 ], [ -1.627825730326443, 44.363973358843971 ], [ -1.62884242356341, 44.362201277248509 ], [ -1.629868328334084, 44.360431940959302 ], [ -1.630903429438256, 44.358665374698958 ], [ -1.63194771155147, 44.35690160314897 ], [ -1.633001159225677, 44.355140650949302 ], [ -1.634063756888169, 44.353382542698434 ], [ -1.635135488842963, 44.351627302952437 ], [ -1.63621633927112, 44.349874956225115 ], [ -1.637306292230007, 44.348125526987502 ], [ -1.638405331654373, 44.34637903966776 ], [ -1.639513441356776, 44.3446355186503 ], [ -1.640630605027102, 44.342894988276086 ], [ -1.641756806233096, 44.341157472841871 ], [ -1.642892028421243, 44.339422996600078 ], [ -1.644036254916035, 44.337691583758442 ], [ -1.645189468921195, 44.335963258479573 ], [ -1.64635165351895, 44.334238044880898 ], [ -1.647522791671626, 44.332515967033913 ], [ -1.648702866220272, 44.330797048964179 ], [ -1.649891859886555, 44.329081314651219 ], [ -1.651089755271793, 44.327368788027478 ], [ -1.652296534858049, 44.325659492978609 ], [ -1.653512181007833, 44.323953453343002 ], [ -1.654736675965071, 44.322250692911446 ], [ -1.655970001854515, 44.320551235426599 ], [ -1.657212140682569, 44.318855104583186 ], [ -1.658463074337694, 44.317162324027009 ], [ -1.659722784590493, 44.315472917355407 ], [ -1.66099125309356, 44.313786908116128 ], [ -1.662268461382649, 44.31210431980756 ], [ -1.663554390876311, 44.310425175878223 ], [ -1.664849022876451, 44.308749499726588 ], [ -1.666152338568528, 44.3070773147005 ], [ -1.667464319021678, 44.30540864409739 ], [ -1.668784945189879, 44.303743511162928 ], [ -1.670114197910731, 44.302081939092197 ], [ -1.671452057906988, 44.300423951028122 ], [ -1.672798505786586, 44.298769570061594 ], [ -1.674153522042664, 44.297118819231351 ], [ -1.675517087053928, 44.295471721523519 ], [ -1.676889181085382, 44.293828299871031 ], [ -1.678269784288123, 44.292188577153958 ], [ -1.679658876699641, 44.290552576198586 ], [ -1.681056438244535, 44.288920319777496 ], [ -1.68246244873457, 44.287291830609021 ], [ -1.683876887868974, 44.285667131356945 ], [ -1.68529973523484, 44.284046244630588 ], [ -1.686730970307189, 44.282429192984019 ], [ -1.688170572449829, 44.28081599891599 ], [ -1.689618520915155, 44.279206684869528 ], [ -1.691074794844467, 44.27760127323198 ], [ -1.69253937326849, 44.275999786334189 ], [ -1.694012235107953, 44.274402246450556 ], [ -1.695493359173309, 44.272808675798558 ], [ -1.696982724165395, 44.271219096538672 ], [ -1.698480308675505, 44.269633530773838 ], [ -1.699986091186636, 44.268052000549446 ], [ -1.701500050072046, 44.266474527852672 ], [ -1.703022163597619, 44.264901134612543 ], [ -1.704552409920262, 44.263331842699451 ], [ -1.706090767090042, 44.261766673924846 ], [ -1.70763721304917, 44.260205650041122 ], [ -1.709191725632651, 44.258648792741134 ], [ -1.710754282568922, 44.257096123658087 ], [ -1.712324861480318, 44.255547664365025 ], [ -1.713903439882513, 44.254003436374774 ], [ -1.715489995185824, 44.252463461139605 ], [ -1.717084504695278, 44.250927760050736 ], [ -1.718686945610453, 44.249396354438453 ], [ -1.720297295026276, 44.247869265571445 ], [ -1.721915529933695, 44.246346514656786 ], [ -1.723541627219103, 44.244828122839451 ], [ -1.725175563665239, 44.243314111202004 ], [ -1.72681731595181, 44.241804500764914 ], [ -1.728466860655114, 44.240299312485355 ], [ -1.730124174249019, 44.238798567257568 ], [ -1.731789233104758, 44.237302285912413 ], [ -1.73346201349184, 44.235810489217087 ], [ -1.735142491577866, 44.234323197874893 ], [ -1.736830643429631, 44.232840432524831 ], [ -1.738526445012171, 44.231362213741512 ], [ -1.740229872190359, 44.229888562034773 ], [ -1.741940900729145, 44.228419497849323 ], [ -1.743659506292835, 44.226955041564928 ], [ -1.745385664446619, 44.225495213495485 ], [ -1.747119350656495, 44.224040033889139 ], [ -1.748860540289334, 44.222589522928025 ], [ -1.750609208613817, 44.221143700727936 ], [ -1.752365330800195, 44.219702587337935 ], [ -1.754128881921341, 44.218266202740267 ], [ -1.755899836952167, 44.216834566850238 ], [ -1.757678170770784, 44.215407699515467 ], [ -1.75946385815864, 44.213985620516205 ], [ -1.761256873800901, 44.212568349564485 ], [ -1.763057192286485, 44.211155906304327 ], [ -1.764864788108689, 44.209748310311547 ], [ -1.766679635666057, 44.208345581092757 ], [ -1.768501709261504, 44.2069477380861 ], [ -1.770330983103723, 44.205554800660309 ], [ -1.772167431307587, 44.204166788114854 ], [ -1.774011027893802, 44.202783719679218 ], [ -1.775861746789577, 44.201405614513206 ], [ -1.777719561829152, 44.200032491706359 ], [ -1.779584446754042, 44.198664370277669 ], [ -1.781456375213777, 44.197301269175533 ], [ -1.783335320765691, 44.195943207277438 ], [ -1.785221256875167, 44.194590203389566 ], [ -1.787114156916848, 44.193242276246892 ], [ -1.789013994174669, 44.191899444512302 ], [ -1.790920741841515, 44.190561726777275 ], [ -1.79283437302091, 44.189229141560801 ], [ -1.794754860726104, 44.187901707309656 ], [ -1.796682177881229, 44.186579442397822 ], [ -1.798616297321741, 44.18526236512632 ], [ -1.800557191793975, 44.183950493723451 ], [ -1.802504833956535, 44.182643846343815 ], [ -1.804459196380048, 44.181342441068551 ], [ -1.806420251547747, 44.180046295904894 ], [ -1.808387971855759, 44.178755428786175 ], [ -1.810362329613789, 44.177469857571289 ], [ -1.812343297044922, 44.176189600044637 ], [ -1.814330846286632, 44.174914673916071 ], [ -1.816324949390723, 44.173645096820231 ], [ -1.818325578324234, 44.172380886316546 ], [ -1.820332704968882, 44.171122059889093 ], [ -1.822346301122577, 44.169868634946361 ], [ -1.824366338499043, 44.168620628820811 ], [ -1.826392788728509, 44.167378058768854 ], [ -1.828425623358078, 44.166140941970617 ], [ -1.830464813851853, 44.164909295529576 ], [ -1.83251033159204, 44.163683136472507 ], [ -1.834562147878158, 44.162462481749117 ], [ -1.83662023392888, 44.161247348231996 ], [ -1.838684560881336, 44.160037752716271 ], [ -1.840755099791534, 44.158833711919193 ], [ -1.842831821635482, 44.157635242480538 ], [ -1.844914697309394, 44.156442360961805 ], [ -1.847003697629285, 44.155255083846114 ], [ -1.849098793332257, 44.154073427538144 ], [ -1.851199955076547, 44.152897408363955 ], [ -1.853307153442136, 44.151727042570599 ], [ -1.855420358930802, 44.150562346325906 ], [ -1.857539541966758, 44.149403335718524 ], [ -1.859664672896949, 44.148250026757353 ], [ -1.861795721991704, 44.147102435371799 ], [ -1.863932659444751, 44.145960577410975 ], [ -1.866075455373964, 44.144824468644131 ], [ -1.868224079821556, 44.143694124759904 ], [ -1.870378502754272, 44.142569561366543 ], [ -1.872538694064717, 44.14145079399146 ], [ -1.874704623570645, 44.14033783808086 ], [ -1.876876261015818, 44.139230709000252 ], [ -1.879053576070551, 44.13812942203343 ], [ -1.881236538332071, 44.137033992382626 ], [ -1.883425117324841, 44.135944435168376 ], [ -1.885619282501091, 44.134860765429309 ], [ -1.887819003240569, 44.13378299812193 ], [ -1.890024248852366, 44.1327111481203 ], [ -1.892234988573842, 44.131645230215966 ], [ -1.894451191571984, 44.130585259117716 ], [ -1.896672826943182, 44.129531249451553 ], [ -1.898899863714378, 44.128483215760255 ], [ -1.901132270842661, 44.127441172503403 ], [ -1.903370017216622, 44.126405134057208 ], [ -1.905613071655614, 44.125375114713833 ], [ -1.907861402911167, 44.124351128682072 ], [ -1.910114979667082, 44.123333190086448 ], [ -1.912373770539478, 44.122321312967223 ], [ -1.914637744077798, 44.121315511280557 ], [ -1.91690686876501, 44.120315798897813 ], [ -1.919181113017561, 44.11932218960564 ], [ -1.921460445186748, 44.118334697105887 ], [ -1.923744833558268, 44.117353335015231 ], [ -1.926034246353121, 44.116378116865157 ], [ -1.928328651727818, 44.115409056101548 ], [ -1.930628017774635, 44.114446166084925 ], [ -1.93293231252257, 44.11348946008988 ], [ -1.935241503937659, 44.112538951305105 ], [ -1.937555559922848, 44.111594652833148 ], [ -1.939874448318666, 44.110656577690165 ], [ -1.942198136904047, 44.109724738806229 ], [ -1.944526593396321, 44.108799149024392 ], [ -1.946859785452127, 44.107879821101157 ], [ -1.949197680666982, 44.10696676770602 ], [ -1.951540246576426, 44.106060001421383 ], [ -1.953887450656444, 44.105159534742398 ], [ -1.956239260323409, 44.104265380076761 ], [ -1.958595642935155, 44.103377549744728 ], [ -1.96095656579051, 44.102496055978506 ], [ -1.963321996130711, 44.101620910922826 ], [ -1.96569190113935, 44.100752126633921 ], [ -1.968066247942504, 44.09988971508028 ], [ -1.97044500361, 44.09903368814178 ], [ -1.97282813515512, 44.09818405760975 ], [ -1.975215609535096, 44.097340835187026 ], [ -1.977607393651982, 44.096504032487587 ], [ -1.98000345435258, 44.095673661036329 ], [ -1.98240375842926, 44.094849732269303 ], [ -1.98480827262042, 44.094032257533115 ], [ -1.98721696361017, 44.093221248085023 ], [ -1.989629798030143, 44.092416715092902 ], [ -1.992046742458379, 44.091618669634727 ], [ -1.994467763420886, 44.09082712269884 ], [ -1.996892827391741, 44.090042085183427 ], [ -1.999321900793249, 44.08926356789695 ], [ -2.001754949996946, 44.088491581557257 ], [ -2.004191941323216, 44.087726136791986 ], [ -2.006632841042715, 44.086967244138414 ], [ -2.009077615376096, 44.086214914042984 ], [ -2.011526230494699, 44.085469156861301 ], [ -2.013978652521005, 44.084729982858512 ], [ -2.016434847528775, 44.083997402208247 ], [ -2.018894781543975, 44.083271424993185 ], [ -2.021358420544982, 44.08255206120478 ], [ -2.023825730462979, 44.081839320742986 ], [ -2.026296677182444, 44.081133213416138 ], [ -2.028771226541505, 44.080433748941296 ], [ -2.031249344332729, 44.079740936943146 ], [ -2.033730996302768, 44.079054786955041 ], [ -2.03621614815411, 44.078375308417989 ], [ -2.038704765544183, 44.077702510680879 ], [ -2.041196814086415, 44.077036403000335 ], [ -2.043692259350657, 44.076376994540773 ], [ -2.046191066863815, 44.075724294373941 ], [ -2.048693202109811, 44.075078311478876 ], [ -2.051198630530294, 44.074439054742165 ], [ -2.053707317525464, 44.073806532957526 ], [ -2.056219228453536, 44.073180754825408 ], [ -2.058734328632392, 44.072561728953566 ], [ -2.061252583339029, 44.071949463856484 ], [ -2.063773957810298, 44.071343967955151 ], [ -2.066298417243839, 44.070745249577513 ], [ -2.068825926797864, 44.070153316957779 ], [ -2.071356451591855, 44.069568178236644 ], [ -2.073889956707541, 44.068989841461338 ], [ -2.076426407188037, 44.068418314584783 ], [ -2.078965768039601, 44.067853605466489 ], [ -2.081508004231442, 44.067295721871687 ], [ -2.084053080696505, 44.066744671471767 ], [ -2.086600962331385, 44.066200461843593 ], [ -2.089151613997311, 44.065663100470061 ], [ -2.091705000520421, 44.065132594739396 ], [ -2.094261086692011, 44.064608951945722 ], [ -2.096819837269446, 44.064092179288245 ], [ -2.099381216975941, 44.06358228387159 ], [ -2.10194519050179, 44.063079272705842 ], [ -2.104511722503995, 44.062583152705955 ], [ -2.107080777607733, 44.062093930692278 ], [ -2.109652320405854, 44.0616116133898 ], [ -2.112226315459432, 44.061136207428781 ], [ -2.114802727298859, 44.060667719343947 ], [ -2.117381520424094, 44.060206155575095 ], [ -2.119962659304464, 44.059751522466449 ], [ -2.122546108379931, 44.059303826266927 ], [ -2.125131832061089, 44.058863073129878 ], [ -2.127719794729769, 44.058429269113162 ], [ -2.130309960739412, 44.058002420178887 ], [ -2.132902294415497, 44.057582532193543 ], [ -2.135496760056638, 44.057169610927652 ], [ -2.138093321933634, 44.056763662056106 ], [ -2.140691944291295, 44.05636469115759 ], [ -2.143292591348061, 44.055972703714907 ], [ -2.145895227297204, 44.055587705114874 ], [ -2.148499816306554, 44.05520970064795 ], [ -2.151106322518932, 44.054838695508423 ], [ -2.153714710053639, 44.054474694794422 ], [ -2.156324943005565, 44.054117703507636 ], [ -2.158936985446296, 44.053767726553318 ], [ -2.161550801425204, 44.053424768740292 ], [ -2.164166354968313, 44.053088834780773 ], [ -2.166783610080511, 44.052759929290673 ], [ -2.169402530744469, 44.052438056788652 ], [ -2.17202308092226, 44.052123221697386 ], [ -2.174645224555268, 44.051815428342117 ], [ -2.177268925564684, 44.051514680951811 ], [ -2.179894147852107, 44.051220983658212 ], [ -2.182520855299614, 44.050934340496354 ], [ -2.185149011771141, 44.050654755404153 ], [ -2.187778581111687, 44.050382232222489 ], [ -2.190409527148652, 44.050116774695297 ], [ -2.193041813691922, 44.04985838646931 ], [ -2.195675404534945, 44.049607071094158 ], [ -2.198310263454075, 44.049362832022098 ], [ -2.200946354209732, 44.049125672608355 ], [ -2.20358364054725, 44.048895596110647 ], [ -2.206222086196258, 44.048672605689532 ], [ -2.208861654872278, 44.048456704408068 ], [ -2.211502310276184, 44.048247895232016 ], [ -2.214144016095712, 44.048046181029484 ], [ -2.216786736004486, 44.047851564571317 ], [ -2.219430433664249, 44.047664048530763 ], [ -2.22207507272366, 44.047483635483417 ], [ -2.224720616819944, 44.047310327907425 ], [ -2.22736702957878, 44.047144128183213 ], [ -2.230014274614807, 44.046985038593462 ], [ -2.232662315532213, 44.04683306132349 ], [ -2.235311115925025, 44.046688198460672 ], [ -2.237960639378056, 44.046550451994669 ] ] ], [ [ [ -2.109365072879488, 45.126377538550727 ], [ -2.111875188165343, 45.126258762226072 ], [ -2.114385951133171, 45.126147114945574 ], [ -2.116897321697218, 45.126042598491139 ], [ -2.119409259762882, 45.125945214530745 ], [ -2.121921725226901, 45.125854964618789 ], [ -2.124434677978305, 45.125771850195463 ], [ -2.126948077899, 45.125695872587308 ], [ -2.129461884864402, 45.125627033006872 ], [ -2.131976058743266, 45.125565332552803 ], [ -2.13449055939962, 45.125510772209786 ], [ -2.137005346692386, 45.12546335284857 ], [ -2.139520380476058, 45.125423075225896 ], [ -2.142035620601784, 45.125389939984636 ], [ -2.144551026917361, 45.125363947653632 ], [ -2.147066559268394, 45.125345098647593 ], [ -2.149582177498516, 45.125333393267368 ], [ -2.15209784144996, 45.125328831699761 ], [ -2.154613510964551, 45.125331414017666 ], [ -2.157129145883772, 45.125341140179664 ], [ -2.159644706049692, 45.125358010030808 ], [ -2.162160151305501, 45.12538202330164 ], [ -2.164675441496243, 45.125413179609033 ], [ -2.167190536469167, 45.12545147845573 ], [ -2.169705396074166, 45.125496919230528 ], [ -2.172219980164897, 45.12554950120817 ], [ -2.174734248599133, 45.125609223549596 ], [ -2.177248161239006, 45.125676085301571 ], [ -2.17976167795241, 45.125750085397129 ], [ -2.182274758612412, 45.125831222655123 ], [ -2.184787363099489, 45.125919495780707 ], [ -2.187299451300196, 45.126014903365125 ], [ -2.189810983109464, 45.126117443885661 ], [ -2.192321918430065, 45.126227115705753 ], [ -2.194832217173579, 45.126343917075147 ], [ -2.197341839261437, 45.12646784612955 ], [ -2.199850744624614, 45.126598900891274 ], [ -2.202358893205099, 45.126737079268437 ], [ -2.204866244955789, 45.126882379055779 ], [ -2.207372759841522, 45.127034797934222 ], [ -2.209878397839496, 45.127194333471124 ], [ -2.212383118940032, 45.127360983120106 ], [ -2.214886883146807, 45.127534744221357 ], [ -2.217389650478003, 45.127715614001467 ], [ -2.219891380966244, 45.127903589573549 ], [ -2.222392034659754, 45.128098667937309 ], [ -2.224891571622476, 45.128300845978934 ], [ -2.227389951935234, 45.128510120471326 ], [ -2.22988713569577, 45.128726488074186 ], [ -2.232383083019806, 45.128949945333801 ], [ -2.234877754040861, 45.129180488683303 ], [ -2.237371108911919, 45.129418114442622 ], [ -2.239863107805356, 45.129662818818709 ], [ -2.242353710913421, 45.129914597905326 ], [ -2.24484287844942, 45.130173447683362 ], [ -2.247330570647559, 45.130439364020802 ], [ -2.249816747764167, 45.130712342672531 ], [ -2.252301370078066, 45.130992379280862 ], [ -2.254784397891033, 45.131279469375393 ], [ -2.257265791528504, 45.131573608372911 ], [ -2.259745511340265, 45.131874791577573 ], [ -2.262223517700784, 45.132183014181201 ], [ -2.26469977100996, 45.132498271262918 ], [ -2.267174231693873, 45.132820557789657 ], [ -2.26964686020504, 45.133149868615831 ], [ -2.272117617023262, 45.133486198483851 ], [ -2.274586462655903, 45.133829542023825 ], [ -2.277053357639157, 45.134179893753746 ], [ -2.279518262537424, 45.134537248079589 ], [ -2.281981137945546, 45.134901599295532 ], [ -2.28444194448795, 45.135272941583914 ], [ -2.286900642819565, 45.135651269015277 ], [ -2.289357193627337, 45.136036575548403 ], [ -2.29181155762946, 45.136428855030644 ], [ -2.294263695576614, 45.136828101197921 ], [ -2.296713568253308, 45.13723430767449 ], [ -2.299161136476654, 45.137647467973657 ], [ -2.301606361098505, 45.138067575497253 ], [ -2.304049203005937, 45.138494623536275 ], [ -2.306489623120587, 45.138928605270479 ], [ -2.308927582400596, 45.139369513768862 ], [ -2.311363041840556, 45.139817341989605 ], [ -2.313795962472112, 45.140272082780221 ], [ -2.316226305365042, 45.140733728877407 ], [ -2.318654031626943, 45.141202272907798 ], [ -2.321079102404373, 45.141677707387359 ], [ -2.323501478883676, 45.142160024721903 ], [ -2.32592112229111, 45.142649217207115 ], [ -2.328337993893538, 45.143145277028587 ], [ -2.330752054998969, 45.143648196261928 ], [ -2.333163266957365, 45.144157966873252 ], [ -2.335571591161112, 45.144674580718657 ], [ -2.337976989045211, 45.145198029544851 ], [ -2.340379422088624, 45.145728304989149 ], [ -2.342778851814142, 45.146265398579509 ], [ -2.345175239789625, 45.146809301734542 ], [ -2.347568547627551, 45.147360005764185 ], [ -2.349958736987076, 45.147917501869031 ], [ -2.352345769572898, 45.148481781141243 ], [ -2.35472960713764, 45.14905283456401 ], [ -2.357110211480786, 45.149630653012153 ], [ -2.359487544450157, 45.150215227252218 ], [ -2.361861567942575, 45.150806547942196 ], [ -2.364232243903796, 45.151404605632251 ], [ -2.366599534329733, 45.152009390764384 ], [ -2.368963401266533, 45.152620893672825 ], [ -2.371323806811476, 45.153239104584046 ], [ -2.373680713113616, 45.153864013617252 ], [ -2.3760340823739, 45.154495610783975 ], [ -2.378383876845972, 45.155133885988398 ], [ -2.380730058837026, 45.155778829027923 ], [ -2.383072590707946, 45.156430429592909 ], [ -2.385411434874166, 45.157088677266749 ], [ -2.38774655380608, 45.157753561526469 ], [ -2.390077910029695, 45.158425071742293 ], [ -2.39240546612714, 45.159103197178482 ], [ -2.394729184737314, 45.159787926992841 ], [ -2.397049028556369, 45.160479250237287 ], [ -2.399364960338146, 45.161177155858006 ], [ -2.401676942895244, 45.16188163269527 ], [ -2.403984939099124, 45.162592669484035 ], [ -2.40628891188052, 45.163310254853869 ], [ -2.408588824230554, 45.164034377329223 ], [ -2.41088463920088, 45.164765025329409 ], [ -2.413176319904428, 45.165502187169018 ], [ -2.415463829515937, 45.166245851058015 ], [ -2.417747131272767, 45.166996005101858 ], [ -2.420026188474496, 45.167752637301668 ], [ -2.422300964484781, 45.168515735554458 ], [ -2.424571422731062, 45.169285287653345 ], [ -2.426837526705651, 45.170061281287744 ], [ -2.429099239965419, 45.170843704043278 ], [ -2.431356526133506, 45.171632543402517 ], [ -2.433609348899346, 45.172427786744556 ], [ -2.435857672018474, 45.173229421345489 ], [ -2.438101459314602, 45.17403743437886 ], [ -2.440340674679001, 45.174851812915335 ], [ -2.442575282071229, 45.17567254392322 ], [ -2.44480524552038, 45.176499614268607 ], [ -2.447030529124823, 45.177333010715493 ], [ -2.449251097052873, 45.178172719925946 ], [ -2.45146691354392, 45.179018728460669 ], [ -2.453677942908368, 45.179871022778627 ], [ -2.455884149528321, 45.180729589237835 ], [ -2.458085497858376, 45.18159441409491 ], [ -2.460281952426114, 45.182465483505908 ], [ -2.462473477832082, 45.183342783526356 ], [ -2.464660038751525, 45.184226300110865 ], [ -2.466841599933312, 45.185116019114474 ], [ -2.469018126201852, 45.186011926291854 ], [ -2.47118958245757, 45.18691400729795 ], [ -2.473355933676133, 45.187822247688096 ], [ -2.475517144910441, 45.188736632918435 ], [ -2.47767318129051, 45.189657148345972 ], [ -2.479824008024197, 45.190583779228547 ], [ -2.481969590397627, 45.191516510725805 ], [ -2.484109893775471, 45.192455327898308 ], [ -2.48624488360226, 45.193400215708806 ], [ -2.488374525402325, 45.194351159021942 ], [ -2.490498784779996, 45.195308142604645 ], [ -2.49261762742117, 45.196271151125949 ], [ -2.494731019092903, 45.197240169158043 ], [ -2.496838925644459, 45.198215181175627 ], [ -2.498941313007462, 45.199196171556729 ], [ -2.501038147197199, 45.200183124582857 ], [ -2.503129394311916, 45.201176024438809 ], [ -2.505215020534492, 45.202174855213535 ], [ -2.507294992132289, 45.20317960089983 ], [ -2.509369275457932, 45.204190245395033 ], [ -2.511437836949772, 45.205206772500809 ], [ -2.513500643132862, 45.206229165923993 ], [ -2.515557660618429, 45.207257409276146 ], [ -2.517608856105239, 45.208291486074117 ], [ -2.519654196380009, 45.209331379740782 ], [ -2.521693648318084, 45.210377073604242 ], [ -2.523727178883129, 45.211428550898901 ], [ -2.525754755128546, 45.212485794765598 ], [ -2.527776344197744, 45.21354878825165 ], [ -2.529791913324328, 45.214617514310952 ], [ -2.531801429832998, 45.215691955804829 ], [ -2.533804861140079, 45.216772095501689 ], [ -2.535802174753664, 45.217857916077726 ], [ -2.537793338274538, 45.218949400116841 ], [ -2.539778319396397, 45.22004653011119 ], [ -2.54175708590662, 45.221149288461206 ], [ -2.543729605686246, 45.222257657476007 ], [ -2.545695846711257, 45.223371619373587 ], [ -2.547655777052679, 45.224491156281225 ], [ -2.549609364876854, 45.225616250235504 ], [ -2.551556578446435, 45.226746883182955 ], [ -2.553497386120475, 45.227883036979982 ], [ -2.555431756355398, 45.229024693393249 ], [ -2.557359657704712, 45.230171834099941 ], [ -2.559281058820767, 45.231324440688141 ], [ -2.561195928453628, 45.232482494657184 ], [ -2.563104235453135, 45.233645977417417 ], [ -2.565005948768227, 45.234814870291281 ], [ -2.566901037448534, 45.235989154512879 ], [ -2.56878947064374, 45.237168811228635 ], [ -2.570671217604571, 45.23835382149754 ], [ -2.572546247683645, 45.239544166291466 ], [ -2.574414530335794, 45.240739826495151 ], [ -2.576276035117625, 45.241940782907029 ], [ -2.57813073168969, 45.243147016238858 ], [ -2.579978589815418, 45.244358507116772 ], [ -2.581819579362521, 45.245575236080832 ], [ -2.583653670303351, 45.246797183585898 ], [ -2.585480832715164, 45.248024330001599 ], [ -2.587301036780366, 45.249256655612626 ], [ -2.589114252787887, 45.250494140619388 ], [ -2.590920451132599, 45.251736765137899 ], [ -2.592719602316608, 45.252984509200196 ], [ -2.594511676949177, 45.254237352754743 ], [ -2.596296645747921, 45.255495275666732 ], [ -2.598074479538043, 45.256758257718197 ], [ -2.599845149254399, 45.258026278608646 ], [ -2.601608625940461, 45.25929931795504 ], [ -2.60336488075008, 45.260577355292384 ], [ -2.605113884946838, 45.261860370073798 ], [ -2.606855609905124, 45.263148341670835 ], [ -2.608590027110988, 45.264441249374229 ], [ -2.610317108161716, 45.265739072393586 ], [ -2.612036824766682, 45.267041789858084 ], [ -2.613749148747962, 45.268349380816808 ], [ -2.615454052040704, 45.269661824238753 ], [ -2.617151506693702, 45.270979099013587 ], [ -2.618841484869306, 45.272301183951548 ], [ -2.620523958844727, 45.273628057784215 ], [ -2.622198901011841, 45.274959699164292 ], [ -2.623866283878054, 45.276296086666356 ], [ -2.625526080066413, 45.277637198787225 ], [ -2.627178262316205, 45.278983013945748 ], [ -2.628822803483416, 45.280333510483878 ], [ -2.630459676541516, 45.281688666666454 ], [ -2.63208885458113, 45.283048460681613 ], [ -2.633710310811162, 45.284412870641567 ], [ -2.635324018559235, 45.285781874582064 ], [ -2.636929951271388, 45.287155450463779 ], [ -2.638528082513545, 45.28853357617183 ], [ -2.640118385971239, 45.289916229516564 ], [ -2.641700835450397, 45.291303388233615 ], [ -2.643275404877509, 45.292695029984465 ], [ -2.644842068300346, 45.294091132356705 ], [ -2.646400799888276, 45.295491672864323 ], [ -2.647951573932635, 45.296896628948176 ], [ -2.649494364847234, 45.298305977976199 ], [ -2.651029147168817, 45.299719697243908 ], [ -2.652555895557378, 45.301137763974495 ], [ -2.654074584796827, 45.302560155319597 ], [ -2.655585189795093, 45.303986848359152 ], [ -2.657087685584707, 45.305417820102086 ], [ -2.658582047323223, 45.306853047486669 ], [ -2.660068250293841, 45.308292507380678 ], [ -2.661546269905564, 45.309736176581744 ], [ -2.663016081693483, 45.311184031818108 ], [ -2.664477661319655, 45.312636049748448 ], [ -2.665930984573187, 45.314092206962542 ], [ -2.667376027370592, 45.315552479981669 ], [ -2.668812765756396, 45.317016845258692 ], [ -2.670241175903918, 45.318485279178837 ], [ -2.671661234114611, 45.319957758059509 ], [ -2.673072916819433, 45.321434258151392 ], [ -2.67447620057904, 45.32291475563796 ], [ -2.675871062083811, 45.324399226636643 ], [ -2.677257478154644, 45.325887647198513 ], [ -2.678635425743526, 45.327379993309243 ], [ -2.680004881933207, 45.328876240889116 ], [ -2.681365823938138, 45.330376365793434 ], [ -2.682718229105115, 45.331880343813062 ], [ -2.684062074913149, 45.333388150674608 ], [ -2.685397338973547, 45.334899762040905 ], [ -2.686723999031813, 45.33641515351146 ], [ -2.688042032965975, 45.337934300622614 ], [ -2.689351418788586, 45.339457178848065 ], [ -2.690652134646618, 45.340983763599354 ], [ -2.691944158821521, 45.342514030226042 ], [ -2.693227469729864, 45.344047954016034 ], [ -2.69450204592393, 45.345585510196415 ], [ -2.695767866091661, 45.347126673933346 ], [ -2.697024909057221, 45.348671420332522 ], [ -2.698273153781766, 45.350219724439917 ], [ -2.699512579363018, 45.351771561241812 ], [ -2.700743165036417, 45.353326905665241 ], [ -2.701964890175005, 45.354885732578545 ], [ -2.703177734289767, 45.356448016791397 ], [ -2.704381677030454, 45.358013733055834 ], [ -2.705576698185504, 45.359582856066133 ], [ -2.706762777682619, 45.361155360459094 ], [ -2.707939895589057, 45.362731220815007 ], [ -2.709108032112097, 45.364310411657634 ], [ -2.710267167599103, 45.365892907454594 ], [ -2.711417282538497, 45.367478682617907 ], [ -2.712558357559185, 45.369067711504563 ], [ -2.713690373431627, 45.370659968416284 ], [ -2.714813311068224, 45.372255427600813 ], [ -2.715927151523038, 45.373854063251557 ], [ -2.717031875992674, 45.375455849508448 ], [ -2.71812746581676, 45.37706076045805 ], [ -2.719213902477823, 45.378668770134183 ], [ -2.720291167601335, 45.380279852518441 ], [ -2.721359242957452, 45.381893981540017 ], [ -2.722418110459728, 45.383511131076752 ], [ -2.723467752166458, 45.385131274955434 ], [ -2.724508150280434, 45.386754386951722 ], [ -2.725539287149844, 45.388380440791153 ], [ -2.726561145268275, 45.390009410149311 ], [ -2.727573707275061, 45.391641268652073 ], [ -2.728576955955245, 45.393275989876479 ], [ -2.729570874241026, 45.394913547350505 ], [ -2.730555445210505, 45.396553914554012 ], [ -2.731530652089491, 45.398197064919231 ], [ -2.732496478250665, 45.399842971830395 ], [ -2.73345290721473, 45.401491608625108 ], [ -2.734399922650177, 45.403142948594223 ], [ -2.735337508374058, 45.404796964982459 ], [ -2.736265648351616, 45.406453630988608 ], [ -2.737184326697338, 45.408112919766317 ], [ -2.738093527674859, 45.409774804424025 ], [ -2.738993235697201, 45.411439258026007 ], [ -2.73988343532767, 45.413106253592176 ], [ -2.740764111278857, 45.414775764098849 ], [ -2.741635248414754, 45.416447762479194 ], [ -2.742496831749302, 45.418122221623506 ], [ -2.743348846447862, 45.419799114379813 ], [ -2.744191277827004, 45.421478413554055 ], [ -2.745024111354651, 45.423160091910731 ], [ -2.745847332651004, 45.424844122173248 ], [ -2.746660927488014, 45.426530477024293 ], [ -2.747464881790341, 45.428219129106452 ], [ -2.748259181635357, 45.42991005102246 ], [ -2.749043813253277, 45.431603215335748 ], [ -2.749818763027606, 45.433298594570694 ], [ -2.75058401749559, 45.434996161213277 ], [ -2.751339563347841, 45.436695887711643 ], [ -2.752085387429811, 45.438397746475907 ], [ -2.752821476740483, 45.440101709879343 ], [ -2.753547818433835, 45.441807750258398 ], [ -2.754264399818775, 45.44351583991309 ], [ -2.754971208359207, 45.44522595110783 ], [ -2.755668231674363, 45.446938056071453 ], [ -2.756355457539439, 45.448652126997871 ], [ -2.757032873885137, 45.450368136046556 ], [ -2.757700468798586, 45.452086055342626 ], [ -2.758358230523052, 45.453805856977844 ], [ -2.759006147458782, 45.455527513010701 ], [ -2.759644208162532, 45.457250995466858 ], [ -2.760272401348568, 45.458976276339662 ], [ -2.760890715888116, 45.460703327590828 ], [ -2.761499140810397, 45.462432121150279 ], [ -2.762097665302236, 45.4641626289174 ], [ -2.762686278708498, 45.465894822760781 ], [ -2.763264970532607, 45.467628674518942 ], [ -2.763833730436127, 45.469364156000964 ], [ -2.764392548239693, 45.471101238986648 ], [ -2.764941413922949, 45.472839895227011 ], [ -2.765480317624326, 45.474580096445052 ], [ -2.766009249642154, 45.476321814335684 ], [ -2.766528200434145, 45.478065020566603 ], [ -2.767037160617722, 45.479809686778623 ], [ -2.767536120970764, 45.481555784586064 ], [ -2.76802507243108, 45.483303285577151 ], [ -2.768504006096948, 45.48505216131494 ], [ -2.768972913227642, 45.486802383336915 ], [ -2.769431785242863, 45.488553923156303 ], [ -2.769880613723947, 45.490306752261993 ], [ -2.770319390412885, 45.492060842119187 ], [ -2.770748107213473, 45.493816164169843 ], [ -2.77116675619117, 45.495572689833196 ], [ -2.77157532957329, 45.497330390506029 ], [ -2.771973819748957, 45.499089237563318 ], [ -2.772362219269894, 45.500849202358722 ], [ -2.772740520849761, 45.502610256224678 ], [ -2.77310871736519, 45.504372370473483 ], [ -2.773466801855454, 45.506135516397038 ], [ -2.773814767522679, 45.507899665268006 ], [ -2.774152607732181, 45.509664788339727 ], [ -2.774480316012453, 45.511430856847142 ], [ -2.774797886055633, 45.513197842006711 ], [ -2.775105311717079, 45.514965715017368 ], [ -2.775402587016554, 45.516734447060784 ], [ -2.775689706136898, 45.5185040093018 ], [ -2.7759666634259, 45.520274372889084 ], [ -2.776233453394961, 45.522045508955273 ], [ -2.776490070720105, 45.523817388617722 ], [ -2.776736510241997, 45.525589982978843 ], [ -2.776972766965804, 45.527363263126581 ], [ -2.777198836061586, 45.529137200135054 ], [ -2.777414712864537, 45.530911765064666 ], [ -2.777620392874622, 45.532686928962882 ], [ -2.777815871757382, 45.534462662864613 ], [ -2.778001145343578, 45.536238937792589 ], [ -2.778176209629534, 45.538015724758061 ], [ -2.778341060777226, 45.539792994760887 ], [ -2.778495695114249, 45.541570718790396 ], [ -2.778640109134427, 45.543348867825713 ], [ -2.778774299497255, 45.545127412836202 ], [ -2.778898263028502, 45.546906324781787 ], [ -2.779011996720292, 45.548685574613948 ], [ -2.779115497730867, 45.550465133275402 ], [ -2.779208763385068, 45.552244971701235 ], [ -2.77929179117455, 45.554025060819164 ], [ -2.779364578757036, 45.555805371549994 ], [ -2.779427123957874, 45.557585874808026 ], [ -2.779479424768481, 45.559366541501625 ], [ -2.779521479347854, 45.561147342533587 ], [ -2.77955328602172, 45.56292824880196 ], [ -2.779574843283158, 45.56470923119987 ], [ -2.779586149792416, 45.566490260616661 ], [ -2.779587204377189, 45.568271307937934 ], [ -2.779578006032487, 45.570052344046267 ], [ -2.779558553920754, 45.571833339821559 ], [ -2.77952884737238, 45.573614266141618 ], [ -2.779488885884982, 45.57539509388247 ], [ -2.779438669124276, 45.57717579391894 ], [ -2.779378196923567, 45.57895633712517 ], [ -2.779307469284043, 45.580736694374934 ], [ -2.779226486374838, 45.582516836542396 ], [ -2.779135248533425, 45.584296734502296 ], [ -2.779033756264718, 45.586076359130615 ], [ -2.778922010242315, 45.587855681304951 ], [ -2.778800011307514, 45.589634671904989 ], [ -2.778667760470195, 45.591413301813112 ], [ -2.778525258908472, 45.593191541914699 ], [ -2.778372507968447, 45.594969363098826 ], [ -2.778209509164994, 45.596746736258467 ], [ -2.778036264181235, 45.598523632291148 ], [ -2.777852774868469, 45.600300022099418 ], [ -2.777659043246983, 45.602075876591329 ], [ -2.777455071505129, 45.603851166680933 ], [ -2.777240861999816, 45.60562586328858 ], [ -2.777016417256841, 45.60739993734159 ], [ -2.776781739970175, 45.609173359774694 ], [ -2.776536833002655, 45.610946101530558 ], [ -2.776281699385715, 45.612718133560094 ], [ -2.776016342319146, 45.614489426823049 ], [ -2.775740765171815, 45.616259952288516 ], [ -2.775454971480812, 45.618029680935472 ], [ -2.775158964952246, 45.619798583752925 ], [ -2.774852749460544, 45.621566631740812 ], [ -2.774536329049127, 45.623333795910298 ], [ -2.774209707929779, 45.625100047284143 ], [ -2.773872890483247, 45.626865356897383 ], [ -2.773525881258532, 45.628629695797684 ], [ -2.773168684973566, 45.630393035045927 ], [ -2.77280130651486, 45.632155345716448 ], [ -2.772423750937365, 45.633916598897798 ], [ -2.772036023464688, 45.635676765693162 ], [ -2.771638129489387, 45.637435817220542 ], [ -2.771230074571713, 45.639193724613897 ], [ -2.770811864441201, 45.640950459022712 ], [ -2.770383504995428, 45.642705991613397 ], [ -2.769945002300564, 45.644460293569018 ], [ -2.769496362591251, 45.64621333609032 ], [ -2.769037592270316, 45.64796509039585 ], [ -2.768568697908906, 45.649715527722506 ], [ -2.768089686246726, 45.651464619326241 ], [ -2.767600564191276, 45.653212336482312 ], [ -2.767101338818668, 45.654958650485781 ], [ -2.766592017372869, 45.656703532652024 ], [ -2.766072607265845, 45.658446954317291 ], [ -2.765543116077944, 45.66018888683891 ], [ -2.765003551556729, 45.661929301596317 ], [ -2.76445392161858, 45.663668169990864 ], [ -2.763894234346829, 45.66540546344671 ], [ -2.763324497993041, 45.667141153411222 ], [ -2.762744720976259, 45.668875211355441 ], [ -2.762154911883038, 45.670607608774453 ], [ -2.76155507946776, 45.672338317188114 ], [ -2.760945232651772, 45.674067308141041 ], [ -2.760325380524057, 45.675794553203929 ], [ -2.759695532340587, 45.677520023972988 ], [ -2.759055697524808, 45.679243692071282 ], [ -2.75840588566678, 45.680965529148878 ], [ -2.757746106524121, 45.682685506882926 ], [ -2.757076370020474, 45.684403596979024 ], [ -2.756396686246994, 45.686119771170766 ], [ -2.75570706546107, 45.68783400122085 ], [ -2.755007518086635, 45.689546258921276 ], [ -2.75429805471397, 45.691256516093894 ], [ -2.75357868609995, 45.692964744590874 ], [ -2.752849423167366, 45.694670916295031 ], [ -2.752110277005339, 45.696375003120551 ], [ -2.751361258868205, 45.698076977013329 ], [ -2.750602380177068, 45.699776809951565 ], [ -2.749833652518137, 45.701474473945751 ], [ -2.749055087643031, 45.703169941039974 ], [ -2.748266697468993, 45.704863183311467 ], [ -2.747468494078691, 45.706554172871961 ], [ -2.746660489719522, 45.708242881867498 ], [ -2.745842696804038, 45.709929282479166 ], [ -2.745015127909836, 45.711613346923471 ], [ -2.744177795778654, 45.713295047452917 ], [ -2.743330713317146, 45.714974356356549 ], [ -2.742473893596096, 45.716651245960065 ], [ -2.741607349850582, 45.71832568862672 ], [ -2.740731095479656, 45.719997656757428 ], [ -2.739845144046284, 45.721667122791381 ], [ -2.738949509277003, 45.723334059206763 ], [ -2.73804420506205, 45.724998438520544 ], [ -2.737129245454998, 45.726660233289813 ], [ -2.736204644672002, 45.728319416111482 ], [ -2.735270417093113, 45.729975959623125 ], [ -2.734326577260362, 45.731629836503529 ], [ -2.733373139878823, 45.733281019472926 ], [ -2.732410119815936, 45.734929481293456 ], [ -2.731437532101156, 45.736575194769777 ], [ -2.730455391926152, 45.738218132749516 ], [ -2.729463714644409, 45.739858268123534 ], [ -2.728462515770781, 45.741495573826576 ], [ -2.727451810981788, 45.743130022837761 ], [ -2.726431616114926, 45.744761588180843 ], [ -2.725401947168802, 45.74639024292491 ], [ -2.724362820303006, 45.748015960184489 ], [ -2.723314251837378, 45.749638713120312 ], [ -2.722256258251937, 45.751258474939974 ], [ -2.721188856187202, 45.752875218897685 ], [ -2.720112062443313, 45.754488918295479 ], [ -2.719025893980138, 45.756099546482901 ], [ -2.717930367916897, 45.757707076858338 ], [ -2.716825501532187, 45.759311482868817 ], [ -2.715711312263235, 45.76091273801056 ], [ -2.714587817706106, 45.762510815829778 ], [ -2.713455035615577, 45.764105689922602 ], [ -2.712312983904035, 45.765697333936167 ], [ -2.711161680642168, 45.7672857215683 ], [ -2.710001144058464, 45.76887082656863 ], [ -2.708831392538779, 45.770452622738709 ], [ -2.707652444625682, 45.772031083932575 ], [ -2.706464319019491, 45.773606184057101 ], [ -2.705267034576546, 45.775177897072389 ], [ -2.704060610309598, 45.77674619699247 ], [ -2.702845065387814, 45.778311057885659 ], [ -2.701620419135773, 45.779872453874731 ], [ -2.700386691034157, 45.78143035913768 ], [ -2.699143900718388, 45.782984747907911 ], [ -2.697892067979129, 45.784535594475145 ], [ -2.69663121276165, 45.786082873185094 ], [ -2.695361355165681, 45.787626558440707 ], [ -2.694082515445056, 45.789166624701984 ], [ -2.692794714007371, 45.790703046486776 ], [ -2.691497971413741, 45.792235798371081 ], [ -2.690192308378637, 45.793764854989597 ], [ -2.68887774576924, 45.795290191035967 ], [ -2.687554304605479, 45.796811781263322 ], [ -2.686222006059324, 45.798329600484763 ], [ -2.684880871455251, 45.799843623573693 ], [ -2.683530922268782, 45.801353825464382 ], [ -2.682172180127056, 45.802860181152148 ], [ -2.680804666808415, 45.804362665694079 ], [ -2.679428404241431, 45.805861254209269 ], [ -2.678043414505379, 45.807355921879363 ], [ -2.676649719829531, 45.808846643948925 ], [ -2.67524734259284, 45.810333395725692 ], [ -2.673836305323465, 45.811816152581407 ], [ -2.672416630698729, 45.813294889951948 ], [ -2.670988341544535, 45.814769583337771 ], [ -2.66955146083512, 45.816240208304279 ], [ -2.668106011692888, 45.817706740482528 ], [ -2.666652017387585, 45.819169155569398 ], [ -2.665189501336358, 45.820627429328006 ], [ -2.663718487103376, 45.822081537588105 ], [ -2.662238998399312, 45.823531456246855 ], [ -2.660751059080643, 45.824977161268791 ], [ -2.659254693150076, 45.826418628686319 ], [ -2.657749924755989, 45.827855834600342 ], [ -2.656236778190932, 45.829288755180691 ], [ -2.654715277893333, 45.830717366666185 ], [ -2.653185448444857, 45.832141645365276 ], [ -2.651647314572036, 45.83356156765656 ], [ -2.650100901144194, 45.834977109988991 ], [ -2.648546233174281, 45.836388248882265 ], [ -2.646983335817805, 45.837794960927539 ], [ -2.645412234372963, 45.839197222787455 ], [ -2.643832954279458, 45.840595011196868 ], [ -2.642245521119233, 45.841988302962804 ], [ -2.640649960614703, 45.843377074965417 ], [ -2.639046298629591, 45.844761304158041 ], [ -2.637434561167813, 45.846140967567671 ], [ -2.635814774373268, 45.847516042295332 ], [ -2.634186964529389, 45.848886505516482 ], [ -2.632551158059013, 45.850252334481439 ], [ -2.630907381523208, 45.851613506515839 ], [ -2.62925566162168, 45.852969999020956 ], [ -2.627596025192067, 45.854321789473964 ], [ -2.625928499209512, 45.855668855428576 ], [ -2.624253110785651, 45.857011174515179 ], [ -2.62256988716935, 45.858348724441569 ], [ -2.620878855745102, 45.85968148299299 ], [ -2.619180044033847, 45.861009428032645 ], [ -2.617473479690923, 45.862332537502219 ], [ -2.615759190507221, 45.863650789421911 ], [ -2.614037204407572, 45.864964161891287 ], [ -2.61230754945101, 45.866272633089345 ], [ -2.6105702538299, 45.867576181274984 ], [ -2.608825345869843, 45.868874784787117 ], [ -2.607072854028812, 45.870168422045673 ], [ -2.605312806896857, 45.871457071551369 ], [ -2.60354523319608, 45.872740711886387 ], [ -2.601770161779401, 45.874019321714698 ], [ -2.599987621630608, 45.875292879782251 ], [ -2.59819764186365, 45.876561364917784 ], [ -2.596400251722427, 45.877824756032624 ], [ -2.594595480579924, 45.879083032121585 ], [ -2.5927833579381, 45.880336172262872 ], [ -2.590963913427381, 45.881584155618739 ], [ -2.589137176805915, 45.88282696143596 ], [ -2.587303177959118, 45.884064569045755 ], [ -2.585461946899424, 45.885296957864497 ], [ -2.583613513765833, 45.886524107394074 ], [ -2.581757908822876, 45.887745997222027 ], [ -2.579895162460766, 45.888962607022144 ], [ -2.578025305194821, 45.890173916554566 ], [ -2.576148367664163, 45.891379905666469 ], [ -2.574264380632223, 45.892580554292124 ], [ -2.572373374985893, 45.893775842453316 ], [ -2.570475381734589, 45.894965750259708 ], [ -2.568570432010509, 45.896150257909468 ], [ -2.566658557067728, 45.897329345689023 ], [ -2.564739788281102, 45.898502993974013 ], [ -2.56281415714687, 45.899671183229152 ], [ -2.56088169528131, 45.900833894008827 ], [ -2.5589424344207, 45.901991106957631 ], [ -2.556996406420217, 45.903142802810137 ], [ -2.555043643254022, 45.904288962391782 ], [ -2.553084177014558, 45.9054295666188 ], [ -2.551118039911447, 45.906564596499003 ], [ -2.549145264271957, 45.907694033131612 ], [ -2.547165882539697, 45.908817857708016 ], [ -2.545179927274214, 45.909936051511743 ], [ -2.543187431150667, 45.911048595919119 ], [ -2.541188426959029, 45.912155472399334 ], [ -2.539182947604214, 45.913256662514911 ], [ -2.537171026104073, 45.914352147922003 ], [ -2.535152695590162, 45.915441910370689 ], [ -2.533127989307272, 45.916525931705323 ], [ -2.53109694061143, 45.917604193864847 ], [ -2.529059582971047, 45.918676678883052 ], [ -2.527015949965105, 45.919743368889094 ], [ -2.524966075283159, 45.920804246107465 ], [ -2.52290999272495, 45.921859292858564 ], [ -2.520847736199098, 45.922908491559106 ], [ -2.518779339723335, 45.923951824721989 ], [ -2.516704837423601, 45.924989274957071 ], [ -2.514624263533351, 45.926020824971282 ], [ -2.512537652392777, 45.927046457568942 ], [ -2.510445038449098, 45.928066155651877 ], [ -2.508346456254867, 45.929079902220266 ], [ -2.506241940468193, 45.930087680372232 ], [ -2.504131525851915, 45.931089473304539 ], [ -2.502015247272942, 45.932085264313059 ], [ -2.499893139701315, 45.933075036792502 ], [ -2.497765238210685, 45.934058774237471 ], [ -2.495631577976374, 45.935036460241939 ], [ -2.493492194275736, 45.936008078500095 ], [ -2.491347122487071, 45.93697361280654 ], [ -2.48919639808949, 45.937933047056362 ], [ -2.487040056661514, 45.938886365245722 ], [ -2.484878133881402, 45.939833551471764 ], [ -2.48271066552582, 45.940774589933305 ], [ -2.480537687469729, 45.941709464930696 ], [ -2.478359235685131, 45.942638160866629 ], [ -2.476175346241325, 45.943560662245879 ], [ -2.473986055303731, 45.944476953675753 ], [ -2.471791399132978, 45.945387019866651 ], [ -2.469591414085087, 45.946290845631957 ], [ -2.467386136610263, 45.947188415888306 ], [ -2.465175603252391, 45.948079715656348 ], [ -2.462959850648515, 45.94896473006029 ], [ -2.460738915528072, 45.94984344432882 ], [ -2.458512834712381, 45.950715843794896 ], [ -2.45628164511385, 45.951581913896227 ], [ -2.454045383735578, 45.952441640175529 ], [ -2.45180408767038, 45.953295008280762 ], [ -2.449557794100533, 45.954142003965174 ], [ -2.44730654029695, 45.954982613088021 ], [ -2.445050363618237, 45.955816821614455 ], [ -2.442789301510496, 45.95664461561573 ], [ -2.440523391506615, 45.957465981269713 ], [ -2.438252671225311, 45.958280904860949 ], [ -2.435977178370961, 45.959089372780923 ], [ -2.433696950732277, 45.959891371528464 ], [ -2.431412026182317, 45.960686887709663 ], [ -2.429122442677743, 45.96147590803843 ], [ -2.426828238257202, 45.962258419336379 ], [ -2.424529451042401, 45.963034408533638 ], [ -2.422226119235547, 45.963803862668613 ], [ -2.419918281120546, 45.964566768888098 ], [ -2.417605975060397, 45.965323114447799 ], [ -2.415289239498162, 45.966072886712851 ], [ -2.412968112955485, 45.966816073157247 ], [ -2.410642634032252, 45.967552661364657 ], [ -2.40831284140548, 45.968282639028615 ], [ -2.405978773828972, 45.969005993952507 ], [ -2.403640470132716, 45.969722714049873 ], [ -2.401297969222086, 45.970432787344677 ], [ -2.398951310076703, 45.971136201971404 ], [ -2.396600531750667, 45.971832946175596 ], [ -2.394245673371278, 45.972523008313573 ], [ -2.391886774138658, 45.973206376852957 ], [ -2.389523873324355, 45.97388304037289 ], [ -2.387157010271584, 45.974552987564095 ], [ -2.384786224394026, 45.975216207229074 ], [ -2.382411555175123, 45.975872688282521 ], [ -2.380033042168019, 45.976522419751149 ], [ -2.377650724993516, 45.977165390774445 ], [ -2.375264643340571, 45.977801590604166 ], [ -2.37287483696581, 45.978431008605106 ], [ -2.370481345691233, 45.979053634254974 ], [ -2.368084209405056, 45.979669457144794 ], [ -2.365683468060675, 45.980278466978724 ], [ -2.363279161675318, 45.980880653574872 ], [ -2.360871330330406, 45.981476006864668 ], [ -2.358460014169355, 45.982064516893836 ], [ -2.356045253398351, 45.982646173821898 ], [ -2.35362708828516, 45.983220967922875 ], [ -2.351205559157748, 45.98378888958532 ], [ -2.348780706404545, 45.984349929311968 ], [ -2.346352570473122, 45.984904077720785 ], [ -2.343921191869728, 45.985451325544609 ], [ -2.341486611158342, 45.98599166363131 ], [ -2.339048868960364, 45.986525082944176 ], [ -2.336608005953262, 45.987051574561619 ], [ -2.334164062870693, 45.987571129678166 ], [ -2.331717080501008, 45.988083739603738 ], [ -2.329267099686966, 45.988589395764265 ], [ -2.32681416132479, 45.989088089701909 ], [ -2.324358306363516, 45.989579813074783 ], [ -2.321899575804583, 45.99006455765754 ], [ -2.319438010700391, 45.990542315341386 ], [ -2.316973652154479, 45.991013078134301 ], [ -2.314506541319662, 45.9914768381607 ], [ -2.312036719398425, 45.991933587662359 ], [ -2.309564227641833, 45.992383318997746 ], [ -2.307089107348392, 45.992826024642966 ], [ -2.304611399863438, 45.993261697191237 ], [ -2.302131146578904, 45.993690329353363 ], [ -2.299648388932191, 45.994111913957639 ], [ -2.297163168405461, 45.994526443950399 ], [ -2.294675526524744, 45.99493391239546 ], [ -2.292185504859636, 45.995334312474974 ], [ -2.289693145022245, 45.995727637489054 ], [ -2.287198488666362, 45.996113880856086 ], [ -2.284701577487004, 45.996493036112852 ], [ -2.282202453219484, 45.996865096914618 ], [ -2.279701157638857, 45.997230057035146 ], [ -2.277197732558704, 45.997587910367017 ], [ -2.274692219831152, 45.997938650921611 ], [ -2.272184661345179, 45.998282272829186 ], [ -2.269675099026796, 45.998618770338922 ], [ -2.26716357483798, 45.998948137819291 ], [ -2.264650130775113, 45.999270369758008 ], [ -2.262134808869877, 45.999585460761921 ], [ -2.259617651186788, 45.999893405557515 ], [ -2.257098699823902, 46.000194198990712 ], [ -2.254577996910789, 46.000487836026949 ], [ -2.252055584608866, 46.000774311751492 ], [ -2.249531505109874, 46.001053621369302 ], [ -2.247005800635425, 46.001325760205326 ], [ -2.244478513436539, 46.001590723704503 ], [ -2.241949685792282, 46.001848507431347 ], [ -2.239419360009303, 46.002099107071231 ], [ -2.236887578421161, 46.002342518429188 ], [ -2.234354383387573, 46.002578737430674 ], [ -2.231819817293605, 46.00280776012157 ], [ -2.229283922548657, 46.003029582667992 ], [ -2.226746741586199, 46.003244201356679 ], [ -2.224208316862617, 46.003451612594944 ], [ -2.221668690856469, 46.003651812910512 ], [ -2.219127906068134, 46.003844798952073 ], [ -2.216586005018446, 46.004030567488876 ], [ -2.214043030248554, 46.00420911541093 ], [ -2.211499024318669, 46.004380439729218 ], [ -2.208954029807221, 46.004544537575519 ], [ -2.206408089311055, 46.004701406202628 ], [ -2.203861245443369, 46.004851042984427 ], [ -2.20131354083366, 46.004993445415558 ], [ -2.198765018127047, 46.005128611112127 ], [ -2.196215719983069, 46.005256537811093 ], [ -2.193665689075455, 46.005377223370793 ], [ -2.19111496809085, 46.005490665770623 ], [ -2.188563599728384, 46.00559686311135 ], [ -2.186011626698691, 46.005695813614949 ], [ -2.183459091723281, 46.005787515624803 ], [ -2.18090603753374, 46.005871967605479 ], [ -2.178352506870937, 46.005949168143246 ], [ -2.175798542484686, 46.0060191159453 ], [ -2.173244187131775, 46.006081809840687 ], [ -2.170689483576548, 46.006137248779694 ], [ -2.168134474589659, 46.006185431834126 ], [ -2.165579202946943, 46.006226358197203 ], [ -2.163023711429128, 46.006260027183856 ], [ -2.160468042820677, 46.006286438230191 ], [ -2.157912239909547, 46.006305590894065 ], [ -2.155356345485828, 46.006317484854819 ], [ -2.152800402341457, 46.006322119913264 ], [ -2.150244453269009, 46.006319495991882 ], [ -2.14768854106149, 46.006309613134562 ], [ -2.145132708510705, 46.006292471506768 ], [ -2.14257699840787, 46.006268071395539 ], [ -2.140021453541097, 46.006236413209344 ], [ -2.137466116696287, 46.006197497478176 ], [ -2.134911030655025, 46.006151324853811 ], [ -2.132356238194749, 46.006097896109139 ], [ -2.129801782087547, 46.006037212138743 ], [ -2.127247705099374, 46.005969273958684 ], [ -2.124694049989597, 46.005894082706412 ], [ -2.122140859509726, 46.005811639640847 ], [ -2.119588176403442, 46.005721946142209 ], [ -2.117036043404597, 46.005625003712382 ], [ -2.114484503237954, 46.005520813974222 ], [ -2.11193359861711, 46.005409378672162 ], [ -2.109383372244312, 46.00529069967196 ], [ -2.106833866810063, 46.005164778960527 ], [ -2.104285124991492, 46.005031618646008 ], [ -2.101737189452097, 46.004891220957795 ], [ -2.099190102841254, 46.004743588246306 ], [ -2.096643907792687, 46.0045887229833 ], [ -2.094098646924476, 46.004426627761312 ], [ -2.091554362837726, 46.004257305294132 ], [ -2.089011098116277, 46.004080758416443 ], [ -2.086468895325357, 46.003896990083717 ], [ -2.083927797011431, 46.003706003372599 ], [ -2.081387845701382, 46.00350780148014 ], [ -2.078849083900844, 46.003302387724482 ], [ -2.076311554094755, 46.003089765544296 ], [ -2.07377529874555, 46.002869938499018 ], [ -2.071240360293416, 46.002642910268307 ], [ -2.068706781154363, 46.002408684652778 ], [ -2.066174603720242, 46.002167265573142 ], [ -2.063643870357665, 46.001918657070831 ], [ -2.061114623407845, 46.001662863307118 ], [ -2.058586905184931, 46.001399888563668 ], [ -2.05606075797544, 46.001129737242579 ], [ -2.053536224038686, 46.000852413865559 ], [ -2.051013345604063, 46.00056792307457 ], [ -2.048492164871878, 46.000276269631414 ], [ -2.045972724011932, 45.999977458417668 ], [ -2.04345506516277, 45.999671494434757 ], [ -2.040939230431154, 45.999358382803436 ], [ -2.038425261891186, 45.999038128764361 ], [ -2.035913201583401, 45.998710737677577 ], [ -2.033403091514288, 45.998376215022184 ], [ -2.030894973655463, 45.998034566396818 ], [ -2.028388889942599, 45.997685797519146 ], [ -2.025884882275548, 45.997329914226071 ], [ -2.023382992516205, 45.996966922473199 ], [ -2.020883262489308, 45.996596828335143 ], [ -2.018385733980607, 45.996219638005137 ], [ -2.015890448736227, 45.995835357795251 ], [ -2.013397448462715, 45.995443994135705 ], [ -2.010906774825192, 45.995045553575466 ], [ -2.008418469447312, 45.994640042781562 ], [ -2.005932573910826, 45.99422746853935 ], [ -2.003449129753625, 45.993807837751952 ], [ -2.000968178470191, 45.993381157440716 ], [ -1.998489761510398, 45.9929474347446 ], [ -1.996013920278876, 45.992506676920193 ], [ -1.993540696133869, 45.992058891341742 ], [ -1.991070130387141, 45.991604085500832 ], [ -1.988602264302642, 45.99114226700631 ], [ -1.9861371390967, 45.9906734435841 ], [ -1.983674795935838, 45.990197623077201 ], [ -1.981215275937267, 45.989714813445509 ], [ -1.978758620167703, 45.989225022765382 ], [ -1.97630486964277, 45.988728259230051 ], [ -1.973854065326089, 45.988224531148958 ], [ -1.971406248128372, 45.987713846948047 ], [ -1.968961458907658, 45.987196215168922 ], [ -1.966519738467392, 45.986671644469624 ], [ -1.964081127556177, 45.986140143623771 ], [ -1.961645666867258, 45.985601721520823 ], [ -1.959213397037603, 45.985056387165379 ], [ -1.956784358647232, 45.984504149677846 ], [ -1.954358592218386, 45.983945018293298 ], [ -1.951936138215217, 45.983379002362348 ], [ -1.949517037042198, 45.982806111349966 ], [ -1.947101329044593, 45.982226354836101 ], [ -1.944689054506584, 45.981639742515085 ], [ -1.942280253651331, 45.981046284195678 ], [ -1.939874966640175, 45.980445989800607 ], [ -1.937473233571446, 45.979838869366787 ], [ -1.935075094480536, 45.979224933044726 ], [ -1.932680589338124, 45.978604191098782 ], [ -1.930289758050835, 45.977976653906538 ], [ -1.927902640459257, 45.977342331958972 ], [ -1.925519276338126, 45.976701235859906 ], [ -1.923139705394852, 45.976053376326369 ], [ -1.920763967269664, 45.975398764187773 ], [ -1.918392101534151, 45.974737410386183 ], [ -1.91602414769143, 45.974069325975975 ], [ -1.913660145174356, 45.973394522123492 ], [ -1.911300133345722, 45.972713010106979 ], [ -1.908944151497145, 45.972024801316614 ], [ -1.906592238848573, 45.971329907253669 ], [ -1.904244434547775, 45.970628339531181 ], [ -1.901900777668566, 45.969920109872803 ], [ -1.899561307211762, 45.969205230113523 ], [ -1.897226062103504, 45.968483712198513 ], [ -1.894895081194361, 45.967755568183755 ], [ -1.892568403259446, 45.967020810235439 ], [ -1.890246066997144, 45.966279450629507 ], [ -1.887928111028999, 45.965531501751968 ], [ -1.885614573897884, 45.964776976098399 ], [ -1.883305494069067, 45.964015886273579 ], [ -1.881000909927671, 45.963248244991583 ], [ -1.878700859779532, 45.962474065075249 ], [ -1.876405381849905, 45.961693359456241 ], [ -1.874114514282496, 45.960906141174476 ], [ -1.871828295139059, 45.960112423378469 ], [ -1.869546762399255, 45.959312219324261 ], [ -1.867269953959295, 45.958505542375995 ], [ -1.864997907631168, 45.957692406005187 ], [ -1.862730661142766, 45.956872823790555 ], [ -1.860468252136671, 45.956046809417963 ], [ -1.858210718169417, 45.955214376680082 ], [ -1.855958096711308, 45.954375539476118 ], [ -1.85371042514559, 45.953530311811427 ], [ -1.851467740767247, 45.952678707797681 ], [ -1.849230080783098, 45.951820741652135 ], [ -1.846997482310976, 45.95095642769769 ], [ -1.844769982378704, 45.950085780362471 ], [ -1.842547617924037, 45.949208814179791 ], [ -1.840330425793606, 45.948325543787575 ], [ -1.838118442742215, 45.947435983928386 ], [ -1.835911705432852, 45.946540149448978 ], [ -1.833710250435003, 45.945638055300208 ], [ -1.831514114224873, 45.944729716536543 ], [ -1.829323333184924, 45.943815148315899 ], [ -1.827137943602027, 45.942894365899612 ], [ -1.824957981668228, 45.941967384651754 ], [ -1.822783483479254, 45.941034220039121 ], [ -1.820614485034361, 45.940094887630764 ], [ -1.818451022235417, 45.93914940309805 ], [ -1.816293130886252, 45.938197782214083 ], [ -1.814140846692507, 45.937240040853503 ], [ -1.811994205260615, 45.936276194992224 ], [ -1.809853242096976, 45.935306260707101 ], [ -1.807717992608102, 45.934330254175947 ], [ -1.80558849209918, 45.933348191676608 ], [ -1.803464775774059, 45.932360089587341 ], [ -1.801346878734396, 45.931365964386174 ], [ -1.79923483597933, 45.930365832650672 ], [ -1.797128682404156, 45.9293597110577 ], [ -1.795028452800577, 45.928347616382958 ], [ -1.792934181855882, 45.927329565500933 ], [ -1.790845904151838, 45.926305575384589 ], [ -1.788763654164991, 45.925275663104721 ], [ -1.786687466265216, 45.924239845830066 ], [ -1.784617374715733, 45.923198140826734 ], [ -1.782553413672095, 45.922150565458033 ], [ -1.780495617182162, 45.921097137184155 ], [ -1.778444019184872, 45.920037873561853 ], [ -1.776398653510102, 45.918972792244034 ], [ -1.774359553878055, 45.917901910979673 ], [ -1.772326753898511, 45.916825247613176 ], [ -1.770300287070337, 45.915742820084446 ], [ -1.768280186781029, 45.914654646428275 ], [ -1.766266486306082, 45.913560744774117 ], [ -1.764259218808216, 45.9124611333459 ], [ -1.76225841733755, 45.911355830461275 ], [ -1.760264114829718, 45.910244854532017 ], [ -1.758276344106908, 45.909128224062989 ], [ -1.756295137875929, 45.908005957652186 ], [ -1.754320528728459, 45.906878073990356 ], [ -1.752352549140512, 45.90574459186076 ], [ -1.750391231471337, 45.904605530138618 ], [ -1.748436607963368, 45.903460907790688 ], [ -1.746488710741551, 45.902310743875653 ], [ -1.744547571812854, 45.901155057542717 ], [ -1.742613223065528, 45.899993868032261 ], [ -1.740685696268824, 45.898827194674801 ], [ -1.738765023072206, 45.897655056891011 ], [ -1.736851235005319, 45.896477474191371 ], [ -1.734944363476581, 45.895294466175542 ], [ -1.733044439773949, 45.894106052532365 ], [ -1.731151495063128, 45.892912253039405 ], [ -1.729265560387547, 45.891713087562508 ], [ -1.727386666668109, 45.890508576055431 ], [ -1.725514844702721, 45.889298738559752 ], [ -1.72365012516487, 45.888083595204201 ], [ -1.721792538604293, 45.886863166204591 ], [ -1.719942115445764, 45.885637471863269 ], [ -1.718098885988798, 45.884406532568782 ], [ -1.716262880407121, 45.883170368795547 ], [ -1.714434128748362, 45.881929001103543 ], [ -1.712612660933157, 45.880682450137968 ], [ -1.71079850675511, 45.879430736628734 ], [ -1.708991695879913, 45.878173881390303 ], [ -1.707192257845097, 45.876911905320966 ], [ -1.70540022205947, 45.875644829403008 ], [ -1.703615617802964, 45.874372674701966 ], [ -1.701838474225263, 45.873095462366351 ], [ -1.700068820346642, 45.871813213627128 ], [ -1.698306685055952, 45.870525949797845 ], [ -1.696552097111895, 45.869233692273646 ], [ -1.694805085140909, 45.867936462531127 ], [ -1.693065677637542, 45.86663428212826 ], [ -1.691333902964403, 45.865327172703587 ], [ -1.689609789350797, 45.864015155976041 ], [ -1.687893364892432, 45.862698253744483 ], [ -1.686184657551679, 45.861376487887618 ], [ -1.684483695156384, 45.860049880363093 ], [ -1.682790505399663, 45.85871845320753 ], [ -1.68110511583942, 45.857382228536096 ], [ -1.679427553898487, 45.856041228541926 ], [ -1.677757846862713, 45.854695475495866 ], [ -1.676096021882457, 45.853344991746013 ], [ -1.674442105970488, 45.851989799717593 ], [ -1.672796126002422, 45.850629921912159 ], [ -1.671158108716224, 45.849265380907383 ], [ -1.66952808071164, 45.847896199356867 ], [ -1.667906068449684, 45.846522399989446 ], [ -1.666292098252334, 45.845144005608901 ], [ -1.664686196302626, 45.84376103909365 ], [ -1.663088388642701, 45.842373523396219 ], [ -1.661498701175532, 45.840981481542862 ], [ -1.659917159662901, 45.839584936633273 ], [ -1.658343789725286, 45.838183911840183 ], [ -1.656778616842122, 45.836778430408728 ], [ -1.655221666350666, 45.835368515656334 ], [ -1.653672963446252, 45.833954190972158 ], [ -1.652132533181036, 45.832535479816571 ], [ -1.650600400464496, 45.831112405721257 ], [ -1.649076590062504, 45.829684992288058 ], [ -1.647561126597083, 45.828253263189083 ], [ -1.646054034546281, 45.826817242166349 ], [ -1.644555338242999, 45.825376953030904 ], [ -1.643065061876068, 45.82393241966286 ], [ -1.64158322948783, 45.822483666010832 ], [ -1.640109864975848, 45.821030716091421 ], [ -1.638644992091394, 45.819573593988977 ], [ -1.637188634438757, 45.818112323855146 ], [ -1.635740815476086, 45.816646929908266 ], [ -1.634301558514079, 45.815177436433196 ], [ -1.632870886715861, 45.81370386778076 ], [ -1.631448823096686, 45.812226248367296 ], [ -1.630035390523874, 45.81074460267434 ], [ -1.628630611715632, 45.809258955248332 ], [ -1.62723450924172, 45.807769330699728 ], [ -1.625847105522416, 45.80627575370314 ], [ -1.624468422828419, 45.804778248996513 ], [ -1.623098483280525, 45.803276841380672 ], [ -1.621737308849324, 45.801771555719604 ], [ -1.620384921354612, 45.800262416938658 ], [ -1.61904134246533, 45.798749450025809 ], [ -1.617706593699633, 45.797232680029609 ], [ -1.616380696423253, 45.795712132059968 ], [ -1.615063671850736, 45.794187831287168 ], [ -1.613755541043978, 45.792659802941444 ], [ -1.612456324912739, 45.791128072312794 ], [ -1.611166044213759, 45.789592664750096 ], [ -1.609884719550514, 45.788053605661332 ], [ -1.608612371373275, 45.78651092051237 ], [ -1.607349019978585, 45.784964634827318 ], [ -1.606094685508849, 45.783414774187584 ], [ -1.604849387952056, 45.781861364231368 ], [ -1.603613147141729, 45.780304430653722 ], [ -1.602385982756693, 45.778743999205602 ], [ -1.601167914320061, 45.777180095693694 ], [ -1.599958961199909, 45.775612745979885 ], [ -1.59875914260842, 45.774041975980822 ], [ -1.597568477601724, 45.772467811667802 ], [ -1.596386985079763, 45.770890279065469 ], [ -1.595214683785696, 45.76930940425239 ], [ -1.594051592306062, 45.767725213359896 ], [ -1.592897729070128, 45.766137732571941 ], [ -1.591753112350022, 45.764546988124664 ], [ -1.590617760259939, 45.762953006305764 ], [ -1.589491690756672, 45.761355813454138 ], [ -1.588374921638275, 45.759755435959612 ], [ -1.587267470544846, 45.758151900262298 ], [ -1.586169354957938, 45.756545232851963 ], [ -1.585080592199767, 45.754935460268022 ], [ -1.58400119943368, 45.753322609098888 ], [ -1.582931193664151, 45.751706705981263 ], [ -1.581870591735305, 45.7500877776001 ], [ -1.580819410331687, 45.748465850687914 ], [ -1.579777665978171, 45.746840952024343 ], [ -1.578745375039138, 45.745213108435735 ], [ -1.577722553718392, 45.743582346794739 ], [ -1.576709218058788, 45.74194869401974 ], [ -1.575705383943039, 45.740312177074479 ], [ -1.574711067091981, 45.738672822967487 ], [ -1.573726283065401, 45.737030658751806 ], [ -1.572751047261445, 45.735385711524415 ], [ -1.571785374916769, 45.73373800842581 ], [ -1.57082928110567, 45.732087576639408 ], [ -1.569882780740423, 45.730434443391403 ], [ -1.568945888571188, 45.728778635949972 ], [ -1.568018619185273, 45.72712018162489 ], [ -1.567100987007354, 45.7254591077672 ], [ -1.566193006299409, 45.723795441768772 ], [ -1.565294691159868, 45.722129211061613 ], [ -1.564406055524217, 45.720460443117545 ], [ -1.56352711316436, 45.718789165447824 ], [ -1.562657877688532, 45.717115405602428 ], [ -1.561798362541446, 45.715439191169807 ], [ -1.560948581003256, 45.713760549776552 ], [ -1.560108546190706, 45.712079509086266 ], [ -1.559278271055588, 45.710396096800068 ], [ -1.558457768385765, 45.708710340655301 ], [ -1.557647050803993, 45.707022268425533 ], [ -1.556846130768599, 45.705331907919891 ], [ -1.556055020572845, 45.703639286982643 ], [ -1.555273732344863, 45.701944433492656 ], [ -1.554502278047883, 45.700247375363126 ], [ -1.553740669479393, 45.698548140541021 ], [ -1.552988918271638, 45.69684675700632 ], [ -1.552247035891196, 45.69514325277207 ], [ -1.551515033638788, 45.693437655883372 ], [ -1.550792922649157, 45.691729994417514 ], [ -1.550080713891532, 45.690020296482814 ], [ -1.549378418168268, 45.688308590218753 ], [ -1.548686046116274, 45.686594903795111 ], [ -1.548003608205156, 45.684879265411602 ], [ -1.547331114738985, 45.683161703297756 ], [ -1.546668575854456, 45.681442245711494 ], [ -1.546016001522041, 45.679720920939864 ], [ -1.545373401545123, 45.677997757297746 ], [ -1.544740785560322, 45.676272783127608 ], [ -1.544118163037056, 45.674546026799035 ], [ -1.543505543277948, 45.672817516708264 ], [ -1.542902935417926, 45.671087281277799 ], [ -1.542310348425384, 45.66935534895574 ], [ -1.5417277911004, 45.667621748215346 ], [ -1.541155272076127, 45.66588650755476 ], [ -1.540592799818439, 45.664149655496423 ], [ -1.540040382624707, 45.662411220586336 ], [ -1.539498028625385, 45.660671231393991 ], [ -1.53896574578271, 45.65892971651175 ], [ -1.538443541891299, 45.65718670455427 ], [ -1.537931424577801, 45.655442224158044 ], [ -1.537429401300843, 45.653696303981015 ], [ -1.536937479350897, 45.651948972702073 ], [ -1.536455665850568, 45.650200259020629 ], [ -1.53598396775408, 45.64845019165589 ], [ -1.535522391847598, 45.646698799346744 ], [ -1.535070944749075, 45.644946110851023 ], [ -1.534629632907895, 45.643192154945034 ], [ -1.534198462605315, 45.641436960423249 ], [ -1.533777439954104, 45.639680556097751 ], [ -1.533366570898878, 45.63792297079754 ], [ -1.532965861215271, 45.636164233368454 ], [ -1.532575316510839, 45.634404372672293 ], [ -1.532194942224438, 45.632643417586735 ], [ -1.531824743626347, 45.630881397004565 ], [ -1.531464725818389, 45.62911833983307 ], [ -1.53111489373393, 45.627354274994197 ], [ -1.530775252137177, 45.625589231423263 ], [ -1.530445805624322, 45.623823238069022 ], [ -1.530126558622508, 45.622056323893034 ], [ -1.529817515390458, 45.62028851786912 ], [ -1.529518680018114, 45.618519848983034 ], [ -1.529230056426775, 45.616750346231669 ], [ -1.528951648369263, 45.614980038623074 ], [ -1.528683459429353, 45.613208955175573 ], [ -1.528425493022789, 45.611437124917408 ], [ -1.528177752395788, 45.609664576886267 ], [ -1.527940240626809, 45.607891340128795 ], [ -1.527712960625145, 45.606117443700093 ], [ -1.527495915131756, 45.60434291666332 ], [ -1.527289106718709, 45.602567788089146 ], [ -1.527092537790101, 45.600792087055304 ], [ -1.526906210580838, 45.599015842646033 ], [ -1.526730127157657, 45.597239083951806 ], [ -1.526564289418652, 45.595461840068438 ], [ -1.526408699093741, 45.59368414009711 ], [ -1.526263357744208, 45.591906013143614 ], [ -1.526128266763025, 45.590127488317883 ], [ -1.526003427374908, 45.588348594733525 ], [ -1.525888840636066, 45.586569361507436 ], [ -1.52578450743472, 45.584789817759166 ], [ -1.525690428490766, 45.583009992610606 ], [ -1.52560660435629, 45.581229915185403 ], [ -1.52553303541465, 45.579449614608443 ], [ -1.525469721881782, 45.577669120005531 ], [ -1.525416663805355, 45.575888460502824 ], [ -1.52537386106541, 45.574107665226336 ], [ -1.52534131337361, 45.572326763301412 ], [ -1.525319020274742, 45.570545783852481 ], [ -1.525306981145022, 45.568764756002167 ], [ -1.525305195193678, 45.566983708871312 ], [ -1.525313661462022, 45.565202671578099 ], [ -1.525332378824087, 45.563421673237812 ], [ -1.525361345986547, 45.561640742962297 ], [ -1.525400561488672, 45.559859909859235 ], [ -1.525450023702775, 45.558079203032221 ], [ -1.525509730833648, 45.55629865157983 ], [ -1.525579680919658, 45.554518284595112 ], [ -1.525659871831773, 45.552738131165576 ], [ -1.52575030127423, 45.550958220372266 ], [ -1.525850966784699, 45.549178581289503 ], [ -1.525961865734202, 45.54739924298422 ], [ -1.526082995327093, 45.545620234515745 ], [ -1.526214352601755, 45.543841584935308 ], [ -1.526355934429744, 45.542063323285085 ], [ -1.526507737516769, 45.540285478598619 ], [ -1.526669758402371, 45.538508079899465 ], [ -1.526841993460378, 45.536731156201121 ], [ -1.527024438898573, 45.534954736506712 ], [ -1.527217090759106, 45.533178849808252 ], [ -1.527419944918711, 45.531403525086141 ], [ -1.527632997088481, 45.529628791308909 ], [ -1.527856242814393, 45.527854677432771 ], [ -1.5280896774775, 45.52608121240069 ], [ -1.528333296293249, 45.524308425142536 ], [ -1.52858709431256, 45.522536344574362 ], [ -1.528851066421746, 45.520764999597581 ], [ -1.529125207342116, 45.518994419099215 ], [ -1.529409511631323, 45.517224631950818 ], [ -1.529703973681869, 45.515455667008112 ], [ -1.530008587722418, 45.51368755311092 ], [ -1.530323347818201, 45.51192031908235 ], [ -1.530648247869695, 45.510153993728153 ], [ -1.530983281614521, 45.508388605836785 ], [ -1.531328442626298, 45.50662418417852 ], [ -1.531683724315654, 45.504860757505114 ], [ -1.532049119929877, 45.50309835454933 ], [ -1.532424622553446, 45.501337004024663 ], [ -1.53281022510776, 45.49957673462454 ], [ -1.533205920352045, 45.497817575022118 ], [ -1.533611700882335, 45.496059553869543 ], [ -1.534027559133344, 45.494302699797956 ], [ -1.534453487376764, 45.492547041416643 ], [ -1.53488947772321, 45.490792607312613 ], [ -1.535335522120832, 45.489039426050176 ], [ -1.535791612356803, 45.487287526170753 ], [ -1.536257740056832, 45.485536936191885 ], [ -1.536733896685428, 45.483787684607265 ], [ -1.537220073546131, 45.482039799886095 ], [ -1.537716261781986, 45.480293310472561 ], [ -1.538222452375135, 45.478548244785394 ], [ -1.538738636147703, 45.476804631217526 ], [ -1.539264803761639, 45.475062498135564 ], [ -1.539800945718846, 45.473321873879357 ], [ -1.540347052361886, 45.471582786761509 ], [ -1.540903113873336, 45.469845265066795 ], [ -1.541469120277083, 45.468109337052155 ], [ -1.542045061437287, 45.466375030945606 ], [ -1.542630927060044, 45.464642374946351 ], [ -1.543226706692198, 45.462911397224147 ], [ -1.543832389722848, 45.461182125918533 ], [ -1.544447965382399, 45.459454589138971 ], [ -1.545073422743588, 45.457728814963886 ], [ -1.545708750721738, 45.456004831440502 ], [ -1.546353938074299, 45.454282666584255 ], [ -1.547008973401743, 45.452562348378464 ], [ -1.547673845147687, 45.450843904773777 ], [ -1.548348541598733, 45.449127363687658 ], [ -1.549033050885271, 45.447412753004372 ], [ -1.549727360981584, 45.445700100573816 ], [ -1.550431459705533, 45.443989434211936 ], [ -1.551145334719866, 45.442280781699395 ], [ -1.551868973531247, 45.440574170781801 ], [ -1.552602363491804, 45.438869629169112 ], [ -1.553345491797878, 45.437167184534808 ], [ -1.554098345491912, 45.435466864516002 ], [ -1.554860911461697, 45.43376869671274 ], [ -1.555633176440675, 45.432072708687549 ], [ -1.556415127008551, 45.430378927964959 ], [ -1.557206749591224, 45.428687382031271 ], [ -1.558008030461854, 45.426998098333868 ], [ -1.558818955739656, 45.425311104280986 ], [ -1.559639511391546, 45.423626427241153 ], [ -1.560469683232165, 45.42194409454288 ], [ -1.561309456923408, 45.42026413347385 ], [ -1.562158817975361, 45.418586571281267 ], [ -1.563017751746829, 45.416911435170547 ], [ -1.563886243444644, 45.415238752305399 ], [ -1.564764278124817, 45.413568549807302 ], [ -1.565651840693039, 45.411900854755061 ], [ -1.566548915903549, 45.410235694184259 ], [ -1.567455488360998, 45.408573095087185 ], [ -1.568371542520139, 45.406913084411798 ], [ -1.569297062685903, 45.405255689062095 ], [ -1.570232033014029, 45.403600935896826 ], [ -1.571176437511233, 45.401948851729863 ], [ -1.572130260035383, 45.400299463329205 ], [ -1.573093484296392, 45.398652797416823 ], [ -1.574066093855467, 45.397008880668182 ], [ -1.575048072126668, 45.395367739711858 ], [ -1.57603940237615, 45.393729401129079 ], [ -1.577040067723221, 45.392093891453172 ], [ -1.578050051140202, 45.390461237169525 ], [ -1.579069335452895, 45.388831464714841 ], [ -1.580097903341163, 45.387204600476664 ], [ -1.581135737338883, 45.385580670793303 ], [ -1.582182819834228, 45.383959701953195 ], [ -1.583239133070524, 45.382341720194361 ], [ -1.584304659145836, 45.380726751704415 ], [ -1.585379380014363, 45.379114822619719 ], [ -1.586463277485147, 45.377505959025221 ], [ -1.587556333224266, 45.37590018695392 ], [ -1.588658528753714, 45.374297532386599 ], [ -1.58976984545255, 45.37269802125131 ], [ -1.590890264556898, 45.371101679422786 ], [ -1.59201976716047, 45.369508532722598 ], [ -1.593158334214844, 45.367918606918288 ], [ -1.594305946529543, 45.366331927722797 ], [ -1.59546258477315, 45.364748520794713 ], [ -1.596628229472597, 45.36316841173722 ], [ -1.597802861014362, 45.361591626098146 ], [ -1.598986459644541, 45.360018189369285 ], [ -1.600179005469158, 45.358448126986133 ], [ -1.601380478454275, 45.356881464327572 ], [ -1.602590858427305, 45.355318226715141 ], [ -1.603810125076208, 45.35375843941317 ], [ -1.605038257950106, 45.352202127627635 ], [ -1.606275236460874, 45.350649316506676 ], [ -1.60752103988139, 45.349100031139507 ], [ -1.60877564734794, 45.34755429655636 ], [ -1.610039037859159, 45.346012137727776 ], [ -1.611311190277204, 45.344473579564692 ], [ -1.612592083327824, 45.342938646917673 ], [ -1.613881695600679, 45.341407364576661 ], [ -1.61518000555017, 45.339879757270531 ], [ -1.616486991494995, 45.338355849666875 ], [ -1.617802631619362, 45.3368356663714 ], [ -1.619126903972729, 45.33531923192772 ], [ -1.620459786470911, 45.333806570816606 ], [ -1.621801256895761, 45.332297707456362 ], [ -1.623151292895687, 45.330792666201773 ], [ -1.624509871986701, 45.329291471343723 ], [ -1.625876971551696, 45.327794147109309 ], [ -1.627252568841842, 45.326300717661098 ], [ -1.628636640976588, 45.324811207096822 ], [ -1.630029164943951, 45.323325639449088 ], [ -1.631430117600985, 45.321844038684887 ], [ -1.632839475674343, 45.320366428705164 ], [ -1.634257215760768, 45.31889283334479 ], [ -1.635683314326593, 45.317423276371834 ], [ -1.637117747709838, 45.315957781487263 ], [ -1.638560492118683, 45.314496372324854 ], [ -1.640011523633367, 45.313039072450437 ], [ -1.641470818205975, 45.311585905361667 ], [ -1.642938351660938, 45.310136894487925 ], [ -1.64441409969518, 45.308692063189476 ], [ -1.645898037879279, 45.307251434757504 ], [ -1.64739014165717, 45.305815032413733 ], [ -1.64889038634639, 45.304382879309543 ], [ -1.650398747139457, 45.302954998526566 ], [ -1.651915199103799, 45.301531413075281 ], [ -1.653439717181417, 45.300112145895511 ], [ -1.654972276190924, 45.298697219855541 ], [ -1.656512850826234, 45.297286657752103 ], [ -1.658061415658518, 45.295880482309613 ], [ -1.659617945135355, 45.294478716180286 ], [ -1.661182413582055, 45.293081381943523 ], [ -1.662754795201723, 45.291688502105686 ], [ -1.664335064075832, 45.290300099099596 ], [ -1.665923194164272, 45.288916195284145 ], [ -1.667519159306716, 45.287536812944374 ], [ -1.669122933221622, 45.286161974290664 ], [ -1.670734489508011, 45.284791701458623 ], [ -1.6723538016453, 45.283426016508656 ], [ -1.673980842993817, 45.282064941425745 ], [ -1.675615586795083, 45.280708498118848 ], [ -1.677258006172951, 45.279356708420998 ], [ -1.678908074132795, 45.27800959408858 ], [ -1.680565763563231, 45.276667176801105 ], [ -1.68223104723607, 45.275329478160955 ], [ -1.683903897806418, 45.273996519693021 ], [ -1.685584287813596, 45.272668322844382 ], [ -1.687272189681481, 45.271344908983771 ], [ -1.688967575718813, 45.270026299401749 ], [ -1.690670418119978, 45.26871251530978 ], [ -1.692380688965108, 45.267403577840284 ], [ -1.69409836022081, 45.266099508046118 ], [ -1.695823403740355, 45.264800326900669 ], [ -1.697555791264362, 45.263506055296794 ], [ -1.699295494421121, 45.262216714047327 ], [ -1.701042484727644, 45.260932323883914 ], [ -1.702796733588754, 45.259652905457607 ], [ -1.704558212298995, 45.258378479337743 ], [ -1.706326892042635, 45.257109066011999 ], [ -1.708102743893465, 45.255844685886309 ], [ -1.709885738816624, 45.254585359284015 ], [ -1.711675847667476, 45.253331106446041 ], [ -1.713473041193443, 45.252081947530122 ], [ -1.715277290033726, 45.250837902610996 ], [ -1.717088564720005, 45.249598991679676 ], [ -1.718906835677009, 45.248365234643636 ], [ -1.720732073222825, 45.247136651325768 ], [ -1.722564247569376, 45.245913261464793 ], [ -1.724403328823036, 45.24469508471465 ], [ -1.72624928698518, 45.243482140644161 ], [ -1.728102091952222, 45.242274448736723 ], [ -1.729961713516752, 45.241072028390228 ], [ -1.731828121367487, 45.239874898916675 ], [ -1.73370128509018, 45.238683079541723 ], [ -1.735581174167488, 45.237496589404387 ], [ -1.737467757980377, 45.236315447557061 ], [ -1.739361005807705, 45.235139672964998 ], [ -1.741260886827203, 45.23396928450591 ], [ -1.743167370116244, 45.232804300970116 ], [ -1.745080424651461, 45.231644741059654 ], [ -1.747000019309993, 45.230490623388455 ], [ -1.74892612286963, 45.229341966482018 ], [ -1.750858704009958, 45.228198788776744 ], [ -1.752797731311459, 45.227061108620269 ], [ -1.754743173257665, 45.22592894427072 ], [ -1.7566949982344, 45.224802313896475 ], [ -1.758653174531055, 45.22368123557608 ], [ -1.760617670340567, 45.222565727297983 ], [ -1.762588453760392, 45.221455806960009 ], [ -1.764565492792576, 45.220351492369367 ], [ -1.766548755344566, 45.219252801242177 ], [ -1.76853820922971, 45.218159751203252 ], [ -1.770533822167743, 45.217072359786037 ], [ -1.772535561784772, 45.215990644431905 ], [ -1.774543395614607, 45.214914622490383 ], [ -1.776557291099177, 45.213844311218608 ], [ -1.778577215588092, 45.212779727781083 ], [ -1.780603136340703, 45.21172088924947 ], [ -1.782635020524991, 45.210667812602274 ], [ -1.784672835219169, 45.20962051472484 ], [ -1.786716547412063, 45.208579012408663 ], [ -1.788766124003188, 45.207543322351498 ], [ -1.790821531803638, 45.206513461156767 ], [ -1.792882737536807, 45.20548944533386 ], [ -1.794949707838033, 45.204471291297168 ], [ -1.7970224092562, 45.203459015366619 ], [ -1.799100808253443, 45.202452633766598 ], [ -1.801184871206106, 45.201452162626516 ], [ -1.803274564405295, 45.200457617979836 ], [ -1.805369854057162, 45.199469015764329 ], [ -1.807470706283587, 45.198486371821787 ], [ -1.809577087122321, 45.197509701897566 ], [ -1.811688962528341, 45.196539021640419 ], [ -1.813806298373823, 45.195574346602314 ], [ -1.815929060448258, 45.194615692238287 ], [ -1.818057214460218, 45.193663073906045 ], [ -1.820190726036606, 45.192716506865764 ], [ -1.822329560723589, 45.191776006279973 ], [ -1.824473683988029, 45.190841587213171 ], [ -1.826623061216498, 45.189913264631784 ], [ -1.82877765771692, 45.188991053403754 ], [ -1.830937438718603, 45.188074968298352 ], [ -1.833102369373338, 45.187165023986147 ], [ -1.835272414755036, 45.186261235038486 ], [ -1.837447539861023, 45.185363615927621 ], [ -1.839627709612521, 45.184472181026088 ], [ -1.841812888854522, 45.18358694460683 ], [ -1.844003042357221, 45.18270792084283 ], [ -1.846198134815979, 45.18183512380687 ], [ -1.848398130852112, 45.180968567471524 ], [ -1.850602995013283, 45.180108265708654 ], [ -1.852812691774238, 45.179254232289502 ], [ -1.855027185537087, 45.178406480884071 ], [ -1.857246440632015, 45.177565025061362 ], [ -1.859470421318193, 45.176729878289045 ], [ -1.861699091783491, 45.175901053933217 ], [ -1.863932416145748, 45.175078565257863 ], [ -1.866170358452911, 45.174262425425241 ], [ -1.868412882683942, 45.173452647495594 ], [ -1.870659952748882, 45.172649244426431 ], [ -1.872911532490071, 45.171852229072798 ], [ -1.875167585681985, 45.171061614187167 ], [ -1.877428076032283, 45.170277412418805 ], [ -1.879692967182427, 45.169499636313944 ], [ -1.88196222270751, 45.168728298315393 ], [ -1.884235806117917, 45.167963410762631 ], [ -1.886513680858767, 45.167204985891381 ], [ -1.888795810311255, 45.166453035833207 ], [ -1.891082157792912, 45.165707572616014 ], [ -1.893372686558169, 45.164968608163221 ], [ -1.895667359798955, 45.164236154293803 ], [ -1.897966140645398, 45.163510222722181 ], [ -1.900268992166048, 45.162790825058096 ], [ -1.902575877368839, 45.162077972806308 ], [ -1.904886759201009, 45.161371677366205 ], [ -1.907201600550582, 45.160671950032288 ], [ -1.909520364246177, 45.159978801993333 ], [ -1.911843013057894, 45.159292244332512 ], [ -1.91416950969781, 45.158612288027236 ], [ -1.916499816820882, 45.157938943949091 ], [ -1.918833897024633, 45.157272222863305 ], [ -1.921171712850659, 45.156612135428965 ], [ -1.923513226784709, 45.155958692198759 ], [ -1.925858401257386, 45.155311903618689 ], [ -1.928207198644548, 45.154671780028089 ], [ -1.930559581268367, 45.154038331659223 ], [ -1.932915511396994, 45.153411568637594 ], [ -1.935274951246442, 45.152791500981152 ], [ -1.937637862979612, 45.152178138600817 ], [ -1.940004208708076, 45.151571491299812 ], [ -1.942373950492393, 45.150971568773656 ], [ -1.944747050341966, 45.150378380610348 ], [ -1.947123470216733, 45.14979193628966 ], [ -1.949503172026921, 45.149212245183328 ], [ -1.951886117633567, 45.148639316555183 ], [ -1.954272268849897, 45.148073159560262 ], [ -1.956661587441419, 45.14751378324538 ], [ -1.959054035125892, 45.146961196548723 ], [ -1.961449573574973, 45.146415408299504 ], [ -1.963848164414155, 45.145876427218361 ], [ -1.966249769223622, 45.145344261916669 ], [ -1.968654349538564, 45.144818920896775 ], [ -1.971061866849856, 45.144300412551694 ], [ -1.973472282604827, 45.143788745165054 ], [ -1.97588555820759, 45.14328392691106 ], [ -1.978301655019591, 45.142785965854081 ], [ -1.980720534360715, 45.142294869948898 ], [ -1.983142157509163, 45.141810647040387 ], [ -1.985566485702169, 45.141333304863352 ], [ -1.987993480137048, 45.140862851042478 ], [ -1.990423101971589, 45.140399293092294 ], [ -1.992855312323905, 45.139942638417061 ], [ -1.995290072274204, 45.139492894310351 ], [ -1.997727342864689, 45.139050067955559 ], [ -2.00016708510034, 45.138614166424922 ], [ -2.002609259948926, 45.138185196680325 ], [ -2.005053828342384, 45.1377631655727 ], [ -2.007500751177517, 45.137348079841829 ], [ -2.009949989315451, 45.136939946116655 ], [ -2.012401503583152, 45.13653877091479 ], [ -2.014855254774026, 45.136144560642634 ], [ -2.017311203647928, 45.135757321595257 ], [ -2.019769310932318, 45.135377059956213 ], [ -2.022229537322372, 45.135003781797572 ], [ -2.024691843482138, 45.134637493079701 ], [ -2.027156190044263, 45.134278199651362 ], [ -2.029622537611805, 45.133925907249292 ], [ -2.032090846757613, 45.133580621498602 ], [ -2.034561078025261, 45.133242347912244 ], [ -2.037033191930492, 45.132911091891152 ], [ -2.039507148960578, 45.132586858724089 ], [ -2.041982909575282, 45.132269653587727 ], [ -2.044460434208292, 45.131959481546225 ], [ -2.046939683266391, 45.131656347551612 ], [ -2.04942061713126, 45.131360256443308 ], [ -2.051903196159321, 45.131071212948264 ], [ -2.054387380682773, 45.130789221680843 ], [ -2.056873131009918, 45.130514287142724 ], [ -2.059360407425734, 45.130246413723007 ], [ -2.061849170192828, 45.12998560569774 ], [ -2.064339379551568, 45.129731867230468 ], [ -2.066830995721021, 45.129485202371498 ], [ -2.069323978898889, 45.129245615058366 ], [ -2.07181828926333, 45.129013109115434 ], [ -2.07431388697231, 45.12878768825427 ], [ -2.076810732165014, 45.128569356072944 ], [ -2.079308784961893, 45.128358116056468 ], [ -2.081808005465712, 45.128153971576687 ], [ -2.084308353761653, 45.127956925892072 ], [ -2.086809789918487, 45.127766982147811 ], [ -2.089312273988646, 45.127584143375579 ], [ -2.09181576600924, 45.127408412493779 ], [ -2.094320226002127, 45.127239792307194 ], [ -2.096825613974881, 45.127078285507153 ], [ -2.099331889921878, 45.126923894671449 ], [ -2.101839013823521, 45.126776622264309 ], [ -2.104346945647981, 45.126636470636171 ], [ -2.106855645351771, 45.126503442023932 ], [ -2.109365072879488, 45.126377538550727 ] ] ], [ [ [ -3.7953775820271, 44.713323733259841 ], [ -3.798451822708253, 44.713130960257743 ], [ -3.801526911165166, 44.712945276553441 ], [ -3.804602815624388, 44.712766684063808 ], [ -3.807679504304717, 44.712595184632725 ], [ -3.810756945418039, 44.712430780030502 ], [ -3.813835107168833, 44.712273471954362 ], [ -3.816913957755432, 44.712123262028342 ], [ -3.819993465369453, 44.711980151803004 ], [ -3.823073598196998, 44.711844142755758 ], [ -3.826154324417723, 44.711715236290651 ], [ -3.829235612206361, 44.711593433738201 ], [ -3.832317429732357, 44.711478736355971 ], [ -3.835399745159998, 44.711371145327867 ], [ -3.838482526649535, 44.711270661764601 ], [ -3.841565742356354, 44.711177286703354 ], [ -3.844649360432236, 44.711091021108061 ], [ -3.847733349025003, 44.711011865869118 ], [ -3.850817676279618, 44.710939821803663 ], [ -3.853902310337154, 44.710874889655479 ], [ -3.856987219336232, 44.710817070094691 ], [ -3.860072371413164, 44.710766363718136 ], [ -3.863157734701726, 44.710722771049284 ], [ -3.866243277333812, 44.710686292538135 ], [ -3.869328967439666, 44.710656928561164 ], [ -3.872414773148328, 44.710634679421617 ], [ -3.875500662587493, 44.710619545348926 ], [ -3.878586603884212, 44.710611526499505 ], [ -3.881672565165404, 44.710610622956018 ], [ -3.884758514557291, 44.710616834727844 ], [ -3.887844420186244, 44.710630161750856 ], [ -3.890930250179486, 44.710650603887437 ], [ -3.894015972664478, 44.71067816092669 ], [ -3.897101555769879, 44.710712832584079 ], [ -3.900186967625509, 44.710754618501795 ], [ -3.903272176362997, 44.710803518248362 ], [ -3.906357150115679, 44.710859531319066 ], [ -3.909441857018998, 44.710922657135754 ], [ -3.912526265210707, 44.710992895046864 ], [ -3.915610342831851, 44.711070244327246 ], [ -3.918694058026067, 44.71115470417854 ], [ -3.921777378940357, 44.71124627372884 ], [ -3.924860273725499, 44.711344952032967 ], [ -3.927942710535915, 44.711450738072308 ], [ -3.931024657530708, 44.711563630754753 ], [ -3.934106082872876, 44.71168362891499 ], [ -3.937186954730955, 44.711810731314301 ], [ -3.940267241277897, 44.711944936640592 ], [ -3.943346910692274, 44.712086243508509 ], [ -3.946425931158554, 44.712234650459322 ], [ -3.94950427086669, 44.712390155960932 ], [ -3.952581898013577, 44.712552758407988 ], [ -3.955658780801957, 44.712722456122016 ], [ -3.958734887441845, 44.712899247351039 ], [ -3.961810186150213, 44.713083130269986 ], [ -3.964884645151587, 44.713274102980499 ], [ -3.967958232678189, 44.713472163511064 ], [ -3.971030916970117, 44.713677309816795 ], [ -3.974102666275936, 44.713889539779942 ], [ -3.97717344885291, 44.714108851209268 ], [ -3.980243232966824, 44.714335241840686 ], [ -3.983311986893038, 44.714568709336781 ], [ -3.986379678916198, 44.714809251287029 ], [ -3.989446277330658, 44.71505686520814 ], [ -3.992511750441074, 44.715311548543383 ], [ -3.995576066562215, 44.715573298663251 ], [ -3.998639194019574, 44.715842112865175 ], [ -4.001701101149737, 44.716117988373469 ], [ -4.004761756300309, 44.71640092233983 ], [ -4.00782112783044, 44.716690911842704 ], [ -4.010879184111282, 44.716987953887703 ], [ -4.013935893525849, 44.717292045407696 ], [ -4.016991224469701, 44.717603183262632 ], [ -4.020045145351167, 44.717921364239594 ], [ -4.023097624591405, 44.718246585052938 ], [ -4.026148630624808, 44.718578842344265 ], [ -4.02919813189944, 44.718918132682575 ], [ -4.032246096877396, 44.719264452563827 ], [ -4.035292494034368, 44.719617798411683 ], [ -4.038337291861308, 44.719978166576944 ], [ -4.041380458863198, 44.720345553337943 ], [ -4.044421963560286, 44.720719954900446 ], [ -4.047461774488047, 44.721101367397566 ], [ -4.050499860198, 44.721489786890203 ], [ -4.053536189256942, 44.72188520936637 ], [ -4.056570730248099, 44.722287630742102 ], [ -4.059603451771586, 44.722697046860858 ], [ -4.062634322443434, 44.723113453493674 ], [ -4.065663310897614, 44.723536846339435 ], [ -4.068690385784945, 44.723967221024658 ], [ -4.071715515773808, 44.724404573103627 ], [ -4.074738669550938, 44.72484889805866 ], [ -4.077759815821008, 44.725300191299716 ], [ -4.080778923307292, 44.725758448164605 ], [ -4.083795960751686, 44.726223663919349 ], [ -4.086810896915627, 44.726695833757624 ], [ -4.089823700579436, 44.727174952801398 ], [ -4.092834340543391, 44.727661016100733 ], [ -4.095842785627632, 44.728154018633461 ], [ -4.098849004672668, 44.728653955306065 ], [ -4.101852966539534, 44.729160820952885 ], [ -4.104854640109897, 44.729674610336708 ], [ -4.107853994286805, 44.730195318148517 ], [ -4.110850997994603, 44.730722939007784 ], [ -4.113845620179299, 44.731257467462257 ], [ -4.116837829809128, 44.731798897988135 ], [ -4.119827595874228, 44.732347224990363 ], [ -4.122814887387491, 44.732902442802157 ], [ -4.125799673385023, 44.733464545685507 ], [ -4.128781922925543, 44.734033527831009 ], [ -4.131761605091429, 44.734609383358055 ], [ -4.134738688988723, 44.735192106314678 ], [ -4.137713143747613, 44.735781690677847 ], [ -4.140684938522513, 44.73637813035343 ], [ -4.143654042492384, 44.736981419176225 ], [ -4.146620424861413, 44.737591550909819 ], [ -4.14958405485839, 44.738208519247195 ], [ -4.152544901737916, 44.738832317810299 ], [ -4.155502934780272, 44.739462940150112 ], [ -4.158458123291707, 44.740100379747091 ], [ -4.161410436605096, 44.740744630010745 ], [ -4.164359844079463, 44.741395684280121 ], [ -4.167306315101071, 44.742053535823615 ], [ -4.170249819083257, 44.74271817783913 ], [ -4.173190325466887, 44.743389603453984 ], [ -4.176127803720507, 44.744067805725201 ], [ -4.179062223340567, 44.744752777639476 ], [ -4.181993553852184, 44.74544451211321 ], [ -4.184921764808943, 44.746143001992699 ], [ -4.187846825793244, 44.746848240053801 ], [ -4.190768706417012, 44.747560219002679 ], [ -4.193687376321054, 44.748278931475156 ], [ -4.196602805176566, 44.749004370037476 ], [ -4.1995149626844, 44.749736527185625 ], [ -4.202423818575921, 44.750475395346179 ], [ -4.205329342613124, 44.7512209668757 ], [ -4.208231504588952, 44.75197323406104 ], [ -4.211130274327092, 44.752732189119875 ], [ -4.214025621683556, 44.753497824199982 ], [ -4.21691751654549, 44.754270131379783 ], [ -4.21980592883196, 44.75504910266838 ], [ -4.222690828495055, 44.755834730005581 ], [ -4.225572185519101, 44.756627005261976 ], [ -4.22844996992109, 44.757425920239058 ], [ -4.231324151751573, 44.758231466668931 ], [ -4.234194701094396, 44.759043636215168 ], [ -4.237061588067211, 44.759862420472281 ], [ -4.239924782821954, 44.760687810965713 ], [ -4.242784255544342, 44.761519799152396 ], [ -4.245639976455091, 44.762358376420565 ], [ -4.248491915809997, 44.763203534089726 ], [ -4.251340043899436, 44.76405526341086 ], [ -4.254184331049782, 44.764913555566729 ], [ -4.257024747622938, 44.765778401671554 ], [ -4.259861264017005, 44.766649792771283 ], [ -4.262693850666045, 44.767527719843692 ], [ -4.26552247804093, 44.768412173798545 ], [ -4.268347116649401, 44.769303145477529 ], [ -4.271167737036628, 44.770200625654219 ], [ -4.273984309784557, 44.771104605034637 ], [ -4.276796805513665, 44.772015074256807 ], [ -4.279605194881746, 44.772932023891279 ], [ -4.282409448585097, 44.773855444440755 ], [ -4.285209537358807, 44.774785326340655 ], [ -4.288005431976592, 44.775721659958862 ], [ -4.290797103251464, 44.77666443559599 ], [ -4.2935845220354, 44.77761364348541 ], [ -4.296367659220831, 44.778569273793238 ], [ -4.299146485739522, 44.779531316618822 ], [ -4.301920972563511, 44.780499761994243 ], [ -4.304691090705921, 44.781474599884881 ], [ -4.307456811219942, 44.78245582018932 ], [ -4.310218105200602, 44.783443412739352 ], [ -4.312974943783749, 44.784437367300448 ], [ -4.315727298146909, 44.785437673571238 ], [ -4.318475139509895, 44.786444321184177 ], [ -4.321218439134459, 44.78745729970548 ], [ -4.323957168324848, 44.788476598634958 ], [ -4.326691298427985, 44.789502207406528 ], [ -4.329420800834369, 44.790534115387864 ], [ -4.332145646977152, 44.791572311881019 ], [ -4.334865808333196, 44.792616786122061 ], [ -4.337581256423768, 44.793667527281343 ], [ -4.34029196281363, 44.794724524463682 ], [ -4.342997899112376, 44.795787766708393 ], [ -4.345699036974112, 44.796857242989304 ], [ -4.348395348098013, 44.797932942215077 ], [ -4.35108680422849, 44.799014853229139 ], [ -4.353773377155467, 44.80010296480981 ], [ -4.356455038715006, 44.801197265670346 ], [ -4.35913176078856, 44.802297744459281 ], [ -4.361803515304449, 44.803404389760331 ], [ -4.364470274237671, 44.804517190092412 ], [ -4.367132009609882, 44.805636133910092 ], [ -4.369788693489843, 44.806761209603302 ], [ -4.372440297994487, 44.80789240549786 ], [ -4.375086795287424, 44.80902970985511 ], [ -4.377728157581058, 44.810173110872334 ], [ -4.3803643571359, 44.811322596682984 ], [ -4.382995366260746, 44.81247815535643 ], [ -4.385621157313588, 44.813639774898242 ], [ -4.388241702701264, 44.814807443250423 ], [ -4.390856974880082, 44.815981148291357 ], [ -4.393466946356114, 44.817160877836073 ], [ -4.396071589685051, 44.818346619636046 ], [ -4.398670877473191, 44.819538361379749 ], [ -4.40126478237675, 44.820736090692556 ], [ -4.403853277103326, 44.821939795136579 ], [ -4.406436334411122, 44.823149462211397 ], [ -4.40901392710953, 44.824365079353768 ], [ -4.41158602805971, 44.825586633937583 ], [ -4.414152610174585, 44.826814113274416 ], [ -4.416713646419447, 44.828047504613522 ], [ -4.419269109811289, 44.829286795141655 ], [ -4.421818973420215, 44.830531971983582 ], [ -4.42436321036919, 44.831783022201925 ], [ -4.426901793834266, 44.833039932797568 ], [ -4.42943469704492, 44.834302690709478 ], [ -4.431961893284236, 44.835571282814811 ], [ -4.434483355889619, 44.836845695929441 ], [ -4.436999058252359, 44.838125916807783 ], [ -4.439508973818407, 44.839411932142873 ], [ -4.442013076088271, 44.840703728566474 ], [ -4.444511338618081, 44.842001292649613 ], [ -4.447003735018513, 44.843304610902194 ], [ -4.449490238956389, 44.844613669773189 ], [ -4.451970824154099, 44.845928455651332 ], [ -4.454445464390243, 44.847248954864504 ], [ -4.456914133499618, 44.848575153680216 ], [ -4.459376805374035, 44.849907038305851 ], [ -4.461833453961776, 44.851244594888449 ], [ -4.464284053268717, 44.852587809515278 ], [ -4.46672857735765, 44.853936668213464 ], [ -4.469167000349391, 44.855291156950614 ], [ -4.47159929642271, 44.856651261634639 ], [ -4.474025439814771, 44.858016968113965 ], [ -4.476445404820525, 44.859388262177674 ], [ -4.478859165794723, 44.86076512955556 ], [ -4.481266697149957, 44.862147555918597 ], [ -4.483667973359171, 44.863535526878458 ], [ -4.486062968954109, 44.864929027988275 ], [ -4.488451658526528, 44.866328044742531 ], [ -4.490834016728187, 44.867732562576947 ], [ -4.493210018271571, 44.869142566869087 ], [ -4.495579637929091, 44.870558042938178 ], [ -4.497942850534357, 44.87197897604532 ], [ -4.500299630982257, 44.87340535139365 ], [ -4.502649954228331, 44.874837154128599 ], [ -4.504993795290542, 44.876274369337636 ], [ -4.507331129248496, 44.877716982050984 ], [ -4.509661931243384, 44.879164977241253 ], [ -4.511986176479374, 44.880618339823954 ], [ -4.514303840223314, 44.882077054657323 ], [ -4.516614897804631, 44.883541106542651 ], [ -4.51891932461588, 44.885010480224516 ], [ -4.521217096113371, 44.886485160390784 ], [ -4.523508187816701, 44.887965131672694 ], [ -4.525792575309761, 44.889450378645179 ], [ -4.528070234240334, 44.890940885826879 ], [ -4.530341140320796, 44.89243663768039 ], [ -4.532605269328129, 44.89393761861237 ], [ -4.534862597104189, 44.895443812973554 ], [ -4.537113099556461, 44.896955205059207 ], [ -4.539356752657326, 44.898471779108995 ], [ -4.541593532445005, 44.89999351930733 ], [ -4.543823415023902, 44.901520409783245 ], [ -4.546046376564659, 44.903052434610935 ], [ -4.548262393303882, 44.904589577809652 ], [ -4.550471441545288, 44.906131823343856 ], [ -4.552673497659719, 44.907679155123311 ], [ -4.554868538084652, 44.909231557003757 ], [ -4.557056539325742, 44.910789012786204 ], [ -4.559237477955595, 44.912351506217874 ], [ -4.561411330615625, 44.913919020991692 ], [ -4.563578074014442, 44.915491540747212 ], [ -4.56573768493026, 44.917069049070001 ], [ -4.567890140208994, 44.918651529492273 ], [ -4.57003541676604, 44.920238965492807 ], [ -4.572173491585973, 44.921831340497491 ], [ -4.57430434172269, 44.923428637878757 ], [ -4.576427944299803, 44.925030840956566 ], [ -4.578544276510869, 44.926637932997991 ], [ -4.58065331561958, 44.928249897217668 ], [ -4.582755038960318, 44.929866716777774 ], [ -4.584849423937909, 44.931488374788401 ], [ -4.586936448028046, 44.933114854307497 ], [ -4.589016088777562, 44.934746138341183 ], [ -4.591088323805178, 44.936382209843778 ], [ -4.593153130800436, 44.938023051718169 ], [ -4.595210487525763, 44.939668646815754 ], [ -4.59726037181477, 44.941318977936753 ], [ -4.599302761574013, 44.942974027830452 ], [ -4.601337634782514, 44.944633779195065 ], [ -4.603364969492105, 44.946298214678102 ], [ -4.605384743827835, 44.947967316876571 ], [ -4.607396935988119, 44.949641068337229 ], [ -4.609401524244613, 44.95131945155638 ], [ -4.611398486943189, 44.953002448980428 ], [ -4.613387802503501, 44.954690043005826 ], [ -4.615369449419677, 44.956382215979453 ], [ -4.617343406260094, 44.958078950198555 ], [ -4.619309651668468, 44.959780227910848 ], [ -4.621268164362807, 44.961486031315168 ], [ -4.623218923136735, 44.963196342561339 ], [ -4.625161906859505, 44.964911143750079 ], [ -4.627097094475697, 44.966630416933512 ], [ -4.629024465006095, 44.968354144115402 ], [ -4.630943997547463, 44.970082307251097 ], [ -4.632855671273014, 44.971814888247827 ], [ -4.634759465432795, 44.973551868964975 ], [ -4.636655359353735, 44.975293231213783 ], [ -4.638543332439406, 44.977038956758292 ], [ -4.640423364171319, 44.978789027314754 ], [ -4.642295434108065, 44.980543424552515 ], [ -4.644159521886263, 44.982302130093579 ], [ -4.646015607220731, 44.984065125513105 ], [ -4.647863669904144, 44.985832392339674 ], [ -4.649703689807807, 44.987603912055121 ], [ -4.651535646881925, 44.989379666094976 ], [ -4.653359521155557, 44.991159635848767 ], [ -4.655175292736804, 44.992943802659831 ], [ -4.656982941813099, 44.9947321478258 ], [ -4.658782448651863, 44.996524652598552 ], [ -4.66057379359995, 44.998321298184671 ], [ -4.662356957084592, 45.000122065745515 ], [ -4.664131919613066, 45.001926936397034 ], [ -4.665898661773558, 45.003735891210766 ], [ -4.66765716423439, 45.005548911213197 ], [ -4.669407407745305, 45.007365977386335 ], [ -4.67114937313711, 45.009187070668077 ], [ -4.672883041322107, 45.011012171951883 ], [ -4.674608393294029, 45.012841262087441 ], [ -4.676325410128529, 45.014674321880726 ], [ -4.678034072983479, 45.016511332093742 ], [ -4.679734363098754, 45.01835227344565 ], [ -4.681426261797212, 45.020197126612111 ], [ -4.683109750483847, 45.022045872225696 ], [ -4.684784810647084, 45.023898490876334 ], [ -4.686451423858059, 45.025754963111332 ], [ -4.688109571771799, 45.027615269435408 ], [ -4.689759236126449, 45.029479390311153 ], [ -4.691400398744259, 45.03134730615902 ], [ -4.693033041531375, 45.033218997357807 ], [ -4.694657146478011, 45.03509444424423 ], [ -4.696272695659512, 45.036973627114136 ], [ -4.697879671234881, 45.03885652622148 ], [ -4.699478055448817, 45.040743121779549 ], [ -4.701067830630627, 45.042633393960649 ], [ -4.702648979195159, 45.044527322896272 ], [ -4.704221483642687, 45.0464248886775 ], [ -4.705785326559147, 45.048326071355213 ], [ -4.707340490616391, 45.050230850940054 ], [ -4.708886958572709, 45.052139207402796 ], [ -4.710424713272447, 45.054051120674679 ], [ -4.711953737646292, 45.055966570647165 ], [ -4.713474014712149, 45.057885537172595 ], [ -4.714985527574521, 45.059808000064123 ], [ -4.716488259425414, 45.061733939096136 ], [ -4.717982193543747, 45.063663334004254 ], [ -4.719467313296437, 45.065596164485477 ], [ -4.720943602138211, 45.067532410198616 ], [ -4.722411043611262, 45.069472050764446 ], [ -4.723869621346278, 45.071415065765763 ], [ -4.725319319062675, 45.073361434747653 ], [ -4.726760120567757, 45.075311137217888 ], [ -4.728192009758224, 45.077264152646634 ], [ -4.72961497061939, 45.079220460467482 ], [ -4.7310289872257, 45.081180040076624 ], [ -4.732434043741576, 45.08314287083396 ], [ -4.733830124420248, 45.085108932062674 ], [ -4.735217213605125, 45.087078203049906 ], [ -4.736595295729537, 45.089050663046649 ], [ -4.737964355316844, 45.091026291268228 ], [ -4.739324376981095, 45.093005066893994 ], [ -4.7406753454265, 45.09498696906811 ], [ -4.742017245448245, 45.096971976899582 ], [ -4.743350061932456, 45.098960069462343 ], [ -4.744673779856143, 45.100951225795434 ], [ -4.745988384288117, 45.102945424903538 ], [ -4.747293860388003, 45.10494264575668 ], [ -4.748590193408022, 45.106942867291117 ], [ -4.749877368691363, 45.108946068408677 ], [ -4.751155371674034, 45.11095222797784 ], [ -4.752424187883747, 45.112961324833371 ], [ -4.753683802941072, 45.114973337776782 ], [ -4.754934202559001, 45.116988245576572 ], [ -4.756175372543417, 45.119006026968151 ], [ -4.75740729879309, 45.121026660654515 ], [ -4.758629967300266, 45.123050125305909 ], [ -4.759843364150442, 45.125076399560669 ], [ -4.761047475522357, 45.127105462024794 ], [ -4.762242287689076, 45.129137291272649 ], [ -4.763427787016911, 45.131171865847058 ], [ -4.764603959966796, 45.133209164259313 ], [ -4.76577079309367, 45.135249164989759 ], [ -4.76692827304722, 45.137291846487464 ], [ -4.768076386571487, 45.139337187171144 ], [ -4.769215120505328, 45.141385165428794 ], [ -4.770344461782674, 45.143435759618164 ], [ -4.771464397432617, 45.145488948066976 ], [ -4.772574914579568, 45.147544709073074 ], [ -4.773676000443457, 45.149603020904678 ], [ -4.774767642339946, 45.151663861800508 ], [ -4.775849827680626, 45.153727209970384 ], [ -4.776922543972741, 45.155793043594883 ], [ -4.777985778819977, 45.157861340825875 ], [ -4.779039519922669, 45.159932079786877 ], [ -4.780083755077051, 45.162005238573016 ], [ -4.781118472176879, 45.16408079525111 ], [ -4.782143659212045, 45.166158727860562 ], [ -4.783159304269732, 45.168239014412819 ], [ -4.784165395534439, 45.170321632892126 ], [ -4.785161921287941, 45.172406561255357 ], [ -4.786148869909578, 45.174493777432509 ], [ -4.787126229876254, 45.176583259326954 ], [ -4.788093989763268, 45.178674984815459 ], [ -4.789052138242948, 45.18076893174846 ], [ -4.790000664086873, 45.182865077950453 ], [ -4.790939556164208, 45.184963401220067 ], [ -4.791868803442862, 45.187063879330353 ], [ -4.792788394989628, 45.18916649002886 ], [ -4.793698319969737, 45.191271211038114 ], [ -4.794598567647605, 45.193378020055789 ], [ -4.795489127386801, 45.195486894754737 ], [ -4.79636998865014, 45.1975978127834 ], [ -4.797241140999779, 45.199710751765963 ], [ -4.798102574097497, 45.201825689302744 ], [ -4.79895427770522, 45.203942602970031 ], [ -4.799796241684026, 45.20606147032084 ], [ -4.800628455995624, 45.208182268884833 ], [ -4.80145091070165, 45.210304976168295 ], [ -4.802263595964201, 45.212429569655029 ], [ -4.803066502046086, 45.214556026806108 ], [ -4.803859619309939, 45.21668432506025 ], [ -4.804642938220316, 45.218814441833793 ], [ -4.805416449341819, 45.220946354521466 ], [ -4.806180143340401, 45.2230800404962 ], [ -4.806934010983499, 45.225215477109352 ], [ -4.807678043139561, 45.22735264169124 ], [ -4.80841223077871, 45.229491511551046 ], [ -4.809136564972513, 45.231632063977358 ], [ -4.809851036894684, 45.23377427623808 ], [ -4.810555637820679, 45.235918125581051 ], [ -4.811250359127775, 45.238063589233803 ], [ -4.811935192295842, 45.240210644404186 ], [ -4.812610128906887, 45.242359268280573 ], [ -4.813275160645463, 45.244509438031855 ], [ -4.813930279298348, 45.246661130807773 ], [ -4.814575476755929, 45.24881432373941 ], [ -4.815210745010532, 45.250968993939082 ], [ -4.815836076157954, 45.253125118500733 ], [ -4.816451462397096, 45.255282674500258 ], [ -4.817056896030024, 45.25744163899536 ], [ -4.817652369462288, 45.259601989026365 ], [ -4.818237875202915, 45.261763701616125 ], [ -4.818813405864546, 45.263926753769972 ], [ -4.819378954163602, 45.266091122476645 ], [ -4.819934512920454, 45.268256784708086 ], [ -4.820480075059666, 45.270423717419739 ], [ -4.821015633609364, 45.272591897550697 ], [ -4.821541181702472, 45.274761302024118 ], [ -4.822056712576313, 45.276931907747461 ], [ -4.822562219572254, 45.279103691612647 ], [ -4.823057696136813, 45.281276630496208 ], [ -4.823543135820953, 45.283450701259895 ], [ -4.824018532280475, 45.285625880750381 ], [ -4.824483879276282, 45.287802145799937 ], [ -4.824939170674545, 45.289979473226488 ], [ -4.825384400446127, 45.292157839833877 ], [ -4.825819562667729, 45.294337222412153 ], [ -4.826244651521136, 45.296517597737825 ], [ -4.826659661293792, 45.298698942574099 ], [ -4.827064586378865, 45.300881233670886 ], [ -4.827459421275202, 45.303064447765443 ], [ -4.827844160587571, 45.305248561582275 ], [ -4.828218799026599, 45.307433551833618 ], [ -4.828583331409152, 45.309619395219649 ], [ -4.828937752658122, 45.311806068428545 ], [ -4.829282057803037, 45.31399354813697 ], [ -4.829616241979262, 45.31618181101009 ], [ -4.829940300429072, 45.318370833702012 ], [ -4.830254228501089, 45.320560592855962 ], [ -4.830558021650944, 45.322751065104512 ], [ -4.830851675440877, 45.324942227069755 ], [ -4.83113518553988, 45.327134055363786 ], [ -4.831408547724035, 45.32932652658863 ], [ -4.83167175787686, 45.331519617336895 ], [ -4.831924811988456, 45.333713304191441 ], [ -4.83216770615658, 45.335907563726302 ], [ -4.832400436586174, 45.338102372506334 ], [ -4.832622999589793, 45.340297707087913 ], [ -4.83283539158742, 45.342493544018879 ], [ -4.833037609106551, 45.344689859839036 ], [ -4.833229648783052, 45.34688663108011 ], [ -4.833411507359539, 45.34908383426616 ], [ -4.833583181687434, 45.351281445913962 ], [ -4.833744668725568, 45.353479442533065 ], [ -4.83389596554137, 45.355677800626012 ], [ -4.834037069309895, 45.357876496688739 ], [ -4.834167977314616, 45.360075507210752 ], [ -4.834288686947404, 45.362274808675387 ], [ -4.834399195708532, 45.364474377559944 ], [ -4.83449950120644, 45.36667419033629 ], [ -4.834589601158616, 45.368874223470613 ], [ -4.834669493390716, 45.37107445342405 ], [ -4.834739175837107, 45.37327485665282 ], [ -4.834798646541426, 45.37547540960832 ], [ -4.834847903655607, 45.377676088737807 ], [ -4.834886945440675, 45.379876870484239 ], [ -4.83491577026664, 45.382077731286351 ], [ -4.834934376612621, 45.384278647579805 ], [ -4.834942763066779, 45.386479595796267 ], [ -4.834940928326473, 45.388680552364669 ], [ -4.834928871198352, 45.390881493710744 ], [ -4.834906590598334, 45.393082396257775 ], [ -4.834874085551656, 45.395283236426508 ], [ -4.834831355193462, 45.397483990635514 ], [ -4.8347783987675, 45.399684635301533 ], [ -4.834715215627929, 45.401885146839653 ], [ -4.834641805238152, 45.404085501663545 ], [ -4.83455816717133, 45.406285676185711 ], [ -4.8344643011102, 45.40848564681793 ], [ -4.834360206847587, 45.410685389970944 ], [ -4.834245884286046, 45.412884882055664 ], [ -4.83412133343776, 45.415084099482335 ], [ -4.833986554425276, 45.417283018661728 ], [ -4.833841547480914, 45.419481616004781 ], [ -4.833686312947259, 45.421679867923174 ], [ -4.833520851276571, 45.423877750829327 ], [ -4.833345163031593, 45.426075241136942 ], [ -4.833159248885504, 45.428272315260926 ], [ -4.832963109620865, 45.430468949618238 ], [ -4.832756746131604, 45.432665120627277 ], [ -4.832540159421203, 45.434860804708791 ], [ -4.832313350603745, 45.437055978286082 ], [ -4.83207632090376, 45.43925061778485 ], [ -4.831829071656037, 45.441444699633955 ], [ -4.831571604306386, 45.443638200265255 ], [ -4.83130392041041, 45.445831096114148 ], [ -4.831026021634649, 45.448023363619612 ], [ -4.830737909756302, 45.450214979224711 ], [ -4.830439586663061, 45.452405919376766 ], [ -4.830131054353223, 45.454596160527124 ], [ -4.829812314935833, 45.456785679132359 ], [ -4.829483370630831, 45.45897445165371 ], [ -4.829144223768529, 45.461162454557822 ], [ -4.828794876790218, 45.463349664316539 ], [ -4.828435332248225, 45.465536057407604 ], [ -4.828065592804993, 45.467721610315031 ], [ -4.827685661234778, 45.469906299528454 ], [ -4.827295540421774, 45.472090101544488 ], [ -4.8268952333616, 45.47427299286641 ], [ -4.826484743160603, 45.476454950004445 ], [ -4.826064073036094, 45.478635949475986 ], [ -4.825633226316238, 45.480815967806159 ], [ -4.825192206440264, 45.482994981527767 ], [ -4.824741016958635, 45.485172967181661 ], [ -4.824279661532001, 45.487349901316897 ], [ -4.823808143932868, 45.489525760491198 ], [ -4.823326468044124, 45.491700521271071 ], [ -4.822834637859908, 45.493874160232032 ], [ -4.822332657485632, 45.496046653958977 ], [ -4.821820531137386, 45.498217979046309 ], [ -4.821298263142349, 45.50038811209825 ], [ -4.820765857938773, 45.502557029729225 ], [ -4.820223320075981, 45.504724708563877 ], [ -4.81967065421429, 45.506891125237502 ], [ -4.819107865125103, 45.509056256396264 ], [ -4.818534957690896, 45.511220078697384 ], [ -4.817951936905238, 45.513382568809384 ], [ -4.817358807872409, 45.515543703412661 ], [ -4.816755575808064, 45.517703459199261 ], [ -4.816142246038558, 45.519861812873494 ], [ -4.815518824001897, 45.52201874115179 ], [ -4.814885315246081, 45.524174220763726 ], [ -4.814241725431194, 45.526328228451305 ], [ -4.813588060327706, 45.528480740970046 ], [ -4.812924325816929, 45.530631735088548 ], [ -4.812250527891501, 45.532781187589336 ], [ -4.811566672654864, 45.534929075268906 ], [ -4.81087276632143, 45.537075374937608 ], [ -4.810168815216348, 45.539220063420572 ], [ -4.809454825776034, 45.541363117557495 ], [ -4.808730804547231, 45.543504514202937 ], [ -4.807996758188255, 45.54564423022682 ], [ -4.807252693467372, 45.547782242514572 ], [ -4.806498617264483, 45.549918527967122 ], [ -4.805734536569626, 45.552053063501468 ], [ -4.804960458484031, 45.554185826050933 ], [ -4.804176390219419, 45.556316792565262 ], [ -4.803382339098229, 45.558445940010955 ], [ -4.802578312553742, 45.56057324537143 ], [ -4.801764318129492, 45.562698685647483 ], [ -4.80094036347997, 45.564822237857349 ], [ -4.800106456370061, 45.566943879037062 ], [ -4.79926260467515, 45.569063586240617 ], [ -4.798408816381482, 45.57118133654037 ], [ -4.797545099585016, 45.573297107027116 ], [ -4.796671462492666, 45.575410874810515 ], [ -4.795787913421728, 45.577522617019184 ], [ -4.794894460799405, 45.579632310801216 ], [ -4.793991113163806, 45.581739933323952 ], [ -4.79307787916257, 45.583845461774835 ], [ -4.792154767553868, 45.585948873361119 ], [ -4.791221787206325, 45.588050145310554 ], [ -4.79027894709815, 45.590149254871413 ], [ -4.789326256317595, 45.592246179312745 ], [ -4.788363724063338, 45.594340895924745 ], [ -4.787391359643519, 45.596433382018773 ], [ -4.786409172476513, 45.598523614927963 ], [ -4.785417172090124, 45.600611572007168 ], [ -4.784415368122389, 45.602697230633488 ], [ -4.783403770320851, 45.604780568206088 ], [ -4.78238238854239, 45.60686156214696 ], [ -4.781351232753783, 45.608940189900892 ], [ -4.780310313031314, 45.611016428935699 ], [ -4.779259639560654, 45.613090256742623 ], [ -4.778199222636777, 45.615161650836569 ], [ -4.777129072664231, 45.617230588756115 ], [ -4.776049200156353, 45.619297048064197 ], [ -4.774959615736403, 45.621361006347868 ], [ -4.773860330135859, 45.623422441218935 ], [ -4.772751354195812, 45.625481330314045 ], [ -4.771632698866225, 45.627537651295043 ], [ -4.77050437520575, 45.629591381848975 ], [ -4.7693663943822, 45.631642499688638 ], [ -4.768218767671597, 45.633690982552629 ], [ -4.767061506459155, 45.635736808205714 ], [ -4.76589462223822, 45.637779954439154 ], [ -4.764718126611062, 45.639820399070508 ], [ -4.76353203128778, 45.641858119944452 ], [ -4.762336348087332, 45.643893094932871 ], [ -4.7611310889365, 45.645925301934767 ], [ -4.759916265870442, 45.647954718876996 ], [ -4.758691891032405, 45.649981323714051 ], [ -4.757457976673409, 45.65200509442888 ], [ -4.756214535152429, 45.654026009032414 ], [ -4.754961578936079, 45.656044045564542 ], [ -4.753699120599099, 45.658059182093758 ], [ -4.752427172823258, 45.66007139671796 ], [ -4.751145748398129, 45.662080667564105 ], [ -4.749854860220466, 45.664086972789015 ], [ -4.748554521294602, 45.666090290579191 ], [ -4.74724474473164, 45.668090599151434 ], [ -4.745925543750133, 45.67008787675271 ], [ -4.744596931675523, 45.672082101660678 ], [ -4.743258921940032, 45.674073252183845 ], [ -4.741911528082528, 45.676061306661822 ], [ -4.740554763748722, 45.678046243465623 ], [ -4.739188642691021, 45.68002804099774 ], [ -4.737813178767832, 45.682006677692499 ], [ -4.736428385944081, 45.683982132016418 ], [ -4.735034278291119, 45.685954382468267 ], [ -4.733630869985883, 45.687923407579454 ], [ -4.732218175311874, 45.689889185913941 ], [ -4.730796208657983, 45.6918516960692 ], [ -4.729364984518868, 45.693810916675709 ], [ -4.727924517494934, 45.695766826397552 ], [ -4.726474822292153, 45.697719403932531 ], [ -4.725015913721634, 45.699668628012653 ], [ -4.723547806699997, 45.701614477404071 ], [ -4.722070516248547, 45.703556930907446 ], [ -4.72058405749379, 45.705495967358402 ], [ -4.719088445667425, 45.707431565627331 ], [ -4.717583696105137, 45.709363704620088 ], [ -4.716069824247749, 45.711292363277586 ], [ -4.71454684564034, 45.713217520577103 ], [ -4.713014775932393, 45.715139155531482 ], [ -4.711473630877349, 45.717057247189743 ], [ -4.709923426333043, 45.71897177463763 ], [ -4.708364178260921, 45.720882716997338 ], [ -4.706795902726176, 45.722790053428135 ], [ -4.705218615897733, 45.724693763126339 ], [ -4.703632334047938, 45.726593825325821 ], [ -4.702037073552328, 45.728490219298045 ], [ -4.700432850890169, 45.730382924352263 ], [ -4.698819682642803, 45.732271919835988 ], [ -4.697197585495437, 45.734157185135089 ], [ -4.695566576235183, 45.736038699673912 ], [ -4.693926671752188, 45.737916442915719 ], [ -4.692277889039025, 45.739790394362899 ], [ -4.690620245190445, 45.74166053355701 ], [ -4.688953757403096, 45.743526840079333 ], [ -4.687278442975823, 45.74538929355078 ], [ -4.685594319309207, 45.747247873632418 ], [ -4.683901403905463, 45.749102560025392 ], [ -4.682199714368283, 45.750953332471489 ], [ -4.680489268402548, 45.752800170753119 ], [ -4.67877008381423, 45.754643054693652 ], [ -4.677042178510832, 45.756481964157764 ], [ -4.675305570499605, 45.758316879051414 ], [ -4.673560277889609, 45.760147779322182 ], [ -4.671806318889352, 45.761974644959693 ], [ -4.670043711808455, 45.763797455995494 ], [ -4.668272475055897, 45.765616192503728 ], [ -4.666492627141331, 45.767430834600823 ], [ -4.664704186673583, 45.769241362446309 ], [ -4.662907172361214, 45.77104775624251 ], [ -4.661101603012605, 45.772849996235053 ], [ -4.659287497534885, 45.774648062713261 ], [ -4.657464874934217, 45.776441936009988 ], [ -4.655633754315867, 45.77823159650201 ], [ -4.653794154883923, 45.780017024610451 ], [ -4.651946095940421, 45.781798200800779 ], [ -4.65008959688607, 45.783575105583033 ], [ -4.648224677219682, 45.785347719512146 ], [ -4.646351356537885, 45.787116023188247 ], [ -4.644469654535186, 45.788879997256515 ], [ -4.64257959100336, 45.790639622407987 ], [ -4.640681185831883, 45.792394879379302 ], [ -4.638774459006983, 45.794145748953071 ], [ -4.636859430612222, 45.795892211958133 ], [ -4.634936120827828, 45.797634249269841 ], [ -4.633004549930292, 45.799371841810178 ], [ -4.631064738292468, 45.801104970547783 ], [ -4.629116706383964, 45.802833616498788 ], [ -4.627160474769802, 45.804557760726368 ], [ -4.625196064110469, 45.806277384341342 ], [ -4.623223495162843, 45.807992468502405 ], [ -4.62124278877837, 45.809702994415922 ], [ -4.61925396590384, 45.811408943336801 ], [ -4.617257047581271, 45.813110296568141 ], [ -4.615252054946769, 45.814807035461939 ], [ -4.613239009231254, 45.816499141418781 ], [ -4.611217931759911, 45.818186595888456 ], [ -4.60918884395219, 45.819869380370115 ], [ -4.607151767320578, 45.821547476412341 ], [ -4.605106723472322, 45.823220865613415 ], [ -4.603053734106832, 45.824889529621636 ], [ -4.600992821017751, 45.826553450135457 ], [ -4.598924006091001, 45.828212608903812 ], [ -4.596847311305317, 45.829866987725836 ], [ -4.594762758732017, 45.831516568452081 ], [ -4.592670370534924, 45.833161332983494 ], [ -4.590570168969418, 45.834801263272666 ], [ -4.58846217638313, 45.836436341323527 ], [ -4.586346415214805, 45.838066549191609 ], [ -4.58422290799489, 45.839691868984254 ], [ -4.582091677344809, 45.841312282861118 ], [ -4.579952745976932, 45.842927773033836 ], [ -4.577806136693994, 45.844538321766805 ], [ -4.575651872389693, 45.846143911376963 ], [ -4.57348997604713, 45.847744524234265 ], [ -4.571320470739881, 45.84934014276152 ], [ -4.569143379631011, 45.850930749435285 ], [ -4.566958725973155, 45.852516326785427 ], [ -4.564766533107773, 45.854096857395447 ], [ -4.562566824465597, 45.855672323902994 ], [ -4.560359623565987, 45.857242708999763 ], [ -4.55814495401671, 45.858807995431683 ], [ -4.55592283951368, 45.860368165999688 ], [ -4.553693303840676, 45.861923203558824 ], [ -4.551456370869758, 45.863473091019621 ], [ -4.549212064559413, 45.865017811347592 ], [ -4.546960408956108, 45.8665573475635 ], [ -4.544701428192838, 45.868091682743966 ], [ -4.542435146489535, 45.869620800021018 ], [ -4.540161588152526, 45.871144682583001 ], [ -4.537880777573782, 45.872663313674096 ], [ -4.535592739231896, 45.874176676595184 ], [ -4.533297497690486, 45.87568475470345 ], [ -4.530995077598943, 45.877187531412943 ], [ -4.528685503691475, 45.878684990194728 ], [ -4.526368800787205, 45.88017711457686 ], [ -4.524044993789924, 45.881663888144821 ], [ -4.521714107687434, 45.883145294541691 ], [ -4.519376167551947, 45.884621317468309 ], [ -4.517031198539122, 45.886091940683187 ], [ -4.514679225887953, 45.887557148003424 ], [ -4.512320274921364, 45.889016923303963 ], [ -4.509954371044176, 45.89047125051848 ], [ -4.507581539744563, 45.89192011363938 ], [ -4.505201806592975, 45.893363496717882 ], [ -4.502815197241705, 45.894801383864255 ], [ -4.500421737424879, 45.896233759248162 ], [ -4.498021452958673, 45.897660607098551 ], [ -4.495614369739794, 45.899081911704165 ], [ -4.493200513746244, 45.900497657413482 ], [ -4.490779911036658, 45.901907828635004 ], [ -4.488352587750064, 45.90331240983754 ], [ -4.485918570105635, 45.904711385550165 ], [ -4.483477884402188, 45.906104740362515 ], [ -4.481030557018455, 45.907492458925134 ], [ -4.478576614411711, 45.908874525949287 ], [ -4.476116083118709, 45.910250926207553 ], [ -4.473648989754993, 45.911621644533753 ], [ -4.471175361013711, 45.91298666582307 ], [ -4.468695223666651, 45.914345975032589 ], [ -4.46620860456323, 45.915699557181078 ], [ -4.463715530630318, 45.917047397349265 ], [ -4.461216028871798, 45.91838948068019 ], [ -4.458710126368334, 45.919725792379303 ], [ -4.456197850277785, 45.921056317714545 ], [ -4.453679227833286, 45.922381042016688 ], [ -4.451154286344748, 45.923699950679179 ], [ -4.448623053196986, 45.925013029158684 ], [ -4.446085555850686, 45.926320262975274 ], [ -4.443541821841574, 45.927621637712058 ], [ -4.440991878779457, 45.928917139016335 ], [ -4.43843575434926, 45.930206752598615 ], [ -4.435873476309586, 45.931490464233633 ], [ -4.433305072492955, 45.93276825976023 ], [ -4.430730570805119, 45.934040125081317 ], [ -4.42814999922521, 45.935306046164605 ], [ -4.425563385805384, 45.936566009042188 ], [ -4.422970758669624, 45.937819999811033 ], [ -4.420372146014927, 45.939068004632986 ], [ -4.417767576109441, 45.940310009735171 ], [ -4.415157077293165, 45.941546001409726 ], [ -4.412540677977336, 45.942775966014629 ], [ -4.409918406644264, 45.943999889973107 ], [ -4.407290291846509, 45.945217759774394 ], [ -4.404656362207039, 45.94642956197363 ], [ -4.402016646418554, 45.947635283191985 ], [ -4.399371173243853, 45.948834910116908 ], [ -4.396719971514429, 45.950028429502382 ], [ -4.39406307013086, 45.951215828168742 ], [ -4.391400498062781, 45.952397093003313 ], [ -4.388732284347491, 45.953572210960274 ], [ -4.386058458090506, 45.954741169060767 ], [ -4.383379048464994, 45.955903954393058 ], [ -4.380694084711204, 45.957060554113141 ], [ -4.37800359613668, 45.958210955444223 ], [ -4.375307612115343, 45.959355145677229 ], [ -4.372606162086965, 45.960493112170973 ], [ -4.369899275557954, 45.961624842352265 ], [ -4.367186982100161, 45.962750323716065 ], [ -4.364469311349984, 45.963869543825524 ], [ -4.361746293009649, 45.964982490312266 ], [ -4.359017956845446, 45.966089150876627 ], [ -4.356284332687865, 45.967189513287479 ], [ -4.353545450431334, 45.968283565382684 ], [ -4.350801340033914, 45.969371295069116 ], [ -4.34805203151648, 45.970452690322837 ], [ -4.345297554963309, 45.97152773918922 ], [ -4.342537940520597, 45.972596429783039 ], [ -4.339773218396935, 45.973658750288877 ], [ -4.33700341886261, 45.974714688960816 ], [ -4.334228572249183, 45.97576423412297 ], [ -4.331448708949594, 45.97680737416939 ], [ -4.328663859417356, 45.977844097564407 ], [ -4.325874054166335, 45.978874392842656 ], [ -4.323079323770055, 45.979898248609146 ], [ -4.320279698862188, 45.980915653539675 ], [ -4.317475210135592, 45.981926596380433 ], [ -4.314665888341679, 45.982931065948662 ], [ -4.31185176429076, 45.983929051132684 ], [ -4.309032868851243, 45.984920540891871 ], [ -4.306209232949299, 45.985905524256879 ], [ -4.303380887568969, 45.98688399032963 ], [ -4.30054786375077, 45.9878559282838 ], [ -4.297710192592358, 45.988821327364683 ], [ -4.294867905247682, 45.989780176889177 ], [ -4.292021032926625, 45.99073246624625 ], [ -4.289169606894872, 45.99167818489699 ], [ -4.28631365847336, 45.992617322374421 ], [ -4.283453219037836, 45.993549868284305 ], [ -4.280588320018545, 45.994475812304316 ], [ -4.277718992899895, 45.995395144185032 ], [ -4.27484526922038, 45.996307853749634 ], [ -4.271967180571506, 45.997213930894077 ], [ -4.269084758598052, 45.998113365587244 ], [ -4.266198034997444, 45.999006147871157 ], [ -4.263307041519266, 45.999892267860986 ], [ -4.260411809965264, 46.000771715744925 ], [ -4.257512372188549, 46.001644481785036 ], [ -4.254608760093362, 46.002510556316516 ], [ -4.251701005634823, 46.003369929748558 ], [ -4.248789140818355, 46.004222592563735 ], [ -4.245873197699712, 46.005068535318827 ], [ -4.242953208383736, 46.005907748644432 ], [ -4.240029205025022, 46.006740223245352 ], [ -4.23710121982681, 46.007565949900474 ], [ -4.234169285040944, 46.008384919463104 ], [ -4.231233432967105, 46.009197122861138 ], [ -4.228293695953087, 46.010002551096825 ], [ -4.22535010639394, 46.010801195247097 ], [ -4.222402696731246, 46.011593046463659 ], [ -4.219451499453674, 46.012378095973268 ], [ -4.21649654709574, 46.013156335077468 ], [ -4.213537872237834, 46.013927755153134 ], [ -4.210575507505983, 46.014692347651916 ], [ -4.207609485570678, 46.015450104101177 ], [ -4.20463983914741, 46.01620101610353 ], [ -4.201666600995826, 46.016945075337134 ], [ -4.198689803919631, 46.017682273555678 ], [ -4.19570948076524, 46.018412602588647 ], [ -4.192725664422971, 46.019136054341381 ], [ -4.189738387825169, 46.019852620794964 ], [ -4.186747683946643, 46.020562294006638 ], [ -4.183753585804143, 46.021265066109635 ], [ -4.180756126455832, 46.021960929313458 ], [ -4.177755339000785, 46.022649875904051 ], [ -4.174751256578773, 46.023331898243327 ], [ -4.171743912370034, 46.024006988770168 ], [ -4.168733339594357, 46.024675139999751 ], [ -4.165719571511189, 46.025336344523957 ], [ -4.162702641419096, 46.025990595011429 ], [ -4.159682582655022, 46.026637884207702 ], [ -4.15665942859437, 46.027278204935193 ], [ -4.153633212650431, 46.027911550093357 ], [ -4.150603968273726, 46.028537912658983 ], [ -4.147571728952032, 46.029157285685471 ], [ -4.144536528209722, 46.029769662304226 ], [ -4.141498399607175, 46.030375035723445 ], [ -4.138457376741024, 46.030973399229026 ], [ -4.13541349324291, 46.031564746184422 ], [ -4.132366782779629, 46.03214907003067 ], [ -4.129317279052676, 46.032726364286518 ], [ -4.126265015797642, 46.033296622548242 ], [ -4.123210026783863, 46.03385983849028 ], [ -4.120152345814176, 46.03441600586482 ], [ -4.117092006724299, 46.034965118502228 ], [ -4.114029043382545, 46.035507170310723 ], [ -4.110963489689252, 46.036042155276853 ], [ -4.107895379576758, 46.036570067465213 ], [ -4.104824747008359, 46.037090901018964 ], [ -4.101751625978477, 46.037604650159402 ], [ -4.098676050512258, 46.038111309186263 ], [ -4.095598054664267, 46.038610872478046 ], [ -4.09251767251947, 46.039103334491543 ], [ -4.089434938191447, 46.039588689762375 ], [ -4.08634988582323, 46.040066932904764 ], [ -4.083262549585563, 46.040538058611695 ], [ -4.080172963677979, 46.04100206165532 ], [ -4.077081162327186, 46.04145893688613 ], [ -4.073987179786747, 46.04190867923414 ], [ -4.070891050337512, 46.042351283708122 ], [ -4.06779280828653, 46.042786745395908 ], [ -4.064692487966708, 46.043215059464615 ], [ -4.061590123736281, 46.043636221160611 ], [ -4.05848574997879, 46.044050225809308 ], [ -4.055379401102345, 46.044457068815724 ], [ -4.052271111539489, 46.044856745664099 ], [ -4.049160915746096, 46.045249251918122 ], [ -4.04604884820193, 46.045634583221066 ], [ -4.042934943409745, 46.046012735295619 ], [ -4.039819235894336, 46.046383703944315 ], [ -4.036701760202988, 46.046747485049075 ], [ -4.03358255090478, 46.047104074571614 ], [ -4.03046164258985, 46.047453468553499 ], [ -4.027339069869314, 46.047795663116005 ], [ -4.024214867374741, 46.048130654460294 ], [ -4.021089069757768, 46.048458438867364 ], [ -4.017961711689319, 46.048779012698226 ], [ -4.014832827859694, 46.049092372393908 ], [ -4.011702452978327, 46.049398514475307 ], [ -4.008570621772185, 46.049697435543585 ], [ -4.005437368986663, 46.049989132279997 ], [ -4.002302729384358, 46.050273601445745 ], [ -3.99916673774531, 46.050550839882504 ], [ -3.996029428865587, 46.050820844512074 ], [ -3.992890837557958, 46.051083612336463 ], [ -3.98975099865073, 46.051339140438081 ], [ -3.986609946987334, 46.051587425979598 ], [ -3.983467717426705, 46.051828466204206 ], [ -3.980324344841522, 46.052062258435328 ], [ -3.977179864119035, 46.05228880007688 ], [ -3.974034310159772, 46.052508088613429 ], [ -3.970887717877926, 46.05272012160998 ], [ -3.967740122199904, 46.052924896711779 ], [ -3.964591558064841, 46.053122411645106 ], [ -3.96144206042347, 46.053312664216541 ], [ -3.958291664238304, 46.053495652313352 ], [ -3.955140404482792, 46.053671373903541 ], [ -3.951988316140848, 46.053839827035652 ], [ -3.948835434206605, 46.054001009839055 ], [ -3.945681793684334, 46.054154920523722 ], [ -3.942527429587335, 46.054301557380349 ], [ -3.939372376937591, 46.054440918780664 ], [ -3.936216670765935, 46.054573003176841 ], [ -3.933060346110981, 46.054697809102073 ], [ -3.92990343801912, 46.054815335170296 ], [ -3.926745981543786, 46.054925580076286 ], [ -3.923588011745195, 46.05502854259575 ], [ -3.920429563690075, 46.055124221585089 ], [ -3.917270672450748, 46.055212615981794 ], [ -3.914111373105141, 46.055293724804095 ], [ -3.910951700736136, 46.055367547151207 ], [ -3.907791690431048, 46.055434082203305 ], [ -3.904631377281899, 46.055493329221356 ], [ -3.901470796383741, 46.055545287547432 ], [ -3.898309982835253, 46.055589956604457 ], [ -3.895148971738278, 46.055627335896311 ], [ -3.891987798196509, 46.055657425007873 ], [ -3.88882649731599, 46.055680223604959 ], [ -3.885665104203992, 46.055695731434319 ], [ -3.882503653969722, 46.05570394832381 ], [ -3.879342181722095, 46.055704874182034 ], [ -3.876180722570874, 46.055698508998773 ], [ -3.873019311625411, 46.055684852844848 ], [ -3.869857983994956, 46.055663905871796 ], [ -3.866696774786856, 46.055635668312249 ], [ -3.863535719107949, 46.05560014047979 ], [ -3.86037485206247, 46.055557322769126 ], [ -3.857214208752707, 46.05550721565573 ], [ -3.854053824278012, 46.055449819696157 ], [ -3.850893733734693, 46.055385135527708 ], [ -3.847733972215521, 46.055313163868973 ], [ -3.844574574808897, 46.05523390551906 ], [ -3.84141557659907, 46.055147361358465 ], [ -3.8382570126651, 46.055053532348097 ], [ -3.835098918080964, 46.054952419530196 ], [ -3.831941327914564, 46.054844024027553 ], [ -3.82878427722808, 46.054728347044133 ], [ -3.825627801076615, 46.054605389864562 ], [ -3.822471934508325, 46.054475153854355 ], [ -3.81931671256377, 46.054337640459849 ], [ -3.816162170276138, 46.054192851208178 ], [ -3.813008342669348, 46.054040787707372 ], [ -3.809855264759284, 46.053881451646106 ], [ -3.806702971552234, 46.053714844793816 ], [ -3.803551498044885, 46.053540969000714 ], [ -3.800400879224183, 46.05335982619777 ], [ -3.797251150066042, 46.053171418396438 ], [ -3.794102345535724, 46.05297574768899 ], [ -3.79095450058717, 46.05277281624835 ], [ -3.787807650162338, 46.052562626327962 ], [ -3.784661829191018, 46.052345180261867 ], [ -3.781517072590531, 46.052120480464758 ], [ -3.778373415264697, 46.051888529431515 ], [ -3.775230892104446, 46.051649329737877 ], [ -3.772089537986318, 46.051402884039938 ], [ -3.768949387772528, 46.05114919507421 ], [ -3.765810476310475, 46.050888265657427 ], [ -3.762672838432603, 46.050620098686899 ], [ -3.759536508955258, 46.050344697140083 ], [ -3.756401522679007, 46.050062064074901 ], [ -3.753267914388265, 46.049772202629427 ], [ -3.7501357188495, 46.049475116021888 ], [ -3.747004970812983, 46.049170807550773 ], [ -3.743875705010394, 46.048859280594556 ], [ -3.740747956155566, 46.048540538612087 ], [ -3.73762175894338, 46.048214585141878 ], [ -3.73449714805033, 46.047881423802671 ], [ -3.731374158132496, 46.047541058293149 ], [ -3.728252823826928, 46.047193492391905 ], [ -3.725133179749736, 46.046838729957365 ], [ -3.722015260496492, 46.046476774927697 ], [ -3.718899100641606, 46.046107631320972 ], [ -3.715784734738044, 46.045731303234902 ], [ -3.712672197316386, 46.045347794846904 ], [ -3.709561522885052, 46.044957110414003 ], [ -3.706452745929447, 46.04455925427267 ], [ -3.703345900911723, 46.044154230839098 ], [ -3.7002410222704, 46.043742044608827 ], [ -3.697138144419621, 46.043322700156864 ], [ -3.694037301749543, 46.042896202137356 ], [ -3.690938528624677, 46.042462555283933 ], [ -3.687841859384356, 46.042021764409483 ], [ -3.6847473283424, 46.04157383440603 ], [ -3.681654969786123, 46.041118770244466 ], [ -3.678564817976361, 46.040656576975145 ], [ -3.675476907146524, 46.040187259727112 ], [ -3.672391271503082, 46.039710823708418 ], [ -3.669307945224021, 46.039227274206084 ], [ -3.666226962459436, 46.038736616585702 ], [ -3.663148357330839, 46.038238856291969 ], [ -3.66007216393001, 46.037733998847614 ], [ -3.656998416319571, 46.03722204985467 ], [ -3.653927148532011, 46.036703014993293 ], [ -3.650858394569585, 46.036176900022234 ], [ -3.647792188403735, 46.03564371077853 ], [ -3.644728563974658, 46.035103453177697 ], [ -3.641667555190731, 46.034556133213215 ], [ -3.638609195928372, 46.034001756957068 ], [ -3.635553520031852, 46.033440330559152 ], [ -3.632500561312273, 46.032871860247369 ], [ -3.6294503535475, 46.032296352327634 ], [ -3.626402930481696, 46.031713813183728 ], [ -3.623358325825086, 46.031124249277227 ], [ -3.620316573253375, 46.030527667147368 ], [ -3.61727770640731, 46.029924073411003 ], [ -3.61424175889206, 46.029313474762724 ], [ -3.611208764277567, 46.028695877974336 ], [ -3.608178756097283, 46.02807128989518 ], [ -3.605151767848275, 46.027439717451855 ], [ -3.602127832990671, 46.026801167648216 ], [ -3.599106984947206, 46.026155647565126 ], [ -3.596089257102988, 46.025503164360643 ], [ -3.593074682804638, 46.024843725269861 ], [ -3.590063295360586, 46.024177337604378 ], [ -3.587055128040385, 46.023504008752894 ], [ -3.584050214073647, 46.022823746180769 ], [ -3.581048586650942, 46.02213655742986 ], [ -3.578050278922191, 46.021442450118549 ], [ -3.575055323996816, 46.020741431941737 ], [ -3.572063754943814, 46.020033510670387 ], [ -3.569075604789931, 46.019318694151998 ], [ -3.566090906520993, 46.018596990310073 ], [ -3.563109693080223, 46.017868407144135 ], [ -3.560131997368155, 46.017132952729582 ], [ -3.55715785224299, 46.016390635217789 ], [ -3.554187290519147, 46.015641462835703 ], [ -3.551220344967523, 46.014885443886065 ], [ -3.548257048314528, 46.014122586747014 ], [ -3.545297433242439, 46.013352899872231 ], [ -3.542341532388533, 46.012576391790702 ], [ -3.539389378344864, 46.011793071106609 ], [ -3.536441003657508, 46.011002946499261 ], [ -3.533496440826972, 46.010206026722983 ], [ -3.53055572230681, 46.009402320607052 ], [ -3.527618880503837, 46.008591837055505 ], [ -3.524685947777953, 46.007774585047024 ], [ -3.521756956441148, 46.006950573634946 ], [ -3.518831938757231, 46.006119811947087 ], [ -3.515910926942264, 46.005282309185617 ], [ -3.512993953162635, 46.004438074626854 ], [ -3.510081049536315, 46.003587117621478 ], [ -3.507172248131376, 46.002729447593993 ], [ -3.504267580966069, 46.001865074042819 ], [ -3.501367080008284, 46.000994006540253 ], [ -3.498470777175381, 46.000116254732312 ], [ -3.495578704333368, 45.999231828338466 ], [ -3.492690893297205, 45.998340737151601 ], [ -3.489807375829441, 45.99744299103812 ], [ -3.486928183641064, 45.996538599937274 ], [ -3.484053348390348, 45.995627573861825 ], [ -3.48118290168216, 45.994709922897187 ], [ -3.478316875068517, 45.993785657201762 ], [ -3.475455300047458, 45.992854787006614 ], [ -3.472598208063363, 45.9919173226154 ], [ -3.46974563050565, 45.990973274404197 ], [ -3.466897598709413, 45.990022652821473 ], [ -3.464054143954084, 45.98906546838797 ], [ -3.46121529746378, 45.98810173169646 ], [ -3.458381090406935, 45.987131453411514 ], [ -3.455551553895225, 45.986154644269789 ], [ -3.452726718984247, 45.985171315079434 ], [ -3.449906616671965, 45.984181476720465 ], [ -3.447091277899167, 45.983185140143988 ], [ -3.444280733549454, 45.982182316372352 ], [ -3.441475014447405, 45.981173016499675 ], [ -3.438674151359936, 45.980157251690322 ], [ -3.435878174994457, 45.979135033180157 ], [ -3.433087115999586, 45.978106372275427 ], [ -3.430301004964686, 45.977071280353364 ], [ -3.427519872418308, 45.976029768861281 ], [ -3.424743748829721, 45.974981849317118 ], [ -3.421972664606935, 45.973927533309016 ], [ -3.419206650097288, 45.97286683249505 ], [ -3.416445735586645, 45.971799758603225 ], [ -3.413689951299186, 45.970726323431563 ], [ -3.410939327397199, 45.969646538847471 ], [ -3.408193893980788, 45.968560416787874 ], [ -3.405453681086655, 45.967467969259332 ], [ -3.402718718689, 45.966369208337248 ], [ -3.399989036698229, 45.965264146166284 ], [ -3.397264664961596, 45.964152794960064 ], [ -3.39454563326139, 45.963035167000818 ], [ -3.391831971316088, 45.961911274639654 ], [ -3.389123708778977, 45.960781130295828 ], [ -3.386420875238491, 45.959644746457194 ], [ -3.383723500217327, 45.958502135679609 ], [ -3.381031613172322, 45.957353310587038 ], [ -3.378345243494418, 45.956198283871302 ], [ -3.375664420507739, 45.955037068292008 ], [ -3.372989173469814, 45.953869676676135 ], [ -3.370319531570802, 45.952696121918173 ], [ -3.367655523933346, 45.951516416980091 ], [ -3.364997179612271, 45.950330574890458 ], [ -3.362344527594532, 45.949138608745223 ], [ -3.359697596797877, 45.947940531706998 ], [ -3.357056416071953, 45.946736357004937 ], [ -3.354421014196343, 45.945526097934689 ], [ -3.351791419882074, 45.94430976785825 ], [ -3.349167661769839, 45.943087380203771 ], [ -3.346549768429939, 45.941858948465374 ], [ -3.343937768362629, 45.940624486202815 ], [ -3.34133168999706, 45.939384007041909 ], [ -3.338731561691459, 45.93813752467355 ], [ -3.336137411732563, 45.936885052854237 ], [ -3.333549268334988, 45.935626605405574 ], [ -3.33096715964155, 45.934362196214067 ], [ -3.328391113722872, 45.93309183923111 ], [ -3.32582115857608, 45.93181554847277 ], [ -3.323257322126028, 45.930533338019714 ], [ -3.320699632223885, 45.929245222016768 ], [ -3.318148116647029, 45.927951214673016 ], [ -3.315602803098785, 45.926651330261393 ], [ -3.31306371920835, 45.925345583118926 ], [ -3.310530892530379, 45.924033987645963 ], [ -3.308004350544564, 45.922716558306576 ], [ -3.305484120654848, 45.921393309627987 ], [ -3.302970230190394, 45.920064256200696 ], [ -3.300462706403998, 45.918729412678033 ], [ -3.297961576472328, 45.917388793776034 ], [ -3.295466867495618, 45.91604241427342 ], [ -3.292978606497748, 45.91469028901146 ], [ -3.29049682042482, 45.913332432893569 ], [ -3.288021536146117, 45.911968860885139 ], [ -3.285552780452893, 45.910599588013483 ], [ -3.283090580058675, 45.909224629367856 ], [ -3.280634961598667, 45.907844000098599 ], [ -3.278185951629341, 45.906457715417858 ], [ -3.27574357662861, 45.905065790598705 ], [ -3.273307862994863, 45.903668240975165 ], [ -3.270878837047429, 45.902265081942211 ], [ -3.268456525025572, 45.900856328955328 ], [ -3.26604095308885, 45.899441997530481 ], [ -3.263632147316203, 45.898022103243875 ], [ -3.261230133706341, 45.896596661731827 ], [ -3.258834938176511, 45.895165688690312 ], [ -3.256446586563412, 45.893729199875324 ], [ -3.254065104621932, 45.892287211102158 ], [ -3.251690518025249, 45.890839738245397 ], [ -3.249322852364643, 45.889386797238949 ], [ -3.246962133149125, 45.887928404075438 ], [ -3.244608385804959, 45.886464574806347 ], [ -3.242261635675645, 45.884995325541738 ], [ -3.23992190802147, 45.883520672449833 ], [ -3.237589228019547, 45.882040631757327 ], [ -3.235263620763149, 45.88055521974875 ], [ -3.232945111261431, 45.879064452766414 ], [ -3.230633724439771, 45.877568347210143 ], [ -3.22832948513872, 45.876066919537358 ], [ -3.226032418114124, 45.874560186262435 ], [ -3.22374254803678, 45.873048163957087 ], [ -3.221459899492237, 45.871530869249447 ], [ -3.21918449698075, 45.870008318824539 ], [ -3.216916364916166, 45.868480529423664 ], [ -3.214655527626868, 45.86694751784448 ], [ -3.212402009354519, 45.865409300940577 ], [ -3.210155834254091, 45.863865895621245 ], [ -3.207917026394397, 45.862317318851588 ], [ -3.205685609756102, 45.860763587652116 ], [ -3.203461608233332, 45.859204719098379 ], [ -3.201245045632058, 45.857640730321172 ], [ -3.199035945670891, 45.85607163850581 ], [ -3.196834331979781, 45.854497460892532 ], [ -3.194640228100624, 45.852918214775762 ], [ -3.192453657486501, 45.85133391750437 ], [ -3.190274643501921, 45.849744586480909 ], [ -3.188103209421967, 45.84815023916186 ], [ -3.18593937843237, 45.846550893057319 ], [ -3.183783173629406, 45.844946565730858 ], [ -3.181634618019455, 45.843337274798927 ], [ -3.179493734518762, 45.841723037931352 ], [ -3.177360545953164, 45.840103872850307 ], [ -3.175235075058028, 45.838479797330677 ], [ -3.173117344477851, 45.836850829199868 ], [ -3.171007376766291, 45.835216986337095 ], [ -3.168905194385645, 45.833578286673657 ], [ -3.16681081970623, 45.831934748192701 ], [ -3.164724275007123, 45.830286388928599 ], [ -3.162645582475399, 45.828633226967078 ], [ -3.160574764205936, 45.826975280445019 ], [ -3.158511842200822, 45.825312567550228 ], [ -3.156456838369805, 45.823645106520978 ], [ -3.154409774529822, 45.821972915646036 ], [ -3.15237067240432, 45.820296013264453 ], [ -3.150339553623907, 45.818614417765247 ], [ -3.14831643972528, 45.816928147587113 ], [ -3.146301352151536, 45.815237221218474 ], [ -3.144294312251553, 45.813541657197028 ], [ -3.14229534128038, 45.811841474109592 ], [ -3.140304460398291, 45.810136690592046 ], [ -3.138321690671394, 45.808427325328758 ], [ -3.136347053070156, 45.806713397052746 ], [ -3.134380568470773, 45.804994924545099 ], [ -3.132422257653876, 45.803271926635169 ], [ -3.130472141304583, 45.80154442219996 ], [ -3.128530240012131, 45.799812430164259 ], [ -3.12659657427034, 45.798075969500111 ], [ -3.124671164476652, 45.796335059226671 ], [ -3.122754030932125, 45.794589718410165 ], [ -3.12084519384153, 45.792839966163413 ], [ -3.118944673312765, 45.791085821645815 ], [ -3.11705248935697, 45.789327304063079 ], [ -3.115168661888106, 45.787564432666855 ], [ -3.113293210722766, 45.785797226754518 ], [ -3.111426155580502, 45.784025705669286 ], [ -3.10956751608244, 45.782249888799662 ], [ -3.10771731175225, 45.780469795579222 ], [ -3.105875562015763, 45.778685445486538 ], [ -3.104042286200015, 45.776896858044871 ], [ -3.10221750353408, 45.775104052821817 ], [ -3.100401233148268, 45.773307049429413 ], [ -3.098593494073883, 45.771505867523558 ], [ -3.096794305243237, 45.769700526804002 ], [ -3.095003685490055, 45.767891047014075 ], [ -3.093221653547705, 45.766077447940312 ], [ -3.091448228050896, 45.76425974941251 ], [ -3.089683427534359, 45.762437971303143 ], [ -3.087927270432553, 45.76061213352758 ], [ -3.086179775080235, 45.758782256043212 ], [ -3.084440959711814, 45.756948358850096 ], [ -3.082710842461627, 45.755110461989702 ], [ -3.08098944136279, 45.753268585545698 ], [ -3.079276774347992, 45.751422749642842 ], [ -3.077572859249166, 45.749572974447361 ], [ -3.07587771379691, 45.747719280166471 ], [ -3.074191355620468, 45.745861687048063 ], [ -3.072513802248054, 45.744000215380673 ], [ -3.070845071105797, 45.742134885493222 ], [ -3.069185179518572, 45.740265717754333 ], [ -3.06753414470904, 45.73839273257299 ], [ -3.065891983797746, 45.736515950397369 ], [ -3.064258713803403, 45.734635391715273 ], [ -3.062634351641787, 45.7327510770535 ], [ -3.061018914126535, 45.730863026977687 ], [ -3.059412417968703, 45.728971262092408 ], [ -3.057814879776146, 45.727075803040371 ], [ -3.056226316053752, 45.725176670502655 ], [ -3.054646743203641, 45.723273885198083 ], [ -3.053076177524132, 45.721367467883489 ], [ -3.051514635210866, 45.71945743935283 ], [ -3.049962132355043, 45.717543820437612 ], [ -3.048418684944641, 45.715626632006092 ], [ -3.046884308863691, 45.713705894963461 ], [ -3.045359019892174, 45.711781630251309 ], [ -3.043842833706135, 45.709853858847467 ], [ -3.042335765877024, 45.707922601765929 ], [ -3.040837831872015, 45.705987880056512 ], [ -3.039349047054077, 45.704049714804356 ], [ -3.037869426680866, 45.702108127130096 ], [ -3.036398985905504, 45.700163138189332 ], [ -3.034937739776396, 45.698214769172594 ], [ -3.033485703236489, 45.696263041304981 ], [ -3.032042891124027, 45.694307975845845 ], [ -3.030609318171446, 45.692349594088704 ], [ -3.029184999005749, 45.690387917360823 ], [ -3.027769948148935, 45.688422967023286 ], [ -3.026364180016555, 45.686454764470383 ], [ -3.02496770891878, 45.684483331129535 ], [ -3.023580549059766, 45.682508688461084 ], [ -3.022202714537657, 45.680530857958033 ], [ -3.020834219344415, 45.678549861145711 ], [ -3.019475077365559, 45.676565719581667 ], [ -3.018125302380261, 45.674578454855222 ], [ -3.01678490806166, 45.672588088587489 ], [ -3.015453907975272, 45.670594642430885 ], [ -3.014132315580889, 45.668598138069051 ], [ -3.01282014423099, 45.666598597216478 ], [ -3.011517407171063, 45.664596041618431 ], [ -3.010224117539692, 45.662590493050509 ], [ -3.008940288368303, 45.660581973318521 ], [ -3.00766593258089, 45.658570504258122 ], [ -3.006401062994247, 45.656556107734701 ], [ -3.005145692317885, 45.654538805643213 ], [ -3.003899833153364, 45.652518619907582 ], [ -3.0026634979949, 45.650495572480708 ], [ -3.001436699228739, 45.648469685344267 ], [ -3.000219449133248, 45.646440980508338 ], [ -2.999011759879419, 45.644409480011063 ], [ -2.997813643529481, 45.642375205918782 ], [ -2.996625112038025, 45.640338180325301 ], [ -2.995446177251122, 45.638298425351934 ], [ -2.9942768509067, 45.636255963147256 ], [ -2.993117144634361, 45.634210815886547 ], [ -2.991967069955365, 45.632163005772142 ], [ -2.990826638282103, 45.630112555032383 ], [ -2.989695860918381, 45.628059485922186 ], [ -2.988574749059592, 45.626003820722161 ], [ -2.987463313792093, 45.623945581738745 ], [ -2.986361566093408, 45.621884791303785 ], [ -2.985269516832171, 45.619821471774216 ], [ -2.984187176768125, 45.617755645531908 ], [ -2.983114556551624, 45.615687334983562 ], [ -2.982051666724184, 45.613616562560168 ], [ -2.980998517717669, 45.611543350716957 ], [ -2.979955119855183, 45.609467721933029 ], [ -2.97892148335004, 45.607389698711245 ], [ -2.977897618306272, 45.605309303577798 ], [ -2.976883534718348, 45.60322655908201 ], [ -2.975879242471532, 45.601141487796262 ], [ -2.974884751340825, 45.599054112315542 ], [ -2.973900070992132, 45.596964455257051 ], [ -2.972925210981195, 45.594872539260507 ], [ -2.971960180754144, 45.592778386987277 ], [ -2.971004989647436, 45.590682021120372 ], [ -2.970059646887143, 45.588583464364234 ], [ -2.969124161589737, 45.586482739444548 ], [ -2.968198542761448, 45.584379869107821 ], [ -2.967282799298748, 45.582274876121019 ], [ -2.966376939987584, 45.580167783271847 ], [ -2.965480973504086, 45.578058613367723 ], [ -2.964594908413908, 45.575947389236234 ], [ -2.963718753172598, 45.573834133724375 ], [ -2.962852516125089, 45.571718869698771 ], [ -2.961996205506637, 45.569601620044878 ], [ -2.961149829441271, 45.567482407667121 ], [ -2.960313395943154, 45.565361255488597 ], [ -2.959486912915626, 45.563238186450512 ], [ -2.958670388151948, 45.561113223512315 ], [ -2.95786382933436, 45.558986389651324 ], [ -2.957067244034688, 45.55685770786242 ], [ -2.95628063971417, 45.554727201157647 ], [ -2.955504023723615, 45.55259489256634 ], [ -2.954737403302734, 45.550460805134435 ], [ -2.953980785580846, 45.548324961924436 ], [ -2.95323417757611, 45.546187386015497 ], [ -2.952497586196307, 45.544048100502266 ], [ -2.951771018238499, 45.541907128495552 ], [ -2.951054480388529, 45.539764493121595 ], [ -2.950347979221652, 45.537620217521969 ], [ -2.949651521202335, 45.53547432485302 ], [ -2.948965112683793, 45.5333268382862 ], [ -2.948288759908719, 45.531177781007237 ], [ -2.947622469008676, 45.529027176216218 ], [ -2.946966246004513, 45.526875047127056 ], [ -2.946320096805747, 45.524721416967751 ], [ -2.945684027211018, 45.522566308979293 ], [ -2.945058042908587, 45.520409746416398 ], [ -2.944442149474777, 45.518251752546405 ], [ -2.943836352375465, 45.516092350649508 ], [ -2.943240656965462, 45.51393156401835 ], [ -2.942655068488419, 45.51176941595773 ], [ -2.942079592077086, 45.509605929784392 ], [ -2.941514232753235, 45.507441128826827 ], [ -2.94095899542731, 45.505275036424898 ], [ -2.940413884898963, 45.503107675929712 ], [ -2.93987890585668, 45.500939070703282 ], [ -2.939354062878011, 45.498769244118094 ], [ -2.938839360429646, 45.496598219557448 ], [ -2.938334802866609, 45.494426020414295 ], [ -2.937840394433719, 45.492252670091872 ], [ -2.937356139263954, 45.490078192002976 ], [ -2.936882041379802, 45.487902609569517 ], [ -2.936418104692597, 45.485725946222857 ], [ -2.935964333002897, 45.48354822540314 ], [ -2.93552072999965, 45.481369470558967 ], [ -2.935087299261332, 45.479189705147611 ], [ -2.934664044255434, 45.477008952634037 ], [ -2.93425096833819, 45.474827236491386 ], [ -2.933848074755138, 45.47264458020026 ], [ -2.933455366640882, 45.470461007248538 ], [ -2.933072847019054, 45.468276541131317 ], [ -2.932700518802317, 45.466091205350345 ], [ -2.932338384792819, 45.463905023414135 ], [ -2.931986447681233, 45.46171801883721 ], [ -2.931644710047902, 45.459530215140482 ], [ -2.931313174362352, 45.457341635850511 ], [ -2.930991842983155, 45.455152304499357 ], [ -2.93068071815815, 45.452962244624381 ], [ -2.930379802024502, 45.450771479768051 ], [ -2.930089096608896, 45.448580033477405 ], [ -2.929808603826841, 45.446387929304223 ], [ -2.929538325483771, 45.444195190804614 ], [ -2.929278263274061, 45.442001841538364 ], [ -2.92902841878181, 45.439807905069252 ], [ -2.928788793480446, 45.437613404964488 ], [ -2.928559388733268, 45.435418364794572 ], [ -2.928340205792524, 45.43322280813296 ], [ -2.928131245800387, 45.431026758555731 ], [ -2.927932509788541, 45.428830239641634 ], [ -2.927743998678591, 45.426633274971586 ], [ -2.927565713281418, 45.424435888128357 ], [ -2.927397654298198, 45.422238102696546 ], [ -2.927239822319361, 45.420039942262157 ], [ -2.927092217825418, 45.417841430412366 ], [ -2.926954841186804, 45.415642590735445 ], [ -2.926827692663905, 45.413443446820203 ], [ -2.926710772406908, 45.411244022256 ], [ -2.926604080456041, 45.409044340632335 ], [ -2.926507616742058, 45.40684442553853 ], [ -2.926421381085288, 45.404644300563866 ], [ -2.926345373196565, 45.402443989296891 ], [ -2.926279592676898, 45.400243515325101 ], [ -2.926224039017535, 45.398042902235296 ], [ -2.926178711600102, 45.395842173612884 ], [ -2.926143609696863, 45.393641353041403 ], [ -2.926118732470259, 45.391440464102836 ], [ -2.926104078973288, 45.38923953037694 ], [ -2.926099648150035, 45.38703857544116 ], [ -2.926105438834647, 45.384837622870329 ], [ -2.926121449752257, 45.382636696236553 ], [ -2.9261476795186, 45.380435819108655 ], [ -2.926184126640847, 45.378235015052191 ], [ -2.926230789516298, 45.376034307629169 ], [ -2.926287666434036, 45.37383372039762 ], [ -2.926354755573628, 45.371633276911531 ], [ -2.92643205500594, 45.369433000720512 ], [ -2.926519562693169, 45.367232915369698 ], [ -2.926617276488675, 45.365033044399134 ], [ -2.926725194137417, 45.3628334113439 ], [ -2.926843313275519, 45.360634039733753 ], [ -2.926971631430651, 45.358434953092569 ], [ -2.927110146022224, 45.356236174938743 ], [ -2.927258854361175, 45.354037728784299 ], [ -2.927417753650157, 45.351839638135012 ], [ -2.927586840984166, 45.349641926489873 ], [ -2.927766113349254, 45.347444617341353 ], [ -2.927955567623989, 45.345247734174428 ], [ -2.928155200579176, 45.343051300466982 ], [ -2.928365008877388, 45.340855339689135 ], [ -2.928584989073686, 45.338659875303243 ], [ -2.928815137615257, 45.336464930763441 ], [ -2.929055450842148, 45.334270529515699 ], [ -2.929305924986505, 45.332076694997262 ], [ -2.929566556173185, 45.32988345063638 ], [ -2.929837340420029, 45.327690819852542 ], [ -2.930118273637273, 45.32549882605565 ], [ -2.930409351628077, 45.323307492646038 ], [ -2.930710570089048, 45.321116843014245 ], [ -2.931021924609415, 45.318926900540724 ], [ -2.93134341067191, 45.316737688595502 ], [ -2.931675023652165, 45.314549230538219 ], [ -2.932016758819378, 45.312361549717558 ], [ -2.93236861133627, 45.310174669471003 ], [ -2.932730576259333, 45.307988613124984 ], [ -2.933102648538261, 45.305803403994219 ], [ -2.933484823016959, 45.303619065381689 ], [ -2.933877094432884, 45.301435620578154 ], [ -2.934279457418073, 45.299253092862202 ], [ -2.93469190649782, 45.297071505499993 ], [ -2.935114436092333, 45.294890881744713 ], [ -2.935547040515813, 45.292711244836546 ], [ -2.935989713977066, 45.290532618002452 ], [ -2.936442450579162, 45.288355024455946 ], [ -2.936905244320216, 45.286178487396633 ], [ -2.937378089092669, 45.284003030010062 ], [ -2.937860978684183, 45.28182867546775 ], [ -2.9383539067772, 45.279655446926668 ], [ -2.938856866949625, 45.277483367528895 ], [ -2.939369852674125, 45.275312460401778 ], [ -2.939892857318889, 45.273142748657172 ], [ -2.940425874147805, 45.270974255391756 ], [ -2.940968896319868, 45.268807003686334 ], [ -2.941521916890394, 45.266641016605725 ], [ -2.942084928809898, 45.264476317198763 ], [ -2.94265792492518, 45.262312928497778 ], [ -2.94324089797906, 45.260150873518413 ], [ -2.943833840610691, 45.257990175259359 ], [ -2.944436745355147, 45.255830856702275 ], [ -2.945049604644468, 45.253672940811377 ], [ -2.945672410806865, 45.251516450533359 ], [ -2.94630515606758, 45.249361408796993 ], [ -2.946947832548347, 45.247207838512821 ], [ -2.947600432268034, 45.245055762573294 ], [ -2.948262947142644, 45.242905203852281 ], [ -2.94893536898542, 45.240756185204617 ], [ -2.949617689506734, 45.238608729466314 ], [ -2.950309900314747, 45.236462859453987 ], [ -2.951011992915262, 45.234318597964759 ], [ -2.951723958711485, 45.232175967776115 ], [ -2.952445789004965, 45.230034991645347 ], [ -2.953177474994824, 45.227895692309758 ], [ -2.953919007778773, 45.225758092486068 ], [ -2.954670378352812, 45.223622214870211 ], [ -2.955431577611319, 45.221488082137398 ], [ -2.956202596346911, 45.2193557169415 ], [ -2.956983425251414, 45.217225141915144 ], [ -2.957774054915522, 45.215096379669255 ], [ -2.9585744758287, 45.212969452792841 ], [ -2.959384678379925, 45.210844383852894 ], [ -2.96020465285712, 45.208721195394233 ], [ -2.961034389447815, 45.206599909938745 ], [ -2.961873878239335, 45.204480549985846 ], [ -2.96272310921859, 45.202363138011833 ], [ -2.96358207227239, 45.200247696469617 ], [ -2.964450757187808, 45.198134247788992 ], [ -2.965329153651926, 45.196022814375546 ], [ -2.966217251252143, 45.193913418611366 ], [ -2.967115039476805, 45.191806082854086 ], [ -2.968022507714311, 45.189700829437037 ], [ -2.968939645254286, 45.187597680669043 ], [ -2.969866441287372, 45.185496658833813 ], [ -2.970802884905209, 45.183397786190127 ], [ -2.971748965100721, 45.18130108497143 ], [ -2.972704670768341, 45.179206577385713 ], [ -2.973669990704019, 45.177114285615012 ], [ -2.974644913605928, 45.175024231815463 ], [ -2.975629428073446, 45.172936438117048 ], [ -2.976623522608585, 45.170850926623203 ], [ -2.97762718561565, 45.168767719410653 ], [ -2.978640405400893, 45.166686838529429 ], [ -2.97966317017365, 45.164608306002229 ], [ -2.980695468045621, 45.162532143824521 ], [ -2.981737287031649, 45.160458373964076 ], [ -2.98278861504993, 45.158387018360962 ], [ -2.9838494399213, 45.156318098927379 ], [ -2.984919749370345, 45.154251637546942 ], [ -2.985999531025377, 45.152187656075128 ], [ -2.987088772418148, 45.150126176338439 ], [ -2.988187460984538, 45.148067220134763 ], [ -2.989295584064487, 45.146010809232592 ], [ -2.990413128902114, 45.143956965371302 ], [ -2.991540082646481, 45.141905710260545 ], [ -2.992676432350382, 45.139857065580138 ], [ -2.993822164972209, 45.137811052980247 ], [ -2.994977267374738, 45.135767694080144 ], [ -2.996141726326312, 45.133727010469379 ], [ -2.997315528500573, 45.131689023706286 ], [ -2.998498660476347, 45.129653755318657 ], [ -2.999691108738199, 45.127621226802972 ], [ -3.000892859676959, 45.12559145962453 ], [ -3.002103899588953, 45.123564475217044 ], [ -3.003324214677068, 45.121540294982402 ], [ -3.004553791050602, 45.119518940290632 ], [ -3.005792614725074, 45.11750043247963 ], [ -3.007040671623264, 45.115484792854559 ], [ -3.008297947574433, 45.113472042688407 ], [ -3.00956442831533, 45.111462203221102 ], [ -3.01084009948994, 45.109455295659465 ], [ -3.012124946649519, 45.107451341177295 ], [ -3.013418955253141, 45.10545036091461 ], [ -3.014722110668143, 45.103452375978129 ], [ -3.01603439816922, 45.101457407440314 ], [ -3.017355802939746, 45.099465476339724 ], [ -3.018686310071345, 45.097476603680541 ], [ -3.020025904564727, 45.095490810432452 ], [ -3.021374571328966, 45.093508117530369 ], [ -3.02273229518196, 45.09152854587429 ], [ -3.024099060851629, 45.089552116329017 ], [ -3.025474852974356, 45.087578849724103 ], [ -3.026859656096653, 45.085608766853319 ], [ -3.028253454674844, 45.08364188847473 ], [ -3.029656233075084, 45.081678235310626 ], [ -3.031067975573496, 45.079717828046803 ], [ -3.032488666357092, 45.077760687332791 ], [ -3.033918289522925, 45.075806833781527 ], [ -3.03535682907902, 45.073856287969015 ], [ -3.036804268944784, 45.071909070434309 ], [ -3.038260592950095, 45.069965201679445 ], [ -3.039725784836556, 45.068024702168543 ], [ -3.04119982825733, 45.066087592328557 ], [ -3.042682706777246, 45.064153892548418 ], [ -3.044174403873229, 45.062223623178859 ], [ -3.045674902934238, 45.060296804532733 ], [ -3.047184187261773, 45.058373456884134 ], [ -3.048702240069855, 45.056453600468586 ], [ -3.050229044485006, 45.054537255482863 ], [ -3.05176458354719, 45.052624442084465 ], [ -3.053308840209393, 45.050715180391983 ], [ -3.054861797337946, 45.048809490484189 ], [ -3.05642343771249, 45.046907392400513 ], [ -3.057993744027288, 45.045008906140389 ], [ -3.0595726988898, 45.043114051663217 ], [ -3.061160284822211, 45.041222848888118 ], [ -3.06275648426079, 45.03933531769384 ], [ -3.064361279556818, 45.037451477918438 ], [ -3.065974652976226, 45.035571349359131 ], [ -3.06759658670018, 45.033694951772304 ], [ -3.069227062824751, 45.031822304872698 ], [ -3.070866063362041, 45.029953428334117 ], [ -3.072513570239435, 45.028088341788326 ], [ -3.07416956530034, 45.026227064825562 ], [ -3.075834030304616, 45.02436961699393 ], [ -3.07750694692814, 45.022516017799532 ], [ -3.079188296763308, 45.020666286705598 ], [ -3.080878061319338, 45.018820443133379 ], [ -3.082576222022923, 45.016978506461015 ], [ -3.084282760217521, 45.015140496023683 ], [ -3.085997657163933, 45.013306431113598 ], [ -3.087720894040843, 45.01147633097937 ], [ -3.089452451944741, 45.00965021482628 ], [ -3.09119231189031, 45.007828101815804 ], [ -3.092940454810492, 45.006010011065584 ], [ -3.094696861556697, 45.004195961649039 ], [ -3.09646151289909, 45.002385972595427 ], [ -3.098234389526842, 45.000580062889412 ], [ -3.100015472048751, 44.998778251471172 ], [ -3.101804740992127, 44.996980557235815 ], [ -3.103602176804664, 44.995186999033685 ], [ -3.105407759853605, 44.993397595669627 ], [ -3.107221470426655, 44.991612365903329 ], [ -3.109043288731278, 44.98983132844878 ], [ -3.110873194896027, 44.988054501974219 ], [ -3.112711168969677, 44.98628190510194 ], [ -3.114557190922862, 44.984513556408167 ], [ -3.116411240646411, 44.982749474422633 ], [ -3.118273297953286, 44.980989677628806 ], [ -3.120143342578077, 44.979234184463401 ], [ -3.122021354176886, 44.977483013316174 ], [ -3.123907312328584, 44.975736182529928 ], [ -3.125801196533751, 44.973993710400329 ], [ -3.127702986216173, 44.972255615175584 ], [ -3.129612660721981, 44.970521915056239 ], [ -3.131530199320719, 44.968792628195324 ], [ -3.133455581205189, 44.967067772697725 ], [ -3.135388785491372, 44.965347366620243 ], [ -3.137329791219489, 44.963631427971613 ], [ -3.139278577353567, 44.961919974711961 ], [ -3.141235122781735, 44.960213024752811 ], [ -3.143199406316766, 44.958510595956831 ], [ -3.145171406696095, 44.956812706137775 ], [ -3.147151102582178, 44.955119373060356 ], [ -3.149138472562457, 44.953430614439824 ], [ -3.151133495149844, 44.951746447941943 ], [ -3.15313614878299, 44.950066891182864 ], [ -3.155146411826451, 44.948391961728909 ], [ -3.157164262570622, 44.946721677096484 ], [ -3.159189679232786, 44.945056054751632 ], [ -3.16122263995631, 44.943395112110146 ], [ -3.163263122811748, 44.941738866537307 ], [ -3.165311105796448, 44.940087335347769 ], [ -3.167366566835404, 44.938440535805377 ], [ -3.169429483780824, 44.9367984851228 ], [ -3.171499834413088, 44.93516120046155 ], [ -3.173577596440281, 44.933528698931958 ], [ -3.175662747499094, 44.931900997592805 ], [ -3.177755265154499, 44.930278113450989 ], [ -3.179855126900283, 44.928660063461813 ], [ -3.181962310159429, 44.927046864528457 ], [ -3.184076792283862, 44.925438533501996 ], [ -3.186198550555536, 44.923835087181139 ], [ -3.188327562185497, 44.922236542312064 ], [ -3.190463804315177, 44.920642915588509 ], [ -3.192607254016255, 44.919054223651003 ], [ -3.194757888290988, 44.917470483087492 ], [ -3.196915684071843, 44.915891710432611 ], [ -3.199080618223029, 44.914317922167768 ], [ -3.201252667539501, 44.912749134720791 ], [ -3.203431808747641, 44.9111853644661 ], [ -3.205618018505671, 44.909626627724116 ], [ -3.207811273403953, 44.908072940761592 ], [ -3.210011549965029, 44.906524319790996 ], [ -3.212218824643818, 44.904980780970781 ], [ -3.214433073827656, 44.90344234040473 ], [ -3.216654273837631, 44.901909014142284 ], [ -3.21888240092731, 44.900380818178107 ], [ -3.22111743128397, 44.898857768452139 ], [ -3.223359341028897, 44.897339880849017 ], [ -3.225608106217067, 44.895827171198647 ], [ -3.227863702837619, 44.894319655275346 ], [ -3.230126106814438, 44.892817348797998 ], [ -3.232395294005812, 44.89132026742989 ], [ -3.2346712402055, 44.889828426778621 ], [ -3.236953921142281, 44.888341842395867 ], [ -3.239243312479937, 44.886860529777117 ], [ -3.241539389818959, 44.885384504361866 ], [ -3.243842128694978, 44.88391378153316 ], [ -3.246151504580625, 44.88244837661744 ], [ -3.248467492884399, 44.880988304884681 ], [ -3.250790068951861, 44.879533581548017 ], [ -3.25311920806566, 44.878084221763501 ], [ -3.25545488544576, 44.87664024063038 ], [ -3.257797076249456, 44.875201653190381 ], [ -3.260145755572141, 44.873768474428118 ], [ -3.262500898446947, 44.872340719270554 ], [ -3.264862479845602, 44.870918402587002 ], [ -3.26723047467839, 44.869501539188967 ], [ -3.269604857794225, 44.86809014383018 ], [ -3.271985603981371, 44.866684231206129 ], [ -3.2743726879671, 44.865283815954072 ], [ -3.276766084418949, 44.863888912653103 ], [ -3.279165767943508, 44.862499535823666 ], [ -3.281571713088103, 44.861115699927588 ], [ -3.283983894340097, 44.859737419367931 ], [ -3.286402286128111, 44.858364708488942 ], [ -3.288826862821014, 44.856997581575634 ], [ -3.291257598729056, 44.855636052854173 ], [ -3.293694468104091, 44.85428013649112 ], [ -3.296137445139642, 44.852929846593568 ], [ -3.298586503971087, 44.851585197209324 ], [ -3.30104161867634, 44.850246202326254 ], [ -3.303502763275183, 44.848912875872394 ], [ -3.30596991173111, 44.847585231715875 ], [ -3.308443037949786, 44.84626328366474 ], [ -3.310922115780413, 44.84494704546659 ], [ -3.313407119016202, 44.843636530808965 ], [ -3.315898021393451, 44.842331753318703 ], [ -3.318394796593423, 44.841032726562112 ], [ -3.320897418240776, 44.839739464044634 ], [ -3.323405859905338, 44.838451979210937 ], [ -3.325920095102079, 44.837170285444685 ], [ -3.32844009729047, 44.835894396068227 ], [ -3.330965839876004, 44.834624324342904 ], [ -3.333497296209368, 44.833360083468527 ], [ -3.33603443958746, 44.832101686583414 ], [ -3.338577243253626, 44.83084914676428 ], [ -3.341125680397252, 44.829602477025972 ], [ -3.343679724154947, 44.828361690321699 ], [ -3.346239347609842, 44.827126799542391 ], [ -3.348804523792791, 44.82589781751706 ], [ -3.351375225681916, 44.824674757012239 ], [ -3.353951426203671, 44.823457630732385 ], [ -3.356533098232081, 44.822246451319394 ], [ -3.359120214589749, 44.821041231352218 ], [ -3.361712748048059, 44.819841983347672 ], [ -3.364310671327048, 44.818648719759231 ], [ -3.366913957096287, 44.81746145297776 ], [ -3.369522577974498, 44.816280195330634 ], [ -3.372136506530364, 44.815104959082731 ], [ -3.374755715282424, 44.813935756434759 ], [ -3.377380176699572, 44.812772599524706 ], [ -3.380009863201285, 44.811615500426726 ], [ -3.382644747157995, 44.810464471151249 ], [ -3.385284800890767, 44.809319523645144 ], [ -3.387929996672573, 44.808180669791447 ], [ -3.390580306727848, 44.80704792140893 ], [ -3.393235703232674, 44.805921290252542 ], [ -3.395896158315649, 44.804800788012876 ], [ -3.398561644057945, 44.803686426316268 ], [ -3.401232132492983, 44.802578216724584 ], [ -3.403907595607715, 44.801476170735285 ], [ -3.406588005342103, 44.800380299781118 ], [ -3.409273333589717, 44.799290615230085 ], [ -3.411963552197894, 44.798207128385215 ], [ -3.414658632968464, 44.797129850484858 ], [ -3.417358547657271, 44.796058792701999 ], [ -3.420063267975058, 44.794993966144794 ], [ -3.422772765587044, 44.793935381855711 ], [ -3.42548701211429, 44.792883050812272 ], [ -3.428205979133178, 44.791836983926139 ], [ -3.430929638175463, 44.790797192043712 ], [ -3.433657960729763, 44.789763685945623 ], [ -3.436390918240095, 44.788736476346564 ], [ -3.439128482107663, 44.787715573895532 ], [ -3.441870623690576, 44.786700989175408 ], [ -3.444617314303659, 44.785692732703282 ], [ -3.447368525219843, 44.784690814929604 ], [ -3.450124227669245, 44.783695246238942 ], [ -3.452884392840021, 44.782706036949293 ], [ -3.455648991878993, 44.78172319731236 ], [ -3.458417995891197, 44.78074673751302 ], [ -3.461191375940535, 44.7797766676698 ], [ -3.463969103050353, 44.778812997834287 ], [ -3.466751148202813, 44.77785573799116 ], [ -3.46953748234031, 44.776904898058383 ], [ -3.472328076364714, 44.775960487886792 ], [ -3.475122901138639, 44.775022517260012 ], [ -3.477921927484954, 44.774090995894547 ], [ -3.480725126187266, 44.77316593343955 ], [ -3.48353246799027, 44.77224733947692 ], [ -3.486343923600138, 44.771335223520879 ], [ -3.489159463684683, 44.770429595018186 ], [ -3.491979058873677, 44.769530463348019 ], [ -3.494802679758781, 44.768637837821601 ], [ -3.497630296894455, 44.767751727682423 ], [ -3.50046188079801, 44.76687214210618 ], [ -3.503297401949603, 44.76599909020041 ], [ -3.506136830792715, 44.765132581004721 ], [ -3.508980137734418, 44.764272623490292 ], [ -3.51182729314584, 44.763419226560394 ], [ -3.514678267362151, 44.762572399049525 ], [ -3.517533030683349, 44.761732149724253 ], [ -3.520391553373636, 44.760898487282354 ], [ -3.523253805662363, 44.760071420352972 ], [ -3.526119757744637, 44.759250957496825 ], [ -3.528989379780588, 44.758437107205765 ], [ -3.531862641896705, 44.757629877902666 ], [ -3.53473951418539, 44.756829277941861 ], [ -3.537619966705569, 44.756035315608464 ], [ -3.540503969482681, 44.755247999118652 ], [ -3.54339149250945, 44.754467336619307 ], [ -3.546282505746139, 44.753693336188221 ], [ -3.549176979119914, 44.752926005834013 ], [ -3.552074882526378, 44.752165353495833 ], [ -3.55497618582905, 44.751411387043333 ], [ -3.557880858859999, 44.750664114276923 ], [ -3.560788871420015, 44.749923542927135 ], [ -3.563700193278778, 44.749189680655064 ], [ -3.566614794175556, 44.748462535052063 ], [ -3.56953264381884, 44.74774211363966 ], [ -3.57245371188716, 44.747028423869473 ], [ -3.575377968029222, 44.746321473123515 ], [ -3.578305381864371, 44.745621268713407 ], [ -3.581235922982102, 44.744927817880964 ], [ -3.584169560943787, 44.744241127797714 ], [ -3.587106265281193, 44.74356120556515 ], [ -3.590046005498326, 44.742888058214461 ], [ -3.592988751070782, 44.742221692706494 ], [ -3.595934471446549, 44.741562115931671 ], [ -3.598883136045686, 44.740909334710153 ], [ -3.601834714261557, 44.740263355791441 ], [ -3.604789175459814, 44.739624185854382 ], [ -3.60774648898009, 44.738991831507377 ], [ -3.610706624135331, 44.73836629928806 ], [ -3.613669550212313, 44.737747595663315 ], [ -3.616635236472136, 44.737135727029077 ], [ -3.619603652150387, 44.736530699710634 ], [ -3.622574766457436, 44.735932519962319 ], [ -3.625548548578272, 44.735341193967322 ], [ -3.628524967673768, 44.734756727837841 ], [ -3.631503992880091, 44.734179127615128 ], [ -3.634485593309312, 44.73360839926891 ], [ -3.637469738050214, 44.733044548698217 ], [ -3.640456396167286, 44.732487581730346 ], [ -3.643445536702218, 44.731937504121582 ], [ -3.646437128673924, 44.731394321556579 ], [ -3.649431141078211, 44.730858039648929 ], [ -3.652427542888814, 44.73032866394027 ], [ -3.655426303057486, 44.729806199901219 ], [ -3.658427390513776, 44.729290652930402 ], [ -3.661430774166544, 44.728782028355049 ], [ -3.66443642290252, 44.728280331430618 ], [ -3.667444305588083, 44.727785567340902 ], [ -3.670454391068873, 44.727297741197738 ], [ -3.673466648170347, 44.726816858041524 ], [ -3.676481045697473, 44.726342922840402 ], [ -3.67949755243594, 44.725875940490837 ], [ -3.682516137151687, 44.72541591581723 ], [ -3.685536768591714, 44.724962853572059 ], [ -3.68855941548391, 44.72451675843562 ], [ -3.69158404653785, 44.7240776350163 ], [ -3.69461063044454, 44.723645487850256 ], [ -3.697639135877004, 44.723220321401477 ], [ -3.700669531490713, 44.722802140061596 ], [ -3.703701785923533, 44.722390948150419 ], [ -3.706735867796561, 44.721986749915047 ], [ -3.709771745713356, 44.721589549530385 ], [ -3.712809388261816, 44.721199351098981 ], [ -3.715848764012743, 44.720816158651004 ], [ -3.718889841521446, 44.720439976144057 ], [ -3.721932589327315, 44.720070807463415 ], [ -3.724976975954896, 44.719708656421794 ], [ -3.728022969912669, 44.719353526759164 ], [ -3.731070539695118, 44.719005422143312 ], [ -3.734119653781837, 44.718664346169028 ], [ -3.737170280638571, 44.718330302358659 ], [ -3.740222388716555, 44.718003294161768 ], [ -3.743275946453676, 44.717683324955182 ], [ -3.746330922274802, 44.717370398043052 ], [ -3.749387284591073, 44.717064516656855 ], [ -3.752445001801395, 44.716765683955032 ], [ -3.755504042292032, 44.716473903023299 ], [ -3.758564374437023, 44.716189176874508 ], [ -3.761625966598669, 44.71591150844862 ], [ -3.764688787127365, 44.715640900612613 ], [ -3.767752804362432, 44.71537735616068 ], [ -3.7708179866322, 44.715120877813973 ], [ -3.773884302254116, 44.714871468220416 ], [ -3.776951719535422, 44.71462912995527 ], [ -3.780020206772924, 44.714393865520613 ], [ -3.783089732253995, 44.714165677345392 ], [ -3.78616026425621, 44.713944567785433 ], [ -3.789231771047613, 44.713730539123574 ], [ -3.79230422088764, 44.713523593569526 ], [ -3.7953775820271, 44.713323733259841 ] ] ] ] } }
]
}
