{
"type": "FeatureCollection",
"name": "reg20",
"crs": { "type": "name", "properties": { "name": "urn:ogc:def:crs:EPSG::4236" } },
"features": [
{ "type": "Feature", "properties": { "insee_reg": "01" }, "geometry": { "type": "MultiPolygon", "coordinates": [ [ [ [ -4.209468165762991, 44.857513775464795 ], [ -4.215100541756954, 44.854673440052451 ], [ -4.226183801171113, 44.858368432677089 ], [ -4.238904438737329, 44.861967790234047 ], [ -4.247428698228108, 44.863308697949599 ], [ -4.244242854587218, 44.86656560258421 ], [ -4.245003463020906, 44.86982625154117 ], [ -4.24170001448077, 44.872042744916662 ], [ -4.242429485307079, 44.880868338457816 ], [ -4.239000442101517, 44.881119840698879 ], [ -4.231272932977602, 44.88503312935601 ], [ -4.226999332977754, 44.890542091846662 ], [ -4.222307385597898, 44.893289274654322 ], [ -4.215960157534973, 44.893430981555461 ], [ -4.211956493971967, 44.892197964679639 ], [ -4.201231332872997, 44.891709904266541 ], [ -4.198953281962073, 44.889507510902277 ], [ -4.20227137756058, 44.886027489653657 ], [ -4.200513177994458, 44.881958652510612 ], [ -4.193817673154645, 44.882695456263455 ], [ -4.18604583283133, 44.882027858720399 ], [ -4.181522656261563, 44.87817543025492 ], [ -4.185657317203687, 44.876973535297118 ], [ -4.185360727986327, 44.874730522369624 ], [ -4.18814525767135, 44.872440278777546 ], [ -4.19108002485344, 44.874734264994331 ], [ -4.195720287606195, 44.873624540267144 ], [ -4.197025211953041, 44.869145547478759 ], [ -4.200553810660655, 44.867175353110603 ], [ -4.20202800995576, 44.863473716298678 ], [ -4.206576855995082, 44.857469832893926 ], [ -4.209468165762991, 44.857513775464795 ] ] ], [ [ [ -4.15510209611015, 44.91000412040605 ], [ -4.147349204357198, 44.912161960940267 ], [ -4.14354819499088, 44.911937721903534 ], [ -4.142035277009182, 44.909379485646461 ], [ -4.144573109382694, 44.907197071028868 ], [ -4.146091239546473, 44.903652527937609 ], [ -4.148740551363025, 44.903782097722065 ], [ -4.152612168734165, 44.907447001066373 ], [ -4.160845575460188, 44.908736680970719 ], [ -4.158448828994637, 44.911676463396404 ], [ -4.15510209611015, 44.91000412040605 ] ] ], [ [ [ -4.344630712558829, 44.994669731872939 ], [ -4.349830561182258, 44.993976453079817 ], [ -4.351388066070795, 44.992219041805967 ], [ -4.358027133409407, 44.99145234952654 ], [ -4.364343121319544, 44.994223858307855 ], [ -4.368541416575152, 44.994404660268735 ], [ -4.37670782732925, 45.002049029506757 ], [ -4.377000651762807, 45.007301682996292 ], [ -4.375234930853447, 45.010701529797551 ], [ -4.376664602778015, 45.014950903635764 ], [ -4.380800654854162, 45.022795958056363 ], [ -4.383888424002377, 45.02808264631954 ], [ -4.392366679371688, 45.035713117773753 ], [ -4.392655751451141, 45.038464760495835 ], [ -4.401670938730253, 45.040835096236371 ], [ -4.407680913457168, 45.04162296057946 ], [ -4.414835813069939, 45.045080196630515 ], [ -4.423485954467782, 45.050313829001119 ], [ -4.428041832964762, 45.053685693880034 ], [ -4.430209615560945, 45.056845807850017 ], [ -4.440105922116591, 45.062553956915714 ], [ -4.447492032697147, 45.065211429448183 ], [ -4.451536421719234, 45.068026818123954 ], [ -4.454134837384697, 45.072584890196893 ], [ -4.457056075146364, 45.074309152305794 ], [ -4.45982529047166, 45.088121815159205 ], [ -4.463209728868962, 45.09273635383758 ], [ -4.462688118117014, 45.093922819449283 ], [ -4.465531610344357, 45.099260543548624 ], [ -4.4685505711628, 45.101845074715861 ], [ -4.468303713992971, 45.104283807872115 ], [ -4.474895257421402, 45.10665298149722 ], [ -4.476628693130695, 45.111064020283742 ], [ -4.479239856750776, 45.111816275450352 ], [ -4.486003556366142, 45.116514773508086 ], [ -4.489784047394539, 45.117897351322895 ], [ -4.490425461321998, 45.119745961566082 ], [ -4.495081663333862, 45.122145111831983 ], [ -4.498256223573773, 45.122605595769464 ], [ -4.499112793350346, 45.125555150473659 ], [ -4.504006468086618, 45.128955327963261 ], [ -4.510852388221401, 45.139465540810406 ], [ -4.510492358044341, 45.143838800121443 ], [ -4.508588421767969, 45.14575733975645 ], [ -4.510078854767748, 45.15013363110041 ], [ -4.508962067959946, 45.155848615306084 ], [ -4.512249415460544, 45.163534618283812 ], [ -4.510190264682519, 45.165179164886901 ], [ -4.509478424992685, 45.16928922274132 ], [ -4.512409438309111, 45.171112490196919 ], [ -4.513153138811663, 45.173500755091922 ], [ -4.508937409072311, 45.178495713682516 ], [ -4.512286653242218, 45.178494561901331 ], [ -4.518549915490839, 45.176933793242014 ], [ -4.521769043998956, 45.181768444677438 ], [ -4.517895223176748, 45.185574208631941 ], [ -4.523967843525719, 45.187952756085146 ], [ -4.520862022262512, 45.190397392984437 ], [ -4.52318610780722, 45.193542228657947 ], [ -4.526786999238721, 45.193770904388643 ], [ -4.527044898397898, 45.196717458862608 ], [ -4.523946340315865, 45.197905768490102 ], [ -4.52574668623554, 45.20330710527373 ], [ -4.528196766737613, 45.205025982340025 ], [ -4.526692114392988, 45.207387333671036 ], [ -4.528841836961467, 45.213794883935442 ], [ -4.527806090489126, 45.218012762581239 ], [ -4.530249362570489, 45.22219549761062 ], [ -4.527273400521127, 45.227158180581249 ], [ -4.523614679203541, 45.228688571965741 ], [ -4.523266216834683, 45.233118350759341 ], [ -4.527442001887931, 45.239486086595655 ], [ -4.529925999200861, 45.239767950120921 ], [ -4.534237638643978, 45.24322192805549 ], [ -4.540147524513169, 45.243958873133792 ], [ -4.542220081895186, 45.245444757815918 ], [ -4.542674964951089, 45.248694829822107 ], [ -4.539784964283029, 45.249974897336642 ], [ -4.536573039681446, 45.256912839551937 ], [ -4.538295681150448, 45.258241113715599 ], [ -4.538016151221703, 45.261822864701017 ], [ -4.540314443519347, 45.266460138976818 ], [ -4.541711076286838, 45.274122483737166 ], [ -4.540715991435992, 45.276566277266902 ], [ -4.541536257607045, 45.281016569437881 ], [ -4.544490176660288, 45.28535483913754 ], [ -4.542543000336535, 45.287215821743402 ], [ -4.549482480585693, 45.291194935352046 ], [ -4.55379846704631, 45.290680321234269 ], [ -4.558709906591941, 45.293029710936253 ], [ -4.557323563647672, 45.295117571027397 ], [ -4.559357981594276, 45.29858242360099 ], [ -4.559433476565194, 45.305838657350975 ], [ -4.557802791280181, 45.308720755959115 ], [ -4.56192791210365, 45.311165635612547 ], [ -4.561934754843929, 45.312703169310566 ], [ -4.568569903991505, 45.317295888776648 ], [ -4.56731405323273, 45.320330370029588 ], [ -4.568251220280935, 45.322775086280018 ], [ -4.566548110763308, 45.324983915873553 ], [ -4.566067374852071, 45.331279118165483 ], [ -4.562834682034926, 45.334325768765183 ], [ -4.56369647271072, 45.339410627406167 ], [ -4.563269604481626, 45.345095895017685 ], [ -4.566315330463813, 45.348221453914093 ], [ -4.571111989650809, 45.359956967094639 ], [ -4.575372044329494, 45.364183999480233 ], [ -4.578335010248821, 45.365309801656558 ], [ -4.585212703953601, 45.372471013709507 ], [ -4.59177498073517, 45.373333364596895 ], [ -4.599632680807258, 45.379558839581719 ], [ -4.604246078693277, 45.380805318947083 ], [ -4.608447891187236, 45.392944544935546 ], [ -4.612895624647761, 45.395967519732586 ], [ -4.613785244133269, 45.399017923676574 ], [ -4.616213898599613, 45.401369560237853 ], [ -4.615477864720602, 45.406283820936785 ], [ -4.616108014528311, 45.409831490294508 ], [ -4.619417817962223, 45.412403839743462 ], [ -4.617250460410408, 45.414924620284246 ], [ -4.622061493974324, 45.415774459893761 ], [ -4.625673834631091, 45.421054445648053 ], [ -4.615891929747724, 45.424849783384516 ], [ -4.613661754694975, 45.429294285056478 ], [ -4.614304059679568, 45.431978913566148 ], [ -4.617078156691686, 45.433212532906737 ], [ -4.615405080193557, 45.437898652658227 ], [ -4.613496989335619, 45.439321961705126 ], [ -4.617817849974073, 45.452151531657485 ], [ -4.615792065298041, 45.452914439690282 ], [ -4.617311790913385, 45.460128905405057 ], [ -4.614648683346527, 45.463822590557584 ], [ -4.605697749561715, 45.465743515355427 ], [ -4.604235379075048, 45.467875527243216 ], [ -4.604953536450583, 45.471228460745074 ], [ -4.614961421065594, 45.473366821137404 ], [ -4.619363247573365, 45.476905049798631 ], [ -4.61718053434593, 45.481553787682863 ], [ -4.602034955296972, 45.486771922991736 ], [ -4.595453707219784, 45.49135600946618 ], [ -4.593243864557775, 45.495876746892982 ], [ -4.594276198475781, 45.500878228067712 ], [ -4.598996868788467, 45.505060390613707 ], [ -4.59669873017399, 45.508978395990532 ], [ -4.592609384504116, 45.512272368622789 ], [ -4.581895357790481, 45.517805222475616 ], [ -4.579586035913368, 45.520350681045706 ], [ -4.581595602263418, 45.524827654324071 ], [ -4.575070351720775, 45.52963247214042 ], [ -4.568986900790971, 45.530864966647179 ], [ -4.567082858981161, 45.532762763099093 ], [ -4.56090871675345, 45.534214599100054 ], [ -4.557774258029923, 45.537007761554705 ], [ -4.55339040096924, 45.53765752521975 ], [ -4.548581271015254, 45.540153323436598 ], [ -4.541923523722348, 45.538766814892561 ], [ -4.536421840360597, 45.538622758353625 ], [ -4.527961448496689, 45.540860050384502 ], [ -4.523214631481973, 45.54551334274467 ], [ -4.523837157441276, 45.548777328855877 ], [ -4.520234926540348, 45.550996915924159 ], [ -4.517211709856269, 45.549542550900235 ], [ -4.509700277352077, 45.547950499915288 ], [ -4.505936658710915, 45.546234914978982 ], [ -4.495863426225178, 45.54466203237007 ], [ -4.492989419740758, 45.546520157389644 ], [ -4.48967976743493, 45.543712818070645 ], [ -4.476186165844344, 45.538563102596399 ], [ -4.477153760873104, 45.535651311709863 ], [ -4.475369990589277, 45.533935576231009 ], [ -4.464583545793276, 45.531046219351005 ], [ -4.466900881706624, 45.528572535829298 ], [ -4.464030323200776, 45.524508020785348 ], [ -4.460345324932804, 45.52208029775187 ], [ -4.448542385262191, 45.520633671734181 ], [ -4.445335172254335, 45.521723918825998 ], [ -4.439488801290906, 45.521691323051499 ], [ -4.433649585765944, 45.520593406630411 ], [ -4.426192067002963, 45.520114292821013 ], [ -4.42073536164934, 45.520837450876492 ], [ -4.414830288455049, 45.516341959788214 ], [ -4.406584597920681, 45.514983419308656 ], [ -4.404864344474603, 45.513086174423243 ], [ -4.403557919898799, 45.508298450718414 ], [ -4.397514478192413, 45.508721473304526 ], [ -4.395350358152595, 45.511841771094566 ], [ -4.39099956612242, 45.514161106390183 ], [ -4.388437523312731, 45.511511835509872 ], [ -4.384345569017877, 45.511243916823325 ], [ -4.379396859309415, 45.509518205887488 ], [ -4.379754794812361, 45.50582920745898 ], [ -4.375976966636852, 45.505475722034262 ], [ -4.372772946335171, 45.500636443809434 ], [ -4.370852865474597, 45.500648596721611 ], [ -4.367760162064964, 45.504338656545379 ], [ -4.364921526339342, 45.503103240803249 ], [ -4.35997001768874, 45.505026121982091 ], [ -4.354835398624243, 45.504748692513445 ], [ -4.34655731911961, 45.505340573625972 ], [ -4.339697599467239, 45.508117998863803 ], [ -4.334953588274427, 45.506042917496806 ], [ -4.324879242011684, 45.504648100244907 ], [ -4.318685169360562, 45.502592720028346 ], [ -4.320062654386658, 45.499932971969031 ], [ -4.325244167034303, 45.497420572032723 ], [ -4.324169966234422, 45.494252937570764 ], [ -4.321725768936939, 45.492008298148818 ], [ -4.316024958394742, 45.492431924205079 ], [ -4.31211827951864, 45.493765209043666 ], [ -4.30367062711534, 45.491144634758477 ], [ -4.302280590766929, 45.488182542380862 ], [ -4.293674364457041, 45.488476595187201 ], [ -4.289568763367717, 45.48541558082109 ], [ -4.285794461433461, 45.483862963891021 ], [ -4.278036626465502, 45.485233278893688 ], [ -4.269400475906317, 45.48775669444278 ], [ -4.263659397710385, 45.488328066739392 ], [ -4.255379452438907, 45.490922845875374 ], [ -4.250402473346268, 45.491102465766019 ], [ -4.24205626762684, 45.489268192809071 ], [ -4.24223306700436, 45.486799061741131 ], [ -4.24475952900151, 45.483437716770858 ], [ -4.248746889956831, 45.481353990028261 ], [ -4.255362744215391, 45.478301205584842 ], [ -4.257704816217099, 45.476168518734482 ], [ -4.259535868305955, 45.465086196110818 ], [ -4.262454290446939, 45.461243118620871 ], [ -4.266817002023775, 45.459360274616081 ], [ -4.271502175709179, 45.459183801445576 ], [ -4.270488014663254, 45.462779252261818 ], [ -4.267357792428051, 45.467022562708287 ], [ -4.270533003997609, 45.470035374504285 ], [ -4.272951870966789, 45.468790268084234 ], [ -4.271893224708765, 45.466211280068968 ], [ -4.275156057192492, 45.462039921351 ], [ -4.281114776781533, 45.459210675764837 ], [ -4.284807292258883, 45.458329475150933 ], [ -4.285474582495339, 45.455284246781915 ], [ -4.283277189811348, 45.451468014407553 ], [ -4.280103593015292, 45.449244118781522 ], [ -4.283194177209185, 45.445156916475256 ], [ -4.277683858598454, 45.450206337695867 ], [ -4.268341119261576, 45.452413335148883 ], [ -4.257127542897248, 45.456279594120957 ], [ -4.256087797358152, 45.452220195071739 ], [ -4.256914102763019, 45.44901713617989 ], [ -4.261570206760672, 45.442525327098053 ], [ -4.257866468292312, 45.439852212359298 ], [ -4.252986838474545, 45.441185854547804 ], [ -4.247410032689497, 45.441425634234157 ], [ -4.244385433686467, 45.443457070307481 ], [ -4.243135893263493, 45.446571903087673 ], [ -4.238060259792789, 45.448762000906996 ], [ -4.238559590576664, 45.450883102951188 ], [ -4.23466604864007, 45.457090968256516 ], [ -4.228602811698527, 45.451882065713498 ], [ -4.229777352302571, 45.448969755874217 ], [ -4.235110078540467, 45.446219488640942 ], [ -4.234578711833001, 45.443689397613191 ], [ -4.228838385254019, 45.43989034739154 ], [ -4.222108737407185, 45.440284091097567 ], [ -4.215676527324788, 45.441729945662708 ], [ -4.209246315304478, 45.44556704858276 ], [ -4.20389045561204, 45.4471837116279 ], [ -4.203607754089505, 45.453031039529137 ], [ -4.195723449806234, 45.460049236376044 ], [ -4.19832570467799, 45.466375331441057 ], [ -4.194271571539512, 45.466590088776258 ], [ -4.19175484450625, 45.468492872418736 ], [ -4.185688036733887, 45.464294118822039 ], [ -4.179704374662697, 45.464665767826226 ], [ -4.179338235568776, 45.467601261252021 ], [ -4.170919412395274, 45.472041460103284 ], [ -4.167916913735756, 45.472066153873726 ], [ -4.165469995705396, 45.4699044475515 ], [ -4.161774571898137, 45.469114043090698 ], [ -4.160270317470998, 45.472728216726296 ], [ -4.152384962029169, 45.470885484325272 ], [ -4.147064738507416, 45.465173079347345 ], [ -4.147640280620448, 45.462616817071257 ], [ -4.150375238953396, 45.460878729640122 ], [ -4.153907344789891, 45.463567372333685 ], [ -4.160154202688767, 45.462392983676516 ], [ -4.161119474124823, 45.458351358345581 ], [ -4.155461870752697, 45.457416900682105 ], [ -4.148923828319614, 45.461445812414986 ], [ -4.143389789156909, 45.462620011305589 ], [ -4.140644102948526, 45.461675201575027 ], [ -4.139567742494458, 45.454389089658996 ], [ -4.137194338997333, 45.452920053345657 ], [ -4.137737195257173, 45.449326624415079 ], [ -4.134567193163795, 45.442639733749154 ], [ -4.135558021281845, 45.438538445782669 ], [ -4.133061584704201, 45.43657308534155 ], [ -4.132499627582203, 45.433082436884497 ], [ -4.137501581981171, 45.427344453668127 ], [ -4.141684028615352, 45.425259547283268 ], [ -4.141879474112087, 45.423039267708624 ], [ -4.135327952106804, 45.418003856328525 ], [ -4.131841251852787, 45.414075244792514 ], [ -4.134697035899805, 45.410495705945799 ], [ -4.134624908125232, 45.403438661984602 ], [ -4.130948283595746, 45.399547049618889 ], [ -4.127087142899867, 45.401061083975186 ], [ -4.119764610703685, 45.40179716143912 ], [ -4.117069340940096, 45.399830602456632 ], [ -4.124533977813672, 45.394809211372959 ], [ -4.122945092739802, 45.389516544072926 ], [ -4.12684609375109, 45.387947917918922 ], [ -4.134403423286614, 45.388737234196078 ], [ -4.137107164563901, 45.390768647623695 ], [ -4.140753115208427, 45.397161592899877 ], [ -4.144906311781348, 45.400205396189961 ], [ -4.150120927560084, 45.402782591405426 ], [ -4.154875155236758, 45.40222383364609 ], [ -4.157073907507431, 45.399428218544358 ], [ -4.162093979955345, 45.398965109161395 ], [ -4.166027697590402, 45.403028103079201 ], [ -4.171148184888637, 45.402016755457744 ], [ -4.175157625292464, 45.402256172223538 ], [ -4.178877280684012, 45.399629405185259 ], [ -4.185047067769514, 45.400313328248572 ], [ -4.187635758114207, 45.402933476873699 ], [ -4.190105253602397, 45.402605774254262 ], [ -4.195642448859432, 45.398707840258339 ], [ -4.197702412855794, 45.390334586010866 ], [ -4.201237604816903, 45.381004386196402 ], [ -4.201955558686517, 45.375294226799916 ], [ -4.19572901356926, 45.37091946770952 ], [ -4.198631508503418, 45.367095242802897 ], [ -4.197427380504975, 45.362265243142453 ], [ -4.190187235907077, 45.358998715381645 ], [ -4.189336012183779, 45.357539772224101 ], [ -4.193939939040524, 45.352046432440183 ], [ -4.198764755632225, 45.348087131161606 ], [ -4.200524942886782, 45.343191480829645 ], [ -4.200426862242572, 45.340058540374109 ], [ -4.196957201819332, 45.332090137329438 ], [ -4.191343993870936, 45.328088231890085 ], [ -4.189116338087419, 45.324287827189565 ], [ -4.182198739820294, 45.324127149933126 ], [ -4.178448947614955, 45.322884449690477 ], [ -4.178979744136419, 45.319622972131071 ], [ -4.177223020928939, 45.31546677938455 ], [ -4.183812688283248, 45.312215313999339 ], [ -4.185940685974766, 45.309291781494075 ], [ -4.183779917362746, 45.302147941442101 ], [ -4.180974860170694, 45.299708384368415 ], [ -4.178947610735774, 45.298861574373724 ], [ -4.177861510879649, 45.292196171620773 ], [ -4.17473113806385, 45.28986063975745 ], [ -4.167048541332944, 45.289380947300209 ], [ -4.162976569094258, 45.285685077868415 ], [ -4.165145324993032, 45.284824347022528 ], [ -4.165382402622951, 45.27929457850334 ], [ -4.167848413205743, 45.274834756042019 ], [ -4.164276888925056, 45.27411431286086 ], [ -4.161181730274312, 45.268516721844854 ], [ -4.155978325895461, 45.26676714053545 ], [ -4.146966356294071, 45.265480041788848 ], [ -4.138209780456758, 45.265356743179431 ], [ -4.132802181682186, 45.259991024991933 ], [ -4.133046636930519, 45.257222578212307 ], [ -4.138281734852397, 45.253315198990485 ], [ -4.142613399687116, 45.251809735104601 ], [ -4.146723700885565, 45.248938752221498 ], [ -4.148741722366609, 45.245081774979106 ], [ -4.148473856130106, 45.236609454641467 ], [ -4.14530538266201, 45.232232021912722 ], [ -4.141545929646138, 45.22951653559786 ], [ -4.132870852244387, 45.228133868665239 ], [ -4.131551386060323, 45.222294302372632 ], [ -4.128239004949403, 45.220808892833325 ], [ -4.128037776080824, 45.214258329477886 ], [ -4.122779155884253, 45.208843297734887 ], [ -4.12440532390083, 45.201786041107077 ], [ -4.124428661071883, 45.194474933032019 ], [ -4.122415953361242, 45.190148627169684 ], [ -4.120132323490079, 45.189084049646887 ], [ -4.122589565621655, 45.184147813318596 ], [ -4.122343535735194, 45.17663669297356 ], [ -4.121016222057406, 45.168973748235651 ], [ -4.118069423117344, 45.163096815104311 ], [ -4.114993066022021, 45.162411937271045 ], [ -4.11034611160171, 45.159238533729564 ], [ -4.111021159505861, 45.151836311265498 ], [ -4.115261524710482, 45.149920131994946 ], [ -4.118422440877151, 45.143635241236673 ], [ -4.123450837293617, 45.139202392905567 ], [ -4.123553656899284, 45.129149747809961 ], [ -4.122327536719613, 45.128325589452558 ], [ -4.131265166658705, 45.11951718721496 ], [ -4.12943618542683, 45.116624707554259 ], [ -4.13395352682302, 45.114486237298479 ], [ -4.134238892629261, 45.112029345023586 ], [ -4.138976245866924, 45.108504501692984 ], [ -4.142837030521664, 45.107790961371421 ], [ -4.14840675463763, 45.105103703050304 ], [ -4.153217870938545, 45.098392274764755 ], [ -4.157302753853756, 45.095756553814766 ], [ -4.161562313573772, 45.095016622383042 ], [ -4.167188489818217, 45.090151712028515 ], [ -4.16815946752312, 45.087954650695693 ], [ -4.172435255975423, 45.084865176844808 ], [ -4.180190925430388, 45.081568147073533 ], [ -4.179670638207969, 45.078819112098515 ], [ -4.186263109179297, 45.07750770926809 ], [ -4.189070651504863, 45.070557579793586 ], [ -4.192261902443558, 45.069512923889832 ], [ -4.195950101958903, 45.065691794374402 ], [ -4.203512710268689, 45.063860703288668 ], [ -4.206430329837847, 45.060579600884623 ], [ -4.206512309438858, 45.056506378143382 ], [ -4.205355704988531, 45.051279227256032 ], [ -4.208816662117673, 45.047694564161858 ], [ -4.214098065736464, 45.045351245118653 ], [ -4.215055946417623, 45.04341152130894 ], [ -4.211380024495608, 45.038534316519609 ], [ -4.219087846176979, 45.035108020602024 ], [ -4.222383732650102, 45.034349835352785 ], [ -4.227057606918935, 45.035701017573899 ], [ -4.230988153086932, 45.031162340365753 ], [ -4.231499128396147, 45.028671630521032 ], [ -4.235743490259271, 45.029453112925829 ], [ -4.238022956775318, 45.027166233218566 ], [ -4.243649455074213, 45.028680603545951 ], [ -4.251107406776435, 45.028531591105292 ], [ -4.258319307048299, 45.027378648007783 ], [ -4.266220594061802, 45.029910489345994 ], [ -4.269794434438152, 45.028481941760283 ], [ -4.272310986017888, 45.025484569961186 ], [ -4.275327799446806, 45.025052227090207 ], [ -4.285074018125383, 45.015735246418053 ], [ -4.290286594177863, 45.020526798108875 ], [ -4.296938932185947, 45.019605433905411 ], [ -4.304538005138643, 45.015549012542152 ], [ -4.308618851295178, 45.011425667146071 ], [ -4.30990967589466, 45.007443701014545 ], [ -4.313681918072044, 45.003296974880911 ], [ -4.319607903045664, 45.001404870076726 ], [ -4.3215980800313, 44.999254297947189 ], [ -4.330604015356214, 44.997589245983399 ], [ -4.341197717009499, 44.996289081394927 ], [ -4.344630712558829, 44.994669731872939 ] ] ], [ [ [ -4.212090223436305, 45.556884035656303 ], [ -4.20955868249801, 45.554251491091364 ], [ -4.210012340347228, 45.551425662502091 ], [ -4.217081812736432, 45.548655821199674 ], [ -4.228282188595997, 45.548667921400167 ], [ -4.232294264596042, 45.550045876256831 ], [ -4.234619432244132, 45.548186968247315 ], [ -4.236433496920109, 45.549110546781556 ], [ -4.232248975436805, 45.554350678659958 ], [ -4.232902799828213, 45.558594227770044 ], [ -4.230599215620454, 45.560270363758796 ], [ -4.216713315046453, 45.558798225972147 ], [ -4.212090223436305, 45.556884035656303 ] ] ], [ [ [ -4.592448096525604, 45.557753139641626 ], [ -4.589536639081527, 45.555714030018464 ], [ -4.585074008773055, 45.554844618507545 ], [ -4.585959166461641, 45.549423714392034 ], [ -4.589063928637231, 45.550207380570519 ], [ -4.592189598586481, 45.55326813974397 ], [ -4.592448096525604, 45.557753139641626 ] ] ], [ [ [ -4.140996856620315, 44.852856798117877 ], [ -4.143322987799856, 44.85598694137154 ], [ -4.143223169869869, 44.858393328370433 ], [ -4.134600733749042, 44.863045184740372 ], [ -4.127088567626767, 44.859311446253336 ], [ -4.123018612748857, 44.855117480971856 ], [ -4.12513436527271, 44.851373425173001 ], [ -4.131939639391744, 44.85178567104326 ], [ -4.137989037408678, 44.853743563391198 ], [ -4.140996856620315, 44.852856798117877 ] ] ], [ [ [ -4.116059016380106, 44.888348948762946 ], [ -4.110715007576228, 44.88652191046863 ], [ -4.114107134404652, 44.88353052171616 ], [ -4.116753587908192, 44.885693370376671 ], [ -4.12259182907187, 44.884650169872906 ], [ -4.129218647572178, 44.884397671715398 ], [ -4.132099859183115, 44.886615855139311 ], [ -4.135282980098784, 44.88630905288101 ], [ -4.135723486416614, 44.882325048370987 ], [ -4.138210740495972, 44.879288069815829 ], [ -4.143009124674504, 44.878040081444979 ], [ -4.149818027829149, 44.877769588431349 ], [ -4.15696827722963, 44.880388153701041 ], [ -4.159307928446149, 44.882925004324449 ], [ -4.153446632767404, 44.892147565154126 ], [ -4.13965616213769, 44.893156381506046 ], [ -4.133984444351108, 44.894223244436624 ], [ -4.130360942745291, 44.893366425738904 ], [ -4.126785276738288, 44.895820134074199 ], [ -4.124414257282245, 44.901550936795438 ], [ -4.127185321435791, 44.906191223227118 ], [ -4.131090383577177, 44.907880554116829 ], [ -4.130730096628088, 44.910427847039792 ], [ -4.126752413337414, 44.912312655658567 ], [ -4.126141669358466, 44.916283961762588 ], [ -4.120594865368286, 44.914040652213131 ], [ -4.116884899787459, 44.908322002583219 ], [ -4.113704595309508, 44.909719329397078 ], [ -4.11156508735781, 44.920393626479949 ], [ -4.107233401237543, 44.919708033344314 ], [ -4.103392627247709, 44.913115888271236 ], [ -4.101617097815324, 44.911543682044474 ], [ -4.105702301260441, 44.908243790726409 ], [ -4.100038927452561, 44.904076470655788 ], [ -4.104211686556862, 44.902928777445204 ], [ -4.105960613413957, 44.900247906579672 ], [ -4.11158767301213, 44.900265549666457 ], [ -4.113669854679185, 44.898835718698784 ], [ -4.116511818920609, 44.892254303167867 ], [ -4.116059016380106, 44.888348948762946 ] ] ], [ [ [ -3.556199378466351, 44.936399431574813 ], [ -3.559559199508344, 44.936880738097521 ], [ -3.562353739434834, 44.935386534665 ], [ -3.565367885528721, 44.936345974181243 ], [ -3.568326749162702, 44.939542070810184 ], [ -3.585041549761888, 44.940662898931642 ], [ -3.588044903660736, 44.942577850590254 ], [ -3.593605366846381, 44.942334320987115 ], [ -3.59992000284966, 44.943803929004453 ], [ -3.606070325319332, 44.943760446203427 ], [ -3.61037024189096, 44.945253907606997 ], [ -3.613570844053364, 44.947570935909127 ], [ -3.619775715926668, 44.949520045506134 ], [ -3.630481116717373, 44.949923060230233 ], [ -3.647747763920722, 44.958597416381643 ], [ -3.652515132160101, 44.963280352735083 ], [ -3.655656820976472, 44.968867264176644 ], [ -3.661129448688572, 44.970798655869132 ], [ -3.665073943471309, 44.975262539834553 ], [ -3.662159385771083, 44.978783132398341 ], [ -3.661412208619074, 44.981536969522622 ], [ -3.664526456045737, 44.987625525923804 ], [ -3.669265218216537, 44.995230961066781 ], [ -3.672001928159396, 45.001278815785447 ], [ -3.672418979752471, 45.004479037374772 ], [ -3.679616089359913, 45.022134901704177 ], [ -3.682622061165941, 45.030500803753178 ], [ -3.678803110734454, 45.033059806380557 ], [ -3.658088800313035, 45.043207084428524 ], [ -3.651590325707292, 45.049210377872669 ], [ -3.651172018998044, 45.059793502573299 ], [ -3.651693101310527, 45.068061884910001 ], [ -3.653025795604466, 45.073454800518178 ], [ -3.653042604299314, 45.077783536448692 ], [ -3.654554819308896, 45.080095559805166 ], [ -3.64604490770024, 45.080927196172262 ], [ -3.640004011128402, 45.082136918771994 ], [ -3.632228790916116, 45.085159776646563 ], [ -3.633206006452428, 45.08782536597856 ], [ -3.630624659869772, 45.089704221408333 ], [ -3.632292665798342, 45.096088705810388 ], [ -3.62605116117858, 45.09739514842525 ], [ -3.622320916764123, 45.099829899323545 ], [ -3.622988302368181, 45.1020424640991 ], [ -3.62006106323388, 45.104292800223668 ], [ -3.620727266253944, 45.106082290003769 ], [ -3.614781967315169, 45.114094990992008 ], [ -3.608144723248383, 45.119935816237025 ], [ -3.605542927923588, 45.121424292019192 ], [ -3.599960744193397, 45.121368363770756 ], [ -3.588727956069948, 45.123332023467086 ], [ -3.579029624242498, 45.124386054987774 ], [ -3.57285243043421, 45.124324221807612 ], [ -3.569135051397928, 45.122883438696078 ], [ -3.562887987493878, 45.122449206659383 ], [ -3.552840536728721, 45.119831237443016 ], [ -3.547810524428261, 45.117711413264061 ], [ -3.542785121242947, 45.113714970216613 ], [ -3.536576594605321, 45.11264052694586 ], [ -3.534708932939038, 45.110743822388883 ], [ -3.530450742546731, 45.110997567781347 ], [ -3.528056239432423, 45.109477878931536 ], [ -3.52306328122668, 45.108976616503128 ], [ -3.518306319463592, 45.110254269263407 ], [ -3.515211019170825, 45.108566928660316 ], [ -3.514476374303838, 45.105021562877404 ], [ -3.509700524968921, 45.106916634491569 ], [ -3.509203184931805, 45.103810258606302 ], [ -3.497141745046724, 45.103355212801915 ], [ -3.494332653552309, 45.101573711072668 ], [ -3.496161210627419, 45.099011458351974 ], [ -3.490986769745171, 45.097314648895647 ], [ -3.493351515505616, 45.092239623119937 ], [ -3.489933797412709, 45.090128803091645 ], [ -3.491215326964856, 45.087277192046756 ], [ -3.488051550891473, 45.083671295146978 ], [ -3.484645421023009, 45.082573376969833 ], [ -3.481781434858267, 45.079688107729076 ], [ -3.477917912634099, 45.080847519612902 ], [ -3.475321204346234, 45.079220777610985 ], [ -3.477358591270369, 45.075559807102678 ], [ -3.466917147706587, 45.072962767693859 ], [ -3.463736256322379, 45.068915631499294 ], [ -3.463843487897991, 45.066514809182181 ], [ -3.454625745747655, 45.065456039599823 ], [ -3.447837310028736, 45.063387171034663 ], [ -3.439915983915965, 45.059641629577598 ], [ -3.436985526311153, 45.056679875734282 ], [ -3.429355997380244, 45.052002414589857 ], [ -3.424117309572142, 45.044575991669639 ], [ -3.420695151461923, 45.037169777983422 ], [ -3.417202892975247, 45.03290765348531 ], [ -3.416864901951432, 45.029888828641596 ], [ -3.419390739971762, 45.027889393789344 ], [ -3.416762686926592, 45.020254922408583 ], [ -3.417756624316168, 45.019389846473921 ], [ -3.418891774491393, 45.012003218850154 ], [ -3.422064749437983, 45.005841134206136 ], [ -3.425732212191281, 44.996867545921383 ], [ -3.425962038356289, 44.994653339495216 ], [ -3.428701879724585, 44.991703286358486 ], [ -3.436198184482521, 44.988916713304043 ], [ -3.439599601235113, 44.988378298948703 ], [ -3.4455060837987, 44.983910335437855 ], [ -3.452554706840787, 44.981925213145594 ], [ -3.457335925530859, 44.977293650880085 ], [ -3.458798517754554, 44.97215898517225 ], [ -3.465945132807667, 44.969283834897347 ], [ -3.468933556288461, 44.965942205351368 ], [ -3.477657709315786, 44.961896091227466 ], [ -3.481215989521035, 44.958007155967465 ], [ -3.487392995353859, 44.956076689825174 ], [ -3.494873656788579, 44.950749386836897 ], [ -3.499092232352952, 44.950484980327623 ], [ -3.502255498601908, 44.948597356330239 ], [ -3.509336825588859, 44.946059197832561 ], [ -3.516045967151947, 44.945940774166232 ], [ -3.524640851899667, 44.943699785935515 ], [ -3.525928250457742, 44.944177435402125 ], [ -3.532851339259312, 44.943438661487349 ], [ -3.535261230483191, 44.940722118593996 ], [ -3.541521056332591, 44.938139592274418 ], [ -3.549834270415752, 44.938031164379112 ], [ -3.556199378466351, 44.936399431574813 ] ] ], [ [ [ -3.320080018211168, 45.364040249671362 ], [ -3.32419033303206, 45.365424290981572 ], [ -3.330461706622475, 45.365538243730349 ], [ -3.335348832929456, 45.366662029728936 ], [ -3.338414990395763, 45.369501716461059 ], [ -3.334980311265094, 45.371578461936586 ], [ -3.329270019551486, 45.370756814444178 ], [ -3.324110900660019, 45.371759675090992 ], [ -3.311239382386839, 45.371855622108875 ], [ -3.304668040105, 45.374174157072112 ], [ -3.299710732680622, 45.373672038904857 ], [ -3.293455457889496, 45.371127588306948 ], [ -3.295345487679214, 45.368066095231441 ], [ -3.308995761500572, 45.365724667701905 ], [ -3.313996528492179, 45.365561399626351 ], [ -3.320080018211168, 45.364040249671362 ] ] ], [ [ [ -3.293858695868896, 45.377869793071177 ], [ -3.306374464791815, 45.377715351021905 ], [ -3.303144127660643, 45.380784384952356 ], [ -3.297693611868739, 45.381541854258565 ], [ -3.290178843012271, 45.384886435200563 ], [ -3.289250969688703, 45.38255423194326 ], [ -3.293858695868896, 45.377869793071177 ] ] ], [ [ [ -4.103225087829796, 45.375716395529949 ], [ -4.115064236790404, 45.375662184025522 ], [ -4.118197610276851, 45.378375609242092 ], [ -4.114753677785976, 45.381485587848374 ], [ -4.112330901225327, 45.378391582985365 ], [ -4.104521351331713, 45.378658685917898 ], [ -4.103225087829796, 45.375716395529949 ] ] ], [ [ [ -3.899148342466206, 45.386050755496122 ], [ -3.904493557750978, 45.38547241369146 ], [ -3.908952780067563, 45.383749391905205 ], [ -3.919556908618946, 45.382385775002412 ], [ -3.926920042616026, 45.379827932628281 ], [ -3.927202077680116, 45.375044638889541 ], [ -3.939954870893242, 45.369496175945592 ], [ -3.942986791971003, 45.369784533503534 ], [ -3.949315036430272, 45.368462527518396 ], [ -3.951944687563097, 45.370868750457973 ], [ -3.960076288567726, 45.367325907822057 ], [ -3.960631708249511, 45.365055430117962 ], [ -3.96534635724272, 45.36234694071166 ], [ -3.968755699469439, 45.362865555113352 ], [ -3.972083462259716, 45.364949700867953 ], [ -3.980363193620682, 45.364813835328135 ], [ -3.987422616364899, 45.367519748843279 ], [ -3.998725590074248, 45.367442976343355 ], [ -4.005154783723406, 45.369191620723107 ], [ -4.008050500898803, 45.371033724719908 ], [ -4.021367158659452, 45.369225548658967 ], [ -4.041002924097393, 45.370417110015673 ], [ -4.048679876052178, 45.369866006874709 ], [ -4.05020852282779, 45.371347618126521 ], [ -4.049446135533606, 45.378271649211982 ], [ -4.054213020436476, 45.382579636208547 ], [ -4.058350400603139, 45.383414728537048 ], [ -4.062359042822897, 45.380952645756345 ], [ -4.071666940081903, 45.380593704946897 ], [ -4.07555498154729, 45.377191371469365 ], [ -4.078202069525661, 45.377198791359376 ], [ -4.088025024222865, 45.380863514843227 ], [ -4.092474401844268, 45.380840707065879 ], [ -4.093525354885831, 45.382722153190443 ], [ -4.088783214793607, 45.383599193599622 ], [ -4.087642106158375, 45.385121814995038 ], [ -4.088440103325109, 45.390086217835659 ], [ -4.093526939811475, 45.389640553371521 ], [ -4.099595469568059, 45.391772073900967 ], [ -4.097963134883267, 45.396217844896164 ], [ -4.101559798522151, 45.397825818871397 ], [ -4.10450442380886, 45.402226682792559 ], [ -4.101836260779314, 45.403166058138751 ], [ -4.105607409777, 45.406558318285768 ], [ -4.107802943394928, 45.404268162723838 ], [ -4.114020473814466, 45.407791435834 ], [ -4.113468541932086, 45.411776364727146 ], [ -4.118758998193782, 45.412270333819286 ], [ -4.119670964900367, 45.417465887233526 ], [ -4.132113292415753, 45.423936985774645 ], [ -4.135777174920625, 45.426592739828855 ], [ -4.134646518653966, 45.428413222105164 ], [ -4.130759109123181, 45.429683084299548 ], [ -4.131222756780813, 45.436167571878819 ], [ -4.133163947106909, 45.439109602527417 ], [ -4.134225506009773, 45.444562604597287 ], [ -4.132898098834601, 45.447873244244384 ], [ -4.136256942124747, 45.448873451581719 ], [ -4.135545261424397, 45.453499575991664 ], [ -4.137952749313438, 45.454384099818981 ], [ -4.138677203319885, 45.461446800435745 ], [ -4.137657073338945, 45.465143940540926 ], [ -4.143626509033271, 45.471505702390779 ], [ -4.144459539752065, 45.474051498798524 ], [ -4.143301673210195, 45.477418501996397 ], [ -4.137011921303914, 45.482933179038582 ], [ -4.126970456639572, 45.480456192730735 ], [ -4.128256925237356, 45.48450052221807 ], [ -4.13063846430796, 45.48782072066539 ], [ -4.133157407612059, 45.486516623095042 ], [ -4.136344959738422, 45.487840813216359 ], [ -4.139793858615142, 45.491095304471465 ], [ -4.140072487627909, 45.494256392055419 ], [ -4.133869033905891, 45.494070675429128 ], [ -4.13008892474319, 45.496580089918027 ], [ -4.123779818958046, 45.504290409717974 ], [ -4.122957009063263, 45.508889920085927 ], [ -4.118928980494452, 45.511268112238007 ], [ -4.120237894904307, 45.513673308242119 ], [ -4.118134536182875, 45.516023454062534 ], [ -4.121627100619053, 45.517402030721044 ], [ -4.122583055167426, 45.519505567595225 ], [ -4.119511095303642, 45.525587826580534 ], [ -4.120934858332954, 45.527592118664039 ], [ -4.119358409385976, 45.529757280574913 ], [ -4.122758651247364, 45.532896301040175 ], [ -4.124448795516885, 45.536665511930288 ], [ -4.122773449368031, 45.540053892999289 ], [ -4.114123538417815, 45.54565836469618 ], [ -4.115038271160741, 45.548360624921962 ], [ -4.108887276556163, 45.55089784407155 ], [ -4.101992938840417, 45.556997034070541 ], [ -4.097517211502556, 45.554954822098445 ], [ -4.084127455581336, 45.555646616543434 ], [ -4.074590969103318, 45.554904169827623 ], [ -4.070643819450128, 45.560749340280289 ], [ -4.068644100012245, 45.566181016525469 ], [ -4.063922769505306, 45.569256136656627 ], [ -4.060715087460577, 45.569263238727672 ], [ -4.045051103480131, 45.572806253389039 ], [ -4.055434920887421, 45.573367694507255 ], [ -4.058118059817382, 45.576854218062564 ], [ -4.055625730756801, 45.581695742016151 ], [ -4.066098672067302, 45.585707454967476 ], [ -4.058355445463418, 45.590600354509881 ], [ -4.057629058650525, 45.593305650645675 ], [ -4.059972697243355, 45.597559792317135 ], [ -4.059297883955684, 45.601472455671292 ], [ -4.057308241642182, 45.603996478823582 ], [ -4.061363620378553, 45.607009323148681 ], [ -4.066503908182314, 45.612997022409537 ], [ -4.072783749672671, 45.613722596512851 ], [ -4.081335376107429, 45.619762894241546 ], [ -4.082796591185655, 45.619414897017727 ], [ -4.081391061663444, 45.618733756692869 ], [ -4.083747517566452, 45.614244128995658 ], [ -4.086146927796503, 45.61442540499597 ], [ -4.091375994979904, 45.618664488407802 ], [ -4.103460625650844, 45.62066795572548 ], [ -4.107016674000146, 45.622079388469245 ], [ -4.113754030353499, 45.622509314637355 ], [ -4.119790588378589, 45.626247814409169 ], [ -4.120857451786619, 45.629362690745943 ], [ -4.124925891198388, 45.631966710071538 ], [ -4.124964199656501, 45.636669226883711 ], [ -4.127709841723876, 45.641019836118822 ], [ -4.128353698759613, 45.644294413316267 ], [ -4.133743628439227, 45.647907042359385 ], [ -4.136185975205154, 45.650517227709095 ], [ -4.137332737344529, 45.655390262381758 ], [ -4.139276598869645, 45.657167829391852 ], [ -4.137484321572822, 45.663536503196283 ], [ -4.14396006284685, 45.669594381798362 ], [ -4.146704236634051, 45.673772225349786 ], [ -4.14681203479423, 45.678258106438882 ], [ -4.149745025351419, 45.681440419020255 ], [ -4.154906592827113, 45.682582082049343 ], [ -4.14948060250613, 45.689465480306836 ], [ -4.147514629013998, 45.695778332900289 ], [ -4.147593843508363, 45.702300077544272 ], [ -4.147355617523594, 45.705276867969815 ], [ -4.139468535988321, 45.711274212507831 ], [ -4.136095150435281, 45.714546885353876 ], [ -4.13135868452124, 45.71534168285433 ], [ -4.126721735258793, 45.717662282552006 ], [ -4.12421049408685, 45.723322388293163 ], [ -4.116389673953043, 45.729472546723386 ], [ -4.107217367431596, 45.730762935586021 ], [ -4.102792180087172, 45.732307851080186 ], [ -4.098860096282826, 45.735233276059155 ], [ -4.096338106909516, 45.740947849968741 ], [ -4.09592494010843, 45.744158898592637 ], [ -4.093382254834935, 45.749056386806366 ], [ -4.087856592965297, 45.749132769419703 ], [ -4.078371056246441, 45.753385574803779 ], [ -4.074034736486857, 45.757646606500749 ], [ -4.066820032010588, 45.758777968513307 ], [ -4.061172645119825, 45.761995817165229 ], [ -4.060444252174383, 45.765089800027532 ], [ -4.051915627946453, 45.770048616351573 ], [ -4.048683394724487, 45.780386654023765 ], [ -4.044269701488287, 45.781938138508721 ], [ -4.044272749418326, 45.785487789066153 ], [ -4.040968986966758, 45.788715384204089 ], [ -4.033387293640195, 45.789662398914388 ], [ -4.025989367637745, 45.788823155493624 ], [ -4.028184462613395, 45.786079980336865 ], [ -4.025242359037484, 45.784815917014036 ], [ -4.020814883906807, 45.780904221829502 ], [ -4.022003757736145, 45.778870803902393 ], [ -4.017715008665447, 45.775109301320725 ], [ -4.013292268611565, 45.77652229309188 ], [ -4.009472819471918, 45.774519165925504 ], [ -4.00513486038781, 45.776111543267149 ], [ -4.000767330851919, 45.77402306349682 ], [ -3.991149290530129, 45.77724063322011 ], [ -3.983498105679902, 45.777518219256734 ], [ -3.983379942138749, 45.773659359030312 ], [ -3.980998784112434, 45.770184246989253 ], [ -3.981370677501332, 45.767868036874674 ], [ -3.979628075832727, 45.76378715608859 ], [ -3.973604482601153, 45.766076313589515 ], [ -3.972616016092736, 45.764067925105941 ], [ -3.964725847277798, 45.761596760566242 ], [ -3.960781623030243, 45.75675556315214 ], [ -3.954098513311305, 45.755671565535998 ], [ -3.943839072829042, 45.747973538610999 ], [ -3.939670270579806, 45.746678920190689 ], [ -3.935117694207675, 45.747322186582529 ], [ -3.932090466463664, 45.746036375054516 ], [ -3.930691102219154, 45.742365891145361 ], [ -3.925756192894335, 45.743633222259824 ], [ -3.92260246308268, 45.740276758422056 ], [ -3.917526748205559, 45.740647371907151 ], [ -3.913412975245603, 45.735213194489155 ], [ -3.91483060103949, 45.733935493056237 ], [ -3.915146434795962, 45.728550510617531 ], [ -3.91132546639435, 45.727311799211854 ], [ -3.908736460961815, 45.723482121970356 ], [ -3.907841632171197, 45.717128766854756 ], [ -3.904389236403, 45.715159614864092 ], [ -3.906285137268358, 45.712014058450748 ], [ -3.904660217565438, 45.709508086852296 ], [ -3.899201092597925, 45.709638404824211 ], [ -3.897036348959953, 45.705489549884348 ], [ -3.894523272573275, 45.705186865447814 ], [ -3.89094983468121, 45.695924022969201 ], [ -3.888127100393036, 45.692256116149409 ], [ -3.885487897169001, 45.686307621464927 ], [ -3.887090849968228, 45.684348517924093 ], [ -3.884334990342589, 45.680443087651213 ], [ -3.883656145197957, 45.673336662285486 ], [ -3.887131039886076, 45.672219954342253 ], [ -3.887224581708852, 45.669917611110506 ], [ -3.89071504760294, 45.66885692577889 ], [ -3.88643869281202, 45.663715295047169 ], [ -3.887877314813585, 45.658257991693922 ], [ -3.894268035191887, 45.656384888181179 ], [ -3.895443542121796, 45.654187414180022 ], [ -3.892795802843822, 45.651893182489687 ], [ -3.892412674884408, 45.647106212935881 ], [ -3.89046414034183, 45.644539375952789 ], [ -3.893055066136625, 45.640580387496726 ], [ -3.892033204787296, 45.637694758141969 ], [ -3.892184007279358, 45.629341964150008 ], [ -3.890073881860549, 45.62544560406603 ], [ -3.886609589127576, 45.623031377522764 ], [ -3.881546253900243, 45.612148234060754 ], [ -3.875371405587426, 45.606944176643509 ], [ -3.872469975680219, 45.603437482610445 ], [ -3.864037008941199, 45.598902517178949 ], [ -3.862001965479887, 45.593989526862785 ], [ -3.858577434525579, 45.593066807697973 ], [ -3.85217881950952, 45.586306360344196 ], [ -3.848279220582937, 45.583226373911629 ], [ -3.8433731093291, 45.581166007415035 ], [ -3.836714278144788, 45.574718682246029 ], [ -3.826653857619054, 45.5698523202527 ], [ -3.811470896795448, 45.567745513437224 ], [ -3.812711698651844, 45.56417341058949 ], [ -3.810212959715281, 45.562781024235385 ], [ -3.804566746064899, 45.56318089351393 ], [ -3.799780860843571, 45.565060045158567 ], [ -3.790494860351725, 45.564501872895562 ], [ -3.783245390902631, 45.562665404938237 ], [ -3.780906934037059, 45.562804355454197 ], [ -3.774405453925531, 45.566408411951052 ], [ -3.769234154119392, 45.565825750526045 ], [ -3.768786635569947, 45.563727766826865 ], [ -3.763802484946403, 45.561999094179399 ], [ -3.762679203912546, 45.558389086526049 ], [ -3.760175093528581, 45.558486714049145 ], [ -3.759335226416257, 45.563500996495122 ], [ -3.747895022846751, 45.565308312234002 ], [ -3.73188785767156, 45.564732513094235 ], [ -3.724169479757294, 45.562318528340811 ], [ -3.714582060710644, 45.562186781086588 ], [ -3.707829919763682, 45.565197297613068 ], [ -3.701845748872684, 45.563831117476177 ], [ -3.70059524568753, 45.561325503181592 ], [ -3.696274799779822, 45.560197225899032 ], [ -3.692720730704575, 45.557603198681242 ], [ -3.686779379330127, 45.557618828484216 ], [ -3.683537610592394, 45.560852843452295 ], [ -3.676919271382647, 45.561219796788166 ], [ -3.67423042848116, 45.555845756959464 ], [ -3.670527360242997, 45.554231759938169 ], [ -3.663058835803918, 45.553135620758802 ], [ -3.658502000255821, 45.555065650672844 ], [ -3.655161413206247, 45.554727824052591 ], [ -3.648228360443673, 45.551821713431487 ], [ -3.647008217706241, 45.548354518585107 ], [ -3.641497203967209, 45.549899833895843 ], [ -3.639373897340601, 45.548794455894523 ], [ -3.63702441113954, 45.548365157179724 ], [ -3.633441945233825, 45.544058497570603 ], [ -3.629920831109561, 45.545125588539086 ], [ -3.625592542853953, 45.542637520848807 ], [ -3.615755920677826, 45.539775820250163 ], [ -3.61781239586061, 45.536163418273944 ], [ -3.615304286358026, 45.534400281068251 ], [ -3.609966821001564, 45.536151013658419 ], [ -3.603125265731398, 45.534532623541715 ], [ -3.595458803801769, 45.526548893764222 ], [ -3.595007366921063, 45.522298977573463 ], [ -3.591451117639661, 45.519104153158729 ], [ -3.583111953579355, 45.513164816673175 ], [ -3.576801458321234, 45.505953042080392 ], [ -3.57378088342785, 45.500413177205061 ], [ -3.57151013549218, 45.498303980945487 ], [ -3.566192499355478, 45.496331197270912 ], [ -3.565724447432439, 45.494361934487266 ], [ -3.560050644785434, 45.492639347029439 ], [ -3.55279851148199, 45.488726756369857 ], [ -3.545287624343573, 45.486572383983074 ], [ -3.541035952160894, 45.486602365362799 ], [ -3.51775303430934, 45.482781430018683 ], [ -3.515024175107839, 45.479615869783167 ], [ -3.510249225139042, 45.478158799665444 ], [ -3.500314918748788, 45.477313839894371 ], [ -3.494811857427808, 45.474107848996958 ], [ -3.486216485506874, 45.473045056342677 ], [ -3.480334515663774, 45.475049572653852 ], [ -3.468005223224028, 45.473286921454459 ], [ -3.462952706268946, 45.475542855240136 ], [ -3.457738835319903, 45.474812522552433 ], [ -3.445047423184545, 45.468591488114285 ], [ -3.443967853528207, 45.466813525843435 ], [ -3.437294265914673, 45.467017482927638 ], [ -3.436004420348806, 45.465218048485603 ], [ -3.432037909199602, 45.464754864564384 ], [ -3.435635008507062, 45.459271124463847 ], [ -3.442680846251647, 45.463629270340306 ], [ -3.449690825455871, 45.463364644443864 ], [ -3.453411591111687, 45.465654187164787 ], [ -3.466829859167345, 45.46883572723992 ], [ -3.475288834653503, 45.467321935846471 ], [ -3.481200496506548, 45.467658637730338 ], [ -3.483606260628749, 45.466772367896979 ], [ -3.491396796054118, 45.466543082627872 ], [ -3.502543891788553, 45.467973462089191 ], [ -3.506585608716509, 45.467370124754773 ], [ -3.515627337648051, 45.469172221858763 ], [ -3.523897380257497, 45.469761560716883 ], [ -3.537837532344649, 45.46759710342856 ], [ -3.542093897296013, 45.468590643234414 ], [ -3.552755519596152, 45.468550415139141 ], [ -3.564284243566899, 45.469621108912968 ], [ -3.573946678429484, 45.468796082134311 ], [ -3.584842091946216, 45.469844788876443 ], [ -3.592557613100132, 45.467257501126248 ], [ -3.599387123845073, 45.463292247783833 ], [ -3.603201284371479, 45.462119216971814 ], [ -3.60948432564445, 45.463772518759498 ], [ -3.61168348417796, 45.459498927095453 ], [ -3.619580603601321, 45.458970162369837 ], [ -3.623875281704475, 45.459831795554926 ], [ -3.632945921780796, 45.457865014702456 ], [ -3.638827803921684, 45.455485970972752 ], [ -3.640564925440345, 45.452410618606748 ], [ -3.649488903402638, 45.449116959900486 ], [ -3.657011883696097, 45.446938445154657 ], [ -3.661337979112884, 45.447270538081419 ], [ -3.670974959208916, 45.446138015095691 ], [ -3.67409023991328, 45.444305343154817 ], [ -3.679116480617427, 45.444258648297961 ], [ -3.695074090911634, 45.441905085783347 ], [ -3.696722075751122, 45.44068946570637 ], [ -3.703689446994635, 45.440134505106627 ], [ -3.712592663686657, 45.444576487599257 ], [ -3.715035790560003, 45.443377418466802 ], [ -3.719052378620771, 45.440919623109181 ], [ -3.725016219149639, 45.439722328047544 ], [ -3.72940079751793, 45.440346150442743 ], [ -3.739734560763963, 45.439493328223868 ], [ -3.740501679258782, 45.437159628315513 ], [ -3.74744999431532, 45.436264200856179 ], [ -3.748725710531687, 45.434824434008377 ], [ -3.758631847367727, 45.430428374765988 ], [ -3.770562573921836, 45.428059854257008 ], [ -3.776568740491169, 45.428135569070022 ], [ -3.782686496326957, 45.426831394201081 ], [ -3.796212192070488, 45.422516331052293 ], [ -3.798475249964021, 45.420803654482086 ], [ -3.799752752020061, 45.416832183982223 ], [ -3.805721545974292, 45.414169074152596 ], [ -3.810469715677077, 45.410596872280777 ], [ -3.811873392063401, 45.408264681727275 ], [ -3.81712305307806, 45.407361367603784 ], [ -3.823139921777635, 45.409015198285786 ], [ -3.831905665672243, 45.408616535823384 ], [ -3.838580054395966, 45.404833449340828 ], [ -3.839759891098226, 45.39903762639895 ], [ -3.846580632264377, 45.401837629394059 ], [ -3.852659418153388, 45.399508901962555 ], [ -3.856635332923994, 45.399144728109214 ], [ -3.859139488881656, 45.395341611338729 ], [ -3.866156706665147, 45.390283132247262 ], [ -3.878168302557371, 45.387965676580116 ], [ -3.882002286163265, 45.388495607330633 ], [ -3.884492213899048, 45.386356097171237 ], [ -3.89615322592561, 45.384488968569222 ], [ -3.899148342466206, 45.386050755496122 ] ] ], [ [ [ -4.135182548821765, 45.485820099352317 ], [ -4.131399241602143, 45.486709344226242 ], [ -4.130161251611439, 45.484415259711824 ], [ -4.13472811515715, 45.483607735829658 ], [ -4.135182548821765, 45.485820099352317 ] ] ], [ [ [ -3.247784859575019, 45.554813592773328 ], [ -3.254582854374085, 45.554512866599637 ], [ -3.257894402435827, 45.553003219395222 ], [ -3.260066634792934, 45.549601920590952 ], [ -3.265559658762386, 45.54924306570188 ], [ -3.268388023981549, 45.545997202032659 ], [ -3.277043403414755, 45.543416451595583 ], [ -3.285949087766291, 45.542689308433992 ], [ -3.292077625262422, 45.539384247785598 ], [ -3.293824140940081, 45.534791484628499 ], [ -3.296972050624156, 45.536440917058215 ], [ -3.298661533213608, 45.540430138327096 ], [ -3.295759151416727, 45.545197066439222 ], [ -3.296114001132835, 45.548006992431276 ], [ -3.299591736767909, 45.551616675509663 ], [ -3.296043253144353, 45.555303318767422 ], [ -3.292206849752894, 45.555606693820792 ], [ -3.287780904571558, 45.561276365008673 ], [ -3.286526525304302, 45.564646689756124 ], [ -3.277675635594965, 45.565124978921631 ], [ -3.265145336113211, 45.566942003637003 ], [ -3.262848437748746, 45.568761164033681 ], [ -3.260691746925337, 45.575193594781609 ], [ -3.256791016860101, 45.57789356862407 ], [ -3.2491373984626, 45.576603141155964 ], [ -3.239906044090442, 45.579081923461693 ], [ -3.238012332440063, 45.581276300482301 ], [ -3.232337966372419, 45.58243764310015 ], [ -3.230253155235873, 45.584915398846746 ], [ -3.224702640723729, 45.588830880189029 ], [ -3.215804867083565, 45.591080604595618 ], [ -3.213140194745756, 45.594147090646821 ], [ -3.212441898348932, 45.597306890643317 ], [ -3.20734974126491, 45.595533068779901 ], [ -3.202654487755945, 45.599959490354273 ], [ -3.197448888400658, 45.602771425563638 ], [ -3.192884575133548, 45.60280746112614 ], [ -3.192283225743549, 45.604918463747083 ], [ -3.188433154468129, 45.607201137064685 ], [ -3.181498266439496, 45.606460538575483 ], [ -3.180245909314218, 45.609661701891298 ], [ -3.175613581075866, 45.61081841789224 ], [ -3.174405560020491, 45.612504915717508 ], [ -3.168549262053149, 45.616081787109088 ], [ -3.160469839963128, 45.617243554012433 ], [ -3.157498401798249, 45.619323032259537 ], [ -3.156026781745145, 45.62366591295104 ], [ -3.151026897054303, 45.623757521253289 ], [ -3.144539819425507, 45.625690467393788 ], [ -3.140006357099014, 45.625573712456834 ], [ -3.139336718045023, 45.622504273930325 ], [ -3.135277652664324, 45.619474932619866 ], [ -3.134377234494666, 45.614545049542926 ], [ -3.128504125475781, 45.608231982917985 ], [ -3.125185558406536, 45.60600170778222 ], [ -3.131165088794087, 45.602120280196303 ], [ -3.135223135382482, 45.601107190728975 ], [ -3.13769429956922, 45.598581806688678 ], [ -3.146832627760085, 45.597318920054619 ], [ -3.149274394526748, 45.595616026888813 ], [ -3.155210853449275, 45.59470640693506 ], [ -3.166058754651953, 45.59024202249018 ], [ -3.174732737037646, 45.585831621547015 ], [ -3.185657587035355, 45.57925459144046 ], [ -3.18996153759755, 45.575392548523688 ], [ -3.193388735581933, 45.57440207285368 ], [ -3.198278276030717, 45.569878403120995 ], [ -3.208030017855164, 45.564024886228772 ], [ -3.216534480100345, 45.561627406151004 ], [ -3.223057516355516, 45.559942082284238 ], [ -3.230061651042037, 45.559067000643523 ], [ -3.240607552554932, 45.555744118783068 ], [ -3.24413200707597, 45.556071481068734 ], [ -3.247784859575019, 45.554813592773328 ] ] ] ] } },
{ "type": "Feature", "properties": { "insee_reg": "02" }, "geometry": { "type": "MultiPolygon", "coordinates": [ [ [ [ -3.70061776810409, 43.8116558281477 ], [ -3.702770610582254, 43.815889104730104 ], [ -3.707517355098759, 43.818574735411978 ], [ -3.714176121108476, 43.81833917435992 ], [ -3.719103415968657, 43.816212985719851 ], [ -3.72527542526508, 43.817318224558043 ], [ -3.728908979790229, 43.819434857930588 ], [ -3.731476549704319, 43.82367587260962 ], [ -3.731648239055985, 43.827429412184536 ], [ -3.726573633438819, 43.830040782780912 ], [ -3.725596598974841, 43.832338644793623 ], [ -3.728224458047462, 43.839241522614714 ], [ -3.727646367684132, 43.844217752440535 ], [ -3.73032434092206, 43.847247001033111 ], [ -3.734600623905446, 43.849048559974449 ], [ -3.739995630793755, 43.847146599291307 ], [ -3.748858014323662, 43.848713590628378 ], [ -3.747209962702021, 43.852058205443861 ], [ -3.748588406791699, 43.855959803823325 ], [ -3.742228469495528, 43.856332625783004 ], [ -3.738291517663848, 43.85787661482258 ], [ -3.738098493706636, 43.860340091166933 ], [ -3.742125375675028, 43.867069987973466 ], [ -3.746222805060844, 43.868981166628764 ], [ -3.753020222278003, 43.869821245283873 ], [ -3.762901485558178, 43.867097982165788 ], [ -3.770076287331131, 43.867560642913205 ], [ -3.77106796691984, 43.870287251381257 ], [ -3.765817834550713, 43.874396798360159 ], [ -3.764309419922032, 43.877851953246974 ], [ -3.766293276744659, 43.883718254492301 ], [ -3.761623411320564, 43.88873509517822 ], [ -3.762115196317907, 43.892251243650399 ], [ -3.760020103270765, 43.893729127894524 ], [ -3.754385066951731, 43.893639430787644 ], [ -3.750387139907635, 43.898397537701214 ], [ -3.753143887127179, 43.902029892205483 ], [ -3.751260113153656, 43.906477988389106 ], [ -3.739558491543493, 43.910613938473489 ], [ -3.731675047229359, 43.918812723521221 ], [ -3.727051689157419, 43.916959498989506 ], [ -3.721027918859448, 43.917495131345554 ], [ -3.71603762022254, 43.916195959999911 ], [ -3.7110718974627, 43.918422830506465 ], [ -3.71077648834836, 43.922790986244131 ], [ -3.704572878088026, 43.930244601137808 ], [ -3.700297872386917, 43.933807478767477 ], [ -3.697535661671562, 43.932216484458785 ], [ -3.692510247797259, 43.934070645802294 ], [ -3.69041306770977, 43.937355444870178 ], [ -3.69154498471772, 43.942712111097059 ], [ -3.684223829442247, 43.94514345541625 ], [ -3.685794858825093, 43.933879558840708 ], [ -3.670660589942202, 43.938508348024676 ], [ -3.66820720324756, 43.942060960101252 ], [ -3.664422026323484, 43.943294766821495 ], [ -3.661640738014232, 43.938664462251801 ], [ -3.663339497909666, 43.932361330074656 ], [ -3.666231935238476, 43.930755407695727 ], [ -3.671728676719598, 43.930407838663946 ], [ -3.670549951124408, 43.926879760266381 ], [ -3.66594385345663, 43.922039700455692 ], [ -3.658281872387703, 43.923081186000154 ], [ -3.645725832554474, 43.922065616962726 ], [ -3.648361868067213, 43.916574124597865 ], [ -3.641120220716251, 43.917652602637453 ], [ -3.630888948636881, 43.921527786134284 ], [ -3.629965067818362, 43.916373502495382 ], [ -3.620076058598872, 43.915170296337656 ], [ -3.612398536693713, 43.917400739980224 ], [ -3.613700761077261, 43.920177178425739 ], [ -3.609107328190616, 43.921453108415065 ], [ -3.606943121645535, 43.925404516661075 ], [ -3.603390285936047, 43.926461935177286 ], [ -3.601254816744679, 43.923110212683326 ], [ -3.606805194573333, 43.918024012360185 ], [ -3.601378612962157, 43.916159357595269 ], [ -3.601132542490047, 43.911901154390797 ], [ -3.59547566233467, 43.914542260768506 ], [ -3.591001622185576, 43.914291168164112 ], [ -3.573495547585334, 43.913812005198565 ], [ -3.565988504049688, 43.911902247645301 ], [ -3.565060044937104, 43.918306923487442 ], [ -3.570344741797013, 43.92085754876193 ], [ -3.563024779442081, 43.924362842727483 ], [ -3.559030702772374, 43.928883720647597 ], [ -3.553231459137133, 43.928903440360976 ], [ -3.551131980480427, 43.933031046430656 ], [ -3.557176644588398, 43.934236673217228 ], [ -3.562527584717679, 43.932110401250689 ], [ -3.563651865786833, 43.936110499841163 ], [ -3.561374228665495, 43.939334416580941 ], [ -3.555413321599899, 43.943342848211998 ], [ -3.548900031037018, 43.944408663892624 ], [ -3.54551117539511, 43.947180920129043 ], [ -3.561334629404095, 43.951099770394897 ], [ -3.566885983975121, 43.950382718498545 ], [ -3.568860127213475, 43.952676245912592 ], [ -3.567681524335704, 43.957411941740347 ], [ -3.575076460285855, 43.958344004113926 ], [ -3.58027132564339, 43.964320887662119 ], [ -3.58387661065262, 43.964307278125887 ], [ -3.583212878436487, 43.96900715074095 ], [ -3.578566773174935, 43.971993993590992 ], [ -3.580708216528339, 43.974404952153918 ], [ -3.584916866731957, 43.973281332769709 ], [ -3.588178407894613, 43.967900263534865 ], [ -3.590986390248046, 43.966176508073445 ], [ -3.591136776642605, 43.962703821381417 ], [ -3.594814242449581, 43.961923438829565 ], [ -3.597145539149017, 43.958751785535775 ], [ -3.597551138523142, 43.955317447676421 ], [ -3.603626445196716, 43.965727291583754 ], [ -3.602772742310889, 43.97104577513894 ], [ -3.597439026140446, 43.975477818102362 ], [ -3.602742646134585, 43.976489598212964 ], [ -3.603695985399317, 43.980328525342429 ], [ -3.612927606211996, 43.983699803732094 ], [ -3.616146500173284, 43.987579044870252 ], [ -3.615997595427954, 43.990917919679042 ], [ -3.624014484125436, 43.98993975224689 ], [ -3.631147521387527, 43.988057401024804 ], [ -3.63733920324485, 43.982196140494999 ], [ -3.643296432313122, 43.984161122677172 ], [ -3.642007007116728, 43.986535917271624 ], [ -3.643351413426452, 43.990463510639273 ], [ -3.640045200588232, 43.991733440777445 ], [ -3.615288643598132, 43.996669578036773 ], [ -3.611356046607259, 43.999597055133137 ], [ -3.61190152018341, 44.00454189873988 ], [ -3.606932517899925, 44.005031764282961 ], [ -3.607159530931443, 44.00761207410153 ], [ -3.611355144770414, 44.009609209983971 ], [ -3.616575531504624, 44.009994898759935 ], [ -3.622147785475024, 44.008205381576786 ], [ -3.623352761268706, 44.011047972609298 ], [ -3.620077032396988, 44.013784477630495 ], [ -3.621380379733496, 44.020315206421706 ], [ -3.620350742441747, 44.02390779542602 ], [ -3.629990492373921, 44.023942264116172 ], [ -3.631784019856185, 44.026248531010488 ], [ -3.640869213274712, 44.028152821531457 ], [ -3.644395606494724, 44.02806592242797 ], [ -3.652340988966897, 44.016386877407797 ], [ -3.665221708213833, 44.012168461989205 ], [ -3.665580084502039, 44.016201228139742 ], [ -3.670350620387463, 44.015372951202636 ], [ -3.671776649780867, 44.009526662558557 ], [ -3.673996441066366, 44.006811728332757 ], [ -3.673272191392186, 44.00334447541416 ], [ -3.669469518171442, 43.997974273836036 ], [ -3.670654690752678, 43.995708076121041 ], [ -3.677650621472413, 44.001003017821091 ], [ -3.680067870520634, 43.999191909886868 ], [ -3.679028793142081, 43.994876718145896 ], [ -3.685539400466873, 43.99313270905337 ], [ -3.684200659749911, 43.989013629111291 ], [ -3.691517576298465, 43.987691615017525 ], [ -3.693741195569108, 43.993183013041715 ], [ -3.690164326382291, 43.994090680038163 ], [ -3.692216951650806, 43.998246048242592 ], [ -3.699674745444429, 43.998022453114828 ], [ -3.703429286370802, 43.993385439021964 ], [ -3.71198641695888, 43.992758021780972 ], [ -3.714601403059523, 44.000164882199059 ], [ -3.717173933742769, 44.001893816555182 ], [ -3.725025226133831, 43.999890934314841 ], [ -3.730117965022103, 44.002108773669754 ], [ -3.736415108051943, 44.0003222848975 ], [ -3.74466838841738, 43.999156678777247 ], [ -3.757090743615509, 43.995756150034317 ], [ -3.761045566418466, 43.996954207077714 ], [ -3.768661965780339, 43.996634702048972 ], [ -3.772272313416669, 43.997776143151611 ], [ -3.776599570957349, 44.001600137941018 ], [ -3.780126751665729, 44.003159539179265 ], [ -3.789697445371526, 44.014957815095464 ], [ -3.794270653758812, 44.01552182539087 ], [ -3.796922607755691, 44.020062788459853 ], [ -3.802100527922819, 44.023501380962912 ], [ -3.810882366144035, 44.026652406091301 ], [ -3.814441646982343, 44.029991222099355 ], [ -3.824223960256336, 44.031316500916006 ], [ -3.828295014925497, 44.033808115636226 ], [ -3.834951521568637, 44.033399108202943 ], [ -3.847740745731738, 44.036946092825794 ], [ -3.852594877855544, 44.037155994236386 ], [ -3.85748881374177, 44.035912448086563 ], [ -3.865869553421429, 44.044070215370553 ], [ -3.864699378287577, 44.046866295737999 ], [ -3.87183081557152, 44.05136087857975 ], [ -3.877863764144154, 44.053124090114984 ], [ -3.884697906199368, 44.053603505314413 ], [ -3.889831754910128, 44.055275065095842 ], [ -3.892261649370276, 44.057834341401964 ], [ -3.893070987300499, 44.062143207332198 ], [ -3.896204230770624, 44.064829540760876 ], [ -3.901889435501486, 44.065612097169911 ], [ -3.903446253894802, 44.069393038098021 ], [ -3.906617746671888, 44.072129299201379 ], [ -3.906320057157778, 44.074778162957777 ], [ -3.91196568540164, 44.077978778477146 ], [ -3.919943842155232, 44.087274329357584 ], [ -3.92537966877711, 44.089791662883471 ], [ -3.930188765979659, 44.095579540221387 ], [ -3.937195955326568, 44.10079464599589 ], [ -3.946455671134906, 44.109724580734678 ], [ -3.957059977523483, 44.1232605593664 ], [ -3.96272821473985, 44.133448428223133 ], [ -3.962875081055134, 44.139190430617496 ], [ -3.959921660138408, 44.153132124925072 ], [ -3.960439186745121, 44.154699169857416 ], [ -3.956706005944248, 44.167230640394884 ], [ -3.953712973613231, 44.174237693123246 ], [ -3.954707690431689, 44.184868587678707 ], [ -3.959651773546506, 44.187839448037494 ], [ -3.961749539859144, 44.191786182710175 ], [ -3.969983013131963, 44.196308936530187 ], [ -3.973165089470627, 44.200587131596492 ], [ -3.980296259277041, 44.203391621189475 ], [ -3.987387940363397, 44.207915971466534 ], [ -3.992442234669668, 44.209308564222717 ], [ -3.999568802958678, 44.212635586713105 ], [ -4.003737112121817, 44.218471476856493 ], [ -4.008483234931581, 44.221428158026626 ], [ -4.009038507594203, 44.224311146435141 ], [ -4.013692879106926, 44.228446710298392 ], [ -4.019242616064193, 44.229881639197401 ], [ -4.030584074409424, 44.230485184904012 ], [ -4.041605202579436, 44.239796509074417 ], [ -4.049622863402237, 44.251733173122297 ], [ -4.058891399223856, 44.255580273869796 ], [ -4.058629580586089, 44.264447280807545 ], [ -4.06198666544257, 44.266061645679791 ], [ -4.064608185758716, 44.270925102672628 ], [ -4.066403204506896, 44.284084829210698 ], [ -4.064303740305469, 44.289843618804078 ], [ -4.062008115255689, 44.292470797486459 ], [ -4.062359151058474, 44.297837522647278 ], [ -4.058777109196368, 44.300135496266108 ], [ -4.058071224056329, 44.306215129359977 ], [ -4.051365587986588, 44.312878493292317 ], [ -4.052653757997229, 44.316047548055948 ], [ -4.049186406331498, 44.31972515472647 ], [ -4.043329282900072, 44.321977115690977 ], [ -4.043274395643511, 44.325526754669809 ], [ -4.039615952534814, 44.331391265617924 ], [ -4.039110776037463, 44.334395049824778 ], [ -4.030021225143252, 44.341686804944686 ], [ -4.027208574833687, 44.341223347829626 ], [ -4.010938524449423, 44.346426067128114 ], [ -4.006729816303027, 44.349578481541457 ], [ -3.997950650590072, 44.352480033032343 ], [ -3.988984029726567, 44.357555146395946 ], [ -3.988223278867912, 44.360519725914287 ], [ -3.984377038703082, 44.36272528850855 ], [ -3.979450252419563, 44.361738949757203 ], [ -3.973575004487818, 44.362780930861767 ], [ -3.968465086061757, 44.365246453052805 ], [ -3.959561391769622, 44.367169715431459 ], [ -3.944743407983043, 44.368964391924557 ], [ -3.936659163352767, 44.368828123187512 ], [ -3.926397204534399, 44.371813483176453 ], [ -3.919645739262687, 44.369720103255261 ], [ -3.912125001919712, 44.371463332077695 ], [ -3.907509968670389, 44.370963738161102 ], [ -3.901069779528424, 44.36768158459148 ], [ -3.891153336767923, 44.368916618061192 ], [ -3.883072037476816, 44.367682023929689 ], [ -3.87321259306224, 44.363619867428895 ], [ -3.866791934109023, 44.362713349445606 ], [ -3.861787718781528, 44.364904111020877 ], [ -3.851370845078891, 44.360241498947545 ], [ -3.845874990138915, 44.36075333829347 ], [ -3.83980668948947, 44.35696900155947 ], [ -3.830677451238591, 44.356969042764277 ], [ -3.827390268055728, 44.352753144713837 ], [ -3.816531747134714, 44.346075771409581 ], [ -3.810933526663286, 44.344106115051403 ], [ -3.803891762642153, 44.344748146970367 ], [ -3.800899330055945, 44.343915857797427 ], [ -3.79447079892596, 44.341648850877952 ], [ -3.793288255858917, 44.3390807067738 ], [ -3.786075694513686, 44.335636273943301 ], [ -3.781349135832703, 44.335403927548541 ], [ -3.778930376284257, 44.333603056693491 ], [ -3.764282541073142, 44.333591823988669 ], [ -3.761615278167581, 44.329109612663252 ], [ -3.75722747247141, 44.325737252865949 ], [ -3.746581898938257, 44.321660681146255 ], [ -3.741132052358402, 44.320657530539414 ], [ -3.733479515452176, 44.32162435453305 ], [ -3.723499788806745, 44.327730107313648 ], [ -3.716061592476577, 44.321232354560351 ], [ -3.70885918325655, 44.318867913419624 ], [ -3.700495750537812, 44.321192657477582 ], [ -3.69642946212412, 44.320570974898615 ], [ -3.695978932904848, 44.316147510267221 ], [ -3.699800312206145, 44.312614802102921 ], [ -3.695100884529951, 44.309820072936304 ], [ -3.688533773409025, 44.310728825929985 ], [ -3.682864762684798, 44.309664938024071 ], [ -3.678754359820207, 44.305309192066382 ], [ -3.677200458451081, 44.297091644802457 ], [ -3.672467819385315, 44.293462049166301 ], [ -3.666002151792009, 44.290469582006935 ], [ -3.658836630578819, 44.290304104931373 ], [ -3.654696093483778, 44.29237525560638 ], [ -3.647195429230212, 44.292532227424338 ], [ -3.642672495628493, 44.294423308694981 ], [ -3.64035639936354, 44.292432104449503 ], [ -3.644023057228778, 44.288799465504496 ], [ -3.643568464646556, 44.285179881903403 ], [ -3.645653394072375, 44.281287528676266 ], [ -3.641007841190538, 44.277004465815502 ], [ -3.632659893885046, 44.273986596100777 ], [ -3.631825020560984, 44.268764270062917 ], [ -3.626930137314855, 44.264177953066124 ], [ -3.622170417149996, 44.263226549833348 ], [ -3.61749390514459, 44.263715452599293 ], [ -3.61677810569866, 44.260631072506833 ], [ -3.613263222300816, 44.256213775664229 ], [ -3.607023246269384, 44.253238513168696 ], [ -3.604557639020391, 44.254776291956752 ], [ -3.597420198558308, 44.25519611544847 ], [ -3.59384955918831, 44.251419940708907 ], [ -3.600088182154303, 44.249447518729468 ], [ -3.59433547818294, 44.245904143008275 ], [ -3.590494294979981, 44.242339435952772 ], [ -3.582735556347044, 44.241579316501188 ], [ -3.583611747582724, 44.238828495267704 ], [ -3.579034240952149, 44.23498357739269 ], [ -3.569264476014125, 44.231055737311209 ], [ -3.565448476169113, 44.226303707282852 ], [ -3.567846945925486, 44.222102759483136 ], [ -3.561555852550244, 44.215625634541482 ], [ -3.5573699492112, 44.21472873708916 ], [ -3.558685433211263, 44.210535286445491 ], [ -3.55616084462772, 44.206910892201144 ], [ -3.555920095883687, 44.20340130825339 ], [ -3.546422345471935, 44.200063817170566 ], [ -3.540555285071783, 44.20232776781328 ], [ -3.538199238180165, 44.209921766139672 ], [ -3.538668565418258, 44.216597505616271 ], [ -3.535651248407435, 44.220156350700556 ], [ -3.530739114854685, 44.222920801431364 ], [ -3.525839005297235, 44.227394945525823 ], [ -3.526219802435427, 44.230171633749691 ], [ -3.518172423555715, 44.231580437773417 ], [ -3.50898968965691, 44.23445636631331 ], [ -3.509055799090183, 44.236803775858661 ], [ -3.503884117412881, 44.238982894352723 ], [ -3.489931518536803, 44.239213172381845 ], [ -3.484289308837497, 44.234948468233078 ], [ -3.478935586869963, 44.235724374717648 ], [ -3.473011710361413, 44.239508105233604 ], [ -3.465157630213625, 44.242217849494089 ], [ -3.465196661485249, 44.245746784877575 ], [ -3.459698377978651, 44.247799047309613 ], [ -3.456790578853348, 44.246602691503199 ], [ -3.448273743695376, 44.2491324459398 ], [ -3.447425875486641, 44.252495779523059 ], [ -3.440160768469147, 44.253887604739518 ], [ -3.434005703768778, 44.25780395875735 ], [ -3.428379484522343, 44.263134156654743 ], [ -3.425393288686195, 44.268443232970604 ], [ -3.420346669504629, 44.269210580482643 ], [ -3.418135904346528, 44.264072125487445 ], [ -3.414073846183884, 44.265319609517526 ], [ -3.405920254926393, 44.263433902946652 ], [ -3.398961945594912, 44.263275915729906 ], [ -3.395395985858945, 44.25996172154565 ], [ -3.40004225985869, 44.251344767383017 ], [ -3.39854741854053, 44.247713342398306 ], [ -3.392139954830959, 44.242609298117337 ], [ -3.403212298414692, 44.239782065736968 ], [ -3.408402428183714, 44.243520241737905 ], [ -3.410470024295253, 44.247439632292576 ], [ -3.408181604818602, 44.249552927899259 ], [ -3.412957625820628, 44.252175285387423 ], [ -3.418738121565835, 44.250354205347989 ], [ -3.4246262193281, 44.251249270096466 ], [ -3.431725741441201, 44.248599390235242 ], [ -3.432096823997575, 44.243160812022964 ], [ -3.43654132809677, 44.244054825363868 ], [ -3.437449394711229, 44.240098728726792 ], [ -3.435212584751108, 44.236971754351153 ], [ -3.426845072941795, 44.23570349862068 ], [ -3.420444031614926, 44.232080929057766 ], [ -3.421531707129396, 44.226784431349344 ], [ -3.423963816452376, 44.224063021500825 ], [ -3.429038350547837, 44.226000136191047 ], [ -3.431728534116219, 44.225141542827735 ], [ -3.432654947353486, 44.221546064947759 ], [ -3.436927405302082, 44.221093674423727 ], [ -3.438734587699964, 44.21718360721087 ], [ -3.436690815492979, 44.215473099819796 ], [ -3.423755357476931, 44.214765904033939 ], [ -3.422028503371322, 44.213390676244927 ], [ -3.431652019374559, 44.205966674271032 ], [ -3.440007194600044, 44.204683683949327 ], [ -3.442743916673067, 44.207809825793426 ], [ -3.451162977795903, 44.206628587494023 ], [ -3.454384598911085, 44.204306600308193 ], [ -3.458893890098149, 44.2053796550328 ], [ -3.459835655822087, 44.211825844116149 ], [ -3.461753896156777, 44.215649296169751 ], [ -3.46520280016741, 44.217681889158463 ], [ -3.473203031000631, 44.219647022190443 ], [ -3.477245915012321, 44.221511541811964 ], [ -3.48577646645274, 44.221974142658787 ], [ -3.489900396590035, 44.223978590846144 ], [ -3.498210991451272, 44.221441273606054 ], [ -3.503055697433996, 44.221094988942149 ], [ -3.50537421178966, 44.22261664552186 ], [ -3.51056939252851, 44.221200572966616 ], [ -3.512072245759263, 44.215760394211252 ], [ -3.516143298670557, 44.211490137630889 ], [ -3.520907559208143, 44.211147795707461 ], [ -3.522191624468404, 44.204346448831892 ], [ -3.518315896303357, 44.201292346359061 ], [ -3.50861799169915, 44.198700700528811 ], [ -3.520773166146228, 44.196614857602064 ], [ -3.522713258165355, 44.190801836951735 ], [ -3.521318550449408, 44.185844423856757 ], [ -3.517462263140064, 44.182448872165025 ], [ -3.512958264282926, 44.181251577995283 ], [ -3.514290238842732, 44.177831231964078 ], [ -3.51239629266344, 44.171908695288245 ], [ -3.509338850145476, 44.172808822138371 ], [ -3.500511402687464, 44.172000735672547 ], [ -3.496993719434606, 44.173634833621456 ], [ -3.496214946157309, 44.179342032490695 ], [ -3.49312148405618, 44.183394636110087 ], [ -3.488395022277868, 44.183135526202634 ], [ -3.489622227848003, 44.177176602360582 ], [ -3.488111037688753, 44.174864910696328 ], [ -3.495220195669564, 44.171523997203806 ], [ -3.497559098036516, 44.167204530077754 ], [ -3.494771585923425, 44.163691111876581 ], [ -3.489681199249576, 44.162440195513042 ], [ -3.474430449413649, 44.167212410199369 ], [ -3.471628050789152, 44.170562659810926 ], [ -3.46874328915946, 44.170862057413757 ], [ -3.462547504249326, 44.173914511980975 ], [ -3.461018033153019, 44.171233223928915 ], [ -3.462162123958842, 44.167329286617161 ], [ -3.458404359219861, 44.165121116835309 ], [ -3.46199254448132, 44.162378014316019 ], [ -3.46005915908709, 44.160008387937552 ], [ -3.450742886411709, 44.156020862352889 ], [ -3.438772903834638, 44.15649179463923 ], [ -3.435321186176768, 44.155526173353394 ], [ -3.438427496490914, 44.150233436678704 ], [ -3.442381236225061, 44.1523317848659 ], [ -3.44692143966077, 44.148134251600005 ], [ -3.447416507355627, 44.143407934272446 ], [ -3.456550218160228, 44.147644090538698 ], [ -3.46182081795828, 44.147216592487581 ], [ -3.468395001243768, 44.140528034582871 ], [ -3.479008496764232, 44.139131729561221 ], [ -3.48439271615907, 44.134673497369825 ], [ -3.483856265012588, 44.130602358212961 ], [ -3.477737525078185, 44.126569175424663 ], [ -3.482752737495189, 44.124410153550549 ], [ -3.48743394551523, 44.125790532895287 ], [ -3.487850564215492, 44.130695860498996 ], [ -3.492006486684258, 44.131579197874927 ], [ -3.49711601728954, 44.130062078543915 ], [ -3.499524965184402, 44.125612013046549 ], [ -3.49943997281338, 44.118150616995905 ], [ -3.504066345860914, 44.114657246056169 ], [ -3.507417862816592, 44.114046180696079 ], [ -3.505166666041739, 44.107618357348478 ], [ -3.501368828235595, 44.107164792677843 ], [ -3.4995775734664, 44.104761218716327 ], [ -3.491651802491689, 44.104576415393581 ], [ -3.489797893084187, 44.098627853145338 ], [ -3.480392646656194, 44.090933784350639 ], [ -3.475594644963262, 44.08982674285258 ], [ -3.472931082863205, 44.086944004898271 ], [ -3.469462141532902, 44.088478179175119 ], [ -3.468562807912283, 44.092226279724599 ], [ -3.464641202019968, 44.092548350844666 ], [ -3.461702698824322, 44.087962446588087 ], [ -3.455319944358732, 44.090820721784802 ], [ -3.462371733988591, 44.096770282306736 ], [ -3.456128895861386, 44.100210866811167 ], [ -3.452960156754005, 44.103739935170907 ], [ -3.451430137925554, 44.107542582491021 ], [ -3.440456649481711, 44.106237589105177 ], [ -3.438430111907414, 44.110692348130954 ], [ -3.432819936239266, 44.110300577712543 ], [ -3.43348481162207, 44.107525099086835 ], [ -3.428889860983145, 44.105146583628091 ], [ -3.427276155630629, 44.109113871679945 ], [ -3.422048569103288, 44.108939302407855 ], [ -3.423693969610094, 44.104681228249582 ], [ -3.411180572228724, 44.102734404792272 ], [ -3.410280441434529, 44.11024787004542 ], [ -3.405879690416493, 44.112137265662739 ], [ -3.397562168413326, 44.11269798275238 ], [ -3.394437518233994, 44.111536999004159 ], [ -3.394140464319992, 44.104675578253087 ], [ -3.399754499352576, 44.10142946404865 ], [ -3.396642673830958, 44.099236892515201 ], [ -3.398956130210031, 44.09400686622682 ], [ -3.40445817590338, 44.092703781763632 ], [ -3.412753912314811, 44.089286009372969 ], [ -3.417220457998313, 44.086798080831372 ], [ -3.419789602321169, 44.08722901446685 ], [ -3.421713066036863, 44.093431925430401 ], [ -3.42751474524222, 44.089197311971596 ], [ -3.43339720334392, 44.08271047997799 ], [ -3.422958681988515, 44.08246608519265 ], [ -3.416962512500058, 44.079415135891793 ], [ -3.412786927222019, 44.073668470835912 ], [ -3.407368062481228, 44.069737451222387 ], [ -3.403916995210066, 44.063584012051429 ], [ -3.408799364076522, 44.063566750333479 ], [ -3.410669485561541, 44.059412132440968 ], [ -3.415780877262419, 44.058721750502045 ], [ -3.414504576509953, 44.053533166230721 ], [ -3.417072062881902, 44.051750904777826 ], [ -3.415247660384419, 44.04840618434514 ], [ -3.41060746205999, 44.048975106667818 ], [ -3.393642035327303, 44.047613545909272 ], [ -3.394359035438598, 44.042593447458607 ], [ -3.390623281314039, 44.042132732847726 ], [ -3.385039546252856, 44.048333139526619 ], [ -3.382046720917411, 44.04879077284685 ], [ -3.375910576130257, 44.052478208442743 ], [ -3.372242310519774, 44.049281796296427 ], [ -3.364150125204082, 44.047978256358448 ], [ -3.373730105235632, 44.042317842924106 ], [ -3.379436462706536, 44.040094337928053 ], [ -3.375953919953087, 44.036785922459025 ], [ -3.371569889728768, 44.036523820378328 ], [ -3.371025897482967, 44.033975859892422 ], [ -3.366129929776096, 44.033429401631359 ], [ -3.359121402024608, 44.0306612962165 ], [ -3.357964814787348, 44.026428802884567 ], [ -3.361351943338494, 44.025444636434216 ], [ -3.364198138671922, 44.021782119247469 ], [ -3.363497983000256, 44.018036015886857 ], [ -3.359759921494223, 44.01558409827522 ], [ -3.35504698116425, 44.014658784230001 ], [ -3.354698479052979, 44.01040806232627 ], [ -3.341189119716149, 44.008423838550804 ], [ -3.333722140103303, 44.011708331066366 ], [ -3.332573952306371, 44.014239404108395 ], [ -3.324809851488217, 44.015471317490693 ], [ -3.322002648377619, 44.014249054026685 ], [ -3.319840379365386, 44.009033792557744 ], [ -3.319993022199173, 44.005868735469875 ], [ -3.321475493628795, 43.995504879146644 ], [ -3.317006324190427, 43.997891523935955 ], [ -3.307794442842284, 43.997192062761229 ], [ -3.313589833203832, 43.993793387722285 ], [ -3.321562451732505, 43.994322677836209 ], [ -3.326413363993435, 43.991913697104991 ], [ -3.32648018281576, 43.988525936042116 ], [ -3.320315194627119, 43.980992066031348 ], [ -3.316439322469669, 43.985014395562459 ], [ -3.311075627607253, 43.98283032156575 ], [ -3.314773890074599, 43.980249568995255 ], [ -3.314032784879787, 43.977505335219846 ], [ -3.309124653857634, 43.978344657790124 ], [ -3.300423722499144, 43.981682015262628 ], [ -3.299045463097686, 43.977698553159755 ], [ -3.303312974111709, 43.974328528022724 ], [ -3.309442810330725, 43.97355891687986 ], [ -3.310503462451077, 43.971861344098535 ], [ -3.308840179104522, 43.967420382549136 ], [ -3.296518634839742, 43.97134833451819 ], [ -3.295386326261412, 43.974922515356752 ], [ -3.291819459339081, 43.97813171655735 ], [ -3.285358059146479, 43.981472517725635 ], [ -3.281266207335977, 43.986227674276584 ], [ -3.274556474868834, 43.985335225644079 ], [ -3.276127730472561, 43.981784867023443 ], [ -3.27899793698649, 43.980855449160316 ], [ -3.278690080208466, 43.973764268174953 ], [ -3.283630418601959, 43.969374387966887 ], [ -3.288525889835548, 43.968049065604376 ], [ -3.289927002742656, 43.965697890377534 ], [ -3.289878122099418, 43.959990309480467 ], [ -3.295452943186334, 43.959648701202589 ], [ -3.286559680272016, 43.952821307122711 ], [ -3.282434135265844, 43.954019699751221 ], [ -3.273878131918544, 43.949098360565969 ], [ -3.270439275539843, 43.945888745086243 ], [ -3.270425202980953, 43.941092467175693 ], [ -3.279403240420629, 43.940687182031496 ], [ -3.2839079253603, 43.941206994468608 ], [ -3.284461365408955, 43.938065401285108 ], [ -3.289287930810145, 43.937065362947777 ], [ -3.288261852075399, 43.933824700952606 ], [ -3.281157557017309, 43.93575024711167 ], [ -3.279207820555404, 43.934582897572675 ], [ -3.269938739920863, 43.93384540642576 ], [ -3.266822263402898, 43.931541615320285 ], [ -3.271280880573546, 43.929686656653793 ], [ -3.281355016152144, 43.929035429357455 ], [ -3.281203367070037, 43.92682887142508 ], [ -3.276969055726889, 43.924747383017518 ], [ -3.28134742512447, 43.92203099111503 ], [ -3.282479086904873, 43.913604989066194 ], [ -3.281257906028614, 43.905747426177264 ], [ -3.276345878396587, 43.903467427629444 ], [ -3.266862143534114, 43.906551142050013 ], [ -3.26118156261305, 43.911880964871358 ], [ -3.256284915200629, 43.906224459681056 ], [ -3.255898788361911, 43.903023253449675 ], [ -3.258063587568604, 43.897359072694236 ], [ -3.254916065216315, 43.895821164932386 ], [ -3.256345841697804, 43.889765193815371 ], [ -3.253225153015871, 43.883581489519528 ], [ -3.250185958135528, 43.882187387184416 ], [ -3.240275062427094, 43.882911879051498 ], [ -3.237458896072861, 43.87803750281445 ], [ -3.238182314742081, 43.874298775806921 ], [ -3.228910322005024, 43.865588729246554 ], [ -3.233175381132041, 43.861273487918176 ], [ -3.233563141866451, 43.85699370563875 ], [ -3.237939785899778, 43.855808767447861 ], [ -3.245814804040482, 43.859816380584064 ], [ -3.250233780975756, 43.859537835105073 ], [ -3.249939452117385, 43.856001261624513 ], [ -3.253343358575329, 43.852112286410929 ], [ -3.246002521288712, 43.851699352103616 ], [ -3.241809059199636, 43.850511442984228 ], [ -3.242407483065876, 43.847310203544893 ], [ -3.238669413375451, 43.845542004119871 ], [ -3.233889113787117, 43.8383788656284 ], [ -3.240102605504018, 43.835343772690216 ], [ -3.245064765542938, 43.831505815639382 ], [ -3.245299745429728, 43.827087185240181 ], [ -3.248703843454147, 43.826399009124572 ], [ -3.248803653488984, 43.821490329966757 ], [ -3.245743828268032, 43.817998788048811 ], [ -3.248174828222664, 43.814833686454875 ], [ -3.250694312809902, 43.803664944219484 ], [ -3.256459161767868, 43.802659436726323 ], [ -3.265798377992585, 43.798821227184199 ], [ -3.261470402819239, 43.793842293392089 ], [ -3.265930684871381, 43.787490570535702 ], [ -3.265033985997156, 43.784951935243114 ], [ -3.272571902471495, 43.782850218942976 ], [ -3.275639251917042, 43.794043910274596 ], [ -3.280208285952212, 43.794500661620667 ], [ -3.287597727774154, 43.799194483959155 ], [ -3.291007794095997, 43.798328168543762 ], [ -3.290374160308651, 43.793816962993048 ], [ -3.288315722208386, 43.792561373156794 ], [ -3.292058299751599, 43.788606367073278 ], [ -3.290828896061905, 43.78492390024649 ], [ -3.292575255767356, 43.781768482012794 ], [ -3.290970081377085, 43.777291029916924 ], [ -3.283806762407694, 43.778393102835246 ], [ -3.281224964040255, 43.777347780853347 ], [ -3.282975845563129, 43.773132897712884 ], [ -3.286284210218934, 43.770635292729168 ], [ -3.29460916198926, 43.770857866436558 ], [ -3.292000942241469, 43.765138993916047 ], [ -3.285810829180087, 43.770490054617177 ], [ -3.281950668393232, 43.771329755585718 ], [ -3.276038539329221, 43.769676210329003 ], [ -3.271999065141889, 43.773315053676392 ], [ -3.268506990712257, 43.772039292915331 ], [ -3.270065225995078, 43.767540608956821 ], [ -3.27533591966654, 43.767460424007687 ], [ -3.278742371770038, 43.770203022271531 ], [ -3.284073452460514, 43.770151460612311 ], [ -3.289759706410192, 43.765708939131329 ], [ -3.291104076480716, 43.761870130503176 ], [ -3.296113933668134, 43.758989788440381 ], [ -3.302133212635674, 43.747527983191958 ], [ -3.310674572298737, 43.743819180635015 ], [ -3.317709519768853, 43.744796333035978 ], [ -3.32248130190409, 43.74175337572494 ], [ -3.33087217366202, 43.743927843268324 ], [ -3.336511180121981, 43.743996974592257 ], [ -3.336872052841316, 43.748805280993935 ], [ -3.344998135226302, 43.75324066653139 ], [ -3.352531585409461, 43.754151554802995 ], [ -3.353587139182886, 43.758071258158552 ], [ -3.356163597811351, 43.759605519247351 ], [ -3.355207617175044, 43.763654084208994 ], [ -3.358439948133165, 43.767340204023945 ], [ -3.371842792739999, 43.772383322385906 ], [ -3.359747088886959, 43.783756270174123 ], [ -3.359306901144276, 43.787135571690946 ], [ -3.355664808997888, 43.793131196997038 ], [ -3.353727062519272, 43.79353210248955 ], [ -3.351958052432087, 43.799126702000166 ], [ -3.350289503733724, 43.800567543135379 ], [ -3.353271622122147, 43.806551448740294 ], [ -3.360044520445677, 43.812227505982996 ], [ -3.35795110512101, 43.818367853955699 ], [ -3.348273907630863, 43.810191747424753 ], [ -3.345178016888818, 43.811538141669573 ], [ -3.34548384732572, 43.815080271919193 ], [ -3.339065144836769, 43.815970996441763 ], [ -3.341682623981121, 43.821227224795692 ], [ -3.335510700465558, 43.82579336172499 ], [ -3.331600817133789, 43.824626190292648 ], [ -3.328910574730734, 43.821696815610359 ], [ -3.32481835302857, 43.822262447684189 ], [ -3.320625892997428, 43.825214097810772 ], [ -3.321790435986763, 43.82802090456299 ], [ -3.330393003179248, 43.83013643389188 ], [ -3.326245269872265, 43.832824267262865 ], [ -3.320839706535286, 43.83288188222194 ], [ -3.321417590485787, 43.836069266935603 ], [ -3.318013363004518, 43.840764966897915 ], [ -3.318755273586347, 43.843187340593666 ], [ -3.324674231067643, 43.841064907443332 ], [ -3.32936545988531, 43.844498577695205 ], [ -3.333762422412523, 43.84509095118716 ], [ -3.34302927146886, 43.843050361797687 ], [ -3.347481649099234, 43.847245281923627 ], [ -3.352446636240183, 43.844941746772442 ], [ -3.354064747689383, 43.842307988285803 ], [ -3.358798354960261, 43.842523199082692 ], [ -3.363037970712099, 43.834933891597601 ], [ -3.370204313410986, 43.828945660994393 ], [ -3.373910081732492, 43.826929883848628 ], [ -3.377145262819181, 43.822283350425579 ], [ -3.376313161890253, 43.818486807531606 ], [ -3.384701589009665, 43.813863161582447 ], [ -3.39284553740543, 43.817614366265595 ], [ -3.401457786304781, 43.820509362137827 ], [ -3.404524993097119, 43.823068461589408 ], [ -3.414194281145599, 43.828896394753059 ], [ -3.412742929816503, 43.838411722650513 ], [ -3.4190747145786, 43.837638196850975 ], [ -3.425437881050374, 43.838294822445917 ], [ -3.430112525629186, 43.835823280778129 ], [ -3.44175871434792, 43.832147237034455 ], [ -3.450934236934439, 43.827432889068824 ], [ -3.457515619716136, 43.827396604547502 ], [ -3.462435632736663, 43.829580336875374 ], [ -3.4687053111882, 43.829794593300996 ], [ -3.476942465313714, 43.831476496857519 ], [ -3.487617192935461, 43.830744354259309 ], [ -3.494643673211259, 43.827994517135849 ], [ -3.498168742338879, 43.831268332011824 ], [ -3.506392407024793, 43.832229506517038 ], [ -3.509817624697238, 43.836179566120087 ], [ -3.512134614699947, 43.842302724032862 ], [ -3.521534344305143, 43.843871863689579 ], [ -3.522108869214528, 43.838769167819933 ], [ -3.523871578169322, 43.835986140034301 ], [ -3.52127099583315, 43.833362023332491 ], [ -3.530367493985767, 43.829817643522908 ], [ -3.533948528338521, 43.830678661386209 ], [ -3.538257804347471, 43.833805407448146 ], [ -3.534594252664948, 43.836721619388435 ], [ -3.535040708227898, 43.842171019070129 ], [ -3.538180653183929, 43.843353705126887 ], [ -3.542709722091535, 43.849801481641215 ], [ -3.547038560273565, 43.849618798223069 ], [ -3.550143053903395, 43.853195538308107 ], [ -3.552647122218643, 43.85056754219314 ], [ -3.549219310173391, 43.848902080967662 ], [ -3.549206978627453, 43.844866591706385 ], [ -3.551138750080699, 43.841698777000495 ], [ -3.549764607596263, 43.83596612350744 ], [ -3.552516532235342, 43.834689453805794 ], [ -3.556851840027642, 43.839052633667542 ], [ -3.561467615101429, 43.841610865472397 ], [ -3.564321708752142, 43.839089075658613 ], [ -3.560379728189337, 43.836993328203064 ], [ -3.558233687728131, 43.827516279172684 ], [ -3.56095276710541, 43.825207892399447 ], [ -3.566912778874587, 43.828086384115927 ], [ -3.572654602007569, 43.827071605388078 ], [ -3.57867624002122, 43.830177251575101 ], [ -3.578598314950841, 43.833307419135735 ], [ -3.589357066081036, 43.843727167288655 ], [ -3.595011478089811, 43.84402283244323 ], [ -3.591736960904908, 43.837276980007424 ], [ -3.593124363084563, 43.832831238970542 ], [ -3.595769818559636, 43.832211741927907 ], [ -3.607068452196397, 43.836656367448022 ], [ -3.610307362114371, 43.839918090903922 ], [ -3.614455043076718, 43.841621786352569 ], [ -3.620696753685373, 43.840706752730547 ], [ -3.632269590911293, 43.837279409927724 ], [ -3.64588424993988, 43.832338424563716 ], [ -3.656209212930901, 43.827544343529553 ], [ -3.663173397508177, 43.820950497836932 ], [ -3.663954219582301, 43.818714172555403 ], [ -3.662031742839822, 43.815126861724686 ], [ -3.663478965505171, 43.81004561267374 ], [ -3.667604086807862, 43.805394580774525 ], [ -3.673977465890538, 43.802718851828629 ], [ -3.677672377980481, 43.800042033969397 ], [ -3.684231580051833, 43.800067054639946 ], [ -3.6912151715366, 43.801751086308705 ], [ -3.699808406382998, 43.806898078185149 ], [ -3.70061776810409, 43.8116558281477 ] ] ], [ [ [ -3.253733791758364, 43.792791462943519 ], [ -3.257100073239489, 43.795888576491421 ], [ -3.25554889063367, 43.797537459104575 ], [ -3.24920185165254, 43.798078596704983 ], [ -3.24764328373276, 43.795545335191711 ], [ -3.251045283612476, 43.792600791321426 ], [ -3.253733791758364, 43.792791462943519 ] ] ], [ [ [ -3.63089207883111, 43.935290937021584 ], [ -3.622561638435833, 43.937049903283999 ], [ -3.621256747593083, 43.934868031258382 ], [ -3.630003125221996, 43.93168737043127 ], [ -3.631958630567043, 43.932971155917357 ], [ -3.63089207883111, 43.935290937021584 ] ] ], [ [ [ -3.612530203653388, 43.977165615737583 ], [ -3.611241400498432, 43.979569964154123 ], [ -3.606429058188941, 43.978927993299735 ], [ -3.60597024549167, 43.976648324619063 ], [ -3.606728036934017, 43.970073007498812 ], [ -3.609800030715272, 43.96862680964886 ], [ -3.613043938815405, 43.972313073783802 ], [ -3.608340886329985, 43.975650085352385 ], [ -3.612530203653388, 43.977165615737583 ] ] ], [ [ [ -3.322090722997431, 44.064575618915804 ], [ -3.319965893530172, 44.059558097715851 ], [ -3.32421133725226, 44.058454257009316 ], [ -3.328128446338703, 44.060120265208724 ], [ -3.322090722997431, 44.064575618915804 ] ] ], [ [ [ -3.394197934066419, 44.14790592467245 ], [ -3.400686870797742, 44.149311985694972 ], [ -3.412592924556829, 44.144185689754522 ], [ -3.416616219845262, 44.148755675456265 ], [ -3.422584206635995, 44.149375237993844 ], [ -3.429298832966496, 44.152165273716534 ], [ -3.417402296093678, 44.152125359907956 ], [ -3.409863687081435, 44.154801819749828 ], [ -3.401024967804784, 44.151476771345678 ], [ -3.393457427503045, 44.150308901049542 ], [ -3.394197934066419, 44.14790592467245 ] ] ] ] } },
{ "type": "Feature", "properties": { "insee_reg": "03" }, "geometry": { "type": "MultiPolygon", "coordinates": [ [ [ [ -2.924147807234827, 41.574851882162768 ], [ -2.9290443309907, 41.574755619509006 ], [ -2.933215000988029, 41.575912864482312 ], [ -2.933237703679346, 41.578832617986578 ], [ -2.938975809469479, 41.58174361186007 ], [ -2.942864565300957, 41.578624494378687 ], [ -2.949535039759795, 41.579044226372886 ], [ -2.952863552958224, 41.576708545970973 ], [ -2.95098773483605, 41.574007441532771 ], [ -2.950648015974965, 41.567949705887479 ], [ -2.959100098009277, 41.559931630395631 ], [ -2.964092741921382, 41.559603398214094 ], [ -2.971978413224908, 41.554349075070846 ], [ -2.974245033165853, 41.55561346478688 ], [ -2.978086616530616, 41.554405785418304 ], [ -2.981697712133815, 41.549156394041169 ], [ -2.981637828858271, 41.546643782914721 ], [ -2.985636586834727, 41.544750976200135 ], [ -2.990687716581374, 41.544307342289862 ], [ -2.999264375763125, 41.544743290599314 ], [ -3.003697881558383, 41.538479680686592 ], [ -3.007806584234207, 41.537267058432398 ], [ -3.009864991443716, 41.532813514847888 ], [ -3.014348500635258, 41.527501408890011 ], [ -3.017331361863956, 41.527139049238698 ], [ -3.019115411611133, 41.524835070886532 ], [ -3.024218593431121, 41.523929927131917 ], [ -3.032723150604463, 41.525823367401927 ], [ -3.035447754834053, 41.528655323006348 ], [ -3.043717302208659, 41.52734741738638 ], [ -3.047691799277998, 41.525871500385904 ], [ -3.053889235812466, 41.524865352456139 ], [ -3.057312873598213, 41.52689426110566 ], [ -3.063490633281498, 41.525409320270661 ], [ -3.064500710948781, 41.522167017275883 ], [ -3.06869997008745, 41.521068422490401 ], [ -3.072110124656852, 41.522427489579329 ], [ -3.077965173320106, 41.522733987809396 ], [ -3.079218409970681, 41.521110599769905 ], [ -3.08516284447676, 41.523237416522441 ], [ -3.089210808294685, 41.526991275219345 ], [ -3.093957120041141, 41.526187781924484 ], [ -3.094635752623457, 41.527990577989449 ], [ -3.099607735932979, 41.528510695228128 ], [ -3.109363393530949, 41.528291327224778 ], [ -3.116379221066608, 41.530500295209613 ], [ -3.118549884347367, 41.533028526661141 ], [ -3.121442406711429, 41.533668946420192 ], [ -3.124015268851378, 41.531945859876572 ], [ -3.128899346730026, 41.531165811985964 ], [ -3.130241279394506, 41.529122348568897 ], [ -3.134644675405817, 41.530201881590905 ], [ -3.138112965713298, 41.532358531009713 ], [ -3.141937054453771, 41.530303339284373 ], [ -3.146915258105322, 41.531778734596692 ], [ -3.149683823084761, 41.530503730290341 ], [ -3.158411538221475, 41.530890449868551 ], [ -3.159150751183971, 41.533544185052094 ], [ -3.157320072957909, 41.535640747154957 ], [ -3.157682418275691, 41.541002296719768 ], [ -3.163832598765212, 41.539887890435431 ], [ -3.165046745797488, 41.542355996651573 ], [ -3.170609830426942, 41.541969417973235 ], [ -3.171659735957249, 41.539559452691023 ], [ -3.176632515737775, 41.538930167775497 ], [ -3.177419086623313, 41.536861170631674 ], [ -3.181794126650022, 41.537659551677848 ], [ -3.184210061303185, 41.541644006773083 ], [ -3.184745324259319, 41.544623723503705 ], [ -3.189784899126923, 41.54589946026195 ], [ -3.193290072114802, 41.545670504817579 ], [ -3.194505070637782, 41.542845861316373 ], [ -3.197661228974458, 41.542704481673695 ], [ -3.199219838956462, 41.544736264825623 ], [ -3.203536579162415, 41.543964214946556 ], [ -3.210983365877331, 41.544536091310377 ], [ -3.212265151136296, 41.541528889225575 ], [ -3.218220802838306, 41.541411851242884 ], [ -3.221430833064547, 41.543210699636596 ], [ -3.224677258935133, 41.548479466763688 ], [ -3.22039100669744, 41.549688793151113 ], [ -3.215366069211153, 41.549888364660355 ], [ -3.21484697080153, 41.551357457311227 ], [ -3.218710013407567, 41.55552218790811 ], [ -3.210408927545902, 41.559396915910277 ], [ -3.207333220926283, 41.565456984901346 ], [ -3.212679999781438, 41.564084293988884 ], [ -3.212994055034567, 41.566504197938819 ], [ -3.220197826162565, 41.570621217047602 ], [ -3.223115606631189, 41.569054899323817 ], [ -3.228997184628089, 41.568492545434928 ], [ -3.229584467300445, 41.570098884610708 ], [ -3.219871651794237, 41.573507248751056 ], [ -3.219323872025605, 41.576696976657878 ], [ -3.22345316957064, 41.576969515321899 ], [ -3.224337331492161, 41.574849142807885 ], [ -3.229824405302244, 41.57465826456162 ], [ -3.240643275175624, 41.577120961093478 ], [ -3.243627945587233, 41.576202155758033 ], [ -3.245691613667333, 41.573243257130464 ], [ -3.250064398268047, 41.573808073630289 ], [ -3.25364558108757, 41.572156277346799 ], [ -3.251081090166857, 41.56940969662574 ], [ -3.261686846874528, 41.568433045197175 ], [ -3.263377676295246, 41.564477599129958 ], [ -3.268349595278244, 41.564090525070057 ], [ -3.269558000816406, 41.557141170011128 ], [ -3.278197247525257, 41.55358268320591 ], [ -3.281638359113432, 41.553443803210335 ], [ -3.286883535556937, 41.55127542061657 ], [ -3.282215034807361, 41.546903236785766 ], [ -3.275792936300739, 41.548130600590028 ], [ -3.272162524983623, 41.54676309947822 ], [ -3.270354290832258, 41.541556307806403 ], [ -3.278442613089973, 41.539263385272825 ], [ -3.282860141364962, 41.538922118039075 ], [ -3.287635669807965, 41.53544454781391 ], [ -3.290980742423928, 41.536525564513859 ], [ -3.297948774153911, 41.535669089485665 ], [ -3.300507319144452, 41.540594524637136 ], [ -3.30467124506114, 41.538985917951784 ], [ -3.306179534263688, 41.535591606722583 ], [ -3.311195788020716, 41.537469565896352 ], [ -3.319444335657429, 41.53711907695201 ], [ -3.321268168274103, 41.531135923273347 ], [ -3.318753568448317, 41.525792136556916 ], [ -3.322155368843896, 41.523070756602962 ], [ -3.322154690494918, 41.520823475997965 ], [ -3.319338661416068, 41.519239800241145 ], [ -3.322002839209058, 41.517022702121338 ], [ -3.3309102761106, 41.513809192570889 ], [ -3.332533537418412, 41.510901401841075 ], [ -3.339619223971169, 41.511091642988021 ], [ -3.340128783452391, 41.514910114079676 ], [ -3.338395498526194, 41.518182401049657 ], [ -3.343792462315932, 41.519388407244648 ], [ -3.346601630896211, 41.517174802497017 ], [ -3.354371486378517, 41.520349719650049 ], [ -3.35319936055821, 41.51421181366532 ], [ -3.354896252482512, 41.510977410679416 ], [ -3.358065507926275, 41.508643347324281 ], [ -3.356362978178288, 41.505754602286707 ], [ -3.352416467143327, 41.502678706931874 ], [ -3.354542556018393, 41.500112614788335 ], [ -3.350797030954783, 41.497193778503146 ], [ -3.356471977720135, 41.494538636992829 ], [ -3.355068755226001, 41.488247175387428 ], [ -3.358367822802853, 41.485131830974687 ], [ -3.36187003594054, 41.486619475145126 ], [ -3.365939094208585, 41.485719295214238 ], [ -3.370685804432304, 41.486603615849077 ], [ -3.375860942850301, 41.482383936886059 ], [ -3.377580139201282, 41.479329056107311 ], [ -3.384269733788816, 41.480495299990714 ], [ -3.389298471949144, 41.480104843050675 ], [ -3.394181676300789, 41.477243590108245 ], [ -3.395415094432701, 41.475309331098885 ], [ -3.400179204414482, 41.472520255794613 ], [ -3.401785341262868, 41.469128998948143 ], [ -3.405463960934426, 41.467132415175598 ], [ -3.40640992498712, 41.464961947162834 ], [ -3.411730616297889, 41.464018327760314 ], [ -3.418887360869285, 41.46733345584996 ], [ -3.427982922661817, 41.4657989526401 ], [ -3.429999488858547, 41.467035038107348 ], [ -3.434745894113393, 41.466990989275288 ], [ -3.437543195614258, 41.471280891632091 ], [ -3.441968797163685, 41.469244240690536 ], [ -3.44247696857608, 41.466699899053346 ], [ -3.446705928132859, 41.463000692275564 ], [ -3.446007035441246, 41.460560358339386 ], [ -3.453088176362969, 41.456854079344843 ], [ -3.451758106131397, 41.453418397800185 ], [ -3.455565700831422, 41.446688912272229 ], [ -3.45301195520016, 41.445182945351597 ], [ -3.454667974187647, 41.437788714823398 ], [ -3.458583674024745, 41.43932280635233 ], [ -3.459648858998927, 41.434987191651103 ], [ -3.461798184778881, 41.434562062233056 ], [ -3.466845467053524, 41.428676762289236 ], [ -3.462571550358279, 41.424535627287881 ], [ -3.466907048918534, 41.423540000907806 ], [ -3.470635184916044, 41.426647352284739 ], [ -3.475794365593609, 41.428497555659064 ], [ -3.481639790953152, 41.429383440693165 ], [ -3.483877088332055, 41.42744675859246 ], [ -3.487287197845882, 41.427910138085494 ], [ -3.491545145945663, 41.42297101507927 ], [ -3.495918193479423, 41.427254054165026 ], [ -3.497472716747783, 41.426044638256613 ], [ -3.50427437071403, 41.427746930514807 ], [ -3.50422140936667, 41.43080711156621 ], [ -3.511295012791733, 41.430760571512465 ], [ -3.515404340670197, 41.43406867760104 ], [ -3.515184838046821, 41.43804942361718 ], [ -3.517127077513751, 41.440906868007694 ], [ -3.521747114740582, 41.441519736816446 ], [ -3.521788591945449, 41.443663526547411 ], [ -3.525178110751284, 41.448814003379006 ], [ -3.52448978128957, 41.455478817469348 ], [ -3.528417797839902, 41.455451725963883 ], [ -3.528801220943541, 41.451641376681209 ], [ -3.535053590657748, 41.449579683109441 ], [ -3.537674733830817, 41.446768039186082 ], [ -3.542460595167831, 41.444453115099549 ], [ -3.545863100416702, 41.443822767438746 ], [ -3.551408236926878, 41.438856497431424 ], [ -3.554515315637038, 41.439943837513042 ], [ -3.557102548913104, 41.438894189655315 ], [ -3.562666219486989, 41.439230848247625 ], [ -3.56663676196484, 41.441230009575413 ], [ -3.570572628468095, 41.439544413686754 ], [ -3.575224074850356, 41.439882514616322 ], [ -3.581513016056172, 41.434103371201466 ], [ -3.585061479060453, 41.434858029187062 ], [ -3.596504084246295, 41.434951421818653 ], [ -3.606151752940407, 41.437355676507771 ], [ -3.611026199379789, 41.437542879684877 ], [ -3.613055708568822, 41.439134442304997 ], [ -3.619999521317661, 41.439650892865266 ], [ -3.622660583952043, 41.436863612155427 ], [ -3.627678181728741, 41.437007895035045 ], [ -3.634528423481368, 41.434820617090757 ], [ -3.636690265249194, 41.439433379995734 ], [ -3.633613092449727, 41.444153303652989 ], [ -3.640282388485229, 41.446080028922943 ], [ -3.643601543663495, 41.444239327704643 ], [ -3.651064435533979, 41.448576804263332 ], [ -3.650194022985014, 41.453096207280652 ], [ -3.651372289546978, 41.45660831611665 ], [ -3.648346212230363, 41.458139058558082 ], [ -3.64679066098447, 41.461925000635581 ], [ -3.652661692837803, 41.465516165322377 ], [ -3.657507065855209, 41.462089345640244 ], [ -3.664215960995409, 41.459959517694671 ], [ -3.666796171017228, 41.461313741216891 ], [ -3.671962612187955, 41.460810600831422 ], [ -3.675152432868821, 41.458699398367429 ], [ -3.676262130182706, 41.456218098008385 ], [ -3.68599375099459, 41.45645760543902 ], [ -3.689456301531609, 41.454340029122534 ], [ -3.693157502857639, 41.457058471670486 ], [ -3.689941848483227, 41.461165718821306 ], [ -3.692272255269216, 41.463141567934692 ], [ -3.697992684307629, 41.464193635771238 ], [ -3.70199503568561, 41.463510696043194 ], [ -3.7083606897768, 41.45841514779228 ], [ -3.712974054010016, 41.457400516877044 ], [ -3.718882014780642, 41.460348852450899 ], [ -3.721652761067991, 41.458969051469239 ], [ -3.734357644909718, 41.462807240597741 ], [ -3.733575755571699, 41.46778306452758 ], [ -3.738592114523046, 41.469438987486917 ], [ -3.740534506127806, 41.471540083978127 ], [ -3.748013419381768, 41.470947187722601 ], [ -3.748749010072677, 41.479117900943038 ], [ -3.755779284737272, 41.482049261818474 ], [ -3.759536159068723, 41.480907499495231 ], [ -3.767949492611851, 41.479701302888124 ], [ -3.771839456146025, 41.484318651612618 ], [ -3.777675599873548, 41.483716220842417 ], [ -3.786788107084039, 41.489401058776593 ], [ -3.780759348438899, 41.489768917044387 ], [ -3.773893739122601, 41.491856498858233 ], [ -3.772349963298675, 41.493665439600136 ], [ -3.765560525207063, 41.493002269673326 ], [ -3.763340400451651, 41.495304681786919 ], [ -3.767710860497983, 41.499531533638397 ], [ -3.773511853178914, 41.499651712478489 ], [ -3.778001788480748, 41.50059800550941 ], [ -3.782285623635067, 41.507091772260523 ], [ -3.779447120595011, 41.51051392808975 ], [ -3.778899652259619, 41.513708677634227 ], [ -3.783381865832748, 41.515229062913718 ], [ -3.786648192386394, 41.518283944336716 ], [ -3.794666513601201, 41.517146049236565 ], [ -3.799247658680565, 41.517565154950383 ], [ -3.803776523292306, 41.516734429167634 ], [ -3.80960568615518, 41.517098919194837 ], [ -3.81181140670742, 41.515338904654143 ], [ -3.817320400262158, 41.513638401514868 ], [ -3.820966108996264, 41.515156491783387 ], [ -3.822176805442195, 41.517404371616948 ], [ -3.82848429790338, 41.52085064560282 ], [ -3.825343198280389, 41.523608883037163 ], [ -3.821580659953241, 41.529419249269012 ], [ -3.817370863108747, 41.528376741548136 ], [ -3.813469849794437, 41.528750802709489 ], [ -3.811149029066896, 41.530962564651283 ], [ -3.807063447151706, 41.531515314560195 ], [ -3.798874831936206, 41.530703028495381 ], [ -3.781993057958672, 41.526305296023025 ], [ -3.780360209780385, 41.522276769599969 ], [ -3.774444079546869, 41.522352788887169 ], [ -3.772515027262463, 41.52453923924832 ], [ -3.763869818065401, 41.524933419099661 ], [ -3.76105700069526, 41.528060275520943 ], [ -3.764828334269787, 41.533577772928865 ], [ -3.766336216337742, 41.537179036768123 ], [ -3.766097149113875, 41.543235996029935 ], [ -3.762727369753281, 41.546692448019726 ], [ -3.763523694152763, 41.553871899231943 ], [ -3.758089369325611, 41.561883414946827 ], [ -3.751022209452334, 41.565865960660481 ], [ -3.750250228720482, 41.569602322196133 ], [ -3.744698818912017, 41.576659739666319 ], [ -3.744872246465967, 41.579060175724912 ], [ -3.739770288150965, 41.578148947015265 ], [ -3.735379661436782, 41.579190815209593 ], [ -3.730412661085544, 41.578021022011136 ], [ -3.727729715134148, 41.579540645385492 ], [ -3.722785448301709, 41.579120276392771 ], [ -3.718005852267415, 41.57760642240622 ], [ -3.713890026416679, 41.581589116953786 ], [ -3.705812275332198, 41.58176322418857 ], [ -3.70109359369255, 41.589350060796988 ], [ -3.699074495343722, 41.589136476904784 ], [ -3.692362307666146, 41.596304230121234 ], [ -3.693230820730678, 41.598901645344405 ], [ -3.688267154295992, 41.598964340969673 ], [ -3.684810444119848, 41.600847258678208 ], [ -3.686839500406346, 41.606226529745399 ], [ -3.685188586042869, 41.608527348463703 ], [ -3.680778590180922, 41.609011059513918 ], [ -3.67589557075796, 41.61249503991607 ], [ -3.677455635993698, 41.615226118349518 ], [ -3.674983590933243, 41.621945367554055 ], [ -3.668215103497777, 41.622375501518412 ], [ -3.668655859409991, 41.625381223996165 ], [ -3.663462367168824, 41.627779502831956 ], [ -3.660772426180792, 41.631681888648586 ], [ -3.658179248622091, 41.640947075620709 ], [ -3.660566798498939, 41.645618803042488 ], [ -3.659258037062139, 41.651870584889672 ], [ -3.653576750373184, 41.653119084170619 ], [ -3.650692943004461, 41.65576414778895 ], [ -3.650715617369702, 41.659874926030255 ], [ -3.649480517848656, 41.663786622808026 ], [ -3.645948951361571, 41.667754381157671 ], [ -3.646566917313261, 41.671142486422163 ], [ -3.646369155272297, 41.677806029081879 ], [ -3.640516129506615, 41.679508785321126 ], [ -3.640713930670412, 41.681717456863169 ], [ -3.643907691354674, 41.682569080982894 ], [ -3.64470183898201, 41.687215516018533 ], [ -3.641480971399291, 41.688993139893554 ], [ -3.638535954133438, 41.695030603061468 ], [ -3.630804841286053, 41.700380305000522 ], [ -3.627761471932726, 41.705408034646929 ], [ -3.624396306332727, 41.707270457744613 ], [ -3.621683889790075, 41.70694624951355 ], [ -3.61699140445402, 41.713892834562181 ], [ -3.619755349048154, 41.717996729781682 ], [ -3.615408405281802, 41.721837222266913 ], [ -3.615331097772161, 41.729762732729512 ], [ -3.612510659693932, 41.739828289331939 ], [ -3.607542936336067, 41.743440708619367 ], [ -3.603911770494881, 41.743706644916756 ], [ -3.598989435816531, 41.745767614824068 ], [ -3.60006717232443, 41.748581397032808 ], [ -3.593278588782943, 41.753512927251229 ], [ -3.58887479680631, 41.7550582467981 ], [ -3.584882771221889, 41.757567806786021 ], [ -3.58698341211159, 41.759378353789415 ], [ -3.585905644894079, 41.762631868674774 ], [ -3.58162427612946, 41.763610752324894 ], [ -3.575867308382283, 41.771586767066928 ], [ -3.578369227768436, 41.776837750686703 ], [ -3.576731507493815, 41.779186817438983 ], [ -3.57341257033795, 41.780295623821395 ], [ -3.570082513389603, 41.784958587891197 ], [ -3.574678975676979, 41.789521031364004 ], [ -3.5763564738412, 41.792398953475633 ], [ -3.574847170647491, 41.796657136249344 ], [ -3.575313626283467, 41.799471121862894 ], [ -3.571123223904346, 41.801446482695773 ], [ -3.56962041050598, 41.799382266445235 ], [ -3.563793097930694, 41.803109848951365 ], [ -3.564100307944467, 41.805413733764794 ], [ -3.562009277391729, 41.808023034273099 ], [ -3.562437245667475, 41.812477420950479 ], [ -3.560042870484062, 41.814594150155884 ], [ -3.561499068086251, 41.817765888428958 ], [ -3.566628673020724, 41.818571722083675 ], [ -3.568681744102902, 41.819941557424954 ], [ -3.572721696865107, 41.827864537526978 ], [ -3.570721749824469, 41.830172823024959 ], [ -3.570804231031548, 41.834864319650151 ], [ -3.567104162245051, 41.838522658786438 ], [ -3.567823731283569, 41.845282203921251 ], [ -3.571929169561406, 41.846168592608862 ], [ -3.572126348565857, 41.849304721585135 ], [ -3.563748105176345, 41.85147459130598 ], [ -3.560134741134368, 41.856840616171226 ], [ -3.559915251455068, 41.862643039652916 ], [ -3.563193908994065, 41.867072836872204 ], [ -3.560528530565748, 41.871351657522283 ], [ -3.55547714928342, 41.871132886636026 ], [ -3.552849236471452, 41.873314820067606 ], [ -3.554594868662538, 41.875415298225363 ], [ -3.563979317916901, 41.876405103366118 ], [ -3.568571195959468, 41.880562608352221 ], [ -3.568648498150633, 41.884760012868071 ], [ -3.572023335484753, 41.888015414640947 ], [ -3.568301228305776, 41.889382139776735 ], [ -3.561702181519338, 41.893284191647957 ], [ -3.563233727141459, 41.895673851723743 ], [ -3.561976443165448, 41.897875785705637 ], [ -3.565130282478518, 41.902998795053854 ], [ -3.567663719664129, 41.904681658700959 ], [ -3.569558156445501, 41.909477112699889 ], [ -3.572306908067864, 41.910955997211609 ], [ -3.572948891702768, 41.914115523760941 ], [ -3.575022808618612, 41.916353773083259 ], [ -3.580304353996734, 41.917979755636978 ], [ -3.582572219471313, 41.923056068060326 ], [ -3.580038826539377, 41.925486669064 ], [ -3.575295149329542, 41.927776678995428 ], [ -3.568644154543691, 41.927576813853129 ], [ -3.568297508071616, 41.930727921292053 ], [ -3.569898738232123, 41.933109009861241 ], [ -3.572668750443529, 41.933307401449945 ], [ -3.574440639258272, 41.937080888900603 ], [ -3.570183664241122, 41.944417107125879 ], [ -3.573229555974986, 41.947079182330974 ], [ -3.574712581657348, 41.950070344979999 ], [ -3.574708501494299, 41.954058692447596 ], [ -3.58450883002543, 41.959926360377679 ], [ -3.587160870229438, 41.95915144992464 ], [ -3.588663671947486, 41.953737846944612 ], [ -3.592450342690176, 41.954898271761429 ], [ -3.598036351640546, 41.955259883173269 ], [ -3.6004352378604, 41.957839879560112 ], [ -3.592229256700917, 41.962783867094764 ], [ -3.59365266921749, 41.964256465963764 ], [ -3.598048950325627, 41.963410700100702 ], [ -3.601328024185631, 41.967458835271437 ], [ -3.597313005163497, 41.969131721725418 ], [ -3.592549447013418, 41.973226106645519 ], [ -3.595171358730872, 41.97688410906887 ], [ -3.594262342405835, 41.980762670514153 ], [ -3.591930295323035, 41.981365143125394 ], [ -3.592313504799372, 41.984781980901921 ], [ -3.590391353669893, 41.987974669013639 ], [ -3.59001611573717, 41.992097274287204 ], [ -3.586214111868644, 41.995229141107025 ], [ -3.586661208793801, 41.997702912178134 ], [ -3.581520706459338, 41.998516227576758 ], [ -3.576834087472116, 41.998160817288102 ], [ -3.575323412032748, 42.002305103772606 ], [ -3.571978033898659, 42.004354631932628 ], [ -3.571748718698545, 42.008241097675892 ], [ -3.569636734017591, 42.011127981821666 ], [ -3.562990643212822, 42.013204384329846 ], [ -3.562252080585568, 42.020614607969087 ], [ -3.557805707892487, 42.023036264351106 ], [ -3.556547812607133, 42.02656808674719 ], [ -3.55253240268239, 42.031445219864203 ], [ -3.542573277010415, 42.035147971095896 ], [ -3.541826815391785, 42.040374571493906 ], [ -3.540550613373306, 42.042065986365017 ], [ -3.53604600946459, 42.043373056269999 ], [ -3.5312544556759, 42.047618248870393 ], [ -3.528983533242181, 42.051097605754187 ], [ -3.523717706582768, 42.048592359993052 ], [ -3.518402299040233, 42.047358749990622 ], [ -3.513633147594787, 42.0493236919908 ], [ -3.507353418191721, 42.053626278243094 ], [ -3.50389505430639, 42.059107702094082 ], [ -3.503582942791673, 42.061056982855256 ], [ -3.506628151803072, 42.065146336344483 ], [ -3.504203526457586, 42.070041583583958 ], [ -3.504994830304804, 42.074136737469011 ], [ -3.50385580076782, 42.078459581304479 ], [ -3.501037347630076, 42.081237244163667 ], [ -3.499367724386184, 42.088573756862083 ], [ -3.500958761206034, 42.091856842879515 ], [ -3.503862690657261, 42.09382779175909 ], [ -3.504455694801478, 42.097189502235622 ], [ -3.497979493514688, 42.09823393464778 ], [ -3.492338445713788, 42.103560660315509 ], [ -3.489083232466843, 42.107934525549346 ], [ -3.479570107410027, 42.112672008168936 ], [ -3.477553564446188, 42.114617162583407 ], [ -3.473229200923927, 42.121864291739108 ], [ -3.47870181548358, 42.126151822602807 ], [ -3.479708338266148, 42.129275332913778 ], [ -3.478485123728567, 42.132173980777573 ], [ -3.475103584712933, 42.13358786433534 ], [ -3.478335876654045, 42.137703980104668 ], [ -3.472708292203921, 42.142635684543173 ], [ -3.474809866746464, 42.162408795032668 ], [ -3.472998062084681, 42.168491225474369 ], [ -3.470323611948786, 42.172227681024246 ], [ -3.470569508737454, 42.175284657916833 ], [ -3.476014977703903, 42.177841502781945 ], [ -3.477327084341342, 42.180967693422161 ], [ -3.474862817357323, 42.183321237541165 ], [ -3.47519751912422, 42.189088780007999 ], [ -3.477934036255427, 42.193328273910815 ], [ -3.476875591926863, 42.197222420997043 ], [ -3.471705039676254, 42.198403692184044 ], [ -3.463030504206997, 42.204409710201212 ], [ -3.46198865621963, 42.207973433308709 ], [ -3.463060167216705, 42.210616870049975 ], [ -3.460363336696048, 42.218100883454156 ], [ -3.468935361052722, 42.222976990582922 ], [ -3.469686952203497, 42.226728973106106 ], [ -3.475025261818663, 42.23334319999325 ], [ -3.480263368833284, 42.238101624083313 ], [ -3.484176032886649, 42.239551883598047 ], [ -3.488170212684554, 42.239404489821162 ], [ -3.493962749362054, 42.236567931645894 ], [ -3.495440323517599, 42.234569057021027 ], [ -3.495336900901829, 42.230417430767972 ], [ -3.499139034069172, 42.228306763883197 ], [ -3.502327578813717, 42.228099227874274 ], [ -3.511793323139923, 42.229499985405596 ], [ -3.513661113527266, 42.232786346743204 ], [ -3.512830360593285, 42.238527051484219 ], [ -3.518349471920889, 42.242811074113796 ], [ -3.528627384740123, 42.246590787506129 ], [ -3.533755305976863, 42.247144201030331 ], [ -3.538325177153901, 42.250520094918876 ], [ -3.541079864508104, 42.257652479642402 ], [ -3.538136081953343, 42.262587003321471 ], [ -3.536433014426972, 42.267241467174813 ], [ -3.537755827745329, 42.271567377624081 ], [ -3.540918484227952, 42.274923054149468 ], [ -3.550461033313547, 42.28013477798676 ], [ -3.553219657761103, 42.285943579170421 ], [ -3.554893922701722, 42.289525317203626 ], [ -3.564634097121131, 42.297893061648693 ], [ -3.566973186010984, 42.303769467721345 ], [ -3.570389511530804, 42.308799134424397 ], [ -3.578109687805327, 42.313438744953274 ], [ -3.592266133759689, 42.315027005868004 ], [ -3.600332119593599, 42.315228082386867 ], [ -3.605484384577639, 42.314611856406643 ], [ -3.615224496111653, 42.311725890527086 ], [ -3.622201715120003, 42.311435774152237 ], [ -3.626793703381683, 42.314269178140265 ], [ -3.629082004764992, 42.318021164031869 ], [ -3.630280750090582, 42.322362561483324 ], [ -3.628295350280709, 42.326442427196632 ], [ -3.623667001381628, 42.330297349122667 ], [ -3.623998902011908, 42.334756308841271 ], [ -3.627783388278705, 42.337522129636952 ], [ -3.634981468786086, 42.338409158574876 ], [ -3.639296310651551, 42.339838026302729 ], [ -3.649252830306351, 42.338965357301255 ], [ -3.654711942611272, 42.339527392701314 ], [ -3.658320045009298, 42.341336370609433 ], [ -3.662225904358829, 42.346913192174725 ], [ -3.669648351328235, 42.354512275802165 ], [ -3.671283191114159, 42.360853784344393 ], [ -3.678656508880096, 42.365776976697759 ], [ -3.684446926483415, 42.367545026500473 ], [ -3.694558144284204, 42.374445999409559 ], [ -3.697557120111518, 42.379433895256113 ], [ -3.69647027355501, 42.386865456156734 ], [ -3.700564176730996, 42.388941395367787 ], [ -3.702579360006111, 42.39122803777677 ], [ -3.702417961710733, 42.394076892707666 ], [ -3.705062082283773, 42.396958618286241 ], [ -3.70473488959964, 42.402148176838928 ], [ -3.707297374005183, 42.403801991741823 ], [ -3.71035244854452, 42.409869559593474 ], [ -3.719781065136364, 42.415404304707735 ], [ -3.725985016179237, 42.419844966351164 ], [ -3.731383625244636, 42.420823786917033 ], [ -3.734878104426835, 42.425799535522678 ], [ -3.738088329873468, 42.428819177802119 ], [ -3.743221243709554, 42.432049617075471 ], [ -3.749305387404118, 42.432289788547322 ], [ -3.753940050025176, 42.433822676301389 ], [ -3.758090316839568, 42.437546130038989 ], [ -3.756570965936863, 42.440045144333155 ], [ -3.758517142032942, 42.443206581745542 ], [ -3.754100823393948, 42.443802637656994 ], [ -3.752826328931837, 42.44784287748454 ], [ -3.7470897187514, 42.456895335949888 ], [ -3.748382176556721, 42.460807748282917 ], [ -3.750890002797311, 42.464006291772016 ], [ -3.748598365463067, 42.473348304809782 ], [ -3.743392134785836, 42.476047286645858 ], [ -3.742421882291098, 42.480716938499597 ], [ -3.735432327572013, 42.482201143165675 ], [ -3.736355496202656, 42.488080123205471 ], [ -3.749501821114525, 42.492233894906214 ], [ -3.754414826290991, 42.495943205709672 ], [ -3.756392305626092, 42.49883357365281 ], [ -3.765147406662924, 42.499564066062277 ], [ -3.767570691458684, 42.501346842332573 ], [ -3.772643665618827, 42.502533614584976 ], [ -3.779920127759392, 42.501837981373114 ], [ -3.784707760096219, 42.503452987761349 ], [ -3.785712544450289, 42.506346822083607 ], [ -3.789622412149854, 42.510730087235004 ], [ -3.792553405245138, 42.516529097521449 ], [ -3.790148378965139, 42.523288992809043 ], [ -3.791329184856968, 42.525754775822719 ], [ -3.789365010742284, 42.530317680519893 ], [ -3.788720949185412, 42.539423816713487 ], [ -3.785552571250801, 42.546902299456811 ], [ -3.78689202235677, 42.551936702155871 ], [ -3.792599193445058, 42.556190862950302 ], [ -3.794436345413712, 42.560082642444065 ], [ -3.796741762905238, 42.56885213853608 ], [ -3.79547743278629, 42.579319549605096 ], [ -3.794174451174541, 42.582087459101622 ], [ -3.795989403082685, 42.58386075556426 ], [ -3.79520699031126, 42.588065204484764 ], [ -3.792994578332064, 42.592778168621344 ], [ -3.79383989464144, 42.594601311612642 ], [ -3.800544501968964, 42.600418756274401 ], [ -3.804291476060436, 42.602244538267577 ], [ -3.810141302234236, 42.602653001443272 ], [ -3.816715006190261, 42.600581593962772 ], [ -3.824221629370148, 42.603469858659366 ], [ -3.822579451610383, 42.609643324908937 ], [ -3.823808010194358, 42.61311046054913 ], [ -3.826057171519468, 42.614588572433213 ], [ -3.827290643841847, 42.619557859053167 ], [ -3.825794809766523, 42.622467855480295 ], [ -3.82672190230633, 42.624753493273687 ], [ -3.831260690683821, 42.626853509976463 ], [ -3.832832834409105, 42.630845755544492 ], [ -3.835419228139713, 42.631382782718006 ], [ -3.838082883423856, 42.635398234737316 ], [ -3.836941302989607, 42.640639896554283 ], [ -3.834089205810008, 42.643038460079289 ], [ -3.832717935350586, 42.651080802049684 ], [ -3.834726290964352, 42.655361779786688 ], [ -3.840976577200959, 42.658073958294565 ], [ -3.841266881271875, 42.66477168629963 ], [ -3.840542832119625, 42.668945334001464 ], [ -3.847100040906602, 42.677673899904264 ], [ -3.849048250868917, 42.682968919655465 ], [ -3.843311103368361, 42.68958354817093 ], [ -3.842368473572222, 42.692444520106243 ], [ -3.834572254494874, 42.693190265301261 ], [ -3.829255471301937, 42.695690653496861 ], [ -3.828235936812322, 42.703611290888375 ], [ -3.825387683169941, 42.706892217717524 ], [ -3.82475828709244, 42.712046451298157 ], [ -3.827523768495746, 42.713018759496869 ], [ -3.828992744255364, 42.715911333438491 ], [ -3.829598681073665, 42.722333172560155 ], [ -3.828517289839514, 42.728734172518735 ], [ -3.831126232279957, 42.73076129359881 ], [ -3.833543593066993, 42.730732566658936 ], [ -3.840417698581343, 42.736813467115844 ], [ -3.843026546640099, 42.74424623693551 ], [ -3.840488558504771, 42.74620443931623 ], [ -3.838265292845437, 42.75220801799324 ], [ -3.840731630196847, 42.753439015864281 ], [ -3.8380740425521, 42.757711670903731 ], [ -3.839261496207671, 42.760181813208206 ], [ -3.842468566564871, 42.762339662656998 ], [ -3.841498716193417, 42.770627213821257 ], [ -3.836295577861635, 42.777665058987367 ], [ -3.839497544426241, 42.779429478207959 ], [ -3.839675691165218, 42.785493827515715 ], [ -3.843834489052791, 42.78817124206202 ], [ -3.851196715755122, 42.788718791621342 ], [ -3.86584291702109, 42.787582481043394 ], [ -3.871889323162873, 42.792399082218751 ], [ -3.874054520289604, 42.796853357129862 ], [ -3.872933070050407, 42.80116430641047 ], [ -3.873693637359825, 42.805522962754026 ], [ -3.871987953599575, 42.818253236525479 ], [ -3.875116346740901, 42.8218175021169 ], [ -3.876125832759768, 42.829289423539407 ], [ -3.87893707492368, 42.833881556148079 ], [ -3.87844210896726, 42.841103856424319 ], [ -3.8809858743393, 42.847011424227738 ], [ -3.881897402866703, 42.85425344703733 ], [ -3.883275232142111, 42.859096362421781 ], [ -3.881676925892295, 42.865237142195028 ], [ -3.885007665301006, 42.869081555104493 ], [ -3.884525149518812, 42.874712010487514 ], [ -3.891120340604928, 42.876994820517076 ], [ -3.892755745777117, 42.879703263200355 ], [ -3.88589054029717, 42.887682642362364 ], [ -3.881371454327216, 42.890151078703795 ], [ -3.877422240640506, 42.895957601968355 ], [ -3.871347941629841, 42.899338847309131 ], [ -3.869243031425391, 42.902281742920493 ], [ -3.867353271533372, 42.908814873015039 ], [ -3.867947779291868, 42.917920818213879 ], [ -3.871206083428262, 42.924315760828222 ], [ -3.867987422983705, 42.927297360485248 ], [ -3.867206575067016, 42.932013416037805 ], [ -3.869014454771595, 42.936436296746805 ], [ -3.869764092708451, 42.942481401158247 ], [ -3.867803540502213, 42.945706686055701 ], [ -3.862195569207861, 42.951507363033144 ], [ -3.856649883187584, 42.968368602142952 ], [ -3.858489001627745, 42.971871585899486 ], [ -3.858575145004001, 42.977360145656625 ], [ -3.854309960139132, 42.98221532090858 ], [ -3.842896722970863, 42.985940800320122 ], [ -3.830761482543557, 42.993034539293902 ], [ -3.828014204608077, 42.995605625683424 ], [ -3.825950070865806, 43.002362505989971 ], [ -3.827462591172802, 43.005829185877921 ], [ -3.8239059231283, 43.009808561534776 ], [ -3.819418374221711, 43.011024504370539 ], [ -3.813814067760406, 43.014649239086253 ], [ -3.812600112986789, 43.017149432864478 ], [ -3.813461302336409, 43.021238582479853 ], [ -3.812028170310884, 43.024269700941488 ], [ -3.8072625255633, 43.028284308875449 ], [ -3.802872290132288, 43.033467967844885 ], [ -3.800122230966388, 43.039575833312675 ], [ -3.793412063360266, 43.047951810965067 ], [ -3.790372823873914, 43.053152243735347 ], [ -3.789373976434427, 43.057391887910761 ], [ -3.785265262246174, 43.062409890120186 ], [ -3.775354134443087, 43.070256348194441 ], [ -3.771368408706946, 43.075290009907683 ], [ -3.769526328389538, 43.07931877636446 ], [ -3.758583133935011, 43.087457206277762 ], [ -3.751079891155695, 43.090981855065763 ], [ -3.743286819588643, 43.093121564678306 ], [ -3.739492416736763, 43.097162626993558 ], [ -3.73426446220385, 43.100998811886974 ], [ -3.729142678903687, 43.102759086861091 ], [ -3.722210012187784, 43.103505135249435 ], [ -3.719544920684086, 43.10493974632125 ], [ -3.718353840879386, 43.108514987653244 ], [ -3.713958459528067, 43.112559908203053 ], [ -3.705794341141501, 43.115113358244123 ], [ -3.70192109607918, 43.118560117865641 ], [ -3.698900813236811, 43.124465055246446 ], [ -3.692482661916258, 43.13068324750698 ], [ -3.683572835060987, 43.135566375762778 ], [ -3.677607783453388, 43.141261959475074 ], [ -3.669705445840308, 43.152316867698033 ], [ -3.668894308689126, 43.157640378682281 ], [ -3.663365109982587, 43.166054445487205 ], [ -3.658874642088103, 43.170362626054199 ], [ -3.654600077625895, 43.172588312806965 ], [ -3.647417213112438, 43.174480321869275 ], [ -3.645313016116815, 43.176888176218029 ], [ -3.642460804083817, 43.185911183598627 ], [ -3.631788113317594, 43.198945177495006 ], [ -3.627228135697421, 43.203175894080402 ], [ -3.625796084871703, 43.206344333966214 ], [ -3.616508671116858, 43.209898101747271 ], [ -3.612491539939344, 43.215927759328416 ], [ -3.611088148712027, 43.219630414742078 ], [ -3.607902459937981, 43.222236410851551 ], [ -3.598473785926188, 43.226285268043291 ], [ -3.595151436962976, 43.232434499428287 ], [ -3.595630085471338, 43.238898755584046 ], [ -3.594536072435405, 43.241684223790941 ], [ -3.591763474739982, 43.243701276524028 ], [ -3.590526661743338, 43.246826477479331 ], [ -3.596480543221855, 43.255327472415928 ], [ -3.597218306548316, 43.259184770390895 ], [ -3.596635184182464, 43.264727730532059 ], [ -3.602551891308499, 43.273344828955651 ], [ -3.606552568508192, 43.275487307339922 ], [ -3.608360448187341, 43.277934173658203 ], [ -3.608176304833372, 43.281239241758811 ], [ -3.602484703421236, 43.285698508980992 ], [ -3.599261040145002, 43.289270331207902 ], [ -3.598870096893628, 43.292325683086105 ], [ -3.599981560869288, 43.298236950467462 ], [ -3.599818493796567, 43.302275414172257 ], [ -3.596676604434489, 43.30673057522916 ], [ -3.590823196897731, 43.317899060351522 ], [ -3.584767967888717, 43.330739148795409 ], [ -3.58068756248477, 43.33618560691076 ], [ -3.572500630527392, 43.343742508969861 ], [ -3.572102831532345, 43.347686645238191 ], [ -3.559223655677888, 43.347511872048628 ], [ -3.555155621142851, 43.349424842988043 ], [ -3.550007375281365, 43.349753188920992 ], [ -3.545528100426329, 43.351065127405974 ], [ -3.537624303822797, 43.350983326320396 ], [ -3.525319798195286, 43.35185892040883 ], [ -3.510296644176464, 43.35243965823873 ], [ -3.499817780239532, 43.351232299018506 ], [ -3.494633149448232, 43.349818016403198 ], [ -3.49340020438166, 43.347575399246466 ], [ -3.499717117874774, 43.347400890991302 ], [ -3.500808018596363, 43.345450344439108 ], [ -3.490014461795437, 43.344858770820203 ], [ -3.48434056206778, 43.343091023786698 ], [ -3.477557755330065, 43.342718958569606 ], [ -3.466320993109128, 43.340073739210212 ], [ -3.458780105411994, 43.338408871321448 ], [ -3.447650188963104, 43.333834658839123 ], [ -3.439031288982474, 43.331033749883275 ], [ -3.432573754790873, 43.327508644875344 ], [ -3.430817442994272, 43.329334185224909 ], [ -3.442560526749218, 43.335978149798812 ], [ -3.456151967961572, 43.3410542914269 ], [ -3.465116824924214, 43.343356196454423 ], [ -3.472404874736157, 43.345246755478271 ], [ -3.46852090894328, 43.347219254811222 ], [ -3.463761689921333, 43.346860516804583 ], [ -3.451689103910546, 43.346352749880971 ], [ -3.450126809405811, 43.344268279670828 ], [ -3.441320935058708, 43.340959255307098 ], [ -3.437337632268839, 43.340521386311721 ], [ -3.424455481847921, 43.335637142150752 ], [ -3.407011698668099, 43.330197051237569 ], [ -3.393527834726083, 43.32407883198826 ], [ -3.366122558671104, 43.309892266352577 ], [ -3.351530204140057, 43.305371564561916 ], [ -3.341702614948441, 43.303122696678756 ], [ -3.335061693633706, 43.300932331307607 ], [ -3.329081887350243, 43.300083845775958 ], [ -3.319931176184413, 43.296955657708196 ], [ -3.317551810101772, 43.297141620503702 ], [ -3.304703563487873, 43.291975388551755 ], [ -3.292833809650932, 43.290390235182997 ], [ -3.286423163396532, 43.291009485629452 ], [ -3.274862576240889, 43.289121467383779 ], [ -3.272180991277432, 43.287605401912153 ], [ -3.252666780578742, 43.283768013246473 ], [ -3.251875840312664, 43.283083778994346 ], [ -3.237514719230468, 43.279790345272282 ], [ -3.230257257572887, 43.277630105103071 ], [ -3.216024602785484, 43.275323175096275 ], [ -3.199344513071523, 43.271102406747247 ], [ -3.195526083094045, 43.269456418025626 ], [ -3.191214362633534, 43.269394269433072 ], [ -3.188729601201561, 43.270638666174442 ], [ -3.174701793755042, 43.269095672568753 ], [ -3.159320590819393, 43.265293155002318 ], [ -3.129691784917008, 43.260416390894903 ], [ -3.113926658451799, 43.257366735644837 ], [ -3.108940625772212, 43.257451491406911 ], [ -3.098444680720956, 43.25627839153497 ], [ -3.088695720822755, 43.256224752335072 ], [ -3.07732734054883, 43.253649586066402 ], [ -3.064994281478569, 43.2528520181001 ], [ -3.052338736064248, 43.250806289392777 ], [ -3.04103047673861, 43.248060821074809 ], [ -3.034724302665244, 43.249285564549226 ], [ -3.029881602919136, 43.248150978698767 ], [ -3.019076195052788, 43.243876017244993 ], [ -3.006152812368297, 43.240519056823125 ], [ -3.003452423915796, 43.238902882623513 ], [ -2.999129814259215, 43.238584602894775 ], [ -2.978016651181312, 43.23238882715129 ], [ -2.964120750293163, 43.228737763739581 ], [ -2.954026856737986, 43.226551747678165 ], [ -2.948623761921522, 43.224117067667102 ], [ -2.921737916234125, 43.217416577569217 ], [ -2.920604816460654, 43.219231819691814 ], [ -2.911347259891619, 43.215344884536762 ], [ -2.906296236546257, 43.214529071926201 ], [ -2.903342548219349, 43.21746174763576 ], [ -2.904117197241525, 43.220390835972275 ], [ -2.900827857404969, 43.221511084890295 ], [ -2.897779594919011, 43.21873908015921 ], [ -2.891476641963069, 43.21987604327785 ], [ -2.890543612493172, 43.223189496098364 ], [ -2.891506197132004, 43.226562586076419 ], [ -2.886924726989429, 43.227855752054474 ], [ -2.883840182979087, 43.223914319054629 ], [ -2.885100577790523, 43.221276364622689 ], [ -2.881299326637683, 43.220059833465612 ], [ -2.878183945802545, 43.222773475605052 ], [ -2.872446190260999, 43.222685846994011 ], [ -2.869052922319171, 43.221579653542967 ], [ -2.864088063416928, 43.216633010067895 ], [ -2.857160601390115, 43.2160903385723 ], [ -2.852164315603345, 43.219315390688074 ], [ -2.835521358301558, 43.213424924928162 ], [ -2.830566477303225, 43.211162069048086 ], [ -2.824526360440721, 43.207326330989424 ], [ -2.820458543137887, 43.206669979672967 ], [ -2.815073011375392, 43.204445593667828 ], [ -2.807077082671552, 43.202120689818223 ], [ -2.804075479923681, 43.200250254232174 ], [ -2.794619835723529, 43.196859586281853 ], [ -2.786181336450723, 43.19445239861566 ], [ -2.780351228747697, 43.195327047914617 ], [ -2.775694500545194, 43.194016594894521 ], [ -2.771516909094548, 43.190614106550605 ], [ -2.773200174263192, 43.188763049872641 ], [ -2.768415630472099, 43.186501943399591 ], [ -2.755620509969248, 43.183060334146965 ], [ -2.753543437492021, 43.181723475510672 ], [ -2.74713846172707, 43.181611772788294 ], [ -2.747590592772765, 43.179440885487786 ], [ -2.741149849469158, 43.173918290312074 ], [ -2.734849182677856, 43.172979002782085 ], [ -2.73391279890838, 43.170539396087683 ], [ -2.728718514613411, 43.166939571363706 ], [ -2.722137024110165, 43.169063200305004 ], [ -2.715428345659506, 43.166272885600989 ], [ -2.716097072497337, 43.164232325184592 ], [ -2.709109093805576, 43.16362715568139 ], [ -2.707873893687861, 43.161137007527849 ], [ -2.704866432886605, 43.162480115036246 ], [ -2.700685978442621, 43.160732963245557 ], [ -2.697419635377388, 43.156526669311809 ], [ -2.69418104709818, 43.158105389370988 ], [ -2.688047932754469, 43.153350099670313 ], [ -2.678127483931757, 43.146603626408904 ], [ -2.668755585722426, 43.142755483126024 ], [ -2.664338438129695, 43.139531090425926 ], [ -2.657123539933175, 43.135413977085868 ], [ -2.654666732236356, 43.134975250772065 ], [ -2.648475462041596, 43.130489466504088 ], [ -2.638967472626885, 43.125721734701692 ], [ -2.629369207032801, 43.121872810785433 ], [ -2.61946281992749, 43.117045196603556 ], [ -2.613705172241756, 43.11527901079198 ], [ -2.600597680167881, 43.110123872973212 ], [ -2.595537071385837, 43.10531506178237 ], [ -2.579210673442371, 43.094077583650488 ], [ -2.574900157723941, 43.092149522045524 ], [ -2.573717744440112, 43.089688266101994 ], [ -2.579668583416605, 43.084213229889322 ], [ -2.581797438661042, 43.083767769013953 ], [ -2.597271203379508, 43.085114169299366 ], [ -2.597727562282711, 43.083248402228271 ], [ -2.590559996169284, 43.082113744332176 ], [ -2.57977125045094, 43.081974293671387 ], [ -2.573811785178975, 43.08477128430485 ], [ -2.567291651096521, 43.08150377155944 ], [ -2.559919265139968, 43.076719268669962 ], [ -2.527685152023118, 43.058846914392866 ], [ -2.509519017302192, 43.049111415580079 ], [ -2.506926518761996, 43.049770701204125 ], [ -2.498156244174164, 43.044807993609197 ], [ -2.498187291867612, 43.04278130085055 ], [ -2.488808949004762, 43.038167697729847 ], [ -2.479795327433728, 43.034742610120659 ], [ -2.46878949871562, 43.029578432592281 ], [ -2.464863371599596, 43.026183520089937 ], [ -2.461027446562397, 43.026606950590221 ], [ -2.455591982355142, 43.022921831857772 ], [ -2.447959735484714, 43.020866627716487 ], [ -2.442456416890006, 43.016097518134401 ], [ -2.438440270718362, 43.014771619143879 ], [ -2.423875853575336, 43.006876076827517 ], [ -2.41889284755907, 43.003570551850501 ], [ -2.413910429729324, 43.002123664676247 ], [ -2.399141542412976, 42.992923186907881 ], [ -2.387230689707329, 42.984072332276661 ], [ -2.379455527222141, 42.978719776844578 ], [ -2.369098074173507, 42.973336626113998 ], [ -2.362921586810125, 42.972082136807202 ], [ -2.365825203121168, 42.969551030007004 ], [ -2.373123291000825, 42.968073371018534 ], [ -2.370769286780946, 42.966080050922557 ], [ -2.368080288698156, 42.963945590136987 ], [ -2.36493001223865, 42.965488719274646 ], [ -2.360845266717254, 42.964737986476194 ], [ -2.354051778485806, 42.967876592714127 ], [ -2.351343761289369, 42.971701199963455 ], [ -2.348051317277247, 42.97663005872873 ], [ -2.347981700952244, 42.980134574716971 ], [ -2.351124886663771, 42.982884585427009 ], [ -2.348890379775013, 42.986022462183712 ], [ -2.339474090118091, 42.987720280943449 ], [ -2.337671183596433, 42.987269177434996 ], [ -2.333408517600187, 42.990471974174362 ], [ -2.324971715326376, 42.991610291787232 ], [ -2.321921686607093, 42.988016251410492 ], [ -2.31800884962936, 42.98625111858324 ], [ -2.314097755793232, 42.9877837943081 ], [ -2.311315479709478, 42.986172146000015 ], [ -2.311514937749102, 42.983695249341807 ], [ -2.308922379109072, 42.982047306562357 ], [ -2.302701858536692, 42.97856395014739 ], [ -2.29481166412443, 42.973018539682855 ], [ -2.2957515918168, 42.969622920778647 ], [ -2.293651777838616, 42.964899067688606 ], [ -2.286990803408407, 42.961332600856309 ], [ -2.282488558926648, 42.959697093896459 ], [ -2.280454958004003, 42.95499574314789 ], [ -2.284022161024695, 42.949215694282273 ], [ -2.288733239873094, 42.945221893160905 ], [ -2.288200882143217, 42.944061693564059 ], [ -2.295674738491277, 42.940861156916952 ], [ -2.303324499101215, 42.941359427089985 ], [ -2.311792475553446, 42.937960337312312 ], [ -2.310495012082315, 42.937490101064249 ], [ -2.316329096612748, 42.929028494564399 ], [ -2.31730248338027, 42.925044318565888 ], [ -2.315122428924641, 42.92456464244804 ], [ -2.307235153458843, 42.92229919037495 ], [ -2.300509094274051, 42.932014707148213 ], [ -2.292397834247085, 42.928351609403933 ], [ -2.28963869767893, 42.929565187428203 ], [ -2.285407294674774, 42.926943688386679 ], [ -2.281929019559256, 42.926170364094865 ], [ -2.278428335545573, 42.928209806956623 ], [ -2.277622765775835, 42.930252843552836 ], [ -2.27936433349761, 42.933559925119518 ], [ -2.27333038266924, 42.934494208385814 ], [ -2.269622091861197, 42.936133361313303 ], [ -2.261189056195436, 42.936422421182257 ], [ -2.257195539804807, 42.935434149145863 ], [ -2.25228729854953, 42.931873079869007 ], [ -2.243422023973061, 42.92891544461331 ], [ -2.240116870006966, 42.92593565544621 ], [ -2.236841189654371, 42.925856685846064 ], [ -2.228700190391232, 42.921291494717224 ], [ -2.22606901644096, 42.918562972972325 ], [ -2.225343980520675, 42.913613074170279 ], [ -2.223602086245824, 42.910260757839879 ], [ -2.220620768989819, 42.90914281844929 ], [ -2.220840389627119, 42.904241956187768 ], [ -2.213487671989727, 42.906963609586157 ], [ -2.206170856587577, 42.90393852219065 ], [ -2.205672948929562, 42.89977488452115 ], [ -2.199111028867369, 42.899455669402293 ], [ -2.197985668576015, 42.89795119869013 ], [ -2.192763928429073, 42.897214067382727 ], [ -2.192327183782495, 42.895448349655844 ], [ -2.183522505222383, 42.892198896088374 ], [ -2.181191283581615, 42.88897676416169 ], [ -2.180098322229901, 42.884906666236525 ], [ -2.172622937140896, 42.880226578236275 ], [ -2.172224032765882, 42.876968173253879 ], [ -2.166993088880441, 42.87453517887829 ], [ -2.164664304963949, 42.868194828257167 ], [ -2.162201029807662, 42.868506788028256 ], [ -2.154967002241791, 42.865452147910247 ], [ -2.151706806075335, 42.859529140341813 ], [ -2.146320435125656, 42.857086935822572 ], [ -2.145679055970696, 42.852193556728054 ], [ -2.147312686946722, 42.849106694054392 ], [ -2.145769098973495, 42.842970254791197 ], [ -2.141885195411316, 42.841832862142653 ], [ -2.142702941629898, 42.848537061985496 ], [ -2.141315628205295, 42.84955814236627 ], [ -2.142010566989788, 42.853927560114556 ], [ -2.135420612092894, 42.859374891152818 ], [ -2.13743530198332, 42.86290167826516 ], [ -2.132959961398506, 42.863095459802601 ], [ -2.13145260008517, 42.860406733070647 ], [ -2.12120289141329, 42.858084276300843 ], [ -2.11801320256235, 42.855280562620244 ], [ -2.107286137036864, 42.851953696498384 ], [ -2.107689735620035, 42.849081552905993 ], [ -2.102549980041891, 42.844717556315508 ], [ -2.100324562420949, 42.838583449981144 ], [ -2.096799887492089, 42.83640097441733 ], [ -2.094052071738221, 42.83146149218198 ], [ -2.093887293168724, 42.82899013254363 ], [ -2.091078321881067, 42.825887146775564 ], [ -2.086279121625783, 42.818746219808219 ], [ -2.084576051220752, 42.814945048659695 ], [ -2.079592477483912, 42.808960440395879 ], [ -2.078759004949831, 42.806811979901163 ], [ -2.074326656789249, 42.803483052993002 ], [ -2.074084559204069, 42.80168160778743 ], [ -2.061859801296386, 42.790291265732932 ], [ -2.056943139801234, 42.783295642894203 ], [ -2.054722682818843, 42.773020758485679 ], [ -2.055424865700787, 42.763876915744284 ], [ -2.054852179974932, 42.75966590071662 ], [ -2.05164954664301, 42.751746792894906 ], [ -2.047577671518039, 42.739554969580965 ], [ -2.045658094084886, 42.731524542081729 ], [ -2.045240500905908, 42.724134511034102 ], [ -2.046705687873086, 42.71860942101609 ], [ -2.035035344450614, 42.716654326575046 ], [ -2.031160984601107, 42.725895941587162 ], [ -2.029704756082179, 42.732032274425549 ], [ -2.02973505414402, 42.740743032403195 ], [ -2.031768895449026, 42.753798064706032 ], [ -2.035169544985452, 42.763829982053039 ], [ -2.03752899365003, 42.783221566744679 ], [ -2.038112371511819, 42.78525585173405 ], [ -2.037527893968329, 42.797803013017798 ], [ -2.038478503510178, 42.81032797641334 ], [ -2.044775841424602, 42.844472115524553 ], [ -2.044509414971148, 42.852750842826531 ], [ -2.039545541820703, 42.862035240095864 ], [ -2.035945020539466, 42.864885048045515 ], [ -2.032773274014903, 42.862437831580024 ], [ -2.026544289848595, 42.861902768695188 ], [ -2.020459793057254, 42.862658894310684 ], [ -2.016504298809483, 42.861407162836855 ], [ -2.010746747301853, 42.861948395065347 ], [ -2.008964382306484, 42.860159787546927 ], [ -1.999849988328787, 42.858755622902784 ], [ -1.989694073805337, 42.855377209391584 ], [ -1.98647313892873, 42.853093633981793 ], [ -1.979020181028144, 42.851303055770998 ], [ -1.976226428497796, 42.848315469219479 ], [ -1.964953962395447, 42.840980778514783 ], [ -1.959099486755703, 42.838719690589478 ], [ -1.955672158701829, 42.834161133867639 ], [ -1.949239712063578, 42.831451524962318 ], [ -1.946600245712707, 42.829571688426569 ], [ -1.941257262991947, 42.821150074010745 ], [ -1.942068836209123, 42.819112853048985 ], [ -1.937077669090339, 42.810742089959319 ], [ -1.936916028656902, 42.80491908627981 ], [ -1.933650428608645, 42.79700733008648 ], [ -1.934948947502207, 42.795912144750602 ], [ -1.932384732538779, 42.791512455291937 ], [ -1.93120888161422, 42.784772403992037 ], [ -1.929020538897503, 42.780934207980543 ], [ -1.929424690798611, 42.776889849433722 ], [ -1.926191130878235, 42.772918026134825 ], [ -1.926954174798022, 42.765620811580028 ], [ -1.921354429847582, 42.757813691751849 ], [ -1.920552283739761, 42.75539539294077 ], [ -1.914792236755577, 42.749779205899792 ], [ -1.907746229350606, 42.744568475226032 ], [ -1.905462122434767, 42.743868112132596 ], [ -1.902827537964122, 42.739844903717668 ], [ -1.906140735244877, 42.739028411546016 ], [ -1.906475853595222, 42.734212630087896 ], [ -1.908067823925118, 42.732389859668864 ], [ -1.905819466000994, 42.729109084674782 ], [ -1.897829901795937, 42.725519758738471 ], [ -1.897176946654653, 42.722832782083728 ], [ -1.886223655082505, 42.717991630850854 ], [ -1.88354791831341, 42.71815604008534 ], [ -1.877518599663653, 42.716396686218644 ], [ -1.874940005999801, 42.714050145420359 ], [ -1.868583174408785, 42.715360082164004 ], [ -1.866566058117956, 42.718785784159849 ], [ -1.860294409299868, 42.717396122268525 ], [ -1.861332781999115, 42.713925868140173 ], [ -1.866654958330194, 42.71150309337213 ], [ -1.871257052401459, 42.708134209314707 ], [ -1.873702005950507, 42.70158233197224 ], [ -1.878228283194266, 42.697974441321335 ], [ -1.878833508652659, 42.695409388326638 ], [ -1.877420171441322, 42.687243560607762 ], [ -1.870768198222254, 42.674217456722225 ], [ -1.863604627106233, 42.66507756870157 ], [ -1.859428315093824, 42.66189262876415 ], [ -1.85374578811539, 42.655907871399357 ], [ -1.846764426319647, 42.652274574169482 ], [ -1.846449418534796, 42.648709274933488 ], [ -1.843567185097746, 42.645370213779472 ], [ -1.837109509135125, 42.641114795182752 ], [ -1.832297134748252, 42.639608052826858 ], [ -1.82807634808637, 42.630556784565009 ], [ -1.824249676677318, 42.629210377699351 ], [ -1.816404044144533, 42.623855913480369 ], [ -1.811573059190757, 42.617659456173165 ], [ -1.800296242894983, 42.618356369929202 ], [ -1.805254645509904, 42.614961981925177 ], [ -1.80823620879628, 42.610514894071663 ], [ -1.810643416295602, 42.604784313917108 ], [ -1.811179891556254, 42.594643994214131 ], [ -1.810647254918978, 42.581952134094749 ], [ -1.813240575762324, 42.572829086041146 ], [ -1.813757394162159, 42.565750891183747 ], [ -1.815614530006301, 42.553240604976899 ], [ -1.818557613298851, 42.546923984469878 ], [ -1.820509306982487, 42.539459865279973 ], [ -1.822829786728468, 42.537190980598211 ], [ -1.82964559252118, 42.532951504013404 ], [ -1.833830678271391, 42.529405170696698 ], [ -1.840414536235344, 42.527428138621524 ], [ -1.8522958381375, 42.522383213160964 ], [ -1.856716371066339, 42.518825206322767 ], [ -1.86227558672596, 42.517467749604343 ], [ -1.871149027642377, 42.512910593210179 ], [ -1.882514930543419, 42.508901520585191 ], [ -1.891129183470474, 42.503596073148117 ], [ -1.895211711479295, 42.499133828287839 ], [ -1.902942890456811, 42.494720295727575 ], [ -1.906361806734554, 42.490541729070571 ], [ -1.907105640525343, 42.487970977821469 ], [ -1.906933664493687, 42.478636911771346 ], [ -1.904973952104435, 42.476578999606453 ], [ -1.904685830619849, 42.467484343972259 ], [ -1.905388583315542, 42.465082372657434 ], [ -1.910508954708903, 42.45506791906206 ], [ -1.915411041866932, 42.446718140419648 ], [ -1.925149311695396, 42.438995907944552 ], [ -1.929901415453327, 42.437574155840423 ], [ -1.931482170021453, 42.435837968049164 ], [ -1.931925619587616, 42.430926301827157 ], [ -1.937156433038301, 42.427590384059329 ], [ -1.941199156187696, 42.426279607746423 ], [ -1.946986299005181, 42.420943260255228 ], [ -1.954370517792742, 42.416173174354626 ], [ -1.955545529135612, 42.412871623045092 ], [ -1.959363147454682, 42.410258529354444 ], [ -1.961548835912727, 42.406972603065697 ], [ -1.962709359296876, 42.402897936305727 ], [ -1.965659765268145, 42.400023516135811 ], [ -1.972847423750195, 42.398851778801692 ], [ -1.973863064815071, 42.39514520355813 ], [ -1.982455116793675, 42.396595969591885 ], [ -1.98742017257047, 42.396465918707676 ], [ -1.987027158791362, 42.394277740899518 ], [ -1.982160797004642, 42.39298371421004 ], [ -1.980639520548007, 42.390188261318386 ], [ -1.985601542193813, 42.388899272578399 ], [ -1.986603589029198, 42.387296238978834 ], [ -1.992166184504574, 42.386312423532495 ], [ -1.996141978878905, 42.387336201209642 ], [ -1.998299226460283, 42.385846085033549 ], [ -1.997790197367097, 42.383257850152503 ], [ -2.001700708129535, 42.379370332965266 ], [ -1.99736877601239, 42.375324749094048 ], [ -1.996387641637073, 42.371045917922096 ], [ -1.993225908448786, 42.368277432437104 ], [ -1.995814667652844, 42.363741789488373 ], [ -1.994636814267779, 42.360766066912639 ], [ -1.996282958344947, 42.356807281745255 ], [ -1.998524097428783, 42.355623843293202 ], [ -2.00393601301439, 42.355914791206779 ], [ -2.005989891021013, 42.353768797595343 ], [ -2.015941736942288, 42.354961246510491 ], [ -2.020481220382752, 42.353655922368723 ], [ -2.020748335810228, 42.350789590549901 ], [ -2.024664889034194, 42.349602655352037 ], [ -2.031842822358415, 42.34519180041314 ], [ -2.034604422395434, 42.334368608398293 ], [ -2.04031021816306, 42.327140091761414 ], [ -2.041234825183611, 42.321008254472197 ], [ -2.039780504254867, 42.317614785116014 ], [ -2.043957286234412, 42.311472946855453 ], [ -2.040480249202947, 42.307485742600292 ], [ -2.039920033079619, 42.303162143397962 ], [ -2.048986424470738, 42.293384118494771 ], [ -2.06013999289117, 42.284672596088001 ], [ -2.065229860389242, 42.276511469103717 ], [ -2.068949118451837, 42.272089782381165 ], [ -2.072961308623821, 42.264782648329707 ], [ -2.075675367172002, 42.261070733007301 ], [ -2.082649393083241, 42.250698024800791 ], [ -2.086682324822579, 42.243859153786779 ], [ -2.093736463386581, 42.242734674428284 ], [ -2.095161974321663, 42.23930506077761 ], [ -2.092838010021731, 42.23691827554881 ], [ -2.094720768838974, 42.233251512430407 ], [ -2.099089337301108, 42.229084204495415 ], [ -2.103728185148257, 42.227420253182785 ], [ -2.108174732000815, 42.219512803571398 ], [ -2.107235670797917, 42.216958077940475 ], [ -2.108465833060421, 42.212457291785597 ], [ -2.1117407926223, 42.211097334465229 ], [ -2.117569954582152, 42.206352163190168 ], [ -2.120081172288692, 42.201310083474262 ], [ -2.120605254273755, 42.197353271002122 ], [ -2.122821872484372, 42.196641771150524 ], [ -2.12570302662788, 42.191476243296847 ], [ -2.130565722376161, 42.185457907459735 ], [ -2.136155595674289, 42.175104522541865 ], [ -2.143705632208254, 42.165150898592827 ], [ -2.144058621727793, 42.162762061700789 ], [ -2.151387742393919, 42.151689803208079 ], [ -2.156534009944397, 42.147799514426019 ], [ -2.158963127973769, 42.144219125404561 ], [ -2.15855563314326, 42.14133476244745 ], [ -2.160889494839287, 42.138418517200911 ], [ -2.16723041193177, 42.134571088213129 ], [ -2.169206289632261, 42.129148019365253 ], [ -2.170912373763591, 42.127821877003441 ], [ -2.168124825481593, 42.124990476811604 ], [ -2.171402019022677, 42.121393830673618 ], [ -2.177440399711066, 42.116837707051644 ], [ -2.179633473850163, 42.112748328418448 ], [ -2.182260915568375, 42.11124990478757 ], [ -2.186038332185432, 42.105041451591461 ], [ -2.190379680745004, 42.100212477833111 ], [ -2.190259592544984, 42.098467924392615 ], [ -2.19703064102929, 42.091085112752403 ], [ -2.203352014107387, 42.089024144756259 ], [ -2.206639791607526, 42.091123875706828 ], [ -2.206888406813362, 42.094341739121134 ], [ -2.209222030306616, 42.095888243156161 ], [ -2.216714875490904, 42.096660549029671 ], [ -2.219258106762231, 42.091944282382293 ], [ -2.224557890263956, 42.088931082272772 ], [ -2.226936939380501, 42.08658144911054 ], [ -2.230468562282294, 42.085709588505587 ], [ -2.234694796259955, 42.082698084730431 ], [ -2.238319304416855, 42.081529449423464 ], [ -2.23849558799352, 42.076637906400272 ], [ -2.244367056159927, 42.067212296218479 ], [ -2.242592833921605, 42.059036880104827 ], [ -2.240966420100667, 42.055859121431716 ], [ -2.243499096383446, 42.052982885031142 ], [ -2.250159923832973, 42.05382540996613 ], [ -2.256043940181054, 42.050992416763364 ], [ -2.262823972667746, 42.051356094916166 ], [ -2.261777352112542, 42.048501607603619 ], [ -2.265211231933887, 42.040676158078234 ], [ -2.268873963199212, 42.036590275317359 ], [ -2.263897178121885, 42.035287053137814 ], [ -2.263421038267535, 42.031714532398588 ], [ -2.274399872784881, 42.031564417866285 ], [ -2.27655427576744, 42.026472637052485 ], [ -2.271289229533865, 42.023581887705276 ], [ -2.266697969488233, 42.024224298393477 ], [ -2.266019425620286, 42.022088782931263 ], [ -2.270335128807017, 42.017255719142696 ], [ -2.270042497227784, 42.011789552514145 ], [ -2.264471375646022, 42.00729912169551 ], [ -2.256024428087766, 42.003327731458889 ], [ -2.256185787057227, 41.998475593343954 ], [ -2.258983607654473, 41.995546528446347 ], [ -2.263030235879552, 41.988712816911494 ], [ -2.267531477033912, 41.982604928731938 ], [ -2.267641469653908, 41.980798801305824 ], [ -2.271183881275146, 41.975499645679427 ], [ -2.271560148260364, 41.972107740480773 ], [ -2.278134869705527, 41.968685298970961 ], [ -2.278540366282086, 41.963161549130113 ], [ -2.280198587756511, 41.95703028827343 ], [ -2.283372795252199, 41.95453800830078 ], [ -2.281089016822867, 41.950860738108034 ], [ -2.282258776577015, 41.946668583081006 ], [ -2.286595209982722, 41.93954062724999 ], [ -2.28996671019761, 41.932828439058916 ], [ -2.296359976245189, 41.931037094000978 ], [ -2.294166556886855, 41.92722915487623 ], [ -2.297498038829755, 41.922357656098278 ], [ -2.296910439173139, 41.919977443069115 ], [ -2.293915617484979, 41.918770900424924 ], [ -2.292035207722128, 41.915226227864068 ], [ -2.284017957062446, 41.916692736087327 ], [ -2.28472902011589, 41.91401984350189 ], [ -2.290192576477349, 41.908699699288427 ], [ -2.292522405319374, 41.904968910203308 ], [ -2.300148642312693, 41.903888906185109 ], [ -2.302886370452173, 41.905830845029243 ], [ -2.30529846596966, 41.904910715788908 ], [ -2.306263772647151, 41.902060017323855 ], [ -2.31340621928221, 41.901269336860892 ], [ -2.315231680286427, 41.89968119199672 ], [ -2.31687989403494, 41.895185229317171 ], [ -2.323172650443544, 41.885193387636278 ], [ -2.329192825969962, 41.877649029570797 ], [ -2.33238715809669, 41.871515281687408 ], [ -2.333944911227665, 41.865667421322939 ], [ -2.341627995474022, 41.853866483079443 ], [ -2.34677275271298, 41.847012432233711 ], [ -2.346921518202861, 41.843416391768351 ], [ -2.34952237959503, 41.839992141166022 ], [ -2.347425821291854, 41.83482362639451 ], [ -2.346763936512183, 41.830888248374372 ], [ -2.351278741943477, 41.829264611198838 ], [ -2.351935328487339, 41.827674274215589 ], [ -2.349249454658366, 41.824792938595046 ], [ -2.351524180668238, 41.819783182520453 ], [ -2.356471195713132, 41.812010045336372 ], [ -2.3588992966617, 41.81121761319018 ], [ -2.36219617561186, 41.807778762730251 ], [ -2.361851701278675, 41.80547592189572 ], [ -2.364636567487249, 41.802208249747444 ], [ -2.366562263944923, 41.797672656543419 ], [ -2.365940664791266, 41.796055822801087 ], [ -2.370246147123912, 41.792349697528834 ], [ -2.37474316218353, 41.78647812091144 ], [ -2.37384453999093, 41.783493924694476 ], [ -2.378809399042169, 41.776634628778261 ], [ -2.377934792694549, 41.773724987894184 ], [ -2.379693461982292, 41.769983633899308 ], [ -2.388810609113887, 41.770775428985118 ], [ -2.394484409392943, 41.767809531121607 ], [ -2.394011286888267, 41.766337679956315 ], [ -2.397690839095765, 41.76268782648787 ], [ -2.394324494086513, 41.758460759230445 ], [ -2.390159721431593, 41.75847133996389 ], [ -2.387447768554042, 41.753881882040226 ], [ -2.389146786544205, 41.74986456025097 ], [ -2.392358737395452, 41.747772768652155 ], [ -2.382122263912341, 41.744315474500212 ], [ -2.378662057662147, 41.74163972320877 ], [ -2.376932002625917, 41.736580710587951 ], [ -2.374930728862047, 41.733563933464772 ], [ -2.37930292874271, 41.729347079429296 ], [ -2.381832996152996, 41.724792994369345 ], [ -2.380679941230195, 41.720680726284684 ], [ -2.387858040660317, 41.722202853165349 ], [ -2.390454916340762, 41.721727251123887 ], [ -2.396847897253935, 41.713539119752745 ], [ -2.393796051427356, 41.711058705734224 ], [ -2.389357184970675, 41.700226450590151 ], [ -2.394414568792555, 41.69929496285777 ], [ -2.398700557550764, 41.697325645232446 ], [ -2.402489543216845, 41.693251766986862 ], [ -2.414164205423253, 41.683878370507976 ], [ -2.419686367536028, 41.674566923973167 ], [ -2.433286780210877, 41.674068234575167 ], [ -2.436431352692686, 41.670748457383411 ], [ -2.436009177175049, 41.666713654749344 ], [ -2.428420949379915, 41.663619326197292 ], [ -2.427568404589322, 41.662065821740754 ], [ -2.431560192501302, 41.658220924117572 ], [ -2.445876665981608, 41.656990547861511 ], [ -2.445570737833062, 41.654584703483188 ], [ -2.452116045099609, 41.6500364507394 ], [ -2.44974729867237, 41.646710769222935 ], [ -2.450300531266858, 41.642815749571625 ], [ -2.452397623211735, 41.641540705916199 ], [ -2.457506949926452, 41.635925231529015 ], [ -2.459079171130511, 41.632268585777901 ], [ -2.455878288703789, 41.630546002039992 ], [ -2.457722297934089, 41.627267711189717 ], [ -2.459386305861187, 41.618858436200412 ], [ -2.465460995596723, 41.617680601962419 ], [ -2.469052749050605, 41.615782161402599 ], [ -2.47309515596768, 41.616383320696933 ], [ -2.477151606686788, 41.614397130560626 ], [ -2.487324230680539, 41.611507855005208 ], [ -2.493649090394689, 41.609034962073245 ], [ -2.499525542202148, 41.604112702631362 ], [ -2.497674458681969, 41.600913511317721 ], [ -2.504346245166387, 41.598370975025865 ], [ -2.513610797610725, 41.596477719118418 ], [ -2.519803754511448, 41.591892688899861 ], [ -2.534132875321198, 41.586929087173964 ], [ -2.536041493555443, 41.583684712375558 ], [ -2.541405528415555, 41.58416218169743 ], [ -2.542048417428335, 41.581833550574899 ], [ -2.546179422359478, 41.580867445772704 ], [ -2.549374176801291, 41.577846187281835 ], [ -2.552373202138011, 41.577598977961067 ], [ -2.556950977395427, 41.574429091498814 ], [ -2.559748965006784, 41.574428051571914 ], [ -2.567191502883628, 41.571303349753762 ], [ -2.578390421843563, 41.569664724572462 ], [ -2.581455016479747, 41.565874519004225 ], [ -2.580429799960267, 41.563506366160347 ], [ -2.58641368454334, 41.563081199113455 ], [ -2.592164458938013, 41.560580367737366 ], [ -2.590732039100498, 41.553633067438625 ], [ -2.598788501413187, 41.551910294217436 ], [ -2.60357409094257, 41.550044863843311 ], [ -2.603230042146563, 41.54391459101987 ], [ -2.605903342271656, 41.539456940332002 ], [ -2.613294565054152, 41.538470477754679 ], [ -2.611412799217946, 41.536238095085075 ], [ -2.61245979173473, 41.531263026773139 ], [ -2.611270256643218, 41.529031971216412 ], [ -2.614863808947246, 41.527610170211112 ], [ -2.622577285062754, 41.513428922824083 ], [ -2.627584291440559, 41.511981173047836 ], [ -2.628666474505196, 41.513609243538568 ], [ -2.64079903185233, 41.511892699432209 ], [ -2.644211999973338, 41.514079963811803 ], [ -2.647146164841397, 41.511588968945361 ], [ -2.646162743724486, 41.506761192161868 ], [ -2.658829174061128, 41.501995966556557 ], [ -2.660930602021025, 41.503163338391573 ], [ -2.673420404978254, 41.498861971751289 ], [ -2.680625890929631, 41.498437814544758 ], [ -2.687326162364357, 41.502359826415315 ], [ -2.693156018206358, 41.503628569868717 ], [ -2.698256597395154, 41.502699827387573 ], [ -2.702707967183493, 41.504478055394294 ], [ -2.705716860536652, 41.50429472597731 ], [ -2.714837334086887, 41.506429742446009 ], [ -2.727511916604243, 41.507410597768853 ], [ -2.732844754189834, 41.510556468474199 ], [ -2.734878550667834, 41.514489722087141 ], [ -2.743541225475091, 41.521711732358668 ], [ -2.747982221338724, 41.523319642852698 ], [ -2.757891904422184, 41.522509650818691 ], [ -2.764263041768928, 41.524353566193 ], [ -2.777618652314028, 41.522730712647864 ], [ -2.782118662190199, 41.521645513995885 ], [ -2.786411323013783, 41.522930324086126 ], [ -2.793516923374921, 41.519330080046977 ], [ -2.801601384830323, 41.520049625682219 ], [ -2.806366306827789, 41.517541663246995 ], [ -2.809644487301127, 41.518108201555968 ], [ -2.818460375838072, 41.514944332688671 ], [ -2.81999300752306, 41.513540415946466 ], [ -2.826871657871782, 41.514527620888295 ], [ -2.839189423605585, 41.512213970681913 ], [ -2.839761183538131, 41.50997423949206 ], [ -2.84309122706938, 41.507730841354672 ], [ -2.84890056505642, 41.506677531016571 ], [ -2.854994052424428, 41.508553022573977 ], [ -2.857405677350905, 41.511071482459052 ], [ -2.863916981420308, 41.511156620599188 ], [ -2.866911063107557, 41.509520212950257 ], [ -2.866312335189588, 41.507060135643933 ], [ -2.871399015794388, 41.505003599559274 ], [ -2.873199640390712, 41.501223971687004 ], [ -2.875730390555323, 41.498876150954992 ], [ -2.87965515857609, 41.499696577032282 ], [ -2.884241831778519, 41.499362080265279 ], [ -2.886829558002998, 41.503104581105049 ], [ -2.885000976897815, 41.504252030878519 ], [ -2.885257900787475, 41.513058022951988 ], [ -2.883773825654838, 41.51587984949601 ], [ -2.877210836262765, 41.514959132609995 ], [ -2.873354845989496, 41.520836271006026 ], [ -2.875205901687024, 41.523116475057904 ], [ -2.875119878373004, 41.528884542218869 ], [ -2.870490035801962, 41.5268183515918 ], [ -2.864164382079481, 41.530867860670682 ], [ -2.861419354340757, 41.531223544004312 ], [ -2.858628492494852, 41.535403886962847 ], [ -2.853590947603549, 41.535258087361854 ], [ -2.853988743981158, 41.539740544362779 ], [ -2.864082282506098, 41.541640288194259 ], [ -2.874864446506528, 41.541812031868538 ], [ -2.877897780051279, 41.543900025160632 ], [ -2.878956209681648, 41.550210440074707 ], [ -2.883110904736749, 41.550786602800095 ], [ -2.887036225193665, 41.552667651712554 ], [ -2.8940070427019, 41.557390896601781 ], [ -2.897805541611985, 41.558592844378396 ], [ -2.908491141028433, 41.559564795382798 ], [ -2.912897352609344, 41.562507853721904 ], [ -2.918693665747327, 41.567674530166052 ], [ -2.917959986793833, 41.570269231444414 ], [ -2.920157288943343, 41.57234682529927 ], [ -2.921695102933627, 41.576361156771888 ], [ -2.924147807234827, 41.574851882162768 ] ] ], [ [ [ -2.905807313667639, 43.254885467452127 ], [ -2.898780744308824, 43.253323583401816 ], [ -2.902007626098778, 43.251081916358451 ], [ -2.905828047923747, 43.2519223219658 ], [ -2.905807313667639, 43.254885467452127 ] ] ], [ [ [ -2.040301786963754, 42.748158108787415 ], [ -2.037946052097864, 42.737864371237222 ], [ -2.042748822206011, 42.740048861981222 ], [ -2.04657420212832, 42.752785741458503 ], [ -2.043646284791965, 42.757529629043169 ], [ -2.040301786963754, 42.748158108787415 ] ] ], [ [ [ -2.050614530208815, 42.769750645664011 ], [ -2.046054171596452, 42.767331403841496 ], [ -2.046494408219793, 42.757015046220573 ], [ -2.051168808869064, 42.757708095919007 ], [ -2.051716623310455, 42.764204049964917 ], [ -2.050614530208815, 42.769750645664011 ] ] ] ] } },
{ "type": "Feature", "properties": { "insee_reg": "04" }, "geometry": { "type": "MultiPolygon", "coordinates": [ [ [ [ -2.261331087592722, 44.242688503474952 ], [ -2.277999267271621, 44.244989194918901 ], [ -2.287525081243865, 44.248670342193819 ], [ -2.290536408377524, 44.247862105160799 ], [ -2.302873254602663, 44.251994103424821 ], [ -2.310368331654495, 44.252342721443611 ], [ -2.319794272472271, 44.257026219213678 ], [ -2.343121843492539, 44.256477785615573 ], [ -2.349153305321375, 44.253577248578196 ], [ -2.352673784537215, 44.257545717651858 ], [ -2.357570230218481, 44.259542885476399 ], [ -2.360193550002726, 44.263589553206479 ], [ -2.375273357797027, 44.262121994928904 ], [ -2.387748137702354, 44.264977436124198 ], [ -2.394591754073855, 44.265547511636143 ], [ -2.401520140308126, 44.269600165590916 ], [ -2.405849849435457, 44.274830111284246 ], [ -2.405475069086752, 44.279133481825895 ], [ -2.416113580603892, 44.282375252250446 ], [ -2.430090494799455, 44.28203527286697 ], [ -2.43901063184306, 44.283113681217763 ], [ -2.449556268988632, 44.283054843842208 ], [ -2.459083827318918, 44.28518449868421 ], [ -2.472878407683814, 44.290365804823416 ], [ -2.484385211448268, 44.297373948296276 ], [ -2.490610952194447, 44.306428579247182 ], [ -2.499316551912107, 44.311297016745584 ], [ -2.508804179301443, 44.317503856921867 ], [ -2.513036520407592, 44.321326140718703 ], [ -2.523665463476437, 44.324897141317393 ], [ -2.529229985756151, 44.327035257137119 ], [ -2.54560927965853, 44.330549256120143 ], [ -2.56180558333166, 44.332038538491453 ], [ -2.571453401881889, 44.333733122252923 ], [ -2.585431808114371, 44.333758008338918 ], [ -2.594884612692815, 44.335017110826264 ], [ -2.598794082137496, 44.334493063195019 ], [ -2.617830630354734, 44.335731833820283 ], [ -2.628892195575272, 44.342319327116201 ], [ -2.631495161594239, 44.346216141722479 ], [ -2.627859297838356, 44.349444596290297 ], [ -2.628807488391254, 44.352123189123539 ], [ -2.633523956633162, 44.355768421420755 ], [ -2.633775144573768, 44.360571359687114 ], [ -2.636781403269066, 44.36489211908934 ], [ -2.645787972831383, 44.369529717933013 ], [ -2.652152936434879, 44.371809976702366 ], [ -2.655782598564984, 44.37681591862713 ], [ -2.666018184100459, 44.382063233102414 ], [ -2.669805074818407, 44.381954423086114 ], [ -2.674338812846807, 44.387707491998363 ], [ -2.68355671476758, 44.392149910073442 ], [ -2.691078221018792, 44.392117772758318 ], [ -2.699402326750537, 44.395636815828226 ], [ -2.708195092972379, 44.400799780106567 ], [ -2.709647664328965, 44.40770724590913 ], [ -2.716636954562828, 44.413872487416391 ], [ -2.721786369071704, 44.422822311782177 ], [ -2.724142993555568, 44.429051512658226 ], [ -2.731651706255207, 44.434210698426803 ], [ -2.731069874441393, 44.44274850032172 ], [ -2.728028427938886, 44.446422534845802 ], [ -2.728118528783798, 44.449571562077786 ], [ -2.725269856923355, 44.463026463801036 ], [ -2.726973297351197, 44.467660421057445 ], [ -2.727496489096909, 44.474176638421852 ], [ -2.729843737421544, 44.48054113990738 ], [ -2.730408269372903, 44.486950249611411 ], [ -2.728104786373595, 44.48994469416666 ], [ -2.729725459089341, 44.49336252090005 ], [ -2.740436260211298, 44.502676308991447 ], [ -2.745311410544639, 44.503325149850077 ], [ -2.751621478155091, 44.506110146460621 ], [ -2.757812906289923, 44.507303693006492 ], [ -2.762263893936954, 44.523818894113603 ], [ -2.761072286113489, 44.525880047889245 ], [ -2.763907117737702, 44.532073006411728 ], [ -2.768176680703885, 44.532648893440992 ], [ -2.7688183357405, 44.535881677630712 ], [ -2.78231497617698, 44.541894945974711 ], [ -2.784288950892771, 44.544920664764796 ], [ -2.791513903517965, 44.550776440165329 ], [ -2.797804654981971, 44.554674625473254 ], [ -2.79604439989331, 44.559214752908851 ], [ -2.807641484821377, 44.563328782836777 ], [ -2.811878511423799, 44.568000387159309 ], [ -2.816400712145132, 44.569550875648368 ], [ -2.833633806004867, 44.577712631362772 ], [ -2.840316859268326, 44.581500277510301 ], [ -2.849237980245863, 44.590465533781476 ], [ -2.855427497680437, 44.594253880094257 ], [ -2.861395820206141, 44.600743432616461 ], [ -2.862732620337693, 44.607570386818068 ], [ -2.861801584310311, 44.618413512108674 ], [ -2.862156012890065, 44.626036514989181 ], [ -2.859691450807283, 44.633058016606626 ], [ -2.86454756895244, 44.636735347459165 ], [ -2.871392591023599, 44.644507654529832 ], [ -2.874799757822474, 44.650834145568098 ], [ -2.872722647860654, 44.654996074988595 ], [ -2.8578796081321, 44.668765242256917 ], [ -2.854022730068029, 44.673713031058469 ], [ -2.848303383577893, 44.67699366979776 ], [ -2.844489166998149, 44.681815253818634 ], [ -2.83811852688627, 44.681004275627181 ], [ -2.822454468747184, 44.680482979506273 ], [ -2.80684550206306, 44.686779057143532 ], [ -2.789616074227657, 44.696242704843016 ], [ -2.778914030450852, 44.704289904045666 ], [ -2.771500603983494, 44.712805489345328 ], [ -2.768782228159465, 44.719441061718392 ], [ -2.767873759915279, 44.731204533798987 ], [ -2.766309872906925, 44.741045190449121 ], [ -2.767913226040243, 44.750110388105121 ], [ -2.771988582059051, 44.75779634473097 ], [ -2.775947991103715, 44.762337738829018 ], [ -2.779107191019835, 44.768113101095643 ], [ -2.778580097529181, 44.775934253451652 ], [ -2.775068532965246, 44.780092210886117 ], [ -2.775032293048216, 44.785996156034486 ], [ -2.769669482030782, 44.787377917335753 ], [ -2.771015419029522, 44.791711116768397 ], [ -2.763080401719144, 44.792753399819674 ], [ -2.763781595592674, 44.802555241890019 ], [ -2.770975001622715, 44.8016961922362 ], [ -2.772896200351407, 44.8109588167571 ], [ -2.771925212710566, 44.812773762420079 ], [ -2.763761195511135, 44.816329802028157 ], [ -2.752449512762016, 44.813136092519116 ], [ -2.738367806407137, 44.810335689288621 ], [ -2.729884521806402, 44.810032469605069 ], [ -2.710852069299991, 44.812587175618219 ], [ -2.708125514129979, 44.811786340850418 ], [ -2.707453571401949, 44.806716101541497 ], [ -2.703264384889337, 44.804087968877603 ], [ -2.697130296129069, 44.804211038932209 ], [ -2.697679806192969, 44.813007492086342 ], [ -2.688985091389988, 44.814862896300411 ], [ -2.679740952117829, 44.817879886048935 ], [ -2.665490130753365, 44.823632974464104 ], [ -2.656174471945804, 44.832662981953256 ], [ -2.65091230591219, 44.839660734808668 ], [ -2.640530768995589, 44.843736542050863 ], [ -2.634055301120412, 44.847502825273658 ], [ -2.62661903467384, 44.854354031937774 ], [ -2.624385037193161, 44.858625702591858 ], [ -2.612375317457366, 44.862539101396287 ], [ -2.604058546351878, 44.870271977639796 ], [ -2.597306378161992, 44.87079841416724 ], [ -2.588095369476294, 44.876129111748398 ], [ -2.57874325474503, 44.884335747038293 ], [ -2.569092004104415, 44.887111182871706 ], [ -2.553642800330091, 44.890203420546868 ], [ -2.533338188770476, 44.896743827767239 ], [ -2.511868046426184, 44.898177274994502 ], [ -2.500311462712655, 44.895901233798355 ], [ -2.491653417852812, 44.897869373991412 ], [ -2.486757530180645, 44.902286779021956 ], [ -2.479632000371879, 44.90291322398221 ], [ -2.46895290225129, 44.896782399877765 ], [ -2.462291377784757, 44.893765707354994 ], [ -2.445016069551826, 44.8882341561118 ], [ -2.420131387783529, 44.887553452284486 ], [ -2.406342510833296, 44.888541463299859 ], [ -2.387261096870431, 44.894032557833292 ], [ -2.381413266855516, 44.894043473737852 ], [ -2.369541035705178, 44.892112808867346 ], [ -2.355906951589735, 44.888135471976227 ], [ -2.324108736283722, 44.885111582031428 ], [ -2.320422287282925, 44.882787509361378 ], [ -2.314227857075505, 44.881307283533545 ], [ -2.297044729415859, 44.881091949773349 ], [ -2.2902270741628, 44.885385518659845 ], [ -2.28321895046125, 44.887079340360017 ], [ -2.263286351786622, 44.886420309040538 ], [ -2.253851437782803, 44.884398910980543 ], [ -2.245184528164799, 44.881554979847017 ], [ -2.238381196654994, 44.88113432630233 ], [ -2.2289869743597, 44.8839598991336 ], [ -2.223492556493621, 44.884295379266455 ], [ -2.207864616151273, 44.880281980029181 ], [ -2.204335766865481, 44.878137079625382 ], [ -2.193974163698528, 44.874356209165065 ], [ -2.166756975118078, 44.866845133745215 ], [ -2.155513747917423, 44.867774758590357 ], [ -2.143289078900846, 44.865693701136259 ], [ -2.134869201690174, 44.865787593152291 ], [ -2.122167386334072, 44.863333684279915 ], [ -2.112659261987717, 44.860494058026802 ], [ -2.094859822373506, 44.853403234992591 ], [ -2.087872422778477, 44.851276772460906 ], [ -2.078825209729763, 44.842114608481168 ], [ -2.066878178028037, 44.834569928826106 ], [ -2.052649754512699, 44.826644155876778 ], [ -2.044536581175253, 44.818962023133679 ], [ -2.039176599727514, 44.811761701499101 ], [ -2.029901109976419, 44.802966011273206 ], [ -2.025816935518912, 44.800080657998002 ], [ -2.017104514231697, 44.781957527320287 ], [ -2.016601137197704, 44.770751973798099 ], [ -2.012751112860221, 44.746274587094867 ], [ -2.007902772963005, 44.729527217274025 ], [ -2.00313041638706, 44.726581183380112 ], [ -2.00142588734757, 44.72011455807705 ], [ -1.996750291151826, 44.715477397570865 ], [ -1.983394506759051, 44.713051438421324 ], [ -1.979202306982099, 44.711385844014707 ], [ -1.972695402042413, 44.706331454521269 ], [ -1.965384738795011, 44.699120164551211 ], [ -1.960109532994907, 44.692692525301489 ], [ -1.9530412094489, 44.689963670407792 ], [ -1.950415896524815, 44.687015763273777 ], [ -1.95189968121202, 44.683798616725497 ], [ -1.951924280797753, 44.677078856768802 ], [ -1.948086312807351, 44.670387679696958 ], [ -1.94253190642269, 44.66582878667446 ], [ -1.938766169912809, 44.661121827371794 ], [ -1.928317643243559, 44.652918039067714 ], [ -1.919572516227616, 44.646895560044868 ], [ -1.911591574742542, 44.643268075905382 ], [ -1.899323296192545, 44.633835481274836 ], [ -1.891032566783651, 44.62304051145864 ], [ -1.880670244045131, 44.61785982814051 ], [ -1.876909969435417, 44.616311273070565 ], [ -1.86984566109561, 44.610907426971167 ], [ -1.855427342882982, 44.594283451677668 ], [ -1.849615490022656, 44.590709702611534 ], [ -1.844311336702004, 44.589456376810283 ], [ -1.835074854380476, 44.591574820632495 ], [ -1.824704120161124, 44.590339968075341 ], [ -1.820083013240362, 44.588905043018933 ], [ -1.811882362655612, 44.58380062324354 ], [ -1.805057600810122, 44.580656481558712 ], [ -1.804911290636454, 44.578575477035422 ], [ -1.797526727007448, 44.574624550650384 ], [ -1.788783357427222, 44.573204639487649 ], [ -1.786751557558851, 44.574495095087215 ], [ -1.77694996621225, 44.569733047072809 ], [ -1.771375988887422, 44.568591756063263 ], [ -1.769568326516347, 44.563369565541564 ], [ -1.76678756381677, 44.560866746760993 ], [ -1.75853775527067, 44.549342339101408 ], [ -1.752481619062819, 44.545010499575284 ], [ -1.751823876590948, 44.541690092899763 ], [ -1.755960224281077, 44.539287503256169 ], [ -1.75349289182484, 44.532864272939293 ], [ -1.752495395173451, 44.524895251764342 ], [ -1.750259753431643, 44.520228355414666 ], [ -1.746826438818038, 44.517110247462625 ], [ -1.747703503032009, 44.514596436113557 ], [ -1.754731265044949, 44.510949727115353 ], [ -1.765350498793358, 44.510871275810068 ], [ -1.766748110006431, 44.506096931236947 ], [ -1.76624554627925, 44.496816784024247 ], [ -1.763966208536865, 44.491367083150998 ], [ -1.768885160253668, 44.482193115069151 ], [ -1.778409641759041, 44.476759148461468 ], [ -1.78287285490887, 44.470651778443703 ], [ -1.78410294705487, 44.461466822043839 ], [ -1.786604622103082, 44.460134895917307 ], [ -1.79081389824199, 44.453375360269689 ], [ -1.791091239469663, 44.444434209178389 ], [ -1.79010635884207, 44.437715481144259 ], [ -1.793539140329786, 44.433259514228517 ], [ -1.79497922131936, 44.427757160212522 ], [ -1.795103767141928, 44.419297933827501 ], [ -1.7985845602508, 44.411165150331733 ], [ -1.798577722037733, 44.405140799362577 ], [ -1.795503883920927, 44.400791851241728 ], [ -1.792958331973166, 44.391966498972117 ], [ -1.794039105121906, 44.385222134236763 ], [ -1.787599557226305, 44.37480514903438 ], [ -1.783318107906593, 44.370857905758193 ], [ -1.784967616492529, 44.365886076892856 ], [ -1.78769142352855, 44.363732180267512 ], [ -1.787075726224354, 44.356252173801735 ], [ -1.788205680370375, 44.353910926268341 ], [ -1.787094921526109, 44.343648286149062 ], [ -1.788611342830991, 44.34116183881649 ], [ -1.784493228116051, 44.329250483407684 ], [ -1.785291387983636, 44.327382865396174 ], [ -1.781602227986165, 44.317049969244337 ], [ -1.776425153718275, 44.312128455108699 ], [ -1.77951867221441, 44.304219470263824 ], [ -1.789463897911596, 44.292602809982981 ], [ -1.791372109061101, 44.288935351051315 ], [ -1.797679358628543, 44.284384535377512 ], [ -1.808775065436351, 44.278635042358488 ], [ -1.8130665440642, 44.274488747250061 ], [ -1.820711162272558, 44.269321196154387 ], [ -1.830552263446573, 44.26479078768682 ], [ -1.844974715833246, 44.261955564243394 ], [ -1.853312073825538, 44.263966837338117 ], [ -1.85951466013119, 44.262688889442373 ], [ -1.865766922172409, 44.264092948211278 ], [ -1.871591310695883, 44.259117096170684 ], [ -1.880712459126352, 44.255842046380948 ], [ -1.894393611158545, 44.25399710352152 ], [ -1.901180440390246, 44.254630998697415 ], [ -1.908689266727551, 44.252494459076352 ], [ -1.912825742867867, 44.252943763808247 ], [ -1.925367371078144, 44.247526837563989 ], [ -1.938418714609247, 44.243788835947775 ], [ -1.96312956773819, 44.240825781244595 ], [ -1.971239664806774, 44.2418299285671 ], [ -1.975110571544072, 44.240878012281357 ], [ -1.987202785674274, 44.241880534297053 ], [ -1.997237024064924, 44.241581876576419 ], [ -2.003466540805098, 44.238934017483921 ], [ -2.00367788362762, 44.235628516330365 ], [ -2.013577184936994, 44.228010707599537 ], [ -2.018422756949827, 44.22784709625725 ], [ -2.027457064459492, 44.229463931828988 ], [ -2.035494238150974, 44.228487855644531 ], [ -2.049991207878211, 44.222614363501926 ], [ -2.052388374769322, 44.219212914510372 ], [ -2.057272412563778, 44.218295233975098 ], [ -2.063284839888224, 44.220981676472945 ], [ -2.062831738373443, 44.22309746683284 ], [ -2.07012726498696, 44.226013195057888 ], [ -2.084349214339036, 44.226323782754001 ], [ -2.099131843135237, 44.224389316561307 ], [ -2.105697610741942, 44.221216063302542 ], [ -2.122659498163556, 44.217962077488899 ], [ -2.136582411169419, 44.222488294136149 ], [ -2.141280817876275, 44.22721858060892 ], [ -2.148367421168544, 44.2280996549215 ], [ -2.15805398407596, 44.23105923310407 ], [ -2.164418904311488, 44.236411510017724 ], [ -2.171484498410926, 44.235350172947278 ], [ -2.184575257364238, 44.230307351438391 ], [ -2.191135224356662, 44.228910573332712 ], [ -2.198276384044739, 44.230559983767101 ], [ -2.20565904193836, 44.23345061283986 ], [ -2.213890772365762, 44.232438544679404 ], [ -2.223181768019056, 44.234017494400156 ], [ -2.228477285023192, 44.229750136177017 ], [ -2.232507489564343, 44.235017452299452 ], [ -2.239887768168699, 44.238393695805513 ], [ -2.242651755943139, 44.237640577167838 ], [ -2.255684953919348, 44.243218480593029 ], [ -2.261331087592722, 44.242688503474952 ] ] ] ] } },
{ "type": "Feature", "properties": { "insee_reg": "06" }, "geometry": { "type": "MultiPolygon", "coordinates": [ [ [ [ -2.106418495388271, 45.251473086361202 ], [ -2.111572856318429, 45.244915488869275 ], [ -2.112716584909269, 45.240261337214505 ], [ -2.118579495030689, 45.235931468064528 ], [ -2.123578604869734, 45.234187636495669 ], [ -2.141072199817601, 45.23617174021409 ], [ -2.145546310964006, 45.242606747676525 ], [ -2.146160193096037, 45.246974831295802 ], [ -2.156634255736795, 45.250220744304443 ], [ -2.161140370529508, 45.249457603067533 ], [ -2.165194219291441, 45.243939332628351 ], [ -2.169216335968386, 45.241391272622216 ], [ -2.176192128588707, 45.240484616229267 ], [ -2.181131498395228, 45.247638279414062 ], [ -2.177745532035691, 45.254549035505029 ], [ -2.181655634179565, 45.258685093264049 ], [ -2.182088457853288, 45.261796801138154 ], [ -2.195920771553793, 45.265564740339762 ], [ -2.204776486136579, 45.264023488909892 ], [ -2.210045872641213, 45.261170732452072 ], [ -2.214981155639688, 45.255927090653984 ], [ -2.217869157251068, 45.24957738042589 ], [ -2.218768063142463, 45.24252221349424 ], [ -2.227413141229263, 45.24848579528129 ], [ -2.22859424083532, 45.25272282460034 ], [ -2.22299679980538, 45.260747426360211 ], [ -2.225685638132158, 45.265759775545654 ], [ -2.225357715533299, 45.269708592952099 ], [ -2.228364195602039, 45.27444835312874 ], [ -2.222928237738276, 45.279181632484097 ], [ -2.219390029440051, 45.286346015181351 ], [ -2.220442115673846, 45.299139132654084 ], [ -2.226088251964649, 45.303109045843946 ], [ -2.235039549759243, 45.303384049027137 ], [ -2.244383705501641, 45.295798081204502 ], [ -2.246842347089344, 45.290798882631442 ], [ -2.2517159921217, 45.290890800793754 ], [ -2.263942871967451, 45.286408543106134 ], [ -2.273051299195183, 45.289074591239412 ], [ -2.276728805223026, 45.291433767979903 ], [ -2.286119041328242, 45.294338480693717 ], [ -2.294581515702006, 45.291272008918895 ], [ -2.297207723726014, 45.29274122563961 ], [ -2.276051214502022, 45.303731589098604 ], [ -2.263322597701797, 45.307133540287552 ], [ -2.252732579878153, 45.317775753639495 ], [ -2.248136441980691, 45.321101556753419 ], [ -2.24553127492232, 45.327459404842159 ], [ -2.245862969141959, 45.339507050442236 ], [ -2.241774993376005, 45.342372296643568 ], [ -2.240643550153127, 45.346423735815158 ], [ -2.245429007732841, 45.353514757574324 ], [ -2.251447981886747, 45.357649685028214 ], [ -2.257382367034944, 45.359481562938328 ], [ -2.262005981002673, 45.359142376163021 ], [ -2.264815144439929, 45.356078890967588 ], [ -2.272886574390903, 45.353319106068035 ], [ -2.277625693611782, 45.355383353676757 ], [ -2.284710595345262, 45.362963667192709 ], [ -2.292924376278999, 45.362757082212639 ], [ -2.296626492930617, 45.369432729513974 ], [ -2.300195276002412, 45.371290661624968 ], [ -2.301957773789234, 45.377373465986636 ], [ -2.30472247400804, 45.378415590757989 ], [ -2.305868609228538, 45.383346501119426 ], [ -2.31040879600239, 45.391199578927939 ], [ -2.319212077828501, 45.396378680444805 ], [ -2.325664931937344, 45.396783293558414 ], [ -2.323027268338208, 45.401296464678367 ], [ -2.308973051668612, 45.403766505378492 ], [ -2.301973871708821, 45.402841294107056 ], [ -2.293314547401388, 45.405194344892777 ], [ -2.285868333519256, 45.404428408674526 ], [ -2.275322084291977, 45.405947346934141 ], [ -2.269291454673627, 45.404863780046966 ], [ -2.259382660769187, 45.405249183433035 ], [ -2.255970838129289, 45.400503429540557 ], [ -2.250468476803924, 45.397993278259463 ], [ -2.24877422549999, 45.393196808608792 ], [ -2.251005964581335, 45.38644381184838 ], [ -2.248914286403612, 45.381664438308881 ], [ -2.247458520813919, 45.37178483417086 ], [ -2.238856350784109, 45.363315315769349 ], [ -2.235059416539525, 45.361815636628684 ], [ -2.214780222056275, 45.359175714645318 ], [ -2.20121867078722, 45.35480344368132 ], [ -2.194325801024903, 45.355092189499381 ], [ -2.1898896107831, 45.347733278790507 ], [ -2.18698324362331, 45.347485544169089 ], [ -2.174142211524487, 45.343788228873642 ], [ -2.151064507512649, 45.344437974851161 ], [ -2.140942209984289, 45.345645259490837 ], [ -2.126611960991602, 45.355513337503929 ], [ -2.126672631709012, 45.36186092707441 ], [ -2.120586636722014, 45.365562287244153 ], [ -2.119475547446172, 45.369423033445855 ], [ -2.123236669037015, 45.373048102892518 ], [ -2.124511949793616, 45.379921835504213 ], [ -2.132397614468508, 45.384423199038537 ], [ -2.136381789044783, 45.388717475515328 ], [ -2.137030281262681, 45.395488724029448 ], [ -2.144215449690565, 45.396097751542101 ], [ -2.148878354764368, 45.400020578908574 ], [ -2.145556093328742, 45.406647189034423 ], [ -2.160423348947329, 45.418926431630481 ], [ -2.169542736140261, 45.425204211965045 ], [ -2.18000752667964, 45.426024886273865 ], [ -2.186694082477283, 45.433575952726301 ], [ -2.195024432817568, 45.43760235683979 ], [ -2.200454748313335, 45.437125839621345 ], [ -2.207472061841967, 45.441095355792321 ], [ -2.211097033130324, 45.445140141082021 ], [ -2.214548641894254, 45.445493338911156 ], [ -2.220824310778563, 45.452110069194198 ], [ -2.228506801297408, 45.462720974554792 ], [ -2.235188965067863, 45.467629563944712 ], [ -2.242819264006084, 45.468267302231702 ], [ -2.25202058367962, 45.467671987256381 ], [ -2.255230104914957, 45.470669422497735 ], [ -2.261593171542112, 45.47151395729621 ], [ -2.270395146060727, 45.479908600459858 ], [ -2.276042370121978, 45.483113418216782 ], [ -2.281256524911232, 45.483911386885545 ], [ -2.279496176558966, 45.488181088124072 ], [ -2.273384407870406, 45.487355682722104 ], [ -2.267515111636743, 45.491045223721819 ], [ -2.262087201416962, 45.496740658168008 ], [ -2.259544255057755, 45.5016680574223 ], [ -2.250088873038166, 45.49999572423264 ], [ -2.245635326332386, 45.502066669741026 ], [ -2.24077738606859, 45.501242434192683 ], [ -2.228117978871793, 45.502110114112604 ], [ -2.2187751690262, 45.509791213775031 ], [ -2.214604495422501, 45.510609733045776 ], [ -2.227957563005063, 45.511425190589179 ], [ -2.23744319433027, 45.514810321004568 ], [ -2.24989690391316, 45.514613815949794 ], [ -2.259870446422818, 45.515582117243149 ], [ -2.265370304015119, 45.51836448193675 ], [ -2.262616434093272, 45.525697187293048 ], [ -2.261645008119106, 45.532263180876207 ], [ -2.259450994493164, 45.534247559444893 ], [ -2.261439679104366, 45.540170369687367 ], [ -2.255253674808669, 45.543576601043199 ], [ -2.254850474674068, 45.548198025214596 ], [ -2.25687247760858, 45.55411620417739 ], [ -2.263317935132787, 45.558947934975279 ], [ -2.272531592648253, 45.564188514976543 ], [ -2.270957232569935, 45.566969317286556 ], [ -2.274068934227095, 45.570900858015065 ], [ -2.272924669527087, 45.57375476449149 ], [ -2.272125926895037, 45.581373721237746 ], [ -2.254834787685987, 45.585752799865148 ], [ -2.243927306143871, 45.584921940660337 ], [ -2.243933610527794, 45.590123394818896 ], [ -2.253156834547765, 45.593841117446438 ], [ -2.257370125188185, 45.593291378787661 ], [ -2.261004049420371, 45.590082328275372 ], [ -2.279748219974343, 45.590114941711001 ], [ -2.282549199604797, 45.591643405590318 ], [ -2.283155657242586, 45.603519224703462 ], [ -2.276432921444999, 45.610430093455513 ], [ -2.271603365682495, 45.612563655010121 ], [ -2.272424764152845, 45.616337191716745 ], [ -2.273792661523213, 45.621824315693459 ], [ -2.269299256757364, 45.623926140989354 ], [ -2.272299498059764, 45.630037168371757 ], [ -2.273217230101066, 45.63526716012823 ], [ -2.278670048364153, 45.637542580948264 ], [ -2.283287884694651, 45.636923997439517 ], [ -2.290303014337561, 45.632715459739828 ], [ -2.290204689341325, 45.628223305643949 ], [ -2.296345479643363, 45.626031921908691 ], [ -2.298132721288832, 45.628951868722091 ], [ -2.311718086280145, 45.635927067035958 ], [ -2.325783675913549, 45.637645859767794 ], [ -2.329292788230735, 45.632237842816181 ], [ -2.340438487889127, 45.634811082305731 ], [ -2.345062308486808, 45.640931968561709 ], [ -2.349177676783702, 45.640970207940363 ], [ -2.359018804232076, 45.64631248210496 ], [ -2.365872688924736, 45.647756514825979 ], [ -2.366616886196995, 45.651127007649421 ], [ -2.371510066258813, 45.65584423298467 ], [ -2.377846844580219, 45.657728188526143 ], [ -2.392190021749291, 45.655178428147991 ], [ -2.394223368065976, 45.649649147641711 ], [ -2.398858048408946, 45.648647070798802 ], [ -2.402675800132266, 45.654792018678187 ], [ -2.41011904594769, 45.655574195491049 ], [ -2.419822231101919, 45.660843882576984 ], [ -2.422032386590286, 45.667949771542837 ], [ -2.414421561660819, 45.673650292523625 ], [ -2.414030096673722, 45.675641047058633 ], [ -2.402570037627686, 45.678839258090392 ], [ -2.39580602563035, 45.684674787199882 ], [ -2.387137587685227, 45.697743732220239 ], [ -2.39466427365434, 45.705541005318622 ], [ -2.402493487775205, 45.704455375036012 ], [ -2.408360949944159, 45.706524926879709 ], [ -2.420627505123279, 45.705533023958637 ], [ -2.425894327403991, 45.706901635130656 ], [ -2.421546349504122, 45.712089251796861 ], [ -2.414160433491356, 45.717797620465667 ], [ -2.412752269442311, 45.721902473872412 ], [ -2.40935981982618, 45.724284154723165 ], [ -2.409505200098311, 45.727980621945107 ], [ -2.406493528490135, 45.732711126954911 ], [ -2.410912472398161, 45.740682176101217 ], [ -2.407288468433848, 45.742695348421172 ], [ -2.402935675855335, 45.746033714910865 ], [ -2.399227538263617, 45.74363720181271 ], [ -2.387784049735949, 45.745213168451698 ], [ -2.381156965024698, 45.743678370765899 ], [ -2.376835260914467, 45.746702653438625 ], [ -2.372328062621207, 45.74706008498466 ], [ -2.365036545526523, 45.753511377746015 ], [ -2.355969899946625, 45.765315271269529 ], [ -2.35810518234859, 45.773693995723363 ], [ -2.343472020907977, 45.778618760717073 ], [ -2.333745310982815, 45.785602151510169 ], [ -2.337672126261534, 45.792689874556721 ], [ -2.337359194060216, 45.79821527522715 ], [ -2.329473934197236, 45.802305823177043 ], [ -2.330210359910999, 45.807375179646968 ], [ -2.317712717747262, 45.810455770573647 ], [ -2.311428115270437, 45.816218207027838 ], [ -2.314248069159707, 45.823210215953281 ], [ -2.304460290524096, 45.822461429977153 ], [ -2.294209176842418, 45.827245526949618 ], [ -2.285059826541788, 45.836932345598825 ], [ -2.279871829779417, 45.834277048749804 ], [ -2.288220556101966, 45.83057339567133 ], [ -2.29032904166265, 45.827043382640689 ], [ -2.290096925070539, 45.820571488977315 ], [ -2.291684620712396, 45.816638944832199 ], [ -2.307616674950857, 45.81148492810965 ], [ -2.315484658184607, 45.807303567329569 ], [ -2.319521687640683, 45.80661348965198 ], [ -2.3229879096078, 45.803009166772512 ], [ -2.317675537503309, 45.798184232023537 ], [ -2.311599565631104, 45.798869172788308 ], [ -2.303071763100329, 45.798154381544407 ], [ -2.298317324653677, 45.794007592456985 ], [ -2.290362521301612, 45.793883182856675 ], [ -2.283018052251178, 45.791634578109502 ], [ -2.28562813537125, 45.787714260823407 ], [ -2.290121684637708, 45.78592858150293 ], [ -2.285636548291887, 45.7800895234937 ], [ -2.271992259009286, 45.78132005053353 ], [ -2.26987765250105, 45.777091391399331 ], [ -2.262463716026548, 45.776663138446516 ], [ -2.263265495884824, 45.77211157168022 ], [ -2.262204320964838, 45.765793947692757 ], [ -2.256922578137095, 45.761431577632621 ], [ -2.248709943231576, 45.759778071223224 ], [ -2.240289338456254, 45.756309081628125 ], [ -2.223004411096723, 45.751925983190745 ], [ -2.214582396143292, 45.753837201527148 ], [ -2.214397070800447, 45.749150032564778 ], [ -2.225705049681211, 45.750369840499566 ], [ -2.231650205631432, 45.74373155960334 ], [ -2.228259346615271, 45.733869749740592 ], [ -2.222023513742621, 45.732271341066756 ], [ -2.215017405666458, 45.728034715337508 ], [ -2.212852466638223, 45.723921465058289 ], [ -2.214741013801707, 45.721187306939619 ], [ -2.211317149579947, 45.716047757281132 ], [ -2.221244730685799, 45.712240563358513 ], [ -2.222794266859015, 45.706502123907761 ], [ -2.212695982364932, 45.706742649527072 ], [ -2.20962711043158, 45.701240409120018 ], [ -2.204943361412528, 45.70294649337427 ], [ -2.201336845394683, 45.700254731193624 ], [ -2.192958894072758, 45.70181321378157 ], [ -2.191163267405594, 45.699824920606403 ], [ -2.181570603059869, 45.697527153184843 ], [ -2.176012416371723, 45.702138632630614 ], [ -2.179256656820748, 45.705407505165688 ], [ -2.171645132367765, 45.707717983938615 ], [ -2.160807935625332, 45.706063732958867 ], [ -2.16234795665905, 45.700786911685434 ], [ -2.160115188130946, 45.69669022645018 ], [ -2.149405527553996, 45.693568331042293 ], [ -2.141769762901371, 45.696630453383783 ], [ -2.132676714638228, 45.704512409394297 ], [ -2.1347442815316, 45.709594127046991 ], [ -2.126393989161727, 45.713086064066466 ], [ -2.122467320814542, 45.716420382637374 ], [ -2.121768502228992, 45.720591070675333 ], [ -2.130869314339372, 45.723681597524354 ], [ -2.12443379006409, 45.727813239104258 ], [ -2.114413434595838, 45.718598342346915 ], [ -2.115153301373049, 45.715279559454736 ], [ -2.10858767627866, 45.71173451616589 ], [ -2.091435986121844, 45.706994344302586 ], [ -2.081928570494159, 45.713629005234132 ], [ -2.077364694539348, 45.713226325105254 ], [ -2.073886970466448, 45.709268132083373 ], [ -2.064173311568891, 45.710946578091679 ], [ -2.055617356338242, 45.708193216659112 ], [ -2.043116178558007, 45.708159655136257 ], [ -2.030890233322473, 45.710131109420907 ], [ -2.023382274847914, 45.706101825835013 ], [ -2.021616982293495, 45.70256688152098 ], [ -2.012116728992006, 45.701474397409093 ], [ -2.009557404715025, 45.695416950219148 ], [ -2.00639392261365, 45.692593766896977 ], [ -1.999690817857364, 45.690582288485054 ], [ -1.994586194028007, 45.691727417986982 ], [ -1.986861698544814, 45.68718863916056 ], [ -1.974826399736821, 45.68831104258684 ], [ -1.973947954098249, 45.685692650839684 ], [ -1.968797979343506, 45.682293997568827 ], [ -1.969493416137455, 45.680271553570975 ], [ -1.959625515421843, 45.674294020013413 ], [ -1.949144199934309, 45.674234015170882 ], [ -1.946740157755002, 45.671734754597736 ], [ -1.950715842161109, 45.668569139102104 ], [ -1.946422411928127, 45.66178238046249 ], [ -1.938617135649906, 45.659955106950221 ], [ -1.947794475515265, 45.652577642517507 ], [ -1.946475457369334, 45.649497977617621 ], [ -1.949500212905112, 45.644714431694233 ], [ -1.949972772671406, 45.638562066854703 ], [ -1.956495597109308, 45.638252532032418 ], [ -1.960418079844261, 45.639954251415048 ], [ -1.954503220681326, 45.645368205682125 ], [ -1.95257746248304, 45.649030199744196 ], [ -1.957920066183763, 45.655604478175768 ], [ -1.961696590095533, 45.653730728180491 ], [ -1.961145740461119, 45.648318930673838 ], [ -1.963350160447086, 45.643172808887932 ], [ -1.966940048427028, 45.642318745029421 ], [ -1.966811533314207, 45.633533999346206 ], [ -1.960320152582293, 45.63526857939231 ], [ -1.951087608020636, 45.63331876931781 ], [ -1.95273124884087, 45.627013628238082 ], [ -1.946272393740099, 45.623689320112369 ], [ -1.939102634209102, 45.623546237735262 ], [ -1.939657049081833, 45.618653344640414 ], [ -1.943337788098555, 45.615981350769395 ], [ -1.947661445633103, 45.620933083208953 ], [ -1.957526259151722, 45.618800658304096 ], [ -1.964866638752009, 45.615653425706554 ], [ -1.975047177771867, 45.605974830664621 ], [ -1.986047462082676, 45.599311201876809 ], [ -1.98911047481439, 45.599266890811435 ], [ -1.991798433092734, 45.587222287056441 ], [ -2.004315205200554, 45.5798648062556 ], [ -2.012755256581961, 45.575819385209385 ], [ -2.020425444458611, 45.570445067550487 ], [ -2.018264182752073, 45.566787332122189 ], [ -2.017574943162253, 45.554235136912752 ], [ -2.024575992611002, 45.552758492038329 ], [ -2.03136834141621, 45.549284721910219 ], [ -2.038680205906872, 45.545496312683881 ], [ -2.041853120522081, 45.540040717368555 ], [ -2.041561908163062, 45.534837143491558 ], [ -2.031975043064554, 45.532554854216549 ], [ -2.03314318554636, 45.530087005847406 ], [ -2.039496346368134, 45.527359476599329 ], [ -2.042499999064744, 45.523466939631788 ], [ -2.049496737147035, 45.519843574869142 ], [ -2.05828594888431, 45.52000402628962 ], [ -2.056371005647185, 45.512298499123204 ], [ -2.05312617246489, 45.510863923932284 ], [ -2.047354221762096, 45.513600957420508 ], [ -2.040764950117497, 45.512944067318934 ], [ -2.036606470320932, 45.510332879167777 ], [ -2.03445281459217, 45.501768425327647 ], [ -2.029839778478096, 45.498197363514493 ], [ -2.027859322612341, 45.492543211581101 ], [ -2.02164078750142, 45.494162396463175 ], [ -2.015592761679996, 45.489444217576356 ], [ -2.0144844064806, 45.485910211458879 ], [ -2.016152826723318, 45.479583657424385 ], [ -2.013078049890769, 45.478206845046685 ], [ -1.999439134362336, 45.478183691746118 ], [ -1.995731255924282, 45.480674268061343 ], [ -1.989474054823539, 45.479833796887526 ], [ -1.9944735664193, 45.469350616482387 ], [ -1.988873888919558, 45.464140199412427 ], [ -1.984315476927933, 45.461733273440259 ], [ -1.972497980781456, 45.466170517099258 ], [ -1.964944503869234, 45.464602253078979 ], [ -1.967703349376379, 45.459963943645008 ], [ -1.974568149574948, 45.45596055561451 ], [ -1.978492422062468, 45.44592581171181 ], [ -1.975584592044296, 45.439940842745443 ], [ -1.97980874563782, 45.438596056054941 ], [ -1.987272123432562, 45.433621446007749 ], [ -1.989025772343883, 45.430250714484998 ], [ -2.018410434189699, 45.420757466246513 ], [ -2.02347541041404, 45.411637021315236 ], [ -2.028358308838008, 45.40052322503135 ], [ -2.021728200027859, 45.398791184258968 ], [ -2.021132734311544, 45.393320056611508 ], [ -2.018621309084025, 45.388864350508911 ], [ -2.009301235661745, 45.386637349814848 ], [ -2.002310077031304, 45.380619285807107 ], [ -2.009798841517167, 45.378894789177046 ], [ -2.019413350774021, 45.380670615639737 ], [ -2.022350000625166, 45.3827360811988 ], [ -2.032027761010629, 45.384008515548238 ], [ -2.041231310027641, 45.384177570424804 ], [ -2.048937273790482, 45.377837409370478 ], [ -2.047314314978012, 45.373155659038673 ], [ -2.052334848600322, 45.368283133344782 ], [ -2.059356466479657, 45.366952508543214 ], [ -2.064847687854481, 45.360396648360272 ], [ -2.06723274822193, 45.354385928966657 ], [ -2.066949317035063, 45.350070553784043 ], [ -2.057098832684384, 45.343641613211567 ], [ -2.057184841561336, 45.336404078961415 ], [ -2.073624568941406, 45.338658035439195 ], [ -2.079544277420249, 45.333921895446288 ], [ -2.081895126692342, 45.328228484518128 ], [ -2.081710852684373, 45.324371789399926 ], [ -2.076504537493813, 45.318176086647185 ], [ -2.072076826970057, 45.317215223282297 ], [ -2.065417166371761, 45.313369273122753 ], [ -2.062350593836562, 45.309189537908395 ], [ -2.062709472480372, 45.306313654995328 ], [ -2.059704829300962, 45.298152274159996 ], [ -2.045005019656165, 45.293135770725684 ], [ -2.040033419401768, 45.290467405127984 ], [ -2.02592915461943, 45.289051043179121 ], [ -2.02242556582646, 45.285041837867205 ], [ -2.017610878016948, 45.282528318974073 ], [ -2.010397218313192, 45.281491138451514 ], [ -2.004866633215225, 45.28455271923206 ], [ -1.993755514375013, 45.285271282164118 ], [ -1.996241842050991, 45.280715221760012 ], [ -2.002550524561058, 45.273654855959045 ], [ -2.006581569628537, 45.271952015696655 ], [ -2.013679073130904, 45.266393583500495 ], [ -2.015734923705711, 45.261682446993461 ], [ -2.019183132670438, 45.261100709455697 ], [ -2.026336285645659, 45.263850266608323 ], [ -2.040992874841044, 45.266121820556606 ], [ -2.048855601588413, 45.263468189472299 ], [ -2.054247395702557, 45.253795086312273 ], [ -2.0586942900952, 45.250394230525103 ], [ -2.062298043802071, 45.257420162772092 ], [ -2.062712475958889, 45.264121191163142 ], [ -2.06925500054522, 45.271173374035222 ], [ -2.069900091296698, 45.274471621564942 ], [ -2.073979188993799, 45.27700057349216 ], [ -2.083348914713159, 45.279987440494239 ], [ -2.093427909379782, 45.27774353273189 ], [ -2.097068332688106, 45.280381813842808 ], [ -2.102696733492919, 45.276830390484065 ], [ -2.106025696748172, 45.271259186143205 ], [ -2.107954135245031, 45.269511130589066 ], [ -2.103511348710882, 45.261169949934654 ], [ -2.102105912071341, 45.255089564511003 ], [ -2.106418495388271, 45.251473086361202 ] ] ], [ [ [ -2.260802349899695, 45.799382425131604 ], [ -2.254748752637576, 45.796535749764928 ], [ -2.249099220847505, 45.796764194093129 ], [ -2.250561945867849, 45.794178938892422 ], [ -2.257074581110316, 45.795467559437803 ], [ -2.26218625294384, 45.793654232425602 ], [ -2.266427008407975, 45.795647614476586 ], [ -2.260802349899695, 45.799382425131604 ] ] ], [ [ [ -2.442602776688123, 45.83253791557987 ], [ -2.453353768715823, 45.829689184386226 ], [ -2.460375738292092, 45.820833571658284 ], [ -2.463531890875587, 45.819839377867112 ], [ -2.470234790850954, 45.821562310780514 ], [ -2.468120114503129, 45.828449129438376 ], [ -2.474418108872183, 45.832255255902332 ], [ -2.4852627230143, 45.83570245572713 ], [ -2.488853933992091, 45.833324793989867 ], [ -2.495708709162256, 45.833572939546549 ], [ -2.497821763192142, 45.840648158902049 ], [ -2.493677067098004, 45.84101615751441 ], [ -2.483453747196485, 45.846898397647841 ], [ -2.479476166227915, 45.853047327146932 ], [ -2.466894426809804, 45.849661476519096 ], [ -2.459837703303755, 45.844835208196272 ], [ -2.45489359386203, 45.84302965956249 ], [ -2.439842555444077, 45.834826494498174 ], [ -2.442602776688123, 45.83253791557987 ] ] ], [ [ [ -1.955613530214038, 45.271656657930826 ], [ -1.958199032312121, 45.266754169349213 ], [ -1.962607430614621, 45.266866576375605 ], [ -1.959780407231557, 45.272823129114961 ], [ -1.955613530214038, 45.271656657930826 ] ] ], [ [ [ -1.932526015272668, 45.424146618729466 ], [ -1.931297239729298, 45.421001516287305 ], [ -1.934956077266559, 45.417089462805755 ], [ -1.938922765896256, 45.416291794045073 ], [ -1.941681470165989, 45.41982770770327 ], [ -1.940282450255695, 45.42516881717458 ], [ -1.932526015272668, 45.424146618729466 ] ] ], [ [ [ -1.949677810900285, 45.571902684765256 ], [ -1.952969888284445, 45.578086636005885 ], [ -1.94634524582938, 45.583275616303304 ], [ -1.940561162191001, 45.583239371689167 ], [ -1.936021089740059, 45.575238441659529 ], [ -1.929687658789856, 45.571549182281771 ], [ -1.939049309388673, 45.563816060506305 ], [ -1.944503148486622, 45.56246951142969 ], [ -1.948992372531949, 45.567329917694842 ], [ -1.949677810900285, 45.571902684765256 ] ] ], [ [ [ -1.797979767184471, 45.609270370642278 ], [ -1.794377707379656, 45.606681934509382 ], [ -1.801889472007607, 45.600241398277596 ], [ -1.806729868663576, 45.599043422065392 ], [ -1.816671412244232, 45.598616048632408 ], [ -1.82217656940528, 45.592207871427973 ], [ -1.823198252691566, 45.588895448030179 ], [ -1.822086166163879, 45.576978516642924 ], [ -1.813290297734605, 45.567728871636319 ], [ -1.817309545513109, 45.566671406251032 ], [ -1.823455281627855, 45.573188066677567 ], [ -1.829684735818862, 45.57342134423947 ], [ -1.834745421471374, 45.576506926442285 ], [ -1.83721415790749, 45.587739531135234 ], [ -1.842741468410187, 45.593823617407651 ], [ -1.850474155269294, 45.597130055255001 ], [ -1.854999833644855, 45.606015003470262 ], [ -1.856876909425896, 45.607389597507229 ], [ -1.864508759678758, 45.610413464028177 ], [ -1.866154203499247, 45.612991299112466 ], [ -1.878990376542234, 45.617396243614827 ], [ -1.890118312974373, 45.622226635384713 ], [ -1.900158319670147, 45.62367819819405 ], [ -1.899727626493397, 45.62687880629894 ], [ -1.894837857527743, 45.628316852699172 ], [ -1.889378291994361, 45.622162413801554 ], [ -1.870824176016684, 45.614668308086387 ], [ -1.86062436404569, 45.620035076111677 ], [ -1.851501202265891, 45.634491715372661 ], [ -1.851058143439181, 45.63884321284425 ], [ -1.846256644390779, 45.643319433299361 ], [ -1.850388901911192, 45.646038450432457 ], [ -1.837525870139198, 45.657760894504804 ], [ -1.829702287543604, 45.668805443355637 ], [ -1.826189753896894, 45.667201785750393 ], [ -1.822148563661652, 45.661446458215799 ], [ -1.816871404247119, 45.65761217271092 ], [ -1.808207778974687, 45.653675952970005 ], [ -1.805337240471532, 45.648107166200674 ], [ -1.804566699326684, 45.640455571346692 ], [ -1.797109046920731, 45.638199355941964 ], [ -1.794174089496645, 45.634646696084012 ], [ -1.799860747050575, 45.631377344335213 ], [ -1.797106469606743, 45.626061103136315 ], [ -1.802120588110898, 45.619596035781726 ], [ -1.797702955435588, 45.612961625549474 ], [ -1.797979767184471, 45.609270370642278 ] ] ] ] } },
{ "type": "Feature", "properties": { "insee_reg": "11" }, "geometry": { "type": "MultiPolygon", "coordinates": [ [ [ [ 1.649319870358354, 48.632292485840921 ], [ 1.651230478670545, 48.63820577555633 ], [ 1.638449369831966, 48.645190790575668 ], [ 1.643142183138983, 48.651276252170248 ], [ 1.635117110134415, 48.649174859820953 ], [ 1.620157006886818, 48.65055530302773 ], [ 1.607666657334331, 48.659863200123588 ], [ 1.602653230690876, 48.663312121756967 ], [ 1.601116557646795, 48.668365205794835 ], [ 1.607999437654229, 48.672514700673382 ], [ 1.606086874879715, 48.678938007767258 ], [ 1.611339972098925, 48.688403681651543 ], [ 1.582310199674953, 48.696350065615633 ], [ 1.57902992703039, 48.70209179789012 ], [ 1.594708812032964, 48.709144956604817 ], [ 1.589657428492874, 48.71288606893085 ], [ 1.601050035182432, 48.7206584673946 ], [ 1.615265393069211, 48.73558787002704 ], [ 1.62056811846302, 48.736090051061574 ], [ 1.623290109605356, 48.740034526377627 ], [ 1.625082739080154, 48.748967891335447 ], [ 1.610126197347142, 48.757560759647291 ], [ 1.584783198403938, 48.763407872025482 ], [ 1.582919968482147, 48.7676351974835 ], [ 1.587894225823569, 48.773748869358322 ], [ 1.577877244123808, 48.781306622938871 ], [ 1.5753971933596, 48.790880390923199 ], [ 1.580031401081796, 48.800081821397022 ], [ 1.578942837621119, 48.809050473849879 ], [ 1.590367308032131, 48.817420654979671 ], [ 1.584189196898622, 48.826338989566054 ], [ 1.58442380869988, 48.832549129173188 ], [ 1.593484702853848, 48.834047534429082 ], [ 1.598094573306621, 48.838892283952404 ], [ 1.586784412114304, 48.843324034365686 ], [ 1.577354059205189, 48.84462442921604 ], [ 1.584224342866326, 48.86035849398295 ], [ 1.571788470776936, 48.864014542760124 ], [ 1.558965572273347, 48.863805051689532 ], [ 1.545960430621492, 48.872373439814837 ], [ 1.55136337484786, 48.875046485130888 ], [ 1.563429331279501, 48.890487926602916 ], [ 1.557144366384955, 48.891755222046321 ], [ 1.538295372953137, 48.906696561326029 ], [ 1.545241185379534, 48.91086364397492 ], [ 1.541690812367132, 48.91577631949486 ], [ 1.540399600986533, 48.918509236751021 ], [ 1.538411011025918, 48.922547683973498 ], [ 1.518513706999451, 48.925298380805103 ], [ 1.51433580680349, 48.92189988828121 ], [ 1.507335425582972, 48.927565603398889 ], [ 1.511824180244852, 48.93498588313669 ], [ 1.501397406665655, 48.941034037346057 ], [ 1.510875297530144, 48.953586460143669 ], [ 1.501059090286201, 48.952678048638944 ], [ 1.498798040741186, 48.960277577305447 ], [ 1.49182615093753, 48.964629510162318 ], [ 1.496637734783914, 48.969472002179558 ], [ 1.518265147655096, 48.978403124454438 ], [ 1.507898044653253, 48.983857047933455 ], [ 1.497794357369813, 48.979698126008863 ], [ 1.478695237394074, 48.980681472679954 ], [ 1.470982389135415, 48.974954125514721 ], [ 1.46149470127001, 48.988954982900879 ], [ 1.48067164841973, 49.001037818253891 ], [ 1.4803298311468, 49.005152585069048 ], [ 1.473881709843659, 49.009659311619117 ], [ 1.477746901341797, 49.013895812643938 ], [ 1.471582661061252, 49.018608349272462 ], [ 1.457985405695154, 49.025971940679185 ], [ 1.458243887370595, 49.034537946724022 ], [ 1.446300057070426, 49.046329950727269 ], [ 1.447292137684176, 49.053503268357744 ], [ 1.464838680607415, 49.060882899470563 ], [ 1.478481247366684, 49.052298866592885 ], [ 1.487796521261834, 49.053330206373225 ], [ 1.502934310296749, 49.05929611493216 ], [ 1.509651367264278, 49.066275521870558 ], [ 1.514274386420976, 49.07937799430389 ], [ 1.509845764589754, 49.084236896397812 ], [ 1.517852065446188, 49.079167667076717 ], [ 1.521346125694064, 49.068348108621343 ], [ 1.541116530809023, 49.073856030486404 ], [ 1.546564160115767, 49.072303314405119 ], [ 1.55790146320961, 49.069114321401095 ], [ 1.571870027868489, 49.076732629512954 ], [ 1.594165308407666, 49.082685208493572 ], [ 1.603511201319684, 49.083315730775766 ], [ 1.60874759481306, 49.077711039726594 ], [ 1.623408953057119, 49.086000249303822 ], [ 1.620601446138437, 49.097354493734954 ], [ 1.626655336042197, 49.104707722775558 ], [ 1.634717718133974, 49.113984380740597 ], [ 1.642175142884337, 49.116444579025071 ], [ 1.646420443969338, 49.123738420781429 ], [ 1.655648135332009, 49.130762302955645 ], [ 1.653132587038826, 49.144930039526379 ], [ 1.664065986003521, 49.154140114281887 ], [ 1.664227574075299, 49.165095852756266 ], [ 1.67017376749567, 49.170141348743059 ], [ 1.666336324180779, 49.17548229099404 ], [ 1.67162119660902, 49.180750510420872 ], [ 1.670543735383889, 49.189911021169372 ], [ 1.674801296808704, 49.196848185723624 ], [ 1.674967710534039, 49.204065711870257 ], [ 1.674690934978158, 49.211655951319692 ], [ 1.704350137240246, 49.232434495412363 ], [ 1.7083476366473, 49.235920998060926 ], [ 1.740458570333113, 49.223668628158251 ], [ 1.734109200475582, 49.221276991513079 ], [ 1.733682376684576, 49.210958623690033 ], [ 1.722968619880361, 49.209657815205802 ], [ 1.715525689076281, 49.202662534274658 ], [ 1.724812786950135, 49.199871334970368 ], [ 1.725867221539381, 49.194328467501904 ], [ 1.737267878707804, 49.194790176866775 ], [ 1.742396064526859, 49.179839677297871 ], [ 1.754858186750837, 49.174591294470872 ], [ 1.776391755557201, 49.184882518566397 ], [ 1.77695950244708, 49.18500427471831 ], [ 1.784798893349672, 49.185815523522074 ], [ 1.793627580706996, 49.180269319039546 ], [ 1.797009872968203, 49.185225973565615 ], [ 1.8035511602295, 49.179959196135641 ], [ 1.819518829863379, 49.17694996842625 ], [ 1.826821050284824, 49.179650422736749 ], [ 1.837266943932537, 49.173106142359515 ], [ 1.834305149302914, 49.165173065012198 ], [ 1.84889301091981, 49.170593225129977 ], [ 1.858215280684588, 49.16996176194921 ], [ 1.873456446115583, 49.174083120922468 ], [ 1.876137007555773, 49.175053162867449 ], [ 1.883664523547819, 49.16609218967637 ], [ 1.882953328474858, 49.162576218700899 ], [ 1.894705107580607, 49.166094239386538 ], [ 1.931168524192801, 49.174256702761689 ], [ 1.934369054238625, 49.17353608940909 ], [ 1.934848627207825, 49.169956386819955 ], [ 1.949742215838657, 49.170478329443981 ], [ 1.962364377871942, 49.17460056454459 ], [ 1.97357960870142, 49.183861411397459 ], [ 1.999122083428423, 49.175406180156401 ], [ 2.00267999230232, 49.176019225197109 ], [ 2.021777806209255, 49.18880836862639 ], [ 2.028417927249916, 49.187955808799586 ], [ 2.037997813027091, 49.192170359503052 ], [ 2.038239440130568, 49.192381778922723 ], [ 2.047324154971916, 49.198690086907156 ], [ 2.05578895336091, 49.198937435849409 ], [ 2.072138194654883, 49.204340285755158 ], [ 2.080736629782236, 49.210715030361818 ], [ 2.092183989717102, 49.201197830217062 ], [ 2.088897633501875, 49.196149826787703 ], [ 2.095318171094887, 49.1901095628047 ], [ 2.111044212390405, 49.18698090722792 ], [ 2.118556579512553, 49.187399345069124 ], [ 2.127978618526017, 49.193588020567162 ], [ 2.135147083896187, 49.18829910983672 ], [ 2.152383154005789, 49.183819176298741 ], [ 2.16501877486327, 49.178932746784326 ], [ 2.158033649889615, 49.172629986226617 ], [ 2.163829485063119, 49.166297519833684 ], [ 2.179278717311696, 49.170823802397933 ], [ 2.176092739790298, 49.17603210513213 ], [ 2.18682502880334, 49.173414950880456 ], [ 2.209672825445328, 49.175527983166411 ], [ 2.219822669179606, 49.179589718374288 ], [ 2.234333019545629, 49.166027414194971 ], [ 2.224248400779329, 49.162381743990274 ], [ 2.216849111589151, 49.154133080249572 ], [ 2.22230420437448, 49.152256933509207 ], [ 2.241315034488069, 49.151588832063581 ], [ 2.253780287623802, 49.152633292887025 ], [ 2.262150356739524, 49.158380719489749 ], [ 2.268165942218658, 49.155751595653761 ], [ 2.286479432494119, 49.159873318228328 ], [ 2.285085497884333, 49.165710973853045 ], [ 2.299515841133397, 49.175963568453945 ], [ 2.301273215896698, 49.184041215007838 ], [ 2.310425349941646, 49.184988534830161 ], [ 2.321595363466146, 49.184372261514163 ], [ 2.319552665762802, 49.182423234580966 ], [ 2.345950107987873, 49.162346419468584 ], [ 2.359342526935976, 49.147328892483948 ], [ 2.373311018584153, 49.159372997803096 ], [ 2.380816819077784, 49.157869892314594 ], [ 2.391200175100242, 49.14931401687096 ], [ 2.413122426939911, 49.152417781361486 ], [ 2.440780862495649, 49.14590963410474 ], [ 2.43890015436242, 49.141639151022822 ], [ 2.435477335104869, 49.134049085786899 ], [ 2.46113811718096, 49.136743565873047 ], [ 2.47153990855959, 49.135404174639469 ], [ 2.47751085188156, 49.130979674681278 ], [ 2.475345670743414, 49.128445555655745 ], [ 2.499083084121159, 49.122240355192638 ], [ 2.503013351840738, 49.117665771527001 ], [ 2.49121787547176, 49.111419718207763 ], [ 2.490067622738633, 49.106245770094588 ], [ 2.510387146471716, 49.104294582485345 ], [ 2.531262512440107, 49.099457721833701 ], [ 2.532963301208448, 49.119509380674259 ], [ 2.542070333496228, 49.122248021705566 ], [ 2.556222774510153, 49.119039082732996 ], [ 2.551751388083416, 49.112425691191262 ], [ 2.555950789961845, 49.109375268527209 ], [ 2.559591652503312, 49.097537272069893 ], [ 2.572930190248556, 49.094282873267645 ], [ 2.580135014246389, 49.089843143508986 ], [ 2.582975638436436, 49.080664710355293 ], [ 2.59029920259815, 49.079904042154311 ], [ 2.602873745352826, 49.085670179838637 ], [ 2.610050897708317, 49.094969148847582 ], [ 2.619380149375151, 49.094629499837488 ], [ 2.630215672564112, 49.102498299236856 ], [ 2.63322911796715, 49.108572992017919 ], [ 2.635428336234202, 49.101985530411447 ], [ 2.64113540717974, 49.099072450920438 ], [ 2.650478152427044, 49.100870345020262 ], [ 2.662931743131013, 49.093553743709627 ], [ 2.673144502499139, 49.091091350587071 ], [ 2.678154856680004, 49.086082311285132 ], [ 2.695038652310231, 49.074998581124646 ], [ 2.691087663775068, 49.070588969916372 ], [ 2.703047527715412, 49.064780935714225 ], [ 2.720965207955827, 49.075148784557022 ], [ 2.724182241119855, 49.080672434918405 ], [ 2.729825170161341, 49.07499729075316 ], [ 2.734823472435513, 49.060526735162689 ], [ 2.753794405932153, 49.060778405958736 ], [ 2.760964224906564, 49.063118091992393 ], [ 2.78728214748325, 49.075527215653828 ], [ 2.768719595445424, 49.083125707051863 ], [ 2.789125445521626, 49.08299869319999 ], [ 2.783867768164753, 49.088903839104951 ], [ 2.791650497052494, 49.09026806793252 ], [ 2.809213065025145, 49.097533364114966 ], [ 2.819971951123081, 49.087410528758255 ], [ 2.833003382760168, 49.083046076323114 ], [ 2.845080772243673, 49.084834434776539 ], [ 2.856122018909244, 49.070094224578995 ], [ 2.87016276952609, 49.070098524834734 ], [ 2.887548285721802, 49.079496759601021 ], [ 2.894963596722238, 49.077057820368225 ], [ 2.90144223676426, 49.085340721019485 ], [ 2.925851850946228, 49.078061800351087 ], [ 2.936606110115825, 49.078893358704818 ], [ 2.942870119557462, 49.078239231885853 ], [ 2.945817370671369, 49.088318047778387 ], [ 2.956486963426025, 49.085285131731005 ], [ 2.965194697254335, 49.09110980748067 ], [ 2.971420939856613, 49.088965239378744 ], [ 2.974612036894777, 49.075026725345865 ], [ 2.988298943790303, 49.072041898984523 ], [ 2.991183172690794, 49.083996139497515 ], [ 3.004048084882786, 49.088683545319952 ], [ 3.01550315961127, 49.091318845816517 ], [ 3.031696972300426, 49.085661966057692 ], [ 3.034172470175105, 49.088527703895345 ], [ 3.066139371652075, 49.085191193867203 ], [ 3.055539880888057, 49.096546194719174 ], [ 3.056205676544979, 49.101938784409093 ], [ 3.062562162279555, 49.106508528619827 ], [ 3.071961281708393, 49.117757369427679 ], [ 3.077912762298256, 49.113139469862439 ], [ 3.095077340710053, 49.111847700779229 ], [ 3.102560118430281, 49.108033833736535 ], [ 3.114355047418408, 49.107168144329826 ], [ 3.123695662817275, 49.106932324683008 ], [ 3.136915745879265, 49.107683144347057 ], [ 3.143758791465077, 49.102148315213157 ], [ 3.165232374530915, 49.099863046920966 ], [ 3.15883022610148, 49.087994265482315 ], [ 3.158756050244672, 49.080309490468679 ], [ 3.166224807560446, 49.077987716807613 ], [ 3.176423458131369, 49.07006614046346 ], [ 3.181982928051883, 49.062055438850116 ], [ 3.180921889725254, 49.056384282902826 ], [ 3.190132171610801, 49.052648447268162 ], [ 3.190284004832045, 49.046673276471743 ], [ 3.178899617716487, 49.038079440433911 ], [ 3.179599141804477, 49.033919719706802 ], [ 3.16114293512161, 49.024275234681753 ], [ 3.163196832564634, 49.01999773584734 ], [ 3.167451784404943, 49.012458462766197 ], [ 3.181031797622803, 49.012980964655277 ], [ 3.199461509812303, 49.006196992178083 ], [ 3.207268702520347, 49.000703127886609 ], [ 3.209439170967866, 48.99397149100556 ], [ 3.225146456399718, 48.991320046988008 ], [ 3.224709183898343, 48.987524383255156 ], [ 3.22941126793129, 48.988580156120477 ], [ 3.226741300453514, 48.984795931741161 ], [ 3.231156267654654, 48.97694539226007 ], [ 3.244963366272541, 48.976463881807021 ], [ 3.251889638596788, 48.972333770291442 ], [ 3.255210267838716, 48.962052099785609 ], [ 3.262968265554206, 48.949032264741682 ], [ 3.262401524710612, 48.948464281264819 ], [ 3.260172724734464, 48.944790300114171 ], [ 3.264925826267932, 48.938788147731536 ], [ 3.278392036699369, 48.939557967715402 ], [ 3.284526511757878, 48.940530948476919 ], [ 3.304410962993503, 48.948779526991835 ], [ 3.312624760088953, 48.933802823901182 ], [ 3.313260296329961, 48.921250055596353 ], [ 3.330294003482511, 48.908707002972911 ], [ 3.346838339047365, 48.917090126867265 ], [ 3.353571793599151, 48.915243105501531 ], [ 3.366071809855946, 48.923062566749799 ], [ 3.367477666651518, 48.928319016418996 ], [ 3.376063709569757, 48.910599952226271 ], [ 3.370663217827218, 48.905160798319642 ], [ 3.369284048927801, 48.893816845353669 ], [ 3.383592007630456, 48.884499135016576 ], [ 3.381371278840235, 48.871550712128879 ], [ 3.393446666262427, 48.875614319993879 ], [ 3.405936329018314, 48.876081632342633 ], [ 3.399739703783923, 48.866322373548918 ], [ 3.407832066552541, 48.863272436886412 ], [ 3.424159185062248, 48.867477594793243 ], [ 3.432306525937511, 48.860196259486308 ], [ 3.44576494549043, 48.860532698594227 ], [ 3.452127559424629, 48.85614436045293 ], [ 3.445821677579973, 48.843269674466669 ], [ 3.460580623887985, 48.840769334943957 ], [ 3.462804510677077, 48.837426859614673 ], [ 3.470221529800519, 48.851177724446501 ], [ 3.48501923270186, 48.851845323103326 ], [ 3.491304143200577, 48.834616931569258 ], [ 3.485181672918267, 48.825235523530829 ], [ 3.487032212715447, 48.815116414534053 ], [ 3.480836085322765, 48.812182559245578 ], [ 3.474577327661837, 48.819198370356283 ], [ 3.469894437895419, 48.821100137418753 ], [ 3.46053323521802, 48.815359922301532 ], [ 3.44124956371906, 48.811478115152688 ], [ 3.431303137359599, 48.812420976491374 ], [ 3.416335501438277, 48.81797006506681 ], [ 3.404524017996953, 48.809045714830461 ], [ 3.410476555239635, 48.803946663836292 ], [ 3.423101432466838, 48.800686471222768 ], [ 3.440062583346954, 48.799266266163109 ], [ 3.442694057249544, 48.78834250772028 ], [ 3.432775303152838, 48.780271719462093 ], [ 3.420712414552892, 48.784183093819472 ], [ 3.409374364434911, 48.783732308029606 ], [ 3.40791087210226, 48.778804141888266 ], [ 3.395925947673887, 48.759287861732105 ], [ 3.399050001086557, 48.754925211685368 ], [ 3.408245809390148, 48.752382962988555 ], [ 3.430795624303863, 48.756422165502983 ], [ 3.436508062596126, 48.753237278269665 ], [ 3.436009685449729, 48.743562232979215 ], [ 3.444166620284056, 48.736836827732034 ], [ 3.467408663568477, 48.73857932916097 ], [ 3.466640568650433, 48.728862150998964 ], [ 3.467142204032455, 48.723079487781774 ], [ 3.468087881040744, 48.717715093893609 ], [ 3.463878958155469, 48.707239443234727 ], [ 3.477789840354655, 48.697876045598008 ], [ 3.47054618189889, 48.693795191979873 ], [ 3.471626418884594, 48.685674125015495 ], [ 3.455458913725876, 48.682647284524421 ], [ 3.442699312361704, 48.672331579697627 ], [ 3.446364647168985, 48.666899435114594 ], [ 3.44586358186959, 48.662123242905054 ], [ 3.460573230332796, 48.653043611933668 ], [ 3.451544925705781, 48.63445578066473 ], [ 3.470990219827482, 48.636313535623799 ], [ 3.485579087726127, 48.641938054631396 ], [ 3.489388236950977, 48.64663676910785 ], [ 3.517572824343154, 48.643479154375527 ], [ 3.533603064430008, 48.64651803846823 ], [ 3.518286325094848, 48.637401670689016 ], [ 3.519285817618363, 48.633084155201672 ], [ 3.532082513361174, 48.633148221662509 ], [ 3.548030003278389, 48.626690240975321 ], [ 3.555504612000846, 48.620228515505119 ], [ 3.556730641468376, 48.61610025251256 ], [ 3.540565067131859, 48.616265580823537 ], [ 3.535177811144253, 48.610297242510214 ], [ 3.502989245890218, 48.604638279271931 ], [ 3.516295679342883, 48.589839648874317 ], [ 3.49348357627216, 48.590065048839442 ], [ 3.485307828731643, 48.580343974606144 ], [ 3.468670021656334, 48.572876011462981 ], [ 3.465353380916502, 48.570471922738143 ], [ 3.477143209761358, 48.557368980647098 ], [ 3.478510909243954, 48.550581632039808 ], [ 3.486150795437575, 48.545100126930222 ], [ 3.481750724291409, 48.541453154644493 ], [ 3.475690648500057, 48.541406484876219 ], [ 3.456981956756709, 48.529584690485137 ], [ 3.450856948259025, 48.528596043057092 ], [ 3.434038884642002, 48.528674828175021 ], [ 3.423521397626073, 48.533619084546203 ], [ 3.414226973783325, 48.533475512015237 ], [ 3.405371096209291, 48.527852165727779 ], [ 3.423932370823809, 48.514251298794477 ], [ 3.427079055079694, 48.506429727676242 ], [ 3.43523091352334, 48.496869743474505 ], [ 3.434638738307846, 48.490251682596707 ], [ 3.424008873883177, 48.490210934176027 ], [ 3.403735115864811, 48.485813196348175 ], [ 3.384247564515419, 48.477992709699215 ], [ 3.398132558260974, 48.46654335755904 ], [ 3.405828944162992, 48.453296313714972 ], [ 3.40393489856635, 48.44072759814582 ], [ 3.397113659623293, 48.434668108832398 ], [ 3.393253205452962, 48.424108253679009 ], [ 3.41185567582512, 48.421421729721978 ], [ 3.411904523537963, 48.414029943417248 ], [ 3.420942955327124, 48.409146312572737 ], [ 3.414735503528071, 48.390187765330374 ], [ 3.40201476173656, 48.38964139296116 ], [ 3.394728988510443, 48.395458897548416 ], [ 3.383439703919975, 48.399244882883579 ], [ 3.375546438703044, 48.398612484068117 ], [ 3.367255785842485, 48.394249845712125 ], [ 3.36284682637173, 48.382368770584712 ], [ 3.365175415041346, 48.372272540161561 ], [ 3.356472977401269, 48.371559490650299 ], [ 3.356692899890636, 48.378503514285299 ], [ 3.348344926685035, 48.373333554254771 ], [ 3.336446842772025, 48.373134908779548 ], [ 3.329798690280843, 48.372228716513987 ], [ 3.317170484733145, 48.376523196818205 ], [ 3.311042758393145, 48.37297758256237 ], [ 3.305204985592486, 48.372952273969737 ], [ 3.291269327311328, 48.38004175730633 ], [ 3.282911169372093, 48.381615748109162 ], [ 3.272318965306433, 48.378829055713666 ], [ 3.26179500783967, 48.368363352304883 ], [ 3.251153326311308, 48.365164600290861 ], [ 3.225787991289873, 48.369912011013554 ], [ 3.213689630785384, 48.366958283258782 ], [ 3.204151224652046, 48.364377702268982 ], [ 3.190507621512713, 48.370962729086102 ], [ 3.184627759698085, 48.368090346712819 ], [ 3.181168743990167, 48.374445647171733 ], [ 3.171566338601988, 48.377422580943737 ], [ 3.166912161551209, 48.370895745932252 ], [ 3.152429020568423, 48.371436175028066 ], [ 3.146855473996943, 48.367283976323343 ], [ 3.139818724970677, 48.372570926919224 ], [ 3.12211736278077, 48.368636385500572 ], [ 3.117045175481817, 48.366514650701674 ], [ 3.103355658137619, 48.349359492199454 ], [ 3.099525588914102, 48.351775754214245 ], [ 3.098663307762896, 48.357668560488605 ], [ 3.088447395301372, 48.357224082950736 ], [ 3.078648731351812, 48.361258000781177 ], [ 3.066319563686101, 48.357668587279527 ], [ 3.050281543636197, 48.359998576483349 ], [ 3.04613384739667, 48.357967866744772 ], [ 3.037063425329455, 48.342664546228015 ], [ 3.036665322441386, 48.334946124056934 ], [ 3.043176566133753, 48.332252909155436 ], [ 3.034384066543289, 48.323381953085573 ], [ 3.015335734792573, 48.3073034986095 ], [ 3.027234360774243, 48.300739663328848 ], [ 3.018596508350959, 48.294957876839369 ], [ 3.02961414885305, 48.28577744533478 ], [ 3.024730727788625, 48.276028082603339 ], [ 3.045468547326259, 48.270740425233249 ], [ 3.042908117519636, 48.2627902965232 ], [ 3.047353992990203, 48.249695348252089 ], [ 3.035817562585394, 48.25112372584578 ], [ 3.03142826805449, 48.248853079907072 ], [ 3.018832655513513, 48.235115444169075 ], [ 3.023091966944413, 48.230447576744837 ], [ 3.013016566523908, 48.222180183348144 ], [ 3.004462349250162, 48.207027580703986 ], [ 2.9890664514014, 48.209230736063844 ], [ 2.973238733528678, 48.205618265649377 ], [ 2.970964762134093, 48.194210170032726 ], [ 2.955347057502528, 48.192510082410514 ], [ 2.934668852921112, 48.179124916571773 ], [ 2.936623684076953, 48.163455797460756 ], [ 2.900007916505367, 48.159649429806713 ], [ 2.871019185438636, 48.156631211792316 ], [ 2.86678551486838, 48.15616040208991 ], [ 2.854676531715263, 48.144525788652501 ], [ 2.841158209274877, 48.138439914109689 ], [ 2.836321315182062, 48.134057415990149 ], [ 2.826074140082666, 48.133220303529868 ], [ 2.820926825566628, 48.129723037873823 ], [ 2.800781672592721, 48.131631681573012 ], [ 2.799255724999659, 48.137370939812435 ], [ 2.797977984531993, 48.15089768618428 ], [ 2.810323428837592, 48.161035767485657 ], [ 2.808276248798307, 48.166273891887762 ], [ 2.794129330795085, 48.16888832208668 ], [ 2.781069088504634, 48.167329737840582 ], [ 2.771530111023671, 48.161619415716608 ], [ 2.766726825958649, 48.164765682457116 ], [ 2.75520755227782, 48.16020186705056 ], [ 2.736694652670558, 48.166147615019256 ], [ 2.740589462949878, 48.159954684747269 ], [ 2.753565792105044, 48.153198729781231 ], [ 2.755623450703414, 48.145886515787595 ], [ 2.720565562332704, 48.136963334583214 ], [ 2.717997079450475, 48.132327558809472 ], [ 2.706770687915438, 48.12545419179704 ], [ 2.672202638432576, 48.124257271242023 ], [ 2.667469854806732, 48.120706723194374 ], [ 2.664441960612647, 48.120077251038438 ], [ 2.643882728367171, 48.137455944039878 ], [ 2.639201220204874, 48.138904856997108 ], [ 2.621814843975014, 48.13637944079467 ], [ 2.603035517816884, 48.131606160893377 ], [ 2.581710107751203, 48.132403515388617 ], [ 2.574718254763268, 48.131299598129807 ], [ 2.570622300204189, 48.140919390280779 ], [ 2.558513222141641, 48.141683655120616 ], [ 2.537330912411681, 48.140176234859126 ], [ 2.521576618636086, 48.127582104617929 ], [ 2.522172364784223, 48.125317789572321 ], [ 2.515099304292757, 48.126707990863167 ], [ 2.490363343308989, 48.126638793622483 ], [ 2.476552427059151, 48.129393055181467 ], [ 2.464921825031442, 48.129350764379154 ], [ 2.458733384210992, 48.125798687335077 ], [ 2.454346111077113, 48.122434592920754 ], [ 2.4439589675144, 48.13158443112124 ], [ 2.459914647466205, 48.136866917183966 ], [ 2.471887136608395, 48.154522993795318 ], [ 2.478399361279401, 48.156631485107916 ], [ 2.483156149629756, 48.164600657810567 ], [ 2.505953863904024, 48.156506200795747 ], [ 2.516773499152191, 48.166761395247462 ], [ 2.515571950454142, 48.174575063913025 ], [ 2.507150382782623, 48.179759180784274 ], [ 2.516104666710737, 48.187205326872672 ], [ 2.520025571454813, 48.19404281928086 ], [ 2.52285852908424, 48.197760618482526 ], [ 2.517529833176033, 48.214433044307214 ], [ 2.514051849799021, 48.214479976507306 ], [ 2.513321238039517, 48.224505200174285 ], [ 2.506634005007689, 48.225813662740201 ], [ 2.506271693071453, 48.238628742266556 ], [ 2.484173731137381, 48.238906885184733 ], [ 2.476091627499159, 48.244642560474723 ], [ 2.478793831345206, 48.249830047504695 ], [ 2.468696121503084, 48.255334036003703 ], [ 2.453186889738745, 48.250100392648889 ], [ 2.446348946384779, 48.255299892190052 ], [ 2.440211573505298, 48.253277082963535 ], [ 2.432393733366895, 48.254841420368159 ], [ 2.421579466810294, 48.263837181302343 ], [ 2.419852841384602, 48.26693114583459 ], [ 2.418174533951275, 48.280892715810097 ], [ 2.423318396769265, 48.288551480475427 ], [ 2.4203072382412, 48.299755820647206 ], [ 2.406489792775576, 48.31237469437351 ], [ 2.402968663847022, 48.320643617211282 ], [ 2.399806755460387, 48.316240489768859 ], [ 2.385207839055242, 48.311446405876076 ], [ 2.369614858884368, 48.308794706714629 ], [ 2.358149556570718, 48.308868952000061 ], [ 2.3530469311673, 48.314492503845841 ], [ 2.342055722371573, 48.316681296738061 ], [ 2.329271306214432, 48.332807644382562 ], [ 2.317147173545778, 48.331664063083004 ], [ 2.312656928744853, 48.330601582917353 ], [ 2.29560154670093, 48.307906810225781 ], [ 2.283288335145988, 48.312804953848143 ], [ 2.269272863795183, 48.314996550210836 ], [ 2.258988131262375, 48.30745921073089 ], [ 2.255000669781181, 48.301493931877225 ], [ 2.245215126943108, 48.298215252566237 ], [ 2.246170401761514, 48.308356312413963 ], [ 2.249681121259589, 48.316411678962382 ], [ 2.23799582898229, 48.316263258675541 ], [ 2.246233190864719, 48.329605356797529 ], [ 2.229918826845164, 48.329323130560738 ], [ 2.223927005051193, 48.336435221255286 ], [ 2.215203655310925, 48.334282219315014 ], [ 2.207287874977697, 48.344949082258402 ], [ 2.202865553255686, 48.338756142812031 ], [ 2.187992936579884, 48.332409027901981 ], [ 2.188058749091929, 48.327966486615118 ], [ 2.181551483711358, 48.31345260545654 ], [ 2.171005626219198, 48.31526153490605 ], [ 2.169183651448917, 48.312752804196684 ], [ 2.154885494482064, 48.315104359565105 ], [ 2.153634531842203, 48.30833543692961 ], [ 2.161905718610943, 48.302624036687583 ], [ 2.16178635156978, 48.298429325680374 ], [ 2.135166285422839, 48.299183447355226 ], [ 2.110393777152044, 48.297010388026315 ], [ 2.113446243472248, 48.307298920798985 ], [ 2.105216254954566, 48.307688678496923 ], [ 2.090791380323928, 48.299159458914524 ], [ 2.089425526359604, 48.294776879730961 ], [ 2.078678757305002, 48.293757008028159 ], [ 2.052655194339758, 48.295431193439704 ], [ 2.05113733140289, 48.290086832306862 ], [ 2.040787071383933, 48.284558670065863 ], [ 2.024862601152717, 48.289202847476304 ], [ 2.02012462542231, 48.286303222817203 ], [ 1.993772239560307, 48.286781178789376 ], [ 1.972251618300056, 48.288219447753853 ], [ 1.974182403506635, 48.29285852722419 ], [ 1.965243209759015, 48.295495413155372 ], [ 1.962078841538731, 48.302793020160998 ], [ 1.959201649057279, 48.308687549942853 ], [ 1.979084781811583, 48.318630684449957 ], [ 1.974258211391547, 48.32331915821635 ], [ 1.982365776021373, 48.328472010681075 ], [ 1.970467141603526, 48.33904416518709 ], [ 1.974927233769952, 48.344744243604794 ], [ 1.972827524549242, 48.355923699189113 ], [ 1.9875031684644, 48.364020124087183 ], [ 1.980188249617754, 48.370255700590775 ], [ 1.980008049345981, 48.378435608528925 ], [ 1.966650454979946, 48.38063946303123 ], [ 1.974007640668308, 48.390050847130901 ], [ 1.977223999487117, 48.399574496334175 ], [ 1.962163718221615, 48.40438319264841 ], [ 1.952081515939941, 48.406364819386482 ], [ 1.930286041940139, 48.404031535329253 ], [ 1.93274256093442, 48.410892579715743 ], [ 1.925818162206219, 48.412788791454282 ], [ 1.936836855387195, 48.427894650497144 ], [ 1.942874169355707, 48.441143864311698 ], [ 1.932987593650858, 48.442163829970447 ], [ 1.930428174524528, 48.453568016188292 ], [ 1.922015529056317, 48.457708838468392 ], [ 1.920948579807378, 48.447950800270014 ], [ 1.906991568331037, 48.445293087148983 ], [ 1.90646308508614, 48.439757651051771 ], [ 1.884186780725809, 48.440144995148536 ], [ 1.879758017481607, 48.440854538598046 ], [ 1.870784923138084, 48.439831978276906 ], [ 1.861045859273089, 48.444342799331473 ], [ 1.845996867830277, 48.447247487672698 ], [ 1.839740646175723, 48.452328413611923 ], [ 1.839385678079541, 48.458109244923648 ], [ 1.832431259330403, 48.467489866996409 ], [ 1.810524672312178, 48.466109985765712 ], [ 1.791287056639945, 48.481125386719384 ], [ 1.79654596732665, 48.484607581524635 ], [ 1.785400298429527, 48.490128988501596 ], [ 1.790483428479475, 48.497090565672956 ], [ 1.782888634895794, 48.500263613125092 ], [ 1.775550346422729, 48.527678234505913 ], [ 1.787542892797324, 48.553815975676173 ], [ 1.77797152736562, 48.552643820088434 ], [ 1.762806237590096, 48.564694514282678 ], [ 1.765317900429505, 48.569354724656911 ], [ 1.757453735839001, 48.575089993549895 ], [ 1.748312581751996, 48.575634731845717 ], [ 1.736692517072912, 48.572371232918286 ], [ 1.727000655587634, 48.572602600598287 ], [ 1.709244699041249, 48.578022459225011 ], [ 1.70185222063811, 48.585048409442592 ], [ 1.718142402459905, 48.607191518609312 ], [ 1.714974446165176, 48.614668382705148 ], [ 1.689215854528547, 48.611537578539654 ], [ 1.690920957371635, 48.617136756950707 ], [ 1.685812714378287, 48.620315561717256 ], [ 1.674445115975587, 48.614661327461221 ], [ 1.666532781949826, 48.613473627141424 ], [ 1.655003818605234, 48.622582326438462 ], [ 1.657443460047058, 48.6298392801422 ], [ 1.649319870358354, 48.632292485840921 ] ] ] ] } },
{ "type": "Feature", "properties": { "insee_reg": "24" }, "geometry": { "type": "MultiPolygon", "coordinates": [ [ [ [ 0.304050491654892, 46.990678473688561 ], [ 0.308114258545471, 46.999959486514975 ], [ 0.305020688548568, 47.003002452296712 ], [ 0.30706600433043, 47.011077779297217 ], [ 0.29860242838609, 47.019661564381657 ], [ 0.309937965029054, 47.028032213472592 ], [ 0.305733177059008, 47.038366036992848 ], [ 0.309333377511091, 47.04420282090328 ], [ 0.305344161154632, 47.05270029560193 ], [ 0.298332251383879, 47.054037293617945 ], [ 0.279509267560398, 47.045939935535067 ], [ 0.263951647502545, 47.04629304966398 ], [ 0.267835075821722, 47.067722802176888 ], [ 0.244215359655443, 47.071502132439761 ], [ 0.235155279670292, 47.069165010108897 ], [ 0.233231801868068, 47.064200196426299 ], [ 0.207955467505261, 47.053322812538674 ], [ 0.192299057312512, 47.065442197803286 ], [ 0.189323792062306, 47.060803224938148 ], [ 0.175706219504387, 47.060735009712779 ], [ 0.175688821115178, 47.07290027611193 ], [ 0.187173697053775, 47.082338893738495 ], [ 0.201166082931548, 47.091296467921026 ], [ 0.185668349835761, 47.101449617953556 ], [ 0.181503941415435, 47.115285665548392 ], [ 0.164396151538131, 47.105394541071654 ], [ 0.161861698676538, 47.100079255477418 ], [ 0.159281224932379, 47.10263025227227 ], [ 0.135180367215869, 47.107114727030272 ], [ 0.134115947192972, 47.114475713196484 ], [ 0.140685961438554, 47.124659915503635 ], [ 0.127060287169822, 47.119833029553966 ], [ 0.123518832333816, 47.128491810259284 ], [ 0.106990990227549, 47.128631789483144 ], [ 0.104556573090564, 47.12080234843274 ], [ 0.092506034219544, 47.122248640025553 ], [ 0.084098108369839, 47.118422447245912 ], [ 0.076424366607868, 47.123852210385976 ], [ 0.081316303118796, 47.131571403619368 ], [ 0.078366794848135, 47.146423255145166 ], [ 0.065606031171013, 47.143067793648669 ], [ 0.06154242024238, 47.154912598205591 ], [ 0.053907027919235, 47.163678950409633 ], [ 0.063182173947955, 47.176302203912549 ], [ 0.066520707594713, 47.189662569126504 ], [ 0.052738841846039, 47.196667554514725 ], [ 0.053578443453386, 47.199316856825547 ], [ 0.059210273862412, 47.20706180307787 ], [ 0.07451947658127, 47.214442220478048 ], [ 0.072472955707462, 47.220000350915399 ], [ 0.073843158400187, 47.236664392037987 ], [ 0.067891891145731, 47.247510130189951 ], [ 0.077335368183376, 47.253495316832527 ], [ 0.074695293840861, 47.261596943998285 ], [ 0.080682763743742, 47.26565132595443 ], [ 0.079901005706806, 47.271682765912857 ], [ 0.088550053244324, 47.275380269442834 ], [ 0.089318352537921, 47.282966774777954 ], [ 0.078348935765545, 47.282917093733069 ], [ 0.099387698668903, 47.308824759282572 ], [ 0.108952040056486, 47.313271253391122 ], [ 0.118430215533963, 47.326062776721315 ], [ 0.117468193460568, 47.332305959221578 ], [ 0.126407898721038, 47.332560906622774 ], [ 0.137976263653855, 47.33605087548441 ], [ 0.146983320743323, 47.345542810023332 ], [ 0.145433246751825, 47.355046089094358 ], [ 0.140414655565411, 47.361806614716663 ], [ 0.153642513727877, 47.363566467388878 ], [ 0.163737466849756, 47.370454039503535 ], [ 0.182957460233303, 47.380419513342112 ], [ 0.173046547713227, 47.385830355908666 ], [ 0.169509741461153, 47.395892496438201 ], [ 0.153456684501846, 47.398763136890381 ], [ 0.159168215893965, 47.403664398809781 ], [ 0.166163139237759, 47.40391348359416 ], [ 0.17460026643509, 47.415034414954022 ], [ 0.181209503849842, 47.417774617634421 ], [ 0.185212454558962, 47.426330658013981 ], [ 0.181119948865003, 47.453323667071174 ], [ 0.190374352912115, 47.461202032117789 ], [ 0.19494247516667, 47.475133197067947 ], [ 0.198774474671765, 47.476545045328116 ], [ 0.198384162869258, 47.481487897062529 ], [ 0.209547978257264, 47.494478761296115 ], [ 0.220005947830274, 47.501894987119748 ], [ 0.219173536181466, 47.509213248429411 ], [ 0.224841702861597, 47.52727881047295 ], [ 0.215098801118869, 47.52351290187115 ], [ 0.202823713175684, 47.528170107371288 ], [ 0.206551575338346, 47.532491063284859 ], [ 0.194206545697504, 47.537514123455985 ], [ 0.19937479226262, 47.540975548942065 ], [ 0.209078015486781, 47.557718123910455 ], [ 0.206354452828331, 47.560998092255183 ], [ 0.215160304494981, 47.573184304276275 ], [ 0.227112454834471, 47.574643553668217 ], [ 0.234471326392308, 47.578400262090632 ], [ 0.231454175380607, 47.585119798709592 ], [ 0.23392560737793, 47.589888044932117 ], [ 0.232431855721861, 47.605787269020119 ], [ 0.229879977603863, 47.608460250360032 ], [ 0.259136706725353, 47.612289727966932 ], [ 0.267727186453725, 47.608810171303716 ], [ 0.276848528206404, 47.597721087289408 ], [ 0.32210162533374, 47.595389138939716 ], [ 0.339790729217017, 47.582893997890153 ], [ 0.339110916772542, 47.579733475982536 ], [ 0.34684440568862, 47.577052809463972 ], [ 0.366880259221741, 47.573692639041475 ], [ 0.378477459723895, 47.568407812403471 ], [ 0.392412943469374, 47.576888819774837 ], [ 0.40244788834616, 47.578485240956176 ], [ 0.395878779352518, 47.586770320752493 ], [ 0.39508099921278, 47.594583313397187 ], [ 0.383492918660464, 47.610061291240726 ], [ 0.374930185651539, 47.611943134185097 ], [ 0.364688872430553, 47.620240243540643 ], [ 0.369711574182935, 47.62995214450703 ], [ 0.380888499615291, 47.638630242910651 ], [ 0.382633515816268, 47.643421783633315 ], [ 0.395972374424311, 47.641032584373434 ], [ 0.408872302006527, 47.628093503523878 ], [ 0.424215260293006, 47.617914145571135 ], [ 0.431738943520461, 47.618313153497553 ], [ 0.450077092467337, 47.619378855566119 ], [ 0.457006631168724, 47.628479878747143 ], [ 0.452953554630418, 47.633737321365359 ], [ 0.46197784294547, 47.643336573804199 ], [ 0.473908561521735, 47.647525232368025 ], [ 0.478675859834602, 47.643401931835413 ], [ 0.498414832938139, 47.644629638502302 ], [ 0.517191467717418, 47.65612757797394 ], [ 0.522963179435445, 47.653105428103991 ], [ 0.553200497167362, 47.660152536251402 ], [ 0.559330635461677, 47.666153913193284 ], [ 0.558336577434603, 47.670773496094647 ], [ 0.570839648354342, 47.668572958254892 ], [ 0.584938907514683, 47.668692284572018 ], [ 0.596638396332546, 47.672865958576253 ], [ 0.604506418271592, 47.680657376316617 ], [ 0.61480971981711, 47.682924786951475 ], [ 0.619509302471101, 47.69241172780351 ], [ 0.614930651944117, 47.694140090619015 ], [ 0.60422026775385, 47.685422313558654 ], [ 0.595524051934773, 47.688026290103927 ], [ 0.590704299928543, 47.705670298804527 ], [ 0.580493246356561, 47.712458971120995 ], [ 0.580594799856133, 47.712925722096472 ], [ 0.591740465480216, 47.721794935030317 ], [ 0.611098050450112, 47.728076395089104 ], [ 0.610567320301778, 47.732171682274405 ], [ 0.62041044033646, 47.73917074887747 ], [ 0.620991252190085, 47.748310477214588 ], [ 0.627003063709827, 47.751939772075204 ], [ 0.645978771974473, 47.753091004112314 ], [ 0.661773502893364, 47.760985636360616 ], [ 0.672441187117099, 47.768366512677666 ], [ 0.697279772755929, 47.764277193985656 ], [ 0.703565220631507, 47.767789812884544 ], [ 0.699972967052692, 47.774362568887518 ], [ 0.689338263016573, 47.780013118078607 ], [ 0.700522074029013, 47.790124215747454 ], [ 0.712985174481637, 47.79037900804974 ], [ 0.719365092387889, 47.794089678318613 ], [ 0.733968318912153, 47.80770871673198 ], [ 0.746917948673132, 47.82837624047842 ], [ 0.758880373723437, 47.833679099535395 ], [ 0.763231859474379, 47.83402240407456 ], [ 0.768458429209043, 47.831264254116093 ], [ 0.773655364430583, 47.841810810296124 ], [ 0.774119135502267, 47.851269712021086 ], [ 0.759165959776063, 47.859225889160086 ], [ 0.764535104449557, 47.866496896430988 ], [ 0.759793155701992, 47.883153702709464 ], [ 0.757124254632096, 47.885246429031682 ], [ 0.759304950647983, 47.898022395591056 ], [ 0.768041391560868, 47.901572255533083 ], [ 0.780511995872868, 47.910375216057574 ], [ 0.789959393926055, 47.912112758154315 ], [ 0.7948903461515, 47.905823149033829 ], [ 0.795129941393623, 47.899636178502739 ], [ 0.811786055605481, 47.888503028398596 ], [ 0.816946058120944, 47.89195639467524 ], [ 0.807286949140853, 47.907989189304573 ], [ 0.813108226970432, 47.913697659545292 ], [ 0.811717697716919, 47.927966725787087 ], [ 0.816407090144115, 47.934289429160955 ], [ 0.837228951788196, 47.937305252403043 ], [ 0.848883626651522, 47.94143364484183 ], [ 0.845275334018181, 47.954001087017751 ], [ 0.838238418418445, 47.962407327321053 ], [ 0.835077356086187, 47.970591098991967 ], [ 0.827947082974945, 47.972838076454494 ], [ 0.824136484097704, 47.98186299022791 ], [ 0.818858562333169, 47.986036951762195 ], [ 0.832274334062417, 47.996978254384999 ], [ 0.831504865445249, 48.005947658400551 ], [ 0.8367625287564, 48.008798307056821 ], [ 0.838578375644378, 48.023478567457296 ], [ 0.842412178617484, 48.030168323493058 ], [ 0.838561193806413, 48.033829114543266 ], [ 0.828990045762804, 48.030355409712811 ], [ 0.810339944366024, 48.032656604347338 ], [ 0.805637042104138, 48.038417862929585 ], [ 0.79752072380878, 48.037236404312722 ], [ 0.796656145061265, 48.051398936349202 ], [ 0.79775674199336, 48.066026610394445 ], [ 0.793978587155279, 48.069477574316409 ], [ 0.802782760116929, 48.071581215389109 ], [ 0.835077735533202, 48.069980911639178 ], [ 0.843170585724758, 48.072604047904719 ], [ 0.848595626948974, 48.089155277311036 ], [ 0.846006915684177, 48.094984436611135 ], [ 0.825128507510851, 48.09068059101088 ], [ 0.816713403880278, 48.093246277292039 ], [ 0.819351892725222, 48.098344345820784 ], [ 0.832376079446811, 48.098387479683687 ], [ 0.84107032521962, 48.10294089372907 ], [ 0.855370145421801, 48.122620579797129 ], [ 0.850148433369364, 48.133293310915498 ], [ 0.873697491374288, 48.134991275923809 ], [ 0.882667320693225, 48.133708806275031 ], [ 0.909997107864551, 48.13609561938263 ], [ 0.916650657911377, 48.138936273252867 ], [ 0.909244455816473, 48.143970240767366 ], [ 0.911390113364041, 48.146783384370835 ], [ 0.910837501308268, 48.14953342352684 ], [ 0.888819007890265, 48.159132104362854 ], [ 0.859950233173548, 48.167691789313018 ], [ 0.843945071553349, 48.164936752515445 ], [ 0.836433782438017, 48.167576237190936 ], [ 0.827917253124182, 48.172978218162335 ], [ 0.826475989050741, 48.175985184154428 ], [ 0.811076346538566, 48.185804766118174 ], [ 0.79561685854376, 48.190696560466442 ], [ 0.797859366645849, 48.194769264193404 ], [ 0.808798573985226, 48.197613795478397 ], [ 0.805441371319555, 48.205497867395692 ], [ 0.830368484161797, 48.211380807067442 ], [ 0.822231490983742, 48.223585241413012 ], [ 0.80590364437525, 48.239914625469709 ], [ 0.802113874934827, 48.249920955395687 ], [ 0.787461873881296, 48.261855782828604 ], [ 0.791792708183832, 48.265051109654337 ], [ 0.785870848900528, 48.271138465427619 ], [ 0.792161902409502, 48.277993312809997 ], [ 0.796435349748037, 48.287113513984956 ], [ 0.807666184664665, 48.289826229521182 ], [ 0.790918273374395, 48.294438116115302 ], [ 0.778502956863097, 48.303400896042312 ], [ 0.76036762032513, 48.298307445114013 ], [ 0.755689395547665, 48.29992086707599 ], [ 0.768933091269228, 48.313225243098394 ], [ 0.768907559757225, 48.321821383073441 ], [ 0.781357721468404, 48.33267076903018 ], [ 0.785396894607372, 48.340457187363747 ], [ 0.787726829425013, 48.341201882974055 ], [ 0.818436369674814, 48.349547094061251 ], [ 0.827985774295105, 48.342309900163499 ], [ 0.831371318217073, 48.34540057919034 ], [ 0.861951034121258, 48.350945462845125 ], [ 0.872900859636588, 48.356213331571183 ], [ 0.883504579290915, 48.356541879175353 ], [ 0.900629004512355, 48.373975471314175 ], [ 0.907347003044064, 48.370100124443304 ], [ 0.914194120102008, 48.379225282738936 ], [ 0.926287168354042, 48.384183130741278 ], [ 0.928921013460437, 48.390687437134261 ], [ 0.936629271782908, 48.393908780619931 ], [ 0.947193286636075, 48.403378943556376 ], [ 0.943733868088065, 48.410065108397092 ], [ 0.945311312214439, 48.418227155791556 ], [ 0.954926974184371, 48.422489025149019 ], [ 0.956595512604961, 48.427424285169877 ], [ 0.967536223739128, 48.431897761512815 ], [ 0.976414541753977, 48.438769335350379 ], [ 0.958540820332967, 48.442506541526711 ], [ 0.938973084485056, 48.460837353285406 ], [ 0.938272559301743, 48.469235867701485 ], [ 0.93569321019795, 48.475602064539423 ], [ 0.953568408404196, 48.480249966112616 ], [ 0.955422886692438, 48.492860753279984 ], [ 0.941469723197256, 48.498829052056109 ], [ 0.953444810676036, 48.503136786165349 ], [ 0.967418666857715, 48.523854368293421 ], [ 0.947649279191631, 48.528086887866898 ], [ 0.931950339202308, 48.534220997867934 ], [ 0.92251572814612, 48.537741480500308 ], [ 0.936562456368674, 48.546792242809929 ], [ 0.938594200630804, 48.550820179076233 ], [ 0.92572465333538, 48.5598622588914 ], [ 0.923658523299114, 48.558257748418647 ], [ 0.894134601996117, 48.571690126180862 ], [ 0.880481011866317, 48.574248009806738 ], [ 0.868339306973603, 48.572776649702739 ], [ 0.84957027951219, 48.58432070716146 ], [ 0.84709673045197, 48.60968611118426 ], [ 0.839787626610966, 48.608218326629029 ], [ 0.828114708200252, 48.610947547298416 ], [ 0.822617208198551, 48.608931335373114 ], [ 0.817230776398803, 48.615684180569502 ], [ 0.826818249381812, 48.630605292558393 ], [ 0.831755678339412, 48.633419086052555 ], [ 0.824677581847864, 48.633769630879826 ], [ 0.821562514585182, 48.644613268588259 ], [ 0.823445871431348, 48.650749411994809 ], [ 0.817648128861632, 48.65977204744506 ], [ 0.80936220796758, 48.664873155625187 ], [ 0.814824720773906, 48.670163564142619 ], [ 0.827256979801886, 48.680717890537075 ], [ 0.84212573088929, 48.67902370106539 ], [ 0.850294940549128, 48.682947722966176 ], [ 0.864021721344792, 48.687813039803046 ], [ 0.860780198790851, 48.693300279640837 ], [ 0.868682641833687, 48.698920515009831 ], [ 0.86661264592136, 48.703644194971176 ], [ 0.876851922437092, 48.71567947116975 ], [ 0.890245763939789, 48.72037265744639 ], [ 0.899360481429656, 48.710502163795809 ], [ 0.921156144307657, 48.709151977033365 ], [ 0.937261319823388, 48.713892487013325 ], [ 0.955974286519147, 48.717320463651873 ], [ 0.961450597466016, 48.725802321906841 ], [ 0.978226308989279, 48.730903924916262 ], [ 0.985068892724737, 48.725929064558215 ], [ 0.998062247442466, 48.728429432771797 ], [ 1.016830359385807, 48.728417119749423 ], [ 1.022053153591539, 48.734831407325117 ], [ 1.029639645744028, 48.728784056372547 ], [ 1.036610941294971, 48.73033757782342 ], [ 1.03396110896264, 48.739419571308609 ], [ 1.04334424455795, 48.742537332633255 ], [ 1.046908275612791, 48.748429253967402 ], [ 1.06294310941093, 48.759128517895199 ], [ 1.068102839535998, 48.7577744393014 ], [ 1.069738689006076, 48.748751995796177 ], [ 1.077126056198725, 48.750119057650039 ], [ 1.088367280760972, 48.756750192491921 ], [ 1.092296105823981, 48.749996263025558 ], [ 1.113893852316824, 48.746083116328755 ], [ 1.112690722891303, 48.751856134254098 ], [ 1.119569659543899, 48.755745038769412 ], [ 1.117417508248304, 48.763959149517959 ], [ 1.123623809319245, 48.768403021126815 ], [ 1.117446229556851, 48.78357361188862 ], [ 1.121380921191983, 48.789234857080203 ], [ 1.135385429611893, 48.78531054961929 ], [ 1.151863613692757, 48.785930938636461 ], [ 1.150776586583858, 48.77584727995513 ], [ 1.163099188822311, 48.769115649808811 ], [ 1.18741240064537, 48.773046034384457 ], [ 1.198575904939225, 48.769494980885284 ], [ 1.223047569830551, 48.757976662156331 ], [ 1.228067341114024, 48.760372289934757 ], [ 1.22288105800631, 48.767343763449297 ], [ 1.245469938846697, 48.769548043030447 ], [ 1.256596887039575, 48.765723004841448 ], [ 1.254622901548585, 48.758543125295425 ], [ 1.268177462876022, 48.757280401761413 ], [ 1.270870969397184, 48.76271801714276 ], [ 1.278345143085877, 48.763021219537244 ], [ 1.298076390547749, 48.768189786854613 ], [ 1.311483371090818, 48.764924725134804 ], [ 1.3132529924143, 48.76410680715744 ], [ 1.319665440615722, 48.760795818166962 ], [ 1.332659986422034, 48.762373234242666 ], [ 1.342018578185324, 48.772412517672528 ], [ 1.355764306605877, 48.779200948525144 ], [ 1.356339491254138, 48.779392377641067 ], [ 1.36511271948058, 48.783980047022773 ], [ 1.374095477253068, 48.78311670170465 ], [ 1.377568061382005, 48.789419499242769 ], [ 1.370242509738387, 48.800698363170341 ], [ 1.368086416518749, 48.80284676937643 ], [ 1.366331385801882, 48.804663284392348 ], [ 1.355805682201053, 48.816720487264185 ], [ 1.359632689758165, 48.822151437748417 ], [ 1.359612878023237, 48.831050306952406 ], [ 1.379832503291071, 48.843279752135331 ], [ 1.389913246649211, 48.846324907614701 ], [ 1.398104232563743, 48.856700083661231 ], [ 1.405931830520557, 48.861145624117093 ], [ 1.423857704506431, 48.861321918516502 ], [ 1.428214434980027, 48.865489011383069 ], [ 1.4408680932492, 48.864757748404401 ], [ 1.449931605000395, 48.86952673124388 ], [ 1.457715784283415, 48.871551286778974 ], [ 1.465396766487652, 48.879273072908518 ], [ 1.466450012965551, 48.888519613079787 ], [ 1.471785676662337, 48.897123711056153 ], [ 1.461876207802632, 48.899336325269417 ], [ 1.460490048643885, 48.909671214032201 ], [ 1.459469991910521, 48.914536697601896 ], [ 1.447804700289873, 48.924606481878797 ], [ 1.458644328521131, 48.927898940349849 ], [ 1.461142006999773, 48.937507266908057 ], [ 1.480381533656276, 48.940488800858176 ], [ 1.492248005744841, 48.936237819233341 ], [ 1.501397406665655, 48.941034037346057 ], [ 1.511824180244852, 48.93498588313669 ], [ 1.507335425582972, 48.927565603398889 ], [ 1.51433580680349, 48.92189988828121 ], [ 1.518513706999451, 48.925298380805103 ], [ 1.538411011025918, 48.922547683973498 ], [ 1.540399600986533, 48.918509236751021 ], [ 1.541690812367132, 48.91577631949486 ], [ 1.545241185379534, 48.91086364397492 ], [ 1.538295372953137, 48.906696561326029 ], [ 1.557144366384955, 48.891755222046321 ], [ 1.563429331279501, 48.890487926602916 ], [ 1.55136337484786, 48.875046485130888 ], [ 1.545960430621492, 48.872373439814837 ], [ 1.558965572273347, 48.863805051689532 ], [ 1.571788470776936, 48.864014542760124 ], [ 1.584224342866326, 48.86035849398295 ], [ 1.577354059205189, 48.84462442921604 ], [ 1.586784412114304, 48.843324034365686 ], [ 1.598094573306621, 48.838892283952404 ], [ 1.593484702853848, 48.834047534429082 ], [ 1.58442380869988, 48.832549129173188 ], [ 1.584189196898622, 48.826338989566054 ], [ 1.590367308032131, 48.817420654979671 ], [ 1.578942837621119, 48.809050473849879 ], [ 1.580031401081796, 48.800081821397022 ], [ 1.5753971933596, 48.790880390923199 ], [ 1.577877244123808, 48.781306622938871 ], [ 1.587894225823569, 48.773748869358322 ], [ 1.582919968482147, 48.7676351974835 ], [ 1.584783198403938, 48.763407872025482 ], [ 1.610126197347142, 48.757560759647291 ], [ 1.625082739080154, 48.748967891335447 ], [ 1.623290109605356, 48.740034526377627 ], [ 1.62056811846302, 48.736090051061574 ], [ 1.615265393069211, 48.73558787002704 ], [ 1.601050035182432, 48.7206584673946 ], [ 1.589657428492874, 48.71288606893085 ], [ 1.594708812032964, 48.709144956604817 ], [ 1.57902992703039, 48.70209179789012 ], [ 1.582310199674953, 48.696350065615633 ], [ 1.611339972098925, 48.688403681651543 ], [ 1.606086874879715, 48.678938007767258 ], [ 1.607999437654229, 48.672514700673382 ], [ 1.601116557646795, 48.668365205794835 ], [ 1.602653230690876, 48.663312121756967 ], [ 1.607666657334331, 48.659863200123588 ], [ 1.620157006886818, 48.65055530302773 ], [ 1.635117110134415, 48.649174859820953 ], [ 1.643142183138983, 48.651276252170248 ], [ 1.638449369831966, 48.645190790575668 ], [ 1.651230478670545, 48.63820577555633 ], [ 1.649319870358354, 48.632292485840921 ], [ 1.657443460047058, 48.6298392801422 ], [ 1.655003818605234, 48.622582326438462 ], [ 1.666532781949826, 48.613473627141424 ], [ 1.674445115975587, 48.614661327461221 ], [ 1.685812714378287, 48.620315561717256 ], [ 1.690920957371635, 48.617136756950707 ], [ 1.689215854528547, 48.611537578539654 ], [ 1.714974446165176, 48.614668382705148 ], [ 1.718142402459905, 48.607191518609312 ], [ 1.70185222063811, 48.585048409442592 ], [ 1.709244699041249, 48.578022459225011 ], [ 1.727000655587634, 48.572602600598287 ], [ 1.736692517072912, 48.572371232918286 ], [ 1.748312581751996, 48.575634731845717 ], [ 1.757453735839001, 48.575089993549895 ], [ 1.765317900429505, 48.569354724656911 ], [ 1.762806237590096, 48.564694514282678 ], [ 1.77797152736562, 48.552643820088434 ], [ 1.787542892797324, 48.553815975676173 ], [ 1.775550346422729, 48.527678234505913 ], [ 1.782888634895794, 48.500263613125092 ], [ 1.790483428479475, 48.497090565672956 ], [ 1.785400298429527, 48.490128988501596 ], [ 1.79654596732665, 48.484607581524635 ], [ 1.791287056639945, 48.481125386719384 ], [ 1.810524672312178, 48.466109985765712 ], [ 1.832431259330403, 48.467489866996409 ], [ 1.839385678079541, 48.458109244923648 ], [ 1.839740646175723, 48.452328413611923 ], [ 1.845996867830277, 48.447247487672698 ], [ 1.861045859273089, 48.444342799331473 ], [ 1.870784923138084, 48.439831978276906 ], [ 1.879758017481607, 48.440854538598046 ], [ 1.884186780725809, 48.440144995148536 ], [ 1.90646308508614, 48.439757651051771 ], [ 1.906991568331037, 48.445293087148983 ], [ 1.920948579807378, 48.447950800270014 ], [ 1.922015529056317, 48.457708838468392 ], [ 1.930428174524528, 48.453568016188292 ], [ 1.932987593650858, 48.442163829970447 ], [ 1.942874169355707, 48.441143864311698 ], [ 1.936836855387195, 48.427894650497144 ], [ 1.925818162206219, 48.412788791454282 ], [ 1.93274256093442, 48.410892579715743 ], [ 1.930286041940139, 48.404031535329253 ], [ 1.952081515939941, 48.406364819386482 ], [ 1.962163718221615, 48.40438319264841 ], [ 1.977223999487117, 48.399574496334175 ], [ 1.974007640668308, 48.390050847130901 ], [ 1.966650454979946, 48.38063946303123 ], [ 1.980008049345981, 48.378435608528925 ], [ 1.980188249617754, 48.370255700590775 ], [ 1.9875031684644, 48.364020124087183 ], [ 1.972827524549242, 48.355923699189113 ], [ 1.974927233769952, 48.344744243604794 ], [ 1.970467141603526, 48.33904416518709 ], [ 1.982365776021373, 48.328472010681075 ], [ 1.974258211391547, 48.32331915821635 ], [ 1.979084781811583, 48.318630684449957 ], [ 1.959201649057279, 48.308687549942853 ], [ 1.962078841538731, 48.302793020160998 ], [ 1.965243209759015, 48.295495413155372 ], [ 1.974182403506635, 48.29285852722419 ], [ 1.972251618300056, 48.288219447753853 ], [ 1.993772239560307, 48.286781178789376 ], [ 2.02012462542231, 48.286303222817203 ], [ 2.024862601152717, 48.289202847476304 ], [ 2.040787071383933, 48.284558670065863 ], [ 2.05113733140289, 48.290086832306862 ], [ 2.052655194339758, 48.295431193439704 ], [ 2.078678757305002, 48.293757008028159 ], [ 2.089425526359604, 48.294776879730961 ], [ 2.090791380323928, 48.299159458914524 ], [ 2.105216254954566, 48.307688678496923 ], [ 2.113446243472248, 48.307298920798985 ], [ 2.110393777152044, 48.297010388026315 ], [ 2.135166285422839, 48.299183447355226 ], [ 2.16178635156978, 48.298429325680374 ], [ 2.161905718610943, 48.302624036687583 ], [ 2.153634531842203, 48.30833543692961 ], [ 2.154885494482064, 48.315104359565105 ], [ 2.169183651448917, 48.312752804196684 ], [ 2.171005626219198, 48.31526153490605 ], [ 2.181551483711358, 48.31345260545654 ], [ 2.188058749091929, 48.327966486615118 ], [ 2.187992936579884, 48.332409027901981 ], [ 2.202865553255686, 48.338756142812031 ], [ 2.207287874977697, 48.344949082258402 ], [ 2.215203655310925, 48.334282219315014 ], [ 2.223927005051193, 48.336435221255286 ], [ 2.229918826845164, 48.329323130560738 ], [ 2.246233190864719, 48.329605356797529 ], [ 2.23799582898229, 48.316263258675541 ], [ 2.249681121259589, 48.316411678962382 ], [ 2.246170401761514, 48.308356312413963 ], [ 2.245215126943108, 48.298215252566237 ], [ 2.255000669781181, 48.301493931877225 ], [ 2.258988131262375, 48.30745921073089 ], [ 2.269272863795183, 48.314996550210836 ], [ 2.283288335145988, 48.312804953848143 ], [ 2.29560154670093, 48.307906810225781 ], [ 2.312656928744853, 48.330601582917353 ], [ 2.317147173545778, 48.331664063083004 ], [ 2.329271306214432, 48.332807644382562 ], [ 2.342055722371573, 48.316681296738061 ], [ 2.3530469311673, 48.314492503845841 ], [ 2.358149556570718, 48.308868952000061 ], [ 2.369614858884368, 48.308794706714629 ], [ 2.385207839055242, 48.311446405876076 ], [ 2.399806755460387, 48.316240489768859 ], [ 2.402968663847022, 48.320643617211282 ], [ 2.406489792775576, 48.31237469437351 ], [ 2.4203072382412, 48.299755820647206 ], [ 2.423318396769265, 48.288551480475427 ], [ 2.418174533951275, 48.280892715810097 ], [ 2.419852841384602, 48.26693114583459 ], [ 2.421579466810294, 48.263837181302343 ], [ 2.432393733366895, 48.254841420368159 ], [ 2.440211573505298, 48.253277082963535 ], [ 2.446348946384779, 48.255299892190052 ], [ 2.453186889738745, 48.250100392648889 ], [ 2.468696121503084, 48.255334036003703 ], [ 2.478793831345206, 48.249830047504695 ], [ 2.476091627499159, 48.244642560474723 ], [ 2.484173731137381, 48.238906885184733 ], [ 2.506271693071453, 48.238628742266556 ], [ 2.506634005007689, 48.225813662740201 ], [ 2.513321238039517, 48.224505200174285 ], [ 2.514051849799021, 48.214479976507306 ], [ 2.517529833176033, 48.214433044307214 ], [ 2.52285852908424, 48.197760618482526 ], [ 2.520025571454813, 48.19404281928086 ], [ 2.516104666710737, 48.187205326872672 ], [ 2.507150382782623, 48.179759180784274 ], [ 2.515571950454142, 48.174575063913025 ], [ 2.516773499152191, 48.166761395247462 ], [ 2.505953863904024, 48.156506200795747 ], [ 2.483156149629756, 48.164600657810567 ], [ 2.478399361279401, 48.156631485107916 ], [ 2.471887136608395, 48.154522993795318 ], [ 2.459914647466205, 48.136866917183966 ], [ 2.4439589675144, 48.13158443112124 ], [ 2.454346111077113, 48.122434592920754 ], [ 2.458733384210992, 48.125798687335077 ], [ 2.464921825031442, 48.129350764379154 ], [ 2.476552427059151, 48.129393055181467 ], [ 2.490363343308989, 48.126638793622483 ], [ 2.515099304292757, 48.126707990863167 ], [ 2.522172364784223, 48.125317789572321 ], [ 2.521576618636086, 48.127582104617929 ], [ 2.537330912411681, 48.140176234859126 ], [ 2.558513222141641, 48.141683655120616 ], [ 2.570622300204189, 48.140919390280779 ], [ 2.574718254763268, 48.131299598129807 ], [ 2.581710107751203, 48.132403515388617 ], [ 2.603035517816884, 48.131606160893377 ], [ 2.621814843975014, 48.13637944079467 ], [ 2.639201220204874, 48.138904856997108 ], [ 2.643882728367171, 48.137455944039878 ], [ 2.664441960612647, 48.120077251038438 ], [ 2.667469854806732, 48.120706723194374 ], [ 2.672202638432576, 48.124257271242023 ], [ 2.706770687915438, 48.12545419179704 ], [ 2.717997079450475, 48.132327558809472 ], [ 2.720565562332704, 48.136963334583214 ], [ 2.755623450703414, 48.145886515787595 ], [ 2.753565792105044, 48.153198729781231 ], [ 2.740589462949878, 48.159954684747269 ], [ 2.736694652670558, 48.166147615019256 ], [ 2.75520755227782, 48.16020186705056 ], [ 2.766726825958649, 48.164765682457116 ], [ 2.771530111023671, 48.161619415716608 ], [ 2.781069088504634, 48.167329737840582 ], [ 2.794129330795085, 48.16888832208668 ], [ 2.808276248798307, 48.166273891887762 ], [ 2.810323428837592, 48.161035767485657 ], [ 2.797977984531993, 48.15089768618428 ], [ 2.799255724999659, 48.137370939812435 ], [ 2.800781672592721, 48.131631681573012 ], [ 2.820926825566628, 48.129723037873823 ], [ 2.826074140082666, 48.133220303529868 ], [ 2.836321315182062, 48.134057415990149 ], [ 2.841158209274877, 48.138439914109689 ], [ 2.854676531715263, 48.144525788652501 ], [ 2.86678551486838, 48.15616040208991 ], [ 2.871019185438636, 48.156631211792316 ], [ 2.900007916505367, 48.159649429806713 ], [ 2.936623684076953, 48.163455797460756 ], [ 2.953220786954703, 48.16517498823552 ], [ 2.954609562766875, 48.159673162128392 ], [ 2.963697563677699, 48.15307613810522 ], [ 2.990960411464257, 48.146896896448418 ], [ 2.99813800641495, 48.139943369643667 ], [ 3.003895088551103, 48.144863574155153 ], [ 3.011765963112707, 48.144980029093865 ], [ 3.02311911686925, 48.135669626779624 ], [ 3.029309618936243, 48.133320589754966 ], [ 3.015899672951619, 48.115796118257954 ], [ 3.032329184792631, 48.114230629877071 ], [ 3.037214336189607, 48.107494740755683 ], [ 3.038346072348364, 48.098845012687043 ], [ 3.042905014600418, 48.09337682249037 ], [ 3.049886645075723, 48.088670516283571 ], [ 3.050221516365736, 48.072156063839834 ], [ 3.060776585647703, 48.064214224131277 ], [ 3.080256991129645, 48.06049237727828 ], [ 3.088316448930736, 48.053931896437007 ], [ 3.095424907295392, 48.053976744831033 ], [ 3.089830862506963, 48.049417844935228 ], [ 3.094494479396546, 48.040289355094423 ], [ 3.106022687630034, 48.035696400404845 ], [ 3.124227598285273, 48.031113443210884 ], [ 3.124217881810404, 48.030974869776585 ], [ 3.11709860064891, 48.027078421548183 ], [ 3.102956908498218, 48.024030190583773 ], [ 3.099661268093882, 48.019211367736766 ], [ 3.104873384681544, 48.012952517571975 ], [ 3.115474085311234, 48.012964190928109 ], [ 3.12408131533101, 48.007042147179959 ], [ 3.121119076935894, 47.995936733017672 ], [ 3.1266773873928, 47.99126841691978 ], [ 3.128420811125036, 47.971044366708313 ], [ 3.114534517335712, 47.963607291611339 ], [ 3.105265291515082, 47.946939230439263 ], [ 3.098398367270811, 47.948782858917134 ], [ 3.084124916524878, 47.942564545514642 ], [ 3.078507068675564, 47.931425296519144 ], [ 3.065209853200728, 47.930513680447717 ], [ 3.061741853558811, 47.926128293013655 ], [ 3.05087419758115, 47.924244501199524 ], [ 3.050494385089471, 47.910639117723335 ], [ 3.03780039377905, 47.90671375732677 ], [ 3.030591939836668, 47.907880407420556 ], [ 3.01566144854073, 47.905822433607099 ], [ 3.0070804647106, 47.895436759546918 ], [ 3.009894971124172, 47.889610149400625 ], [ 3.01237612514245, 47.874042131320472 ], [ 2.994621904553275, 47.867358495777296 ], [ 3.010601370187955, 47.862306524768982 ], [ 3.023194854770538, 47.860990730652397 ], [ 3.029238827012769, 47.857083432093624 ], [ 3.031794417739964, 47.841635284884454 ], [ 3.025307949955709, 47.835918272245614 ], [ 3.012218489067401, 47.83423736535206 ], [ 3.013915646287828, 47.822448922785547 ], [ 3.022228637799084, 47.81786029887418 ], [ 3.015019614605649, 47.813427091553969 ], [ 3.024343080726583, 47.813079021633158 ], [ 3.028067278412007, 47.8011457889505 ], [ 3.023796676382549, 47.786370174048457 ], [ 2.999934561178791, 47.787156512782872 ], [ 2.98822660232096, 47.786034489465166 ], [ 2.980444842561589, 47.782525144893818 ], [ 2.961633389524095, 47.775248256042993 ], [ 2.95474222233654, 47.775559007203334 ], [ 2.949671077679389, 47.765751070232078 ], [ 2.93558905533317, 47.763246569582861 ], [ 2.923051881446553, 47.764112039588682 ], [ 2.913032710964258, 47.769431441690742 ], [ 2.890615532723758, 47.765116778981053 ], [ 2.870271358926861, 47.765021307907141 ], [ 2.856360700115313, 47.761801835309534 ], [ 2.851854734631338, 47.757785640835706 ], [ 2.858404049577322, 47.750876011133393 ], [ 2.853466138086467, 47.729040111380137 ], [ 2.84851614151385, 47.726015918916495 ], [ 2.848651188223508, 47.716982194805404 ], [ 2.860817888507325, 47.710183820769757 ], [ 2.878592400778591, 47.720353616731899 ], [ 2.884656559635976, 47.713894612407124 ], [ 2.879089818320933, 47.703936971086222 ], [ 2.884067470641439, 47.7020698687015 ], [ 2.893094019781804, 47.698879621090192 ], [ 2.914051294683139, 47.690909663912258 ], [ 2.9146230459839, 47.687666215384979 ], [ 2.926391074969087, 47.681618501735613 ], [ 2.918165617348563, 47.669772473459673 ], [ 2.928411317106064, 47.658051074473768 ], [ 2.941034947345361, 47.65758197796707 ], [ 2.942035676462373, 47.65370579130802 ], [ 2.953941106199978, 47.645941490880276 ], [ 2.936154949594696, 47.636424504152139 ], [ 2.932323514583977, 47.627045093190894 ], [ 2.94517545436568, 47.608419605973324 ], [ 2.942097878445294, 47.598845407313569 ], [ 2.94344664452221, 47.593168127102381 ], [ 2.957032729538531, 47.589497830419567 ], [ 2.964488915330583, 47.581770988605442 ], [ 2.965583751737233, 47.573577472551769 ], [ 2.976535330571509, 47.569477403556832 ], [ 2.963302517048494, 47.563938188671003 ], [ 2.958791104200143, 47.557511530831754 ], [ 2.932770049152337, 47.563225186327365 ], [ 2.914333261854878, 47.566032318098308 ], [ 2.909392695464251, 47.559616039419296 ], [ 2.898547001768602, 47.554623960916636 ], [ 2.8838621965344, 47.552717275352222 ], [ 2.873895069280241, 47.552809540874726 ], [ 2.874372194787008, 47.546676507303125 ], [ 2.86254317153972, 47.546406625116653 ], [ 2.860035255085664, 47.554225852005906 ], [ 2.844894817772869, 47.544888453594602 ], [ 2.848642851607777, 47.537720135275237 ], [ 2.874491172560131, 47.52034735554534 ], [ 2.889570093871301, 47.507761352742399 ], [ 2.892322833966997, 47.499149406549428 ], [ 2.896957669748728, 47.485145248179791 ], [ 2.90038057308859, 47.479735516177456 ], [ 2.914060655179283, 47.470896834828928 ], [ 2.919188749595194, 47.460616910786101 ], [ 2.919831360806136, 47.458725182528731 ], [ 2.930760878580123, 47.441862803541717 ], [ 2.9315578626727, 47.433921833149178 ], [ 2.919925594995124, 47.421444973044053 ], [ 2.919766950731133, 47.410466083382452 ], [ 2.918454997474348, 47.405524882200716 ], [ 2.906331865354705, 47.39321629063511 ], [ 2.895249231956734, 47.372177057085651 ], [ 2.890391048972314, 47.365772953974471 ], [ 2.879775196428951, 47.354529538106618 ], [ 2.873491939153744, 47.34839686049785 ], [ 2.869541526838344, 47.339905177149845 ], [ 2.874419985519127, 47.335015120212404 ], [ 2.873874964313822, 47.329138735972776 ], [ 2.876571632540047, 47.321873165608928 ], [ 2.886193430993254, 47.315818119758241 ], [ 2.89928851495057, 47.312775718506735 ], [ 2.912964159098612, 47.308311700455057 ], [ 2.923330505810171, 47.300838027160118 ], [ 2.939170465637275, 47.286588469205554 ], [ 2.944967314183526, 47.284713451230701 ], [ 2.963744019292958, 47.273817938593837 ], [ 2.973544698716262, 47.269941409129594 ], [ 2.983081112868537, 47.260802927572833 ], [ 2.981804808406437, 47.253523268066076 ], [ 2.977955235359734, 47.235552508647231 ], [ 2.981688613355931, 47.221993356805967 ], [ 2.99384641988219, 47.20667653356557 ], [ 2.99773459689101, 47.200851899459998 ], [ 3.009670609840441, 47.179057560242306 ], [ 3.015948479911079, 47.159093918449301 ], [ 3.01927628968102, 47.156286307690408 ], [ 3.017347865397871, 47.139474535079259 ], [ 3.024953143311234, 47.131107580720141 ], [ 3.028280145261841, 47.12843382671609 ], [ 3.029997046912806, 47.108317023833024 ], [ 3.030211375169755, 47.10722039482183 ], [ 3.031373747537626, 47.092475725683578 ], [ 3.022521625724759, 47.080158803529656 ], [ 3.019340996690526, 47.06816805775793 ], [ 3.022245950385813, 47.063652432634591 ], [ 3.026218019862723, 47.060072824566504 ], [ 3.043312675497476, 47.053808640108713 ], [ 3.053967002101213, 47.048254555984698 ], [ 3.063613037146065, 47.046169895229831 ], [ 3.074774545848618, 47.029995112947567 ], [ 3.075744261294347, 47.019148176451012 ], [ 3.073677337500586, 47.012369091055639 ], [ 3.068068539279497, 47.00615300742286 ], [ 3.065317407447313, 46.997173715114208 ], [ 3.062575191854756, 46.979198087989246 ], [ 3.071949283586299, 46.964163119170834 ], [ 3.079337311297411, 46.960242649957458 ], [ 3.079169513909836, 46.954318450467589 ], [ 3.066032537893743, 46.938421955753725 ], [ 3.064578158311849, 46.935789234806535 ], [ 3.062210755788973, 46.927739529834092 ], [ 3.05393253681785, 46.917535407319669 ], [ 3.050301816227598, 46.906132140034643 ], [ 3.06114474389342, 46.897382535194268 ], [ 3.063362473559104, 46.889949692879902 ], [ 3.06779375060517, 46.874250988225221 ], [ 3.065347935414681, 46.863573052515051 ], [ 3.069406954285294, 46.853426119970941 ], [ 3.06601770312905, 46.846577123028688 ], [ 3.054588912726401, 46.838765097782392 ], [ 3.058491245752369, 46.831588024208493 ], [ 3.059204778844124, 46.826639143350668 ], [ 3.042399744931052, 46.814009632894724 ], [ 3.039157236443251, 46.809741137894562 ], [ 3.032589239609301, 46.800214352910061 ], [ 3.032062944145858, 46.794909389202921 ], [ 3.028131590263093, 46.793295113037175 ], [ 3.01621389550231, 46.799924300246481 ], [ 2.996486279969096, 46.796707388368283 ], [ 2.97766921021885, 46.80383277399411 ], [ 2.959612794560297, 46.80428704936876 ], [ 2.953552951583156, 46.797159061707987 ], [ 2.953031199447271, 46.791028072220691 ], [ 2.939962574638258, 46.793160425678266 ], [ 2.937816155064851, 46.795713700523102 ], [ 2.92298749849236, 46.794219075496351 ], [ 2.908487667442812, 46.787907488929292 ], [ 2.911881486197636, 46.780672758090553 ], [ 2.899132444133215, 46.775649764626792 ], [ 2.876169144053143, 46.768445733304553 ], [ 2.877015758291452, 46.761468535866783 ], [ 2.861198059564865, 46.754485902070769 ], [ 2.84459118701867, 46.742274052372466 ], [ 2.845401834027578, 46.726674673436868 ], [ 2.83496734571368, 46.727924326738226 ], [ 2.827520629796806, 46.735337257495871 ], [ 2.814926092530239, 46.735340162551459 ], [ 2.805746093773707, 46.733038863170265 ], [ 2.795093176753648, 46.734341250956703 ], [ 2.785211847507481, 46.727182038885395 ], [ 2.785643965064462, 46.722535820568758 ], [ 2.774728805189493, 46.718942085152229 ], [ 2.770230908179187, 46.723447843456746 ], [ 2.758521147449744, 46.717661166389 ], [ 2.756630084954102, 46.724805557128619 ], [ 2.744049288978209, 46.728793144186071 ], [ 2.739729471390156, 46.741342370843284 ], [ 2.734530763391851, 46.74621879655907 ], [ 2.728854206796533, 46.748488074440893 ], [ 2.71849352897905, 46.741749696277843 ], [ 2.714215262189365, 46.744343118501646 ], [ 2.704836921516585, 46.739031287540527 ], [ 2.705386855922614, 46.733024247339131 ], [ 2.686210682420918, 46.714490614752656 ], [ 2.671445343011976, 46.708835193651637 ], [ 2.677819396508189, 46.704535747053818 ], [ 2.657949679536791, 46.698246434203753 ], [ 2.648083655947984, 46.689083604386965 ], [ 2.639598714161588, 46.691539740836319 ], [ 2.628197593261445, 46.690331913619531 ], [ 2.620225886709563, 46.683980308882738 ], [ 2.625122394253214, 46.673282214826578 ], [ 2.632062976477561, 46.675071327564666 ], [ 2.628260505542494, 46.659141258924684 ], [ 2.623812632056659, 46.656697388280335 ], [ 2.617168537305784, 46.661087521070542 ], [ 2.607143546831519, 46.660605203733184 ], [ 2.607282916356043, 46.669736061693321 ], [ 2.584897797658576, 46.664328475977271 ], [ 2.570601249809149, 46.659160472567386 ], [ 2.567382874622761, 46.652409512354772 ], [ 2.593001283806323, 46.646556823155834 ], [ 2.596527424274834, 46.638647240673201 ], [ 2.591724054175764, 46.629814037348559 ], [ 2.584287547048915, 46.625774944442 ], [ 2.588731029494083, 46.616994562272019 ], [ 2.568510814492999, 46.609141271439924 ], [ 2.577762646598401, 46.6078106656581 ], [ 2.581522782485248, 46.593216529613031 ], [ 2.594172534540825, 46.597185289162603 ], [ 2.603497763075179, 46.58594976441038 ], [ 2.60231418066762, 46.580808607227375 ], [ 2.608129877797108, 46.572938026643016 ], [ 2.603010217921969, 46.564511987599602 ], [ 2.614892752109683, 46.553287932802135 ], [ 2.58352724683636, 46.542756239804369 ], [ 2.575366389485262, 46.538159133444154 ], [ 2.57249506210791, 46.533908188262629 ], [ 2.553091715376988, 46.529437102250263 ], [ 2.536649373699507, 46.519704337505537 ], [ 2.520243648028063, 46.531225658252502 ], [ 2.513722145719687, 46.528939766845951 ], [ 2.506287173117911, 46.52141156455319 ], [ 2.495994463278659, 46.522991116246452 ], [ 2.496934710221247, 46.533626129316623 ], [ 2.482850770007235, 46.532670978499432 ], [ 2.470137628621459, 46.526044813585585 ], [ 2.457536126405356, 46.525156423459585 ], [ 2.446056140265314, 46.520111914684499 ], [ 2.441717412794277, 46.524957855369756 ], [ 2.423100699397915, 46.525969463433263 ], [ 2.417060978197253, 46.52066568990459 ], [ 2.384068611831028, 46.518292939421244 ], [ 2.368302899735047, 46.518433877371805 ], [ 2.351614356884101, 46.512255065889086 ], [ 2.344606410363698, 46.505527260531437 ], [ 2.334639038893194, 46.501029427916457 ], [ 2.323681008986822, 46.48906795005788 ], [ 2.329531210547142, 46.481830997604746 ], [ 2.329720709168449, 46.478715529491744 ], [ 2.321065455069445, 46.468770793725305 ], [ 2.316746325308434, 46.468677515167776 ], [ 2.305368572604699, 46.475458941138584 ], [ 2.300760979425126, 46.472408803438633 ], [ 2.296591938287259, 46.463282864162636 ], [ 2.283352278992204, 46.449480678636917 ], [ 2.28479394911444, 46.440374905349955 ], [ 2.276785797688652, 46.424928676963916 ], [ 2.281089687075233, 46.420473175513202 ], [ 2.25359625431115, 46.425663737852567 ], [ 2.233621855393153, 46.422462509008568 ], [ 2.21384292122476, 46.423208732720859 ], [ 2.197891520362383, 46.4283234314086 ], [ 2.18479981462345, 46.423148251797798 ], [ 2.168141239121184, 46.423979940918045 ], [ 2.140428340549632, 46.421197406514274 ], [ 2.126840302448549, 46.419248242071532 ], [ 2.117830266260586, 46.422035420602207 ], [ 2.10337746105391, 46.40958211526263 ], [ 2.088723303337043, 46.410372896423304 ], [ 2.079022219483862, 46.41280209813668 ], [ 2.074018657535366, 46.419950501580452 ], [ 2.063844995350532, 46.421550616100369 ], [ 2.045558025858488, 46.421133556473244 ], [ 2.02937948483439, 46.424672223850166 ], [ 2.019523158593027, 46.42972373392913 ], [ 2.003675592321127, 46.429236257101053 ], [ 1.993081706750818, 46.431165030099152 ], [ 1.990697642188225, 46.435215293448195 ], [ 1.978585675841634, 46.441613066880521 ], [ 1.954627003220916, 46.438072412998814 ], [ 1.944649303183079, 46.434156959047101 ], [ 1.926218696975162, 46.431916604087739 ], [ 1.921340317096016, 46.439994427924795 ], [ 1.909438497699707, 46.443753743261794 ], [ 1.899881584373771, 46.438584818241509 ], [ 1.899836509817789, 46.438559168762396 ], [ 1.884872641041452, 46.441017528769926 ], [ 1.883557129469119, 46.432728632230287 ], [ 1.854600879201269, 46.433944895109867 ], [ 1.846158879972581, 46.43193002036611 ], [ 1.839650760736489, 46.425848353311565 ], [ 1.818509698709811, 46.431523023185193 ], [ 1.816145712386283, 46.440713072705726 ], [ 1.803089957956007, 46.447020516346768 ], [ 1.798058364363825, 46.455244741415832 ], [ 1.786554400141975, 46.455160953653767 ], [ 1.754636216025173, 46.452313889324145 ], [ 1.7477911672626, 46.449837241129991 ], [ 1.752778691514329, 46.445734775573037 ], [ 1.760072087859737, 46.426973354887565 ], [ 1.74843128414683, 46.412835216687547 ], [ 1.750503209883178, 46.405591171850624 ], [ 1.739542188063073, 46.401273958358736 ], [ 1.726377230595025, 46.390507245615446 ], [ 1.709647022168625, 46.392955292287738 ], [ 1.702062704257814, 46.397942278352552 ], [ 1.700944908042827, 46.403455552774815 ], [ 1.691886682334007, 46.408950138772624 ], [ 1.683732724019817, 46.418178379258272 ], [ 1.662765540777417, 46.405710980851097 ], [ 1.655080529474489, 46.395398938158884 ], [ 1.640507711270826, 46.384658634237525 ], [ 1.625236734754387, 46.390466449982775 ], [ 1.614538850905293, 46.406294834191542 ], [ 1.622492485780199, 46.415835688451722 ], [ 1.620975890967469, 46.420976007695288 ], [ 1.60930445415471, 46.423092238724564 ], [ 1.598876399682171, 46.419604592649513 ], [ 1.595559819640474, 46.408558454634239 ], [ 1.574382691607919, 46.406528921948464 ], [ 1.560820191855927, 46.401200904665032 ], [ 1.553975630081566, 46.394449834543515 ], [ 1.546241921165658, 46.393199680930515 ], [ 1.544267981194909, 46.419064524777035 ], [ 1.525384691400435, 46.426806152048592 ], [ 1.511044012582198, 46.420629111835652 ], [ 1.50954329018093, 46.412631819034544 ], [ 1.499655900148951, 46.405731389290928 ], [ 1.497431588868581, 46.394679356594068 ], [ 1.493275333673741, 46.398596322946638 ], [ 1.478092474210021, 46.394167286932287 ], [ 1.472937099847018, 46.383624043332745 ], [ 1.466216932249738, 46.380967983778859 ], [ 1.4664643587496, 46.37562963631018 ], [ 1.446524443474785, 46.374980654164659 ], [ 1.44008925802805, 46.365794536171933 ], [ 1.440275744322399, 46.356433089522469 ], [ 1.421351641899047, 46.351396525830616 ], [ 1.415617192165738, 46.346901092420225 ], [ 1.411279398772518, 46.349913752649947 ], [ 1.409311847176801, 46.361302081016561 ], [ 1.396702559023381, 46.371930640609719 ], [ 1.383635329116537, 46.37473188581999 ], [ 1.376427730016959, 46.383536117925921 ], [ 1.362484566969959, 46.395761423710205 ], [ 1.356236713954204, 46.400155976176151 ], [ 1.344690314546163, 46.401581448378856 ], [ 1.337727686821094, 46.3978631808655 ], [ 1.312639938083702, 46.393709458783874 ], [ 1.318824538919071, 46.392646990878433 ], [ 1.322850711022194, 46.38505596422916 ], [ 1.310973226877242, 46.38370626327405 ], [ 1.303705568168605, 46.371136702610485 ], [ 1.291342570201457, 46.374979997697174 ], [ 1.28255281868794, 46.372193687280649 ], [ 1.279782005187504, 46.376550856225933 ], [ 1.269299970908775, 46.376383292056289 ], [ 1.260605891078597, 46.378957607474753 ], [ 1.251211737832995, 46.377070246759587 ], [ 1.237950352835991, 46.366397428031512 ], [ 1.220899219445287, 46.36688568881786 ], [ 1.214134089938445, 46.370250342803004 ], [ 1.211459564279199, 46.378974926164858 ], [ 1.216394592197152, 46.382718928881971 ], [ 1.212972178727513, 46.387956058775117 ], [ 1.209951206212948, 46.389860510135932 ], [ 1.191723611746166, 46.379018653022307 ], [ 1.19297822857697, 46.377364128904851 ], [ 1.185918894980971, 46.378012273473729 ], [ 1.177488901910285, 46.38393064129388 ], [ 1.19692606097659, 46.401515818893145 ], [ 1.192045601264857, 46.40562955781828 ], [ 1.199702170464442, 46.417106572741773 ], [ 1.206549831743312, 46.422892333996103 ], [ 1.213221993294786, 46.433128824351115 ], [ 1.203412971621602, 46.43462498011818 ], [ 1.195917851342948, 46.429200817223546 ], [ 1.183564971941836, 46.429365243525019 ], [ 1.186249550948369, 46.44116921900202 ], [ 1.168594840450822, 46.446230416906772 ], [ 1.151835552307016, 46.448648151597077 ], [ 1.135177979809713, 46.470960823244575 ], [ 1.151686559943623, 46.470167127805354 ], [ 1.153381985519713, 46.472648048280519 ], [ 1.139122170554333, 46.486950457066854 ], [ 1.1390305358915, 46.496971968119794 ], [ 1.14884756970492, 46.502119417172906 ], [ 1.146622676827068, 46.505485305618421 ], [ 1.123506735110223, 46.522076589921795 ], [ 1.107822134506644, 46.531816895075416 ], [ 1.087753697918477, 46.538324058990888 ], [ 1.077976765581775, 46.535158153695335 ], [ 1.0641371873282, 46.539658951672386 ], [ 1.050623614849373, 46.536005862960309 ], [ 1.020475491124757, 46.537195039165795 ], [ 1.024628295300171, 46.549700425814066 ], [ 1.014411538049545, 46.567771388870852 ], [ 0.989258250880223, 46.565255215082253 ], [ 0.981917060393038, 46.573548767634271 ], [ 0.973766236657547, 46.57464960439367 ], [ 0.963760230408139, 46.571490624696295 ], [ 0.957362108588537, 46.578161903255165 ], [ 0.941243513036986, 46.580974442899283 ], [ 0.936989278167418, 46.586131185885677 ], [ 0.937684878803364, 46.594426040355863 ], [ 0.924090934437465, 46.594375892269504 ], [ 0.915966368782103, 46.596654043780305 ], [ 0.906953976532277, 46.60762475110073 ], [ 0.908619023873081, 46.614086497610373 ], [ 0.894185239083032, 46.62584350010102 ], [ 0.895704164151278, 46.632204560988114 ], [ 0.903613171749037, 46.641513680492999 ], [ 0.906427128592708, 46.648589994682681 ], [ 0.917900115933617, 46.650483327575344 ], [ 0.90717958375266, 46.666520328145126 ], [ 0.911680426115999, 46.67088087295263 ], [ 0.91066520512758, 46.677376492962672 ], [ 0.902430304577824, 46.677700877224915 ], [ 0.916807257461847, 46.69019842169498 ], [ 0.927739775266223, 46.695998026025812 ], [ 0.924907727302197, 46.700190158249043 ], [ 0.9133415022292, 46.710565755071748 ], [ 0.914427008494551, 46.715953808241224 ], [ 0.907955785937668, 46.719059741388875 ], [ 0.913152358029961, 46.725675573227711 ], [ 0.902882453634995, 46.730545099862816 ], [ 0.901781050671659, 46.736367076897551 ], [ 0.884780076007589, 46.739253638287124 ], [ 0.867407018019655, 46.748192735848598 ], [ 0.859789285025122, 46.7558775033784 ], [ 0.859101879381223, 46.760045892869108 ], [ 0.84755009234913, 46.761087445902554 ], [ 0.841835457153539, 46.768004167824593 ], [ 0.8275351841036, 46.777949028860384 ], [ 0.826146377203442, 46.787737194452163 ], [ 0.815083519564199, 46.788423650064637 ], [ 0.81180395474428, 46.795209579353518 ], [ 0.816932163797014, 46.804296433093263 ], [ 0.810899315939048, 46.807934186506067 ], [ 0.810105058272026, 46.814182775515114 ], [ 0.809806450581192, 46.815890285472619 ], [ 0.809325343360666, 46.826201723250101 ], [ 0.804883163855084, 46.831741202444888 ], [ 0.79506727765605, 46.832743330323552 ], [ 0.786599392801731, 46.84128361708796 ], [ 0.796547816694165, 46.847359968195875 ], [ 0.7904951900727, 46.852488860903556 ], [ 0.768024047755561, 46.851147240824908 ], [ 0.766189775931912, 46.856274682698313 ], [ 0.772169480605229, 46.86303983207759 ], [ 0.765517470244144, 46.865758105468004 ], [ 0.753012982916342, 46.860077792780729 ], [ 0.743543203423276, 46.871720170725588 ], [ 0.733215087616919, 46.876500168220218 ], [ 0.729393549407885, 46.883304742186525 ], [ 0.713933011767371, 46.896940561096891 ], [ 0.705319717799361, 46.902352991729543 ], [ 0.703783079468964, 46.909421146430994 ], [ 0.709042913894067, 46.917746050543691 ], [ 0.70323754620974, 46.926078521965266 ], [ 0.706034042689265, 46.935688364392703 ], [ 0.704622321025423, 46.943325525850057 ], [ 0.696013053135163, 46.959372417526389 ], [ 0.695021239670256, 46.962453821382844 ], [ 0.692886031271278, 46.974131452142586 ], [ 0.68263024319222, 46.976997337669125 ], [ 0.658583399414419, 46.97979667444428 ], [ 0.656171968617227, 46.985719609978602 ], [ 0.647903657980987, 46.988340012354598 ], [ 0.637762661675303, 46.985481002502091 ], [ 0.624100604261644, 46.993753938215015 ], [ 0.621800743179095, 46.99943441384859 ], [ 0.619938416886232, 47.007186577959686 ], [ 0.590565465890949, 47.006662604282546 ], [ 0.572697578290626, 47.004850530649747 ], [ 0.567584957560815, 47.006508372373347 ], [ 0.567072425389722, 47.002627879536163 ], [ 0.574525101105479, 46.992922302640586 ], [ 0.573935268207901, 46.983427518591007 ], [ 0.57889497101474, 46.979460257133923 ], [ 0.593651410274519, 46.977600930792555 ], [ 0.601634902686466, 46.972350941001459 ], [ 0.601578243926087, 46.958833791284654 ], [ 0.564968669017258, 46.955636091955505 ], [ 0.554348116044358, 46.958455026255429 ], [ 0.540101649513391, 46.960348060086787 ], [ 0.52774117838299, 46.955763477619975 ], [ 0.521245859653346, 46.958465112475004 ], [ 0.513734117955581, 46.955475760529033 ], [ 0.505230677999436, 46.960023964679543 ], [ 0.491457807007352, 46.955403953451587 ], [ 0.478843845759867, 46.95038240861701 ], [ 0.457832788483402, 46.946047422066606 ], [ 0.444886292448411, 46.941268729382827 ], [ 0.438641929546827, 46.929485077212448 ], [ 0.417558742118323, 46.93738148505026 ], [ 0.405366287032037, 46.936131106338827 ], [ 0.387748446285492, 46.943854242119826 ], [ 0.37928156714164, 46.944663775843125 ], [ 0.36651428558508, 46.949874286026692 ], [ 0.36072915897229, 46.948460951181289 ], [ 0.347874107189839, 46.936581679716781 ], [ 0.339579471545214, 46.936758940658216 ], [ 0.324970654517775, 46.930548848378578 ], [ 0.311205151529758, 46.937962501526648 ], [ 0.302207582765455, 46.955353611494481 ], [ 0.308043748695886, 46.962834872993966 ], [ 0.298061858175782, 46.971247984105069 ], [ 0.30827109447296, 46.978189221182433 ], [ 0.298081308692455, 46.983728233602498 ], [ 0.291346648788697, 46.990369159004985 ], [ 0.304050491654892, 46.990678473688561 ] ] ] ] } },
{ "type": "Feature", "properties": { "insee_reg": "27" }, "geometry": { "type": "MultiPolygon", "coordinates": [ [ [ [ 3.048884800517801, 46.758351840493759 ], [ 3.037567166500299, 46.772848932121846 ], [ 3.035930434239605, 46.788827887068393 ], [ 3.032062944145858, 46.794909389202921 ], [ 3.032589239609301, 46.800214352910061 ], [ 3.039157236443251, 46.809741137894562 ], [ 3.042399744931052, 46.814009632894724 ], [ 3.059204778844124, 46.826639143350668 ], [ 3.058491245752369, 46.831588024208493 ], [ 3.054588912726401, 46.838765097782392 ], [ 3.06601770312905, 46.846577123028688 ], [ 3.069406954285294, 46.853426119970941 ], [ 3.065347935414681, 46.863573052515051 ], [ 3.06779375060517, 46.874250988225221 ], [ 3.063362473559104, 46.889949692879902 ], [ 3.06114474389342, 46.897382535194268 ], [ 3.050301816227598, 46.906132140034643 ], [ 3.05393253681785, 46.917535407319669 ], [ 3.062210755788973, 46.927739529834092 ], [ 3.064578158311849, 46.935789234806535 ], [ 3.066032537893743, 46.938421955753725 ], [ 3.079169513909836, 46.954318450467589 ], [ 3.079337311297411, 46.960242649957458 ], [ 3.071949283586299, 46.964163119170834 ], [ 3.062575191854756, 46.979198087989246 ], [ 3.065317407447313, 46.997173715114208 ], [ 3.068068539279497, 47.00615300742286 ], [ 3.073677337500586, 47.012369091055639 ], [ 3.075744261294347, 47.019148176451012 ], [ 3.074774545848618, 47.029995112947567 ], [ 3.063613037146065, 47.046169895229831 ], [ 3.053967002101213, 47.048254555984698 ], [ 3.043312675497476, 47.053808640108713 ], [ 3.026218019862723, 47.060072824566504 ], [ 3.022245950385813, 47.063652432634591 ], [ 3.019340996690526, 47.06816805775793 ], [ 3.022521625724759, 47.080158803529656 ], [ 3.031373747537626, 47.092475725683578 ], [ 3.030211375169755, 47.10722039482183 ], [ 3.029997046912806, 47.108317023833024 ], [ 3.028280145261841, 47.12843382671609 ], [ 3.024953143311234, 47.131107580720141 ], [ 3.017347865397871, 47.139474535079259 ], [ 3.01927628968102, 47.156286307690408 ], [ 3.015948479911079, 47.159093918449301 ], [ 3.009670609840441, 47.179057560242306 ], [ 2.99773459689101, 47.200851899459998 ], [ 2.99384641988219, 47.20667653356557 ], [ 2.981688613355931, 47.221993356805967 ], [ 2.977955235359734, 47.235552508647231 ], [ 2.981804808406437, 47.253523268066076 ], [ 2.983081112868537, 47.260802927572833 ], [ 2.973544698716262, 47.269941409129594 ], [ 2.963744019292958, 47.273817938593837 ], [ 2.944967314183526, 47.284713451230701 ], [ 2.939170465637275, 47.286588469205554 ], [ 2.923330505810171, 47.300838027160118 ], [ 2.912964159098612, 47.308311700455057 ], [ 2.89928851495057, 47.312775718506735 ], [ 2.886193430993254, 47.315818119758241 ], [ 2.876571632540047, 47.321873165608928 ], [ 2.873874964313822, 47.329138735972776 ], [ 2.874419985519127, 47.335015120212404 ], [ 2.869541526838344, 47.339905177149845 ], [ 2.873491939153744, 47.34839686049785 ], [ 2.879775196428951, 47.354529538106618 ], [ 2.890391048972314, 47.365772953974471 ], [ 2.895249231956734, 47.372177057085651 ], [ 2.906331865354705, 47.39321629063511 ], [ 2.918454997474348, 47.405524882200716 ], [ 2.919766950731133, 47.410466083382452 ], [ 2.919925594995124, 47.421444973044053 ], [ 2.9315578626727, 47.433921833149178 ], [ 2.930760878580123, 47.441862803541717 ], [ 2.919831360806136, 47.458725182528731 ], [ 2.919188749595194, 47.460616910786101 ], [ 2.914060655179283, 47.470896834828928 ], [ 2.90038057308859, 47.479735516177456 ], [ 2.896957669748728, 47.485145248179791 ], [ 2.892322833966997, 47.499149406549428 ], [ 2.889570093871301, 47.507761352742399 ], [ 2.874491172560131, 47.52034735554534 ], [ 2.848642851607777, 47.537720135275237 ], [ 2.844894817772869, 47.544888453594602 ], [ 2.860035255085664, 47.554225852005906 ], [ 2.86254317153972, 47.546406625116653 ], [ 2.874372194787008, 47.546676507303125 ], [ 2.873895069280241, 47.552809540874726 ], [ 2.8838621965344, 47.552717275352222 ], [ 2.898547001768602, 47.554623960916636 ], [ 2.909392695464251, 47.559616039419296 ], [ 2.914333261854878, 47.566032318098308 ], [ 2.932770049152337, 47.563225186327365 ], [ 2.958791104200143, 47.557511530831754 ], [ 2.963302517048494, 47.563938188671003 ], [ 2.976535330571509, 47.569477403556832 ], [ 2.965583751737233, 47.573577472551769 ], [ 2.964488915330583, 47.581770988605442 ], [ 2.957032729538531, 47.589497830419567 ], [ 2.94344664452221, 47.593168127102381 ], [ 2.942097878445294, 47.598845407313569 ], [ 2.94517545436568, 47.608419605973324 ], [ 2.932323514583977, 47.627045093190894 ], [ 2.936154949594696, 47.636424504152139 ], [ 2.953941106199978, 47.645941490880276 ], [ 2.942035676462373, 47.65370579130802 ], [ 2.941034947345361, 47.65758197796707 ], [ 2.928411317106064, 47.658051074473768 ], [ 2.918165617348563, 47.669772473459673 ], [ 2.926391074969087, 47.681618501735613 ], [ 2.9146230459839, 47.687666215384979 ], [ 2.914051294683139, 47.690909663912258 ], [ 2.893094019781804, 47.698879621090192 ], [ 2.884067470641439, 47.7020698687015 ], [ 2.879089818320933, 47.703936971086222 ], [ 2.884656559635976, 47.713894612407124 ], [ 2.878592400778591, 47.720353616731899 ], [ 2.860817888507325, 47.710183820769757 ], [ 2.848651188223508, 47.716982194805404 ], [ 2.84851614151385, 47.726015918916495 ], [ 2.853466138086467, 47.729040111380137 ], [ 2.858404049577322, 47.750876011133393 ], [ 2.851854734631338, 47.757785640835706 ], [ 2.856360700115313, 47.761801835309534 ], [ 2.870271358926861, 47.765021307907141 ], [ 2.890615532723758, 47.765116778981053 ], [ 2.913032710964258, 47.769431441690742 ], [ 2.923051881446553, 47.764112039588682 ], [ 2.93558905533317, 47.763246569582861 ], [ 2.949671077679389, 47.765751070232078 ], [ 2.95474222233654, 47.775559007203334 ], [ 2.961633389524095, 47.775248256042993 ], [ 2.980444842561589, 47.782525144893818 ], [ 2.98822660232096, 47.786034489465166 ], [ 2.999934561178791, 47.787156512782872 ], [ 3.023796676382549, 47.786370174048457 ], [ 3.028067278412007, 47.8011457889505 ], [ 3.024343080726583, 47.813079021633158 ], [ 3.015019614605649, 47.813427091553969 ], [ 3.022228637799084, 47.81786029887418 ], [ 3.013915646287828, 47.822448922785547 ], [ 3.012218489067401, 47.83423736535206 ], [ 3.025307949955709, 47.835918272245614 ], [ 3.031794417739964, 47.841635284884454 ], [ 3.029238827012769, 47.857083432093624 ], [ 3.023194854770538, 47.860990730652397 ], [ 3.010601370187955, 47.862306524768982 ], [ 2.994621904553275, 47.867358495777296 ], [ 3.01237612514245, 47.874042131320472 ], [ 3.009894971124172, 47.889610149400625 ], [ 3.0070804647106, 47.895436759546918 ], [ 3.01566144854073, 47.905822433607099 ], [ 3.030591939836668, 47.907880407420556 ], [ 3.03780039377905, 47.90671375732677 ], [ 3.050494385089471, 47.910639117723335 ], [ 3.05087419758115, 47.924244501199524 ], [ 3.061741853558811, 47.926128293013655 ], [ 3.065209853200728, 47.930513680447717 ], [ 3.078507068675564, 47.931425296519144 ], [ 3.084124916524878, 47.942564545514642 ], [ 3.098398367270811, 47.948782858917134 ], [ 3.105265291515082, 47.946939230439263 ], [ 3.114534517335712, 47.963607291611339 ], [ 3.128420811125036, 47.971044366708313 ], [ 3.1266773873928, 47.99126841691978 ], [ 3.121119076935894, 47.995936733017672 ], [ 3.12408131533101, 48.007042147179959 ], [ 3.115474085311234, 48.012964190928109 ], [ 3.104873384681544, 48.012952517571975 ], [ 3.099661268093882, 48.019211367736766 ], [ 3.102956908498218, 48.024030190583773 ], [ 3.11709860064891, 48.027078421548183 ], [ 3.124217881810404, 48.030974869776585 ], [ 3.124227598285273, 48.031113443210884 ], [ 3.106022687630034, 48.035696400404845 ], [ 3.094494479396546, 48.040289355094423 ], [ 3.089830862506963, 48.049417844935228 ], [ 3.095424907295392, 48.053976744831033 ], [ 3.088316448930736, 48.053931896437007 ], [ 3.080256991129645, 48.06049237727828 ], [ 3.060776585647703, 48.064214224131277 ], [ 3.050221516365736, 48.072156063839834 ], [ 3.049886645075723, 48.088670516283571 ], [ 3.042905014600418, 48.09337682249037 ], [ 3.038346072348364, 48.098845012687043 ], [ 3.037214336189607, 48.107494740755683 ], [ 3.032329184792631, 48.114230629877071 ], [ 3.015899672951619, 48.115796118257954 ], [ 3.029309618936243, 48.133320589754966 ], [ 3.02311911686925, 48.135669626779624 ], [ 3.011765963112707, 48.144980029093865 ], [ 3.003895088551103, 48.144863574155153 ], [ 2.99813800641495, 48.139943369643667 ], [ 2.990960411464257, 48.146896896448418 ], [ 2.963697563677699, 48.15307613810522 ], [ 2.954609562766875, 48.159673162128392 ], [ 2.953220786954703, 48.16517498823552 ], [ 2.936623684076953, 48.163455797460756 ], [ 2.934668852921112, 48.179124916571773 ], [ 2.955347057502528, 48.192510082410514 ], [ 2.970964762134093, 48.194210170032726 ], [ 2.973238733528678, 48.205618265649377 ], [ 2.9890664514014, 48.209230736063844 ], [ 3.004462349250162, 48.207027580703986 ], [ 3.013016566523908, 48.222180183348144 ], [ 3.023091966944413, 48.230447576744837 ], [ 3.018832655513513, 48.235115444169075 ], [ 3.03142826805449, 48.248853079907072 ], [ 3.035817562585394, 48.25112372584578 ], [ 3.047353992990203, 48.249695348252089 ], [ 3.042908117519636, 48.2627902965232 ], [ 3.045468547326259, 48.270740425233249 ], [ 3.024730727788625, 48.276028082603339 ], [ 3.02961414885305, 48.28577744533478 ], [ 3.018596508350959, 48.294957876839369 ], [ 3.027234360774243, 48.300739663328848 ], [ 3.015335734792573, 48.3073034986095 ], [ 3.034384066543289, 48.323381953085573 ], [ 3.043176566133753, 48.332252909155436 ], [ 3.036665322441386, 48.334946124056934 ], [ 3.037063425329455, 48.342664546228015 ], [ 3.04613384739667, 48.357967866744772 ], [ 3.050281543636197, 48.359998576483349 ], [ 3.066319563686101, 48.357668587279527 ], [ 3.078648731351812, 48.361258000781177 ], [ 3.088447395301372, 48.357224082950736 ], [ 3.098663307762896, 48.357668560488605 ], [ 3.099525588914102, 48.351775754214245 ], [ 3.103355658137619, 48.349359492199454 ], [ 3.117045175481817, 48.366514650701674 ], [ 3.12211736278077, 48.368636385500572 ], [ 3.139818724970677, 48.372570926919224 ], [ 3.146855473996943, 48.367283976323343 ], [ 3.152429020568423, 48.371436175028066 ], [ 3.166912161551209, 48.370895745932252 ], [ 3.171566338601988, 48.377422580943737 ], [ 3.181168743990167, 48.374445647171733 ], [ 3.184627759698085, 48.368090346712819 ], [ 3.190507621512713, 48.370962729086102 ], [ 3.204151224652046, 48.364377702268982 ], [ 3.213689630785384, 48.366958283258782 ], [ 3.225787991289873, 48.369912011013554 ], [ 3.251153326311308, 48.365164600290861 ], [ 3.26179500783967, 48.368363352304883 ], [ 3.272318965306433, 48.378829055713666 ], [ 3.282911169372093, 48.381615748109162 ], [ 3.291269327311328, 48.38004175730633 ], [ 3.305204985592486, 48.372952273969737 ], [ 3.311042758393145, 48.37297758256237 ], [ 3.317170484733145, 48.376523196818205 ], [ 3.329798690280843, 48.372228716513987 ], [ 3.336446842772025, 48.373134908779548 ], [ 3.348344926685035, 48.373333554254771 ], [ 3.356692899890636, 48.378503514285299 ], [ 3.356472977401269, 48.371559490650299 ], [ 3.365175415041346, 48.372272540161561 ], [ 3.36284682637173, 48.382368770584712 ], [ 3.367255785842485, 48.394249845712125 ], [ 3.375546438703044, 48.398612484068117 ], [ 3.383439703919975, 48.399244882883579 ], [ 3.394728988510443, 48.395458897548416 ], [ 3.40201476173656, 48.38964139296116 ], [ 3.414735503528071, 48.390187765330374 ], [ 3.412900190903938, 48.378028642053025 ], [ 3.421736456416754, 48.371955206999033 ], [ 3.429301222836382, 48.358565733163971 ], [ 3.437202035517744, 48.364973301225419 ], [ 3.448456682394488, 48.368414873180043 ], [ 3.447326051012439, 48.372489368932719 ], [ 3.460440887668051, 48.375123829409716 ], [ 3.470600845900514, 48.374743839147662 ], [ 3.470823661247009, 48.374441556628483 ], [ 3.474880860813159, 48.369266510481992 ], [ 3.497625275746181, 48.369575352053651 ], [ 3.513173039861063, 48.360625371098543 ], [ 3.522846246805222, 48.348666403316642 ], [ 3.534872983039982, 48.338342408773521 ], [ 3.545029697985147, 48.334340011324066 ], [ 3.54389972720525, 48.319790252957112 ], [ 3.56384389404219, 48.32119500986957 ], [ 3.566809593427875, 48.307575857521805 ], [ 3.587933219669977, 48.300936132915709 ], [ 3.585741201408712, 48.290084255335358 ], [ 3.578054318532516, 48.28697380127025 ], [ 3.58771524255528, 48.279945841226194 ], [ 3.600443315805868, 48.279487824042882 ], [ 3.60190558835132, 48.275920009534666 ], [ 3.615184821607678, 48.272540532949222 ], [ 3.615208797416664, 48.27251611437967 ], [ 3.623857693546032, 48.259298964107835 ], [ 3.624322663167376, 48.254526756753208 ], [ 3.615345476627521, 48.250856803199262 ], [ 3.599546660279388, 48.236569230109538 ], [ 3.604699045378787, 48.230032051494831 ], [ 3.614993152410361, 48.231851413752878 ], [ 3.621767262271224, 48.225663127783001 ], [ 3.613935682399184, 48.220257559236458 ], [ 3.611329264224914, 48.212154801755176 ], [ 3.599885725735211, 48.202072570560176 ], [ 3.575075583186707, 48.188823771292583 ], [ 3.578754336235962, 48.184864569862228 ], [ 3.593916708523425, 48.178676743771973 ], [ 3.623543410181823, 48.192044814565548 ], [ 3.640508253817335, 48.184618618345844 ], [ 3.64613169170103, 48.178261252475068 ], [ 3.650653817863806, 48.168228410950448 ], [ 3.660761513793808, 48.158990237565376 ], [ 3.66790818799453, 48.139286373650719 ], [ 3.690924522540677, 48.145018215970133 ], [ 3.694516048783145, 48.155055732468703 ], [ 3.700279469294462, 48.145375197667384 ], [ 3.705078904583619, 48.144310873167029 ], [ 3.722344945863628, 48.156837755743972 ], [ 3.721139984172299, 48.162556498421409 ], [ 3.714459938171845, 48.170267439488015 ], [ 3.718682356117847, 48.175587790099314 ], [ 3.745481356675949, 48.167534423215344 ], [ 3.751793630522471, 48.161823506442836 ], [ 3.755121899053777, 48.150298450425488 ], [ 3.745723209665095, 48.14531448709451 ], [ 3.739739959121267, 48.138701237842568 ], [ 3.739884108753702, 48.13238414153323 ], [ 3.750751349849659, 48.126055939063683 ], [ 3.756910087872762, 48.125307470041484 ], [ 3.762123465625953, 48.131809704893264 ], [ 3.768580746464543, 48.132975439027263 ], [ 3.774938799028591, 48.12882050002279 ], [ 3.780547909801314, 48.120252633454385 ], [ 3.791787009039585, 48.117707518003265 ], [ 3.794864665989278, 48.11136868870863 ], [ 3.801662132367507, 48.106725111073722 ], [ 3.805650796568961, 48.100514727440299 ], [ 3.797576751255571, 48.092331043517888 ], [ 3.799485617306552, 48.086115964823932 ], [ 3.805477135985248, 48.082230755045344 ], [ 3.826246848939004, 48.063663834785025 ], [ 3.829339411614375, 48.057539707619192 ], [ 3.823918697167105, 48.053215802123759 ], [ 3.830402307738105, 48.04733960769758 ], [ 3.822051556755198, 48.044136841701572 ], [ 3.832198612619954, 48.036359398258362 ], [ 3.843226303364284, 48.03554207937011 ], [ 3.856543257933848, 48.023221966182831 ], [ 3.870526513138954, 48.016892593815534 ], [ 3.870692134512922, 48.002975290570099 ], [ 3.863504231331573, 48.007000695250674 ], [ 3.854742994110979, 48.00343872470156 ], [ 3.839558542710234, 48.003936838762002 ], [ 3.839080702074859, 47.999251452626197 ], [ 3.846919820904318, 47.994647761761883 ], [ 3.850028363224443, 47.983733015956098 ], [ 3.865873346971016, 47.984476004218827 ], [ 3.861704535148111, 47.97657513916797 ], [ 3.879909676383392, 47.979118664289366 ], [ 3.883398854810272, 47.985238449439436 ], [ 3.881535909824895, 48.000338639259759 ], [ 3.885670780611217, 48.000303084291495 ], [ 3.901511670139742, 47.996381290687054 ], [ 3.903563511761708, 47.991682989093832 ], [ 3.914695883943387, 47.975696995883752 ], [ 3.907715324966977, 47.964571448945442 ], [ 3.902083752744958, 47.943259706173997 ], [ 3.903434878823554, 47.938436112334855 ], [ 3.894031576153358, 47.92916507656296 ], [ 3.895582261748609, 47.928606960998422 ], [ 3.904974800239345, 47.92514374598597 ], [ 3.918251346387481, 47.928155663168397 ], [ 3.926261647353375, 47.934810462504252 ], [ 3.948124793980988, 47.930789419598881 ], [ 3.961680615953781, 47.936282733680152 ], [ 3.981191538281792, 47.930166910942908 ], [ 3.985776898539879, 47.930670338568852 ], [ 4.005003280297334, 47.942590202781538 ], [ 4.016258152413508, 47.929390903731324 ], [ 4.025209018022265, 47.928618316038062 ], [ 4.031278452402256, 47.933185028172936 ], [ 4.043805881509718, 47.925823770830775 ], [ 4.058870137142355, 47.931702064465625 ], [ 4.05690356219334, 47.942633492637242 ], [ 4.060762790054068, 47.945785702057243 ], [ 4.077882291781085, 47.942986556157862 ], [ 4.089694285586331, 47.945007084703839 ], [ 4.092687835745389, 47.941279270779248 ], [ 4.091392975550995, 47.929644880293303 ], [ 4.107058451597606, 47.9298133210877 ], [ 4.109674447809694, 47.925995873523419 ], [ 4.122111237109993, 47.931653302095718 ], [ 4.132990135736246, 47.937930177929076 ], [ 4.141839387372168, 47.937107385047547 ], [ 4.140159263465055, 47.942755238740673 ], [ 4.155861457116613, 47.955791862678993 ], [ 4.167214719286021, 47.960136633444499 ], [ 4.184165990516333, 47.955893535611274 ], [ 4.185495624744158, 47.940268917217978 ], [ 4.192557051445607, 47.939418023377961 ], [ 4.207103222623291, 47.944811991136405 ], [ 4.201870544406423, 47.961952004025754 ], [ 4.19554238893208, 47.967874850165963 ], [ 4.203005124712655, 47.973274519679507 ], [ 4.210330836045976, 47.971607184030326 ], [ 4.225815664009029, 47.972090290802228 ], [ 4.228613332563799, 47.961814154629401 ], [ 4.223905248337562, 47.948495812590686 ], [ 4.236971241400354, 47.94084628130777 ], [ 4.242094400802215, 47.932528811656653 ], [ 4.248112650081557, 47.929257212057941 ], [ 4.266492974379562, 47.923956218888819 ], [ 4.2745508029062, 47.923807861594888 ], [ 4.288297382647481, 47.927091678769273 ], [ 4.29279701966587, 47.925881153724625 ], [ 4.302969370286315, 47.937884625159235 ], [ 4.29924484691522, 47.94879054366551 ], [ 4.305767852697216, 47.954334630666651 ], [ 4.312718284088009, 47.962690757462383 ], [ 4.319745608688695, 47.959616681060517 ], [ 4.340350215775147, 47.95804514791449 ], [ 4.343999490906816, 47.956055737895248 ], [ 4.36149205614365, 47.957192821937689 ], [ 4.372435485000381, 47.961642408594017 ], [ 4.397232037150389, 47.962237762876079 ], [ 4.403242902062468, 47.965649447676789 ], [ 4.417200225679855, 47.968678184128372 ], [ 4.426076337871764, 47.96681480594016 ], [ 4.438042674339544, 47.95962771055671 ], [ 4.447132174555745, 47.95638386255348 ], [ 4.453263526241948, 47.959304603218193 ], [ 4.469910763787437, 47.959925690201132 ], [ 4.48418419533485, 47.963672533809238 ], [ 4.492633893003393, 47.968288325130871 ], [ 4.509708706890136, 47.966435729863264 ], [ 4.52901444652298, 47.969763209037502 ], [ 4.552536486581631, 47.967946371679034 ], [ 4.55971069882588, 47.971531933520311 ], [ 4.554997022004176, 47.985989625583436 ], [ 4.545265245378845, 47.988406827545873 ], [ 4.535828343676718, 48.00098309950544 ], [ 4.535718507969153, 48.006772039697708 ], [ 4.549483929357757, 48.004429560667198 ], [ 4.55466644840746, 48.012384506549857 ], [ 4.567090663544801, 48.018594955322271 ], [ 4.570820375057388, 48.024615345104884 ], [ 4.578320895460079, 48.028854261593004 ], [ 4.59912942669963, 48.030513061269247 ], [ 4.610196331340648, 48.0288005481829 ], [ 4.616545716422049, 48.031296751525034 ], [ 4.621959317350436, 48.02438343551033 ], [ 4.647583357068306, 48.025695380337986 ], [ 4.655876660656004, 48.016973169003478 ], [ 4.665379430312965, 48.020996627318979 ], [ 4.673262048164636, 48.015270874039665 ], [ 4.69882703088945, 48.023905641352208 ], [ 4.70434621982116, 48.020293820189927 ], [ 4.7199206032359, 48.009143421646804 ], [ 4.749296639196844, 48.004246587871428 ], [ 4.789488927544798, 48.008111263546404 ], [ 4.793244846481801, 47.996539465029038 ], [ 4.810588224441771, 47.988653992985356 ], [ 4.794635815235512, 47.984468861845102 ], [ 4.786148566847345, 47.971538653327968 ], [ 4.786515251763801, 47.964201285167057 ], [ 4.80207606353851, 47.962585609401671 ], [ 4.815964682069347, 47.959441809216479 ], [ 4.845185948425723, 47.961248857261097 ], [ 4.856124644632611, 47.953275641595503 ], [ 4.865121473733498, 47.941686371954873 ], [ 4.855513498202508, 47.932054279532878 ], [ 4.8471517041441, 47.928996662004977 ], [ 4.831212824159033, 47.917864142756201 ], [ 4.829423791557797, 47.912426913208179 ], [ 4.834034391784263, 47.906781834120572 ], [ 4.856787909678283, 47.895631553811896 ], [ 4.859222847856691, 47.901787403816023 ], [ 4.875980480975839, 47.920291202934806 ], [ 4.894336986322061, 47.923025779352827 ], [ 4.90290943586282, 47.921036363417649 ], [ 4.905966325709274, 47.916470401258856 ], [ 4.914002263952795, 47.905585623637037 ], [ 4.919423634730359, 47.894412564896236 ], [ 4.928575543875975, 47.8862324242806 ], [ 4.927454903549489, 47.871545320813837 ], [ 4.945448202868003, 47.866241142103171 ], [ 4.954099564812769, 47.866767159312104 ], [ 4.963404297425438, 47.852205756514579 ], [ 4.960134235778789, 47.845575940776015 ], [ 4.973253549381289, 47.831197227894094 ], [ 4.984695666080065, 47.828868610049504 ], [ 4.98430478017923, 47.824342270433334 ], [ 4.984957744723983, 47.825253113163022 ], [ 4.994126637629452, 47.819746154606833 ], [ 4.991528836354959, 47.807918992535427 ], [ 4.982404049171841, 47.799790040790484 ], [ 4.964508952788526, 47.795255934737128 ], [ 4.955247492603529, 47.789595832402078 ], [ 4.94308211320691, 47.785713594356714 ], [ 4.917962007038912, 47.777094036192182 ], [ 4.920756205240224, 47.772803341361502 ], [ 4.91691578621516, 47.766848665138014 ], [ 4.930739800771648, 47.761333148802088 ], [ 4.939955594510911, 47.762211671580289 ], [ 4.958991959376116, 47.761870409833072 ], [ 4.95994840389985, 47.751545763247947 ], [ 4.966143064925222, 47.740562355957579 ], [ 4.960489605117377, 47.732816236853772 ], [ 4.971540771063442, 47.731081995413575 ], [ 4.963496342417988, 47.722174302605026 ], [ 4.965819515628046, 47.715237798213202 ], [ 4.956913934403216, 47.709049628479896 ], [ 4.954632664385699, 47.701152160291954 ], [ 4.970284871788384, 47.69236949118487 ], [ 4.968567641898073, 47.687324024133304 ], [ 4.979308765697766, 47.686226114411483 ], [ 4.992273960509501, 47.688315326068569 ], [ 5.003118648062052, 47.694591931459762 ], [ 5.004082117623504, 47.70035393111705 ], [ 5.029155372432103, 47.709920998248421 ], [ 5.03393612055774, 47.701666256186542 ], [ 5.029122303212477, 47.697457833740778 ], [ 5.032794508656473, 47.692333079803845 ], [ 5.06080706729574, 47.694846378418518 ], [ 5.053160922829567, 47.686594770088576 ], [ 5.050284668443167, 47.679867184780939 ], [ 5.044430707955571, 47.677407228167816 ], [ 5.053419199430474, 47.668376371586731 ], [ 5.061830023596609, 47.667268475506276 ], [ 5.069158820602586, 47.66858137919737 ], [ 5.083654152561403, 47.660441754392743 ], [ 5.086126152385099, 47.656617759328228 ], [ 5.101516960512289, 47.65958432701018 ], [ 5.108874341417499, 47.649687715839768 ], [ 5.116601179998067, 47.65189266463662 ], [ 5.117435261862057, 47.649439225274463 ], [ 5.122588249617203, 47.64706495667339 ], [ 5.142820881344603, 47.655668306557779 ], [ 5.156472527871763, 47.668216648378063 ], [ 5.16045515822515, 47.6781431393293 ], [ 5.178439513388894, 47.680982440259911 ], [ 5.173262843519383, 47.666476650390834 ], [ 5.173196595316776, 47.653370342576459 ], [ 5.188385074717851, 47.649610251194041 ], [ 5.188581553353912, 47.649559747804979 ], [ 5.198158165708196, 47.644374389020747 ], [ 5.211408715344456, 47.641887579058171 ], [ 5.229229214606761, 47.625560294058914 ], [ 5.237369771814495, 47.621037340520225 ], [ 5.236937984749249, 47.616772892428429 ], [ 5.242872333867886, 47.61819974537984 ], [ 5.249048655973799, 47.621599976393632 ], [ 5.258722171608671, 47.622166941663501 ], [ 5.238112299537319, 47.596502325343543 ], [ 5.247637800870917, 47.589774548018795 ], [ 5.256225133497778, 47.576552610973458 ], [ 5.268533011642487, 47.581462964785253 ], [ 5.277888592232288, 47.581573342732554 ], [ 5.277698842241076, 47.590138067562101 ], [ 5.293989918413024, 47.597873897038006 ], [ 5.298208779796017, 47.604336603068241 ], [ 5.306285203194553, 47.607257000560608 ], [ 5.313076136538673, 47.606027622247041 ], [ 5.322460101423799, 47.612409539993173 ], [ 5.339160377397458, 47.609541176994284 ], [ 5.342694101352975, 47.604949759536197 ], [ 5.341939830820198, 47.597498759554981 ], [ 5.355716061186188, 47.59169591201934 ], [ 5.366806214981948, 47.604940590544444 ], [ 5.373840369276865, 47.604484362184543 ], [ 5.372333279267853, 47.618482016107471 ], [ 5.385682855804924, 47.63505411209951 ], [ 5.405611954215569, 47.648129607957955 ], [ 5.39883828181389, 47.653079412958071 ], [ 5.402694997055211, 47.656683232254878 ], [ 5.406511631937629, 47.673535946631581 ], [ 5.424660097581175, 47.676322519892643 ], [ 5.435205320101147, 47.671035216762306 ], [ 5.443919202629801, 47.670569655473656 ], [ 5.471437079540981, 47.675582297842013 ], [ 5.474541658223799, 47.680764845299592 ], [ 5.482769602032652, 47.684638214468393 ], [ 5.507050776822856, 47.676598738638198 ], [ 5.510068818777175, 47.674232193888265 ], [ 5.526746315465022, 47.672828189970971 ], [ 5.537595046054251, 47.679766872486411 ], [ 5.550421043863048, 47.692375409080007 ], [ 5.564385292630623, 47.702588306351515 ], [ 5.567374543452525, 47.707203731289674 ], [ 5.570487575731887, 47.706685976568849 ], [ 5.581705134515524, 47.703074423847013 ], [ 5.584600277510154, 47.690976388179763 ], [ 5.591653835609949, 47.684211028361588 ], [ 5.59682249324928, 47.672019728085061 ], [ 5.606092898611487, 47.675206717979485 ], [ 5.616916763571015, 47.673506825102258 ], [ 5.631343170853532, 47.677247213093665 ], [ 5.648277458530127, 47.675403972146817 ], [ 5.653183445865386, 47.677177630827053 ], [ 5.659658082991505, 47.684725998077106 ], [ 5.66738260914226, 47.685522620603827 ], [ 5.672031418675545, 47.682001401936937 ], [ 5.680990213277086, 47.686632451933839 ], [ 5.691124584470558, 47.684716360675168 ], [ 5.693676087920691, 47.690524989089838 ], [ 5.693535021482089, 47.704808950893884 ], [ 5.684203730967322, 47.712278627837776 ], [ 5.685059898459327, 47.722831790375395 ], [ 5.695912176693753, 47.72523619823226 ], [ 5.688628874066406, 47.730528101735011 ], [ 5.693157085615113, 47.737636661134999 ], [ 5.709435789815047, 47.745128299581864 ], [ 5.706237336064115, 47.751183918267799 ], [ 5.707653512704254, 47.761724758165045 ], [ 5.707526644706159, 47.767553453777808 ], [ 5.695795767224945, 47.770531234974264 ], [ 5.680006384674959, 47.770085915337944 ], [ 5.682126985717002, 47.775531623733031 ], [ 5.67638202741915, 47.779137385302768 ], [ 5.681195330099016, 47.797764892199595 ], [ 5.681790366865843, 47.809326763991258 ], [ 5.6854207203269, 47.812838548339059 ], [ 5.692725048415661, 47.821803235791634 ], [ 5.70021583503288, 47.823885827679206 ], [ 5.713617259862813, 47.821451040178069 ], [ 5.727919030300027, 47.818422788518497 ], [ 5.73143220514224, 47.817629524849899 ], [ 5.742002161956234, 47.819428738805193 ], [ 5.746092027617609, 47.823563769658378 ], [ 5.746750370763535, 47.840677645091446 ], [ 5.744201715140425, 47.848853888011305 ], [ 5.753418598544329, 47.851779809213689 ], [ 5.761196771811132, 47.85933796407712 ], [ 5.767298666525231, 47.855743272118126 ], [ 5.774755068065457, 47.858039985020717 ], [ 5.786577885179735, 47.855171487722856 ], [ 5.798879822126617, 47.855706139378952 ], [ 5.796156541208866, 47.846725911065413 ], [ 5.805603548057382, 47.847345873980778 ], [ 5.828425228609042, 47.851931736561035 ], [ 5.824670285464415, 47.859394278443851 ], [ 5.820643215558816, 47.869110978269134 ], [ 5.836682797263603, 47.885275579159803 ], [ 5.837479456404908, 47.891238696166567 ], [ 5.845095597571608, 47.89708620740889 ], [ 5.848004712869502, 47.903510429474515 ], [ 5.856287757800659, 47.903800867582248 ], [ 5.873502825776417, 47.900505208387678 ], [ 5.886739959400597, 47.902823555734905 ], [ 5.890647415041405, 47.910115635790149 ], [ 5.886853226408968, 47.914434433380848 ], [ 5.889579472252213, 47.920587530862093 ], [ 5.88474580283853, 47.926182654813168 ], [ 5.897659675527308, 47.930942949330884 ], [ 5.892904334004034, 47.937140708281056 ], [ 5.900601007368555, 47.944567752557781 ], [ 5.907813907461542, 47.946433684506253 ], [ 5.918016250506843, 47.947441486907657 ], [ 5.920482976006882, 47.956598256763655 ], [ 5.918834819426382, 47.966865827060133 ], [ 5.921328610518009, 47.971020213268659 ], [ 5.92738850162968, 47.974390565776368 ], [ 5.936887246959171, 47.979004855666652 ], [ 5.947527815869153, 47.979712022029894 ], [ 5.949543898031211, 47.972943332554955 ], [ 5.959695902901323, 47.966552612149805 ], [ 5.93778490625939, 47.950922074032732 ], [ 5.928684399892689, 47.938114561763363 ], [ 5.947503118173794, 47.936223618384588 ], [ 5.955611668710341, 47.938276695547572 ], [ 5.969022692238071, 47.94750531392593 ], [ 5.970533654336147, 47.957200528134294 ], [ 5.992418677159939, 47.95806271703978 ], [ 6.002266012960422, 47.956088697130106 ], [ 6.01254919898705, 47.97215491901629 ], [ 6.022961136855209, 47.977129885037215 ], [ 6.024949664857862, 47.991829331281359 ], [ 6.041132405099018, 48.00447298012606 ], [ 6.055706153509113, 48.008823264761837 ], [ 6.073195517583422, 48.01593519593164 ], [ 6.085550131570504, 48.013453054496445 ], [ 6.097739204269867, 48.015042835654953 ], [ 6.109391321233717, 48.01261808133107 ], [ 6.113698150429713, 48.017725839561052 ], [ 6.131306229357558, 48.024135471004598 ], [ 6.138617915460026, 48.017188757536594 ], [ 6.148350389699932, 48.014442065703506 ], [ 6.156189407237818, 48.006764006656752 ], [ 6.152799606212877, 47.99612845445445 ], [ 6.160711105825743, 47.98945128272269 ], [ 6.157365915999677, 47.984176068446935 ], [ 6.165073937883382, 47.975972855220519 ], [ 6.16265557202635, 47.972714564935252 ], [ 6.150161823554535, 47.970139226635048 ], [ 6.155399430612, 47.964513768490313 ], [ 6.161247948379768, 47.958290669516423 ], [ 6.167988995789302, 47.952352981733334 ], [ 6.18201420894016, 47.956304346665114 ], [ 6.197366854211829, 47.951792167640185 ], [ 6.20804793504171, 47.942543677423195 ], [ 6.205225273006016, 47.932016941784276 ], [ 6.214336969255528, 47.930415046107896 ], [ 6.219218287470953, 47.935741351710391 ], [ 6.237982934301377, 47.932840414296457 ], [ 6.243242725562571, 47.939643314041028 ], [ 6.250900933301883, 47.939230730202773 ], [ 6.262955906906375, 47.94614085627159 ], [ 6.277332094534344, 47.953805619682527 ], [ 6.294366441691449, 47.955752108553298 ], [ 6.307281616527359, 47.95013619815736 ], [ 6.320124669929784, 47.949769402185922 ], [ 6.334705561011943, 47.955929983252936 ], [ 6.34461438930111, 47.954282775201605 ], [ 6.36499517531419, 47.962569560047967 ], [ 6.385166905781976, 47.958577135950804 ], [ 6.405357897734503, 47.953112332944791 ], [ 6.408338636189281, 47.943287568020509 ], [ 6.431590370559104, 47.943853597917531 ], [ 6.436306145652352, 47.936497632929864 ], [ 6.46043564738634, 47.913450596585093 ], [ 6.455962853744966, 47.906764942318141 ], [ 6.470208663419132, 47.894554448801706 ], [ 6.478264588208606, 47.885443490703963 ], [ 6.50321377343128, 47.896218575025124 ], [ 6.519509358182082, 47.899913625235151 ], [ 6.542015971756595, 47.902527311527749 ], [ 6.543961351047007, 47.908445852355023 ], [ 6.552375524093241, 47.911742711162908 ], [ 6.558175750266949, 47.923022495117181 ], [ 6.558325569904244, 47.923217946860262 ], [ 6.563411095156135, 47.931385015428283 ], [ 6.583948442543305, 47.940227221966246 ], [ 6.601250853645697, 47.944476164559205 ], [ 6.613038376017975, 47.9359394728178 ], [ 6.627362446378005, 47.930089760960151 ], [ 6.633976283429548, 47.920795096490473 ], [ 6.64190175615612, 47.917756647254905 ], [ 6.639283834506944, 47.910287272465965 ], [ 6.645139780316144, 47.904126122213462 ], [ 6.662082958551344, 47.897690273992332 ], [ 6.666931400494277, 47.893774724003464 ], [ 6.686834226265744, 47.888261505982904 ], [ 6.691752074498162, 47.885901301668518 ], [ 6.703676313183982, 47.88141792078379 ], [ 6.710404421401734, 47.875928288954007 ], [ 6.735363849934095, 47.865051212686467 ], [ 6.737184316041438, 47.864949056412243 ], [ 6.741079355976636, 47.861871381639325 ], [ 6.763884055866317, 47.857427554466078 ], [ 6.764464756057825, 47.853457064117514 ], [ 6.78495536794249, 47.849560780160793 ], [ 6.792224597403422, 47.842221181150599 ], [ 6.788779665234435, 47.834980144320085 ], [ 6.792137170190323, 47.830497891644889 ], [ 6.823607588829404, 47.81328395651088 ], [ 6.833966327142686, 47.81859868710869 ], [ 6.839399034995719, 47.824667894756594 ], [ 6.845879068477937, 47.82289379702523 ], [ 6.841013850427824, 47.818983256873572 ], [ 6.842969791069539, 47.812822418867306 ], [ 6.850557805336781, 47.806809880465671 ], [ 6.851596407090707, 47.797995516034483 ], [ 6.8600470269588, 47.794347149542858 ], [ 6.865381080087213, 47.784888915541529 ], [ 6.872001276926097, 47.781774873083478 ], [ 6.88180735164512, 47.78209710875781 ], [ 6.891895740001893, 47.778747879529156 ], [ 6.902299450123576, 47.776633484825652 ], [ 6.907661609765451, 47.77768914346327 ], [ 6.922290252172382, 47.772401268003769 ], [ 6.922754243474055, 47.77187747168837 ], [ 6.925450563855485, 47.769560332636864 ], [ 6.940641144814783, 47.771332446543518 ], [ 6.943466058670093, 47.766559383462607 ], [ 6.954437310471572, 47.761166951976804 ], [ 6.985159124669926, 47.749113007853069 ], [ 6.999010932372541, 47.745952919524427 ], [ 7.012891894625114, 47.741445522950649 ], [ 7.015834187910758, 47.743803948054428 ], [ 7.020966921019158, 47.73460011757809 ], [ 7.032486052519548, 47.726114058208523 ], [ 7.0377846712264, 47.721622398942799 ], [ 7.027547865222864, 47.705316173927159 ], [ 7.026476379037989, 47.700963158781789 ], [ 7.038230609177027, 47.69262120949351 ], [ 7.036363976363157, 47.692156669626208 ], [ 7.038581545454162, 47.687830644419797 ], [ 7.047452419394724, 47.682667699370015 ], [ 7.037450504223044, 47.675372928806645 ], [ 7.041367329499924, 47.672367867718023 ], [ 7.040790447460861, 47.665165101982907 ], [ 7.034003430896497, 47.661251219348145 ], [ 7.039304430148058, 47.650505116366723 ], [ 7.018948351076992, 47.650917368127409 ], [ 7.016607686215403, 47.645378563443082 ], [ 7.01054082910666, 47.630308069332081 ], [ 7.006600550494147, 47.626415659335429 ], [ 7.005010201733308, 47.619599912344761 ], [ 7.010315566985191, 47.604741385070916 ], [ 7.009103594708197, 47.599536716348737 ], [ 7.021557354113087, 47.593684968692621 ], [ 7.019647435010991, 47.588635104565341 ], [ 7.025492661238848, 47.592741651481489 ], [ 7.034080739823086, 47.594553036421665 ], [ 7.038611918168174, 47.599425450451868 ], [ 7.046589859343223, 47.601042575857896 ], [ 7.054352650330844, 47.598558510595097 ], [ 7.064268011559369, 47.601200369381324 ], [ 7.074059127616667, 47.598920073729296 ], [ 7.074240721277029, 47.598907421514674 ], [ 7.078190652885701, 47.596905455175246 ], [ 7.085290758748554, 47.593169755843803 ], [ 7.086460720651311, 47.585549507897596 ], [ 7.088926065706764, 47.583767682203572 ], [ 7.094137132889818, 47.573497071965143 ], [ 7.105441637397733, 47.569119177988412 ], [ 7.107875447366596, 47.558653476387754 ], [ 7.105710313830664, 47.5516045679434 ], [ 7.118899458672497, 47.547585049129744 ], [ 7.131568665045745, 47.540275254049675 ], [ 7.132986684794084, 47.53952278593033 ], [ 7.138101696491282, 47.530649188776856 ], [ 7.141985688040534, 47.525160506831561 ], [ 7.137821561130352, 47.510550973801017 ], [ 7.130257331923069, 47.502946799022276 ], [ 7.112525326734039, 47.495108736806756 ], [ 7.096906928076112, 47.495174536449447 ], [ 7.091420142891437, 47.494714921733717 ], [ 7.074851482299025, 47.488188847851255 ], [ 7.072067968096721, 47.492376646580446 ], [ 7.060765102873444, 47.495387235254839 ], [ 7.052429449677364, 47.495113472006516 ], [ 7.036649959811824, 47.499203979458514 ], [ 7.024933770363704, 47.504292941623689 ], [ 7.003717949419339, 47.500740466361449 ], [ 6.982856566330059, 47.494298724178236 ], [ 6.988649325600227, 47.486897989079559 ], [ 6.988295929182969, 47.473101912650137 ], [ 6.991705428361239, 47.466399929040051 ], [ 7.000484843112849, 47.467201614116988 ], [ 7.002182484412258, 47.454163122025811 ], [ 6.990194620517638, 47.44797902917341 ], [ 6.980981604434912, 47.44923392336753 ], [ 6.970285775503321, 47.447110075131725 ], [ 6.966284396604618, 47.437652042022336 ], [ 6.940302981815963, 47.433323050271092 ], [ 6.941546791653717, 47.415703470131945 ], [ 6.93843432909006, 47.406081049960513 ], [ 6.917183531599312, 47.405345461596184 ], [ 6.915489707432925, 47.397157372020693 ], [ 6.909534796952852, 47.396190689831819 ], [ 6.912068733561576, 47.386192790170021 ], [ 6.895095293267663, 47.381707707895124 ], [ 6.883599611562521, 47.372865092054006 ], [ 6.884923839530682, 47.367430108382024 ], [ 6.879363312575094, 47.357780065094673 ], [ 6.879644889895755, 47.352543079372289 ], [ 6.901217096592844, 47.358854087295846 ], [ 6.924077499939476, 47.355179660040569 ], [ 6.935514657937143, 47.357562349247836 ], [ 6.952091410776798, 47.359975531028624 ], [ 6.974588471936835, 47.360144125724638 ], [ 6.989341790610839, 47.363649247289295 ], [ 6.994344892723928, 47.36322667317333 ], [ 7.007403892716138, 47.368119168325173 ], [ 7.011515426165382, 47.372425501838222 ], [ 7.034078418057875, 47.369667200446983 ], [ 7.049936604756382, 47.361430798834093 ], [ 7.054720701549604, 47.347508355526564 ], [ 7.062388805806169, 47.344105128250845 ], [ 7.052933308059394, 47.336688041645495 ], [ 7.056961288836153, 47.334402836648522 ], [ 7.045644417900418, 47.326495908062242 ], [ 7.03384774252098, 47.328311000087282 ], [ 7.00999093499415, 47.324526353515843 ], [ 7.01618682705471, 47.314676113102372 ], [ 7.009763616028191, 47.302756466563032 ], [ 6.995976598883981, 47.295723676825389 ], [ 6.976427519360124, 47.296304595779297 ], [ 6.97275499300013, 47.291260131069777 ], [ 6.953440073394275, 47.292245637962267 ], [ 6.947765217948942, 47.290976947199439 ], [ 6.945466515487866, 47.289298414780873 ], [ 6.941017218050332, 47.286689733646668 ], [ 6.95186793295282, 47.270171361430528 ], [ 6.951698993374041, 47.262008808027637 ], [ 6.947537395105023, 47.2502812324419 ], [ 6.955553560006699, 47.243024785541174 ], [ 6.942719394474337, 47.237537460285701 ], [ 6.940835208885984, 47.231534344669143 ], [ 6.92792685262167, 47.228665636655052 ], [ 6.9211260485211, 47.220568238335929 ], [ 6.90996134259199, 47.218192031120836 ], [ 6.907132223439854, 47.214689237947482 ], [ 6.893366446633213, 47.207823886054662 ], [ 6.880697633220965, 47.200549770824438 ], [ 6.873861741882296, 47.190529340017768 ], [ 6.861301356128267, 47.179531542548354 ], [ 6.840730664844686, 47.170801506016183 ], [ 6.843343905742475, 47.16723189806649 ], [ 6.858269486354032, 47.164335671520774 ], [ 6.849901723489158, 47.156439105811252 ], [ 6.826383389912568, 47.144210293736883 ], [ 6.817304951790802, 47.137728574756892 ], [ 6.80922881707593, 47.13569377572469 ], [ 6.806293923892786, 47.130874490989591 ], [ 6.767447634437554, 47.121066841545648 ], [ 6.756500259082229, 47.117006634419404 ], [ 6.744059042600417, 47.109588659795946 ], [ 6.746508044837702, 47.099528960269637 ], [ 6.744567204989565, 47.092684130543319 ], [ 6.73517747497227, 47.089605423143063 ], [ 6.725694457004056, 47.091880102289828 ], [ 6.715079649609079, 47.088412081762499 ], [ 6.700079282589507, 47.069690285662105 ], [ 6.691506640541385, 47.06667486819196 ], [ 6.701863763945917, 47.058600158774851 ], [ 6.708466504835596, 47.058048480949893 ], [ 6.711506186159276, 47.048040808102087 ], [ 6.696539663718276, 47.037306879452906 ], [ 6.677920425232545, 47.0354907150709 ], [ 6.659196182092984, 47.027343300089619 ], [ 6.65362338196456, 47.022342830679072 ], [ 6.64604592640436, 47.009560605111652 ], [ 6.633577005203158, 46.998150704669058 ], [ 6.617972995121397, 46.991647264743065 ], [ 6.596193612662799, 46.992385271360249 ], [ 6.584300231253993, 46.987538081138965 ], [ 6.571881611533289, 46.982043565423638 ], [ 6.537294467440788, 46.973465550358668 ], [ 6.517329860341304, 46.970559751123588 ], [ 6.504806567898219, 46.965694177371546 ], [ 6.496484381019624, 46.974144514614068 ], [ 6.490921694770748, 46.970441412894175 ], [ 6.472714406796716, 46.956921465534997 ], [ 6.46033810022975, 46.943834921716416 ], [ 6.444812281359328, 46.933378325286476 ], [ 6.432689024464739, 46.928682610731222 ], [ 6.435884002839431, 46.92163810191591 ], [ 6.447703530372511, 46.911236280631343 ], [ 6.457924471989665, 46.900785572832021 ], [ 6.464618387729253, 46.890356206571617 ], [ 6.461394732736932, 46.862307505154433 ], [ 6.46002869671932, 46.851297555069713 ], [ 6.44316016876675, 46.832711907251024 ], [ 6.439511510767285, 46.823977241018575 ], [ 6.440834158274048, 46.815820171698697 ], [ 6.43104064081218, 46.812357447829619 ], [ 6.434787194920858, 46.801488318725681 ], [ 6.441503945462055, 46.797845498945392 ], [ 6.458415144489081, 46.788776718617505 ], [ 6.448885888813181, 46.773263261615369 ], [ 6.438443712197735, 46.766678151609604 ], [ 6.438191936836088, 46.761776558326687 ], [ 6.419342867633029, 46.753137643154254 ], [ 6.395198916049535, 46.748470157029871 ], [ 6.388399904400446, 46.743294266075097 ], [ 6.39202192578342, 46.73897041175659 ], [ 6.383927623171218, 46.731034228859706 ], [ 6.371046910498223, 46.730689603008621 ], [ 6.371697748247174, 46.724120348280735 ], [ 6.360162664957752, 46.723086124549567 ], [ 6.357299638098328, 46.719724544952214 ], [ 6.341232394839398, 46.710119716041376 ], [ 6.32511282619975, 46.706474014096145 ], [ 6.298227683373507, 46.694808158594576 ], [ 6.281993412968665, 46.69067415736847 ], [ 6.270500405985417, 46.68318105445907 ], [ 6.267255259036022, 46.676210941951226 ], [ 6.257258684429543, 46.66979054566027 ], [ 6.232755730827871, 46.654458481784921 ], [ 6.227569930859561, 46.64819186610471 ], [ 6.212708620066896, 46.640650319240692 ], [ 6.204046211947893, 46.636287002577973 ], [ 6.196503996647706, 46.628657532284869 ], [ 6.179498047835206, 46.620102972828491 ], [ 6.175079558947771, 46.614003040292147 ], [ 6.161198576652018, 46.609965067017967 ], [ 6.126520016439851, 46.589919625043386 ], [ 6.121851523026817, 46.584006692223745 ], [ 6.110472921940943, 46.57643872907223 ], [ 6.137963877979948, 46.557802243324701 ], [ 6.156662038634406, 46.545297910040375 ], [ 6.153470951185708, 46.536789748556984 ], [ 6.143684568026581, 46.527737591544842 ], [ 6.137957560051223, 46.53099397813574 ], [ 6.120767358215383, 46.516972111237727 ], [ 6.112604578990252, 46.509564626262332 ], [ 6.09690077396278, 46.481299652438416 ], [ 6.0727934518517, 46.465443562845373 ], [ 6.074414657412964, 46.453510310428676 ], [ 6.086297852279296, 46.443463688531644 ], [ 6.074569286749632, 46.43217343245292 ], [ 6.063857350782005, 46.416389647447431 ], [ 6.060147193152211, 46.41791119839808 ], [ 6.052753528920602, 46.411749915878019 ], [ 6.035859843887129, 46.391718868690226 ], [ 6.014725308408664, 46.376425072748425 ], [ 5.994035132800895, 46.366740738728261 ], [ 5.9840706875327, 46.363883231415201 ], [ 5.979802154257791, 46.35418449232251 ], [ 5.975201909751437, 46.350292020435937 ], [ 5.966751097548999, 46.342546524685091 ], [ 5.941406981247941, 46.309401517547556 ], [ 5.926039046786288, 46.313809035832627 ], [ 5.918065387652754, 46.309089139702294 ], [ 5.916188556741346, 46.292910394610871 ], [ 5.909131502744077, 46.28384306102032 ], [ 5.89461880672657, 46.286636007146882 ], [ 5.888754279794788, 46.279224006473228 ], [ 5.875673636316276, 46.267589832777198 ], [ 5.869210604394355, 46.265276807524153 ], [ 5.863533541705873, 46.271297478344685 ], [ 5.852895361042215, 46.261419526344504 ], [ 5.826245698352314, 46.261804287914181 ], [ 5.818200107833205, 46.262986869717949 ], [ 5.765579082201772, 46.26807836003556 ], [ 5.751347937721567, 46.265918428262424 ], [ 5.743929292346821, 46.266843580070521 ], [ 5.733356564746289, 46.263774137237334 ], [ 5.725178302665053, 46.260686969644496 ], [ 5.715650170389559, 46.282899398571821 ], [ 5.719293976188084, 46.293462363325972 ], [ 5.714595090198946, 46.309022250561149 ], [ 5.684528166948918, 46.310996257829331 ], [ 5.683321537289505, 46.315872036120005 ], [ 5.669381724285519, 46.323802074662638 ], [ 5.652724036200458, 46.323246008099957 ], [ 5.643734956398192, 46.325178519815303 ], [ 5.649901069675902, 46.334149581879167 ], [ 5.649754486918149, 46.340303969670146 ], [ 5.643367138893512, 46.344849957424621 ], [ 5.637458265137247, 46.336441111507483 ], [ 5.630515124966502, 46.330204692985063 ], [ 5.618165439519029, 46.329167401898552 ], [ 5.611066092425009, 46.32430472368997 ], [ 5.606263220747459, 46.313904047220234 ], [ 5.604579305634249, 46.309396297827547 ], [ 5.596805804781894, 46.296632368690091 ], [ 5.587037601677846, 46.292533698745856 ], [ 5.57715664394163, 46.294425426731507 ], [ 5.564991759684422, 46.293554078758007 ], [ 5.558750777623363, 46.283026348730957 ], [ 5.541732752906199, 46.26978707954531 ], [ 5.511348787755415, 46.264469397987796 ], [ 5.499589113395677, 46.268200455562877 ], [ 5.472208567415782, 46.267340764350656 ], [ 5.457148714151757, 46.27443183311027 ], [ 5.458911345462169, 46.290705711228746 ], [ 5.465954921193304, 46.291824584352668 ], [ 5.475300549933495, 46.315382606408285 ], [ 5.468895997552031, 46.316999985415663 ], [ 5.465178306170181, 46.323540931601407 ], [ 5.454003539145936, 46.317905539320058 ], [ 5.444303391004635, 46.318712269842266 ], [ 5.437146947817779, 46.315126839461925 ], [ 5.431336204828705, 46.332932957239109 ], [ 5.425681745274151, 46.339775042919015 ], [ 5.423658482009662, 46.347683797846692 ], [ 5.417259702975691, 46.345312486157077 ], [ 5.413521622255614, 46.316716287092802 ], [ 5.410233554846624, 46.3091066830644 ], [ 5.404055056314228, 46.314766918026166 ], [ 5.403894631253503, 46.329221482692866 ], [ 5.401691116383081, 46.332793122657236 ], [ 5.40197866176229, 46.339042828806313 ], [ 5.392933586078812, 46.340531269674031 ], [ 5.379464434827506, 46.346331145330936 ], [ 5.373518749245427, 46.352188283605344 ], [ 5.375441561100256, 46.35826338534887 ], [ 5.377177709896482, 46.364016233312235 ], [ 5.362724612398385, 46.369443487850575 ], [ 5.364913272310736, 46.372863772122308 ], [ 5.375657070841293, 46.380343850130458 ], [ 5.367013625093339, 46.388480036632295 ], [ 5.351645388126761, 46.393902176101037 ], [ 5.353346201007874, 46.397235437595967 ], [ 5.339160304824399, 46.402074689289279 ], [ 5.334785860143216, 46.397618553184465 ], [ 5.309117182809066, 46.410347417986678 ], [ 5.314358955553182, 46.41639403795709 ], [ 5.307495373917193, 46.416903251511513 ], [ 5.309014096215315, 46.424540541208444 ], [ 5.320072961124394, 46.427700807257494 ], [ 5.314496041927135, 46.445621030883984 ], [ 5.31062664168305, 46.446940749239232 ], [ 5.306645620114281, 46.44543934840334 ], [ 5.292067239773136, 46.449951497127834 ], [ 5.283784364350121, 46.445583527502194 ], [ 5.273736549527691, 46.448488317001498 ], [ 5.248001078200664, 46.459148239558843 ], [ 5.236144757879586, 46.457757679597243 ], [ 5.225210318911043, 46.468567474531923 ], [ 5.214607199320889, 46.46866449747634 ], [ 5.206079138432772, 46.486478952026914 ], [ 5.203590121810467, 46.504823143962199 ], [ 5.19367253590004, 46.50912960735986 ], [ 5.182558065996792, 46.509456710234602 ], [ 5.165751435502513, 46.517703211739892 ], [ 5.165568024208197, 46.509738328062909 ], [ 5.146546800711035, 46.506946071562069 ], [ 5.134935707115064, 46.509074023144564 ], [ 5.134123044159453, 46.501480322526206 ], [ 5.116235755078424, 46.49629289512027 ], [ 5.107432455364679, 46.49186339689205 ], [ 5.095696769583121, 46.499252882874572 ], [ 5.085582670099049, 46.490426596751966 ], [ 5.071415475905583, 46.48589757376412 ], [ 5.054704511236233, 46.484113969270751 ], [ 5.040541229530789, 46.491456645528118 ], [ 5.028721322760557, 46.491769728002872 ], [ 5.026140038215287, 46.495903103860641 ], [ 5.014401924345981, 46.50036296137813 ], [ 5.010413800356232, 46.511205123983153 ], [ 4.992215631831415, 46.512176665014209 ], [ 4.979941975050067, 46.515281187616992 ], [ 4.965789307669374, 46.513645533224718 ], [ 4.962134641646657, 46.508420137351763 ], [ 4.948675789374308, 46.501421097728752 ], [ 4.944358490228358, 46.50475521892281 ], [ 4.943003861576247, 46.514949189291926 ], [ 4.935700398983657, 46.514332658129732 ], [ 4.93348462650837, 46.512482239069314 ], [ 4.929267067672652, 46.504162390249611 ], [ 4.927057089475295, 46.499321372733981 ], [ 4.915476399231568, 46.488827199582282 ], [ 4.914451037028985, 46.481388244428011 ], [ 4.914540636974949, 46.48011493036158 ], [ 4.9160252313323, 46.473420229308495 ], [ 4.91427158620271, 46.462457242534363 ], [ 4.912229926781639, 46.459171381060841 ], [ 4.894183834943115, 46.445474901723451 ], [ 4.892494315668724, 46.442596297492273 ], [ 4.891139971443854, 46.438406080261018 ], [ 4.891363505527965, 46.427975668607495 ], [ 4.888737322587687, 46.417430296471096 ], [ 4.888466428317462, 46.403309686764381 ], [ 4.888006208243478, 46.402689499100077 ], [ 4.874086620989132, 46.384935196875212 ], [ 4.865725133340629, 46.375706586605105 ], [ 4.858681705029296, 46.368078116213738 ], [ 4.85119217364198, 46.352328412601082 ], [ 4.852930358793134, 46.343165996723862 ], [ 4.851683371587985, 46.326314890861966 ], [ 4.841102892026683, 46.311994667201667 ], [ 4.833134647268022, 46.299804947683775 ], [ 4.826487364006567, 46.276362484478142 ], [ 4.816637957627449, 46.265619597439105 ], [ 4.81155667608116, 46.261162770354922 ], [ 4.811214639068267, 46.254473192852871 ], [ 4.808361373545379, 46.237979616665264 ], [ 4.801091317540878, 46.229778631530387 ], [ 4.798075669167673, 46.224576069484073 ], [ 4.795393450203793, 46.220067126073843 ], [ 4.792767747202037, 46.207594014811825 ], [ 4.793040361312076, 46.201571136765345 ], [ 4.77984188345068, 46.188239897019649 ], [ 4.780448097674888, 46.17691473867383 ], [ 4.775491861901333, 46.177176020919823 ], [ 4.762684590111864, 46.17634766991393 ], [ 4.751925227883628, 46.172481572649474 ], [ 4.727815207683198, 46.179088953819267 ], [ 4.72452231077042, 46.184219811396062 ], [ 4.721114126066469, 46.197926951250764 ], [ 4.727390704985313, 46.207807001317512 ], [ 4.735756564795071, 46.211886782771771 ], [ 4.727951404885566, 46.219173398998379 ], [ 4.720523945950745, 46.221650322735393 ], [ 4.71998854462263, 46.228612688012284 ], [ 4.732442023952426, 46.226674557778324 ], [ 4.736860429880386, 46.232513965615105 ], [ 4.720777248400354, 46.244304369449566 ], [ 4.709527674298029, 46.248310874921074 ], [ 4.698312755409551, 46.252942603737907 ], [ 4.688261631470835, 46.249306565997877 ], [ 4.680243670391361, 46.258709471451894 ], [ 4.679897004874138, 46.26785381083009 ], [ 4.694867111883903, 46.271578722624753 ], [ 4.700735233328645, 46.267441724875638 ], [ 4.707707285321971, 46.269707062427216 ], [ 4.710130487814832, 46.27838755254016 ], [ 4.707483718145392, 46.284777119686048 ], [ 4.701258233679183, 46.28674011853208 ], [ 4.693874924255079, 46.294839237203483 ], [ 4.693506181907495, 46.302448279953872 ], [ 4.683203841724149, 46.302843257388183 ], [ 4.662996883007043, 46.295479803698719 ], [ 4.651852412931454, 46.304311842814577 ], [ 4.638977781976318, 46.301543608131162 ], [ 4.635259815317923, 46.30019290020671 ], [ 4.636069787076265, 46.290253197890578 ], [ 4.626917735124636, 46.288365908377877 ], [ 4.616868191984861, 46.280834459699769 ], [ 4.62199464467305, 46.270200327431454 ], [ 4.618334145551643, 46.264951093123699 ], [ 4.599507373903107, 46.268355091843347 ], [ 4.591008089964924, 46.268246322144101 ], [ 4.572631763034661, 46.27607707301329 ], [ 4.571447981075757, 46.290403923221859 ], [ 4.569876529770609, 46.293323898829364 ], [ 4.557753633320355, 46.294536903402062 ], [ 4.548285137908582, 46.284096888589467 ], [ 4.546356271947801, 46.27412678658537 ], [ 4.53736092945197, 46.26997502566131 ], [ 4.521236611789231, 46.270791448416858 ], [ 4.503969726540196, 46.267238160053644 ], [ 4.500165648521691, 46.274715031021671 ], [ 4.491931649589418, 46.28121684912184 ], [ 4.488689384353614, 46.287998745179173 ], [ 4.480596364937667, 46.284610684746653 ], [ 4.471085114295818, 46.285930887305184 ], [ 4.458891671679773, 46.296935825355746 ], [ 4.439895176185966, 46.293125631426243 ], [ 4.43819246068528, 46.298042940534216 ], [ 4.427168579751511, 46.302771161934565 ], [ 4.422682227517972, 46.29495134533331 ], [ 4.406075411042376, 46.29618696503583 ], [ 4.407532435196449, 46.292619632030394 ], [ 4.39725337147326, 46.283168131546255 ], [ 4.396290108673645, 46.274737555349269 ], [ 4.396946241578126, 46.266857199545598 ], [ 4.389282731851757, 46.2579853269729 ], [ 4.392643197649162, 46.251356232260733 ], [ 4.388152053653293, 46.247749182900471 ], [ 4.38541668593008, 46.246818853438334 ], [ 4.392572976658588, 46.23552238810376 ], [ 4.386769130082659, 46.233017502400379 ], [ 4.386170667068816, 46.225777506237193 ], [ 4.38733512413655, 46.220004742143551 ], [ 4.389416420761225, 46.213049054579628 ], [ 4.376188001062594, 46.211722968042459 ], [ 4.373617274480655, 46.204599527814572 ], [ 4.362767890341763, 46.199945985266801 ], [ 4.374161250582651, 46.186869652358887 ], [ 4.370720233611616, 46.184345329161204 ], [ 4.357247091473573, 46.182470699316895 ], [ 4.346510199351962, 46.187443704932626 ], [ 4.336486197930748, 46.181041552898776 ], [ 4.326750199505666, 46.185001223281077 ], [ 4.315303897456332, 46.17064162726831 ], [ 4.311826248256139, 46.171197872890858 ], [ 4.303221033560394, 46.174460712988839 ], [ 4.288985752858414, 46.170064187761525 ], [ 4.287388162884481, 46.160650256100674 ], [ 4.282301768597711, 46.156907219216002 ], [ 4.24994878845897, 46.158140432225359 ], [ 4.248663306193716, 46.16714434098936 ], [ 4.263427111540266, 46.176261846596063 ], [ 4.258059100805846, 46.184591592299007 ], [ 4.242284865604707, 46.188788935161 ], [ 4.232951496168008, 46.179636035262121 ], [ 4.226613137961973, 46.178486108979214 ], [ 4.224895710745101, 46.177749032144796 ], [ 4.219643043353788, 46.185003049585042 ], [ 4.207827981825696, 46.19494022176066 ], [ 4.184983714463318, 46.19000764224046 ], [ 4.184958425113475, 46.179896127544218 ], [ 4.187000465673831, 46.174567663503119 ], [ 4.166088976045433, 46.172928033271681 ], [ 4.143243220799616, 46.176065406762973 ], [ 4.134022152805623, 46.177326733066693 ], [ 4.133239445046661, 46.177342644769233 ], [ 4.133292124629806, 46.180582397839032 ], [ 4.122809031008765, 46.185982717479291 ], [ 4.103829318440152, 46.198553259452133 ], [ 4.09460023808575, 46.192823893538524 ], [ 4.083577193981613, 46.191159866196742 ], [ 4.075752261960369, 46.190608280733642 ], [ 4.068820420326618, 46.186371652038929 ], [ 4.060176188188763, 46.188533802163413 ], [ 4.049822029258054, 46.180932766639714 ], [ 4.031184687940228, 46.172153583149495 ], [ 4.018399954626799, 46.172384133278648 ], [ 4.002691761719518, 46.170472331275796 ], [ 3.993401199770729, 46.173092588189519 ], [ 3.988531027093324, 46.16985432635974 ], [ 3.979714990652799, 46.178171642024857 ], [ 3.978137282593134, 46.186023649720191 ], [ 3.972783541664099, 46.186820649018799 ], [ 3.972710207422757, 46.202788966357161 ], [ 3.965164283859633, 46.20285866545332 ], [ 3.934588744018045, 46.20632991158547 ], [ 3.920639225312907, 46.203184623037387 ], [ 3.909450896727037, 46.207920550962925 ], [ 3.899036423839821, 46.209890889665381 ], [ 3.890130972164007, 46.214487049888824 ], [ 3.898553218989171, 46.225755926928869 ], [ 3.896757365587546, 46.237168220792334 ], [ 3.908074101847911, 46.242261079883043 ], [ 3.905736505306797, 46.253012332470007 ], [ 3.908743335885844, 46.260697876931872 ], [ 3.905074979660125, 46.272921276038801 ], [ 3.899526016197585, 46.275930712492745 ], [ 3.891238685031669, 46.285246164224311 ], [ 3.897226506339501, 46.292603341464279 ], [ 3.915549130466096, 46.296881874537419 ], [ 3.930008083058357, 46.295970473019381 ], [ 3.943016443910914, 46.299265764297829 ], [ 3.947501732414719, 46.303406150400988 ], [ 3.947784418777406, 46.305623628625604 ], [ 3.949358818345174, 46.313534364064061 ], [ 3.947151627624851, 46.321540503725885 ], [ 3.958985996193984, 46.319003775224253 ], [ 3.96905073403516, 46.321987677473153 ], [ 3.984017714894416, 46.318716536021668 ], [ 4.004697739447264, 46.327557755516857 ], [ 3.994355811175065, 46.327654752987485 ], [ 3.984818151458408, 46.329680030863649 ], [ 3.989209024794397, 46.344243393521289 ], [ 3.987419795323363, 46.351086800559337 ], [ 3.991604306264091, 46.369630419663281 ], [ 3.984261520637656, 46.378286038662836 ], [ 3.981868594404615, 46.385159734775328 ], [ 3.977569935902667, 46.397865355637279 ], [ 3.988855992113567, 46.40971460672823 ], [ 3.984329095329916, 46.416711243044766 ], [ 3.986618700716545, 46.421715544951745 ], [ 3.9953099770825, 46.425099055154632 ], [ 3.988142298569362, 46.435461575759142 ], [ 4.005479830676435, 46.443578929440207 ], [ 3.997345932012223, 46.451576700733099 ], [ 4.00152662580722, 46.458658805850696 ], [ 3.995230190273722, 46.467303951496604 ], [ 3.978696225883187, 46.474389790030365 ], [ 3.972622989376569, 46.479844766406622 ], [ 3.965067659659634, 46.478086155790599 ], [ 3.956597805050705, 46.476923647162799 ], [ 3.952086724212333, 46.48142338354539 ], [ 3.958121887315456, 46.490595161307056 ], [ 3.949807921786756, 46.492497088560476 ], [ 3.935969127404131, 46.490929061786176 ], [ 3.916505201087896, 46.496181851843481 ], [ 3.909705559841045, 46.495271709488158 ], [ 3.900218582846496, 46.489451165169164 ], [ 3.898216682215369, 46.48514086158216 ], [ 3.889799598950229, 46.481354310707438 ], [ 3.877837298846505, 46.486666150198324 ], [ 3.867998928369723, 46.488271237374008 ], [ 3.860852476083243, 46.492694525491252 ], [ 3.860317835984507, 46.499963815083802 ], [ 3.863605528784628, 46.51290446916785 ], [ 3.855325637037268, 46.515402544766594 ], [ 3.845818752125375, 46.512937438503933 ], [ 3.845041009979328, 46.513082765039456 ], [ 3.839755687366644, 46.517562051917309 ], [ 3.846463017637052, 46.524356398474275 ], [ 3.841662049110991, 46.530270265322542 ], [ 3.834411928975609, 46.531318420279945 ], [ 3.817772983099613, 46.525202643154365 ], [ 3.811348403255393, 46.520518095515243 ], [ 3.80175638393207, 46.51990225578934 ], [ 3.793520319129858, 46.527734532590628 ], [ 3.780669007656742, 46.52835964248554 ], [ 3.777616737039186, 46.536182261839706 ], [ 3.768658604574639, 46.539319754710263 ], [ 3.756117242404272, 46.53616426866374 ], [ 3.741892422946139, 46.539111018403887 ], [ 3.733934617412665, 46.546069033613939 ], [ 3.73427212688641, 46.55435849549221 ], [ 3.740979957335995, 46.560199005304334 ], [ 3.742953506432698, 46.566015017302966 ], [ 3.740481012924341, 46.575927288368199 ], [ 3.739027088892946, 46.58377712781968 ], [ 3.73388808189449, 46.595125531491867 ], [ 3.737498233639569, 46.600974327794567 ], [ 3.730746101427337, 46.604926543163501 ], [ 3.719716301923525, 46.605016174680685 ], [ 3.713232282097491, 46.613011461267227 ], [ 3.724374359424537, 46.625847065780071 ], [ 3.716307110065468, 46.631086248624953 ], [ 3.710324451304031, 46.634102213528045 ], [ 3.704287950182228, 46.645428548778654 ], [ 3.699614718561747, 46.651913454484749 ], [ 3.699362649246762, 46.654885604781221 ], [ 3.696957552809802, 46.660583034433429 ], [ 3.688513832571104, 46.665524411190702 ], [ 3.668982035933015, 46.673509949807624 ], [ 3.672909497728137, 46.682202444085092 ], [ 3.659147486610395, 46.684746861681788 ], [ 3.655315661049251, 46.687724080173432 ], [ 3.650019950525204, 46.705537091170306 ], [ 3.637640605350998, 46.707478547582895 ], [ 3.638078931963993, 46.722728665806173 ], [ 3.635284390733986, 46.728402511500207 ], [ 3.625109030944075, 46.735963481817258 ], [ 3.623149611081006, 46.74165406529297 ], [ 3.629400257056988, 46.749585210745749 ], [ 3.623052691083079, 46.75397879851424 ], [ 3.601901112783358, 46.751374067758434 ], [ 3.592503844910335, 46.762976296124101 ], [ 3.584840452998594, 46.754037409913977 ], [ 3.576492622270044, 46.748125979869783 ], [ 3.584955123055275, 46.744499493095347 ], [ 3.584433301677902, 46.739952279170943 ], [ 3.594693633597107, 46.730839466863088 ], [ 3.59792348167745, 46.724347675780621 ], [ 3.577180946182098, 46.715046084897637 ], [ 3.577315430604238, 46.722771131635405 ], [ 3.568858716648264, 46.715426187250976 ], [ 3.547701789472923, 46.722606463044109 ], [ 3.55031519140062, 46.715885751282791 ], [ 3.548104788382531, 46.706234677376401 ], [ 3.558061433118639, 46.691412338527982 ], [ 3.554092512205782, 46.684740413473378 ], [ 3.546916838395079, 46.678210640040447 ], [ 3.539699416867709, 46.679949351477973 ], [ 3.537064134063288, 46.686664579044809 ], [ 3.527336536561627, 46.686885283025319 ], [ 3.513935400522756, 46.683585662796425 ], [ 3.513365711779103, 46.677434627824297 ], [ 3.503495709212708, 46.672563783639262 ], [ 3.49288528112421, 46.663158868289472 ], [ 3.486221843681593, 46.6608506725021 ], [ 3.486609808330627, 46.654077722042395 ], [ 3.455306049186663, 46.652436024045393 ], [ 3.451855900947031, 46.658498810613324 ], [ 3.442078669180943, 46.662001794302121 ], [ 3.445510194374103, 46.670901921613677 ], [ 3.454595126589571, 46.67563497696041 ], [ 3.453119190059538, 46.690035124688549 ], [ 3.445966720365324, 46.693222753685752 ], [ 3.433200254707049, 46.693431932841499 ], [ 3.428345522018264, 46.700765230784128 ], [ 3.43436354924751, 46.712411234450911 ], [ 3.421979502323149, 46.713732424623167 ], [ 3.418444759259026, 46.710653307368318 ], [ 3.390080703396788, 46.714844713223364 ], [ 3.378956248815781, 46.712480549476503 ], [ 3.375421515129074, 46.699567495483677 ], [ 3.365641589422028, 46.689715108960975 ], [ 3.357484674259815, 46.688782758025248 ], [ 3.349378692857142, 46.685145695351267 ], [ 3.335353927895582, 46.685371229808013 ], [ 3.330846470646565, 46.687525524786864 ], [ 3.313601766513643, 46.689038039256651 ], [ 3.311823664896179, 46.69499287674158 ], [ 3.30282597452394, 46.703778964649949 ], [ 3.30063207793828, 46.716504039699814 ], [ 3.283054718299495, 46.715143172088418 ], [ 3.269608688926793, 46.716731454789233 ], [ 3.262300104295448, 46.709785468286675 ], [ 3.234127336545504, 46.697518776256793 ], [ 3.22773249722914, 46.690213039509914 ], [ 3.204371871510196, 46.678856804956915 ], [ 3.198075841686713, 46.679734052699736 ], [ 3.178914203992324, 46.688662578339574 ], [ 3.166115041247885, 46.691375871150179 ], [ 3.14886198434512, 46.708636201533757 ], [ 3.147032433766862, 46.710228689618866 ], [ 3.14188008337979, 46.713694559166939 ], [ 3.129556382905756, 46.72743498895057 ], [ 3.104613819467627, 46.733155502948676 ], [ 3.083535902235303, 46.737861187200785 ], [ 3.063730689166844, 46.747561341799745 ], [ 3.048884800517801, 46.758351840493759 ] ] ] ] } },
{ "type": "Feature", "properties": { "insee_reg": "28" }, "geometry": { "type": "MultiPolygon", "coordinates": [ [ [ [ -1.515303400165222, 48.530335316926433 ], [ -1.517863314999818, 48.52980005035964 ], [ -1.522958295982773, 48.541988255391118 ], [ -1.532958640868713, 48.546155521778111 ], [ -1.533512511018687, 48.553243597141623 ], [ -1.526420328777663, 48.556721678825419 ], [ -1.527414228256811, 48.56173318314648 ], [ -1.518966714209031, 48.566669755802572 ], [ -1.528347369653088, 48.574954390303766 ], [ -1.528163790503723, 48.578859185399018 ], [ -1.543108377614669, 48.579933328372519 ], [ -1.544273979105596, 48.587133001590288 ], [ -1.537255093893398, 48.598925910118631 ], [ -1.544013566197831, 48.606076849310568 ], [ -1.55480735344496, 48.609192335011464 ], [ -1.565549104602377, 48.614357789261199 ], [ -1.570855605611888, 48.626238395158701 ], [ -1.549523639283622, 48.629955371519117 ], [ -1.542683141769583, 48.631134820334303 ], [ -1.518884279448776, 48.62700182482503 ], [ -1.515936882563439, 48.618368856302602 ], [ -1.512267301029539, 48.617527834172954 ], [ -1.510756696877021, 48.619203273259245 ], [ -1.484329076247595, 48.62050776939904 ], [ -1.475931566929359, 48.619102273121484 ], [ -1.45429366583896, 48.625796574083211 ], [ -1.449706133228241, 48.622992444247416 ], [ -1.445478142013413, 48.626793843853413 ], [ -1.421475086339375, 48.639575629481442 ], [ -1.404011728830389, 48.643741953528576 ], [ -1.388417197228168, 48.644094483495266 ], [ -1.384696330239825, 48.640803767741062 ], [ -1.368360420562946, 48.640910749066393 ], [ -1.361792406154053, 48.634365397014044 ], [ -1.351758789602684, 48.63153734400634 ], [ -1.346798804744334, 48.631676274087518 ], [ -1.345495659290751, 48.632954438836784 ], [ -1.350760323005238, 48.631836903248377 ], [ -1.358394811881883, 48.635983504343997 ], [ -1.363847055605491, 48.646948124200733 ], [ -1.37247581865153, 48.64639546940122 ], [ -1.377023131140757, 48.650240816696552 ], [ -1.391111672945105, 48.650309361944238 ], [ -1.399403712236967, 48.654990480567292 ], [ -1.399235582757073, 48.663234276374787 ], [ -1.389692200250152, 48.670236618731771 ], [ -1.381130827758089, 48.682943936539651 ], [ -1.376456591788541, 48.685074174671662 ], [ -1.372849333623594, 48.69281868099975 ], [ -1.376728187364831, 48.688331535846153 ], [ -1.394476737389089, 48.677831880327624 ], [ -1.400614894574639, 48.674363966966894 ], [ -1.432254656918386, 48.6664764333484 ], [ -1.438370863539026, 48.655876611281997 ], [ -1.446202920463542, 48.654992487735349 ], [ -1.450077037514636, 48.670435166772442 ], [ -1.457664283937681, 48.673512676639405 ], [ -1.4857268321141, 48.686435796101492 ], [ -1.496863439033242, 48.683682557308423 ], [ -1.505973111789275, 48.691684440865146 ], [ -1.51477601872186, 48.700339656569895 ], [ -1.51862684029176, 48.71681012207187 ], [ -1.528996942994261, 48.729908554111859 ], [ -1.532909354109667, 48.731208530108276 ], [ -1.556197367899184, 48.735061528943405 ], [ -1.570399306272387, 48.743665090562864 ], [ -1.574169936839708, 48.755378401925448 ], [ -1.571022643094942, 48.765981990729571 ], [ -1.56968695398667, 48.788356369763108 ], [ -1.569999015366569, 48.800995464894925 ], [ -1.572647889175566, 48.816012443045459 ], [ -1.578034454116205, 48.825709281088841 ], [ -1.593877589517345, 48.834679967369127 ], [ -1.598103282624932, 48.839448742337737 ], [ -1.592089825853505, 48.845293227196677 ], [ -1.58569214896955, 48.847690121096477 ], [ -1.578357627543337, 48.862162198240895 ], [ -1.572212407787857, 48.884960149649942 ], [ -1.571235147791771, 48.890781571384416 ], [ -1.56718611240948, 48.909744771792731 ], [ -1.56514062384998, 48.921155511487619 ], [ -1.560518961006646, 48.920762416826612 ], [ -1.560401530304927, 48.909297323881603 ], [ -1.550762099904345, 48.908674360468055 ], [ -1.54836461589821, 48.911869573194835 ], [ -1.548048512537413, 48.925846126316479 ], [ -1.539748657307427, 48.932266477151636 ], [ -1.545874581804012, 48.938687845146717 ], [ -1.562427065431811, 48.941504525137923 ], [ -1.561945502839434, 48.968350594225939 ], [ -1.561588855795911, 48.981235545477659 ], [ -1.558258497018658, 48.987988836070272 ], [ -1.557785818514906, 48.99784974837636 ], [ -1.555495455070788, 48.998034086526324 ], [ -1.551442832891274, 48.998290708196933 ], [ -1.551122778879866, 49.00363228179603 ], [ -1.556773581084907, 49.010938436304073 ], [ -1.554507686041993, 49.026865748050227 ], [ -1.539979546667505, 49.034245363640601 ], [ -1.533043155885458, 49.033982589486669 ], [ -1.524874320599864, 49.027536987942987 ], [ -1.513947095501115, 49.02373906630465 ], [ -1.505589408092976, 49.019628433841135 ], [ -1.508360917104579, 49.026181882479712 ], [ -1.542396431463043, 49.041148392474327 ], [ -1.549774785930439, 49.038145213994525 ], [ -1.560100062468203, 49.0383179099532 ], [ -1.569749621930483, 49.031707223880147 ], [ -1.569332545357607, 49.027066574299241 ], [ -1.578654808246653, 49.015046131071365 ], [ -1.57524660038568, 49.009814335673063 ], [ -1.584606993279524, 49.003962432073344 ], [ -1.594563443478024, 49.023637476873802 ], [ -1.604662995919468, 49.060219250805552 ], [ -1.603193448501773, 49.060262111626479 ], [ -1.598103712952547, 49.06037615032497 ], [ -1.595503884746812, 49.066823659434974 ], [ -1.602264554848583, 49.068909994753525 ], [ -1.59863719514122, 49.075287025548086 ], [ -1.610539390711144, 49.08337067406665 ], [ -1.61027784813563, 49.099029644135449 ], [ -1.607327128815514, 49.107705295197576 ], [ -1.591870279943665, 49.134569030595038 ], [ -1.595781703686356, 49.144118166542199 ], [ -1.597390672125687, 49.160821223292061 ], [ -1.601934133505731, 49.181961502744457 ], [ -1.605763246226322, 49.191681623852368 ], [ -1.607236108613704, 49.198633424757169 ], [ -1.603348508966838, 49.204976188204107 ], [ -1.613702475667005, 49.218438381137496 ], [ -1.59947231603552, 49.217109688075297 ], [ -1.574730844023992, 49.223076256976206 ], [ -1.567727506259278, 49.220449662776758 ], [ -1.567360397100426, 49.221086743014069 ], [ -1.585255233508936, 49.233360622959509 ], [ -1.608746458931049, 49.231692265100548 ], [ -1.61324211089585, 49.234683718348087 ], [ -1.625659981517196, 49.223119047999006 ], [ -1.628421826593019, 49.211559641683131 ], [ -1.640696700580334, 49.221060865358965 ], [ -1.650994403542501, 49.236164012778232 ], [ -1.660563406264979, 49.258625796594011 ], [ -1.676267298401726, 49.277150327788554 ], [ -1.667681210490867, 49.279826264043244 ], [ -1.676150222114507, 49.287720773013653 ], [ -1.686691591429762, 49.288813569281622 ], [ -1.69270485266877, 49.297422890081833 ], [ -1.707968018013959, 49.318478447697572 ], [ -1.691657791812956, 49.327919807367905 ], [ -1.701719933747159, 49.335883906951047 ], [ -1.709836126568204, 49.336093341209136 ], [ -1.72393250774812, 49.327321607190328 ], [ -1.745815279430054, 49.348235814149916 ], [ -1.752625614124518, 49.353195381671235 ], [ -1.760967814824468, 49.359708819510729 ], [ -1.775711150091467, 49.370203867919862 ], [ -1.772349140435754, 49.379980294010288 ], [ -1.786533004963702, 49.377084045995595 ], [ -1.799483830611801, 49.371760417517166 ], [ -1.808413892729602, 49.372137339119831 ], [ -1.810622035040209, 49.377248185080177 ], [ -1.819061562764265, 49.38958493549562 ], [ -1.82331928364588, 49.403827872418724 ], [ -1.822263376321198, 49.415754012957343 ], [ -1.822901868675485, 49.438350688220169 ], [ -1.824346472340887, 49.447906559655245 ], [ -1.831075649718169, 49.46228682822624 ], [ -1.836164588042019, 49.468330943619961 ], [ -1.844467976368267, 49.477091673872529 ], [ -1.845284230807164, 49.49427829518018 ], [ -1.84977015043703, 49.507252281637264 ], [ -1.860054426012931, 49.511907653166794 ], [ -1.875483279314972, 49.515083814517929 ], [ -1.881633989347274, 49.51909067386849 ], [ -1.886545594913599, 49.527173094043818 ], [ -1.8875757077966, 49.535783807193177 ], [ -1.884739327343749, 49.541262908603542 ], [ -1.864036104058372, 49.5505548964328 ], [ -1.858380325500373, 49.551303048448005 ], [ -1.855067473258059, 49.556731866501472 ], [ -1.846413830470108, 49.564096550746548 ], [ -1.841600923531664, 49.572721640722882 ], [ -1.841951032505501, 49.583043731849294 ], [ -1.842411828399624, 49.600137214199805 ], [ -1.845925815724227, 49.620397370257805 ], [ -1.854923585213584, 49.641981966838621 ], [ -1.860943588876134, 49.650355200008264 ], [ -1.876645368262018, 49.65879721299472 ], [ -1.887777431350079, 49.659404981393727 ], [ -1.893564010038388, 49.664227233045274 ], [ -1.906477421976346, 49.666950231495626 ], [ -1.914759770875317, 49.665346042724742 ], [ -1.946513427070082, 49.675843631515278 ], [ -1.936048421817043, 49.688242422003782 ], [ -1.947329649184985, 49.705123679887564 ], [ -1.947159176992791, 49.715086041553811 ], [ -1.941832364933969, 49.72559457163743 ], [ -1.926018527364105, 49.727002090304147 ], [ -1.906574581046436, 49.722037095316267 ], [ -1.895091166527744, 49.715657894198408 ], [ -1.896617180793852, 49.711251848552735 ], [ -1.883519564434594, 49.705896282196655 ], [ -1.871894882661715, 49.708149555104328 ], [ -1.861769853541514, 49.715118340027573 ], [ -1.852525175986077, 49.715634264812003 ], [ -1.839373658940698, 49.711266504316562 ], [ -1.831644158739461, 49.703098325148069 ], [ -1.827141212498151, 49.692814813750715 ], [ -1.815519314738273, 49.688983475776048 ], [ -1.789603371667522, 49.686671168594629 ], [ -1.77437765210456, 49.680507845128851 ], [ -1.758856449671074, 49.678211623685193 ], [ -1.731839812045579, 49.677353573953347 ], [ -1.721321077585425, 49.680033763519901 ], [ -1.713285689379245, 49.678251850317999 ], [ -1.704539995484672, 49.67086371548362 ], [ -1.683177492795824, 49.671012824182554 ], [ -1.68271795520106, 49.664246084734373 ], [ -1.672223008628484, 49.658018669359265 ], [ -1.646887266533391, 49.657195467730062 ], [ -1.629659964578895, 49.659763223033721 ], [ -1.623660933395009, 49.644663374369316 ], [ -1.615469229655494, 49.643179164733752 ], [ -1.602637545996091, 49.64643216493775 ], [ -1.605651649319862, 49.658445186389692 ], [ -1.599958574587182, 49.660591586547746 ], [ -1.586939675303316, 49.651025142814738 ], [ -1.568066826340239, 49.656983803911423 ], [ -1.548683857880933, 49.654422142775019 ], [ -1.531492494082138, 49.655123976092234 ], [ -1.521521552303806, 49.656771742598167 ], [ -1.502712230790526, 49.664609374047956 ], [ -1.48788356883265, 49.668149597322746 ], [ -1.484960604801422, 49.677870569029288 ], [ -1.474713880270778, 49.682059713731512 ], [ -1.47638627977202, 49.693156278358956 ], [ -1.473138645603435, 49.696903633906238 ], [ -1.456388954242815, 49.691531079461505 ], [ -1.444393484687968, 49.694379345647995 ], [ -1.434941106800555, 49.700778474244515 ], [ -1.42658225621168, 49.702136848866253 ], [ -1.416625076779167, 49.701251535219797 ], [ -1.390190611295162, 49.70630058584311 ], [ -1.371729465550812, 49.706834134668327 ], [ -1.357520198799237, 49.705204947777737 ], [ -1.344204882664396, 49.700806523877652 ], [ -1.328309765651896, 49.699847038858671 ], [ -1.299919179122868, 49.693880997492592 ], [ -1.287850941892217, 49.692627970198636 ], [ -1.267815018958813, 49.695191006553976 ], [ -1.265931808669772, 49.690838788114995 ], [ -1.272331528586574, 49.684354636287495 ], [ -1.263026266895362, 49.673442795322508 ], [ -1.256734676052331, 49.666816137478698 ], [ -1.239610253485979, 49.654367415738619 ], [ -1.243628001433717, 49.648372505043795 ], [ -1.228147657331488, 49.623024116335863 ], [ -1.22890179753306, 49.606764292887846 ], [ -1.256060822657447, 49.612372935085602 ], [ -1.254694988043122, 49.61081802771217 ], [ -1.266357127078814, 49.593042378924316 ], [ -1.2615093248206, 49.587184780492414 ], [ -1.268014788336443, 49.582368983407264 ], [ -1.285716802728424, 49.587303248003202 ], [ -1.295156095541118, 49.583877127829332 ], [ -1.304531965318533, 49.573508065070087 ], [ -1.307611912274178, 49.560297250685494 ], [ -1.309878777533389, 49.549744007496187 ], [ -1.307966027682118, 49.545743841494954 ], [ -1.302457004643661, 49.535301954560552 ], [ -1.290692366116771, 49.521748559978775 ], [ -1.292763940668786, 49.516643902715543 ], [ -1.28831430271273, 49.517956236445372 ], [ -1.278623795472819, 49.508004962645799 ], [ -1.273608902443537, 49.503498107552559 ], [ -1.253928909957703, 49.482387050691884 ], [ -1.222837590907198, 49.455680717293049 ], [ -1.21229622551692, 49.447307535758597 ], [ -1.196748356902641, 49.435401664121649 ], [ -1.189366453967805, 49.429645055189503 ], [ -1.178205165980125, 49.420094313081314 ], [ -1.167486801830798, 49.408226708019974 ], [ -1.162215676392551, 49.391553230419063 ], [ -1.166622385545118, 49.383657797459811 ], [ -1.179164308617929, 49.377670958103593 ], [ -1.176657625299408, 49.369165062005365 ], [ -1.182523034067127, 49.363551423232558 ], [ -1.185872545046954, 49.356940873323957 ], [ -1.177555654587231, 49.349303087492267 ], [ -1.17087692569867, 49.357197740329916 ], [ -1.160189264040125, 49.357560062585307 ], [ -1.155167650643, 49.362292955445994 ], [ -1.138652677398096, 49.358389995666521 ], [ -1.136510771098718, 49.354470462119103 ], [ -1.118082843973691, 49.345008203235359 ], [ -1.114128814321208, 49.326917337402683 ], [ -1.137608864373525, 49.312163273258939 ], [ -1.140276171655213, 49.308755586854446 ], [ -1.113539987136415, 49.325077736933501 ], [ -1.101105558189464, 49.321002952669296 ], [ -1.110636458391528, 49.324863414054519 ], [ -1.115130328179069, 49.340018710150296 ], [ -1.114474259700515, 49.349333839259323 ], [ -1.118687806717528, 49.36061344439608 ], [ -1.101620974827623, 49.371769303288296 ], [ -1.089972460742745, 49.381352105642428 ], [ -1.078533353305326, 49.388183125655885 ], [ -1.070361178885617, 49.390500839890201 ], [ -1.043173920393125, 49.389169619210968 ], [ -1.028648482513033, 49.389749176111806 ], [ -1.019305591417824, 49.393472186810413 ], [ -1.004360541969755, 49.396296528470693 ], [ -0.98531014156789, 49.395860523105988 ], [ -0.962020361152008, 49.396465031923633 ], [ -0.947717609009342, 49.395841314289711 ], [ -0.925356659563915, 49.392403611134888 ], [ -0.912698767641119, 49.384950215816481 ], [ -0.905143282738529, 49.380517520862753 ], [ -0.881680624298115, 49.37161699620146 ], [ -0.860847119461113, 49.365363939614483 ], [ -0.82751433467328, 49.3578887280852 ], [ -0.789369854164618, 49.353345391189521 ], [ -0.745414155493497, 49.348889571821587 ], [ -0.718699726646912, 49.347391564394854 ], [ -0.707830172382064, 49.348032619737594 ], [ -0.667403855518446, 49.346223621705633 ], [ -0.645128487333222, 49.345399739214379 ], [ -0.625545214243996, 49.340698150098788 ], [ -0.610914063594448, 49.340157508778901 ], [ -0.593156969904458, 49.340954418349774 ], [ -0.572557684397763, 49.343607249069564 ], [ -0.553309520543141, 49.346228452742267 ], [ -0.517829611964735, 49.345251550027641 ], [ -0.506184817432076, 49.344042546269726 ], [ -0.466765515748421, 49.337819531395802 ], [ -0.433922179744451, 49.335214704455552 ], [ -0.413500687961377, 49.335830592136467 ], [ -0.397652702564748, 49.333415479731045 ], [ -0.375723699817412, 49.327669442252528 ], [ -0.358344205972784, 49.321978396710854 ], [ -0.339840415938603, 49.313378435141836 ], [ -0.326583077023685, 49.309034487775953 ], [ -0.309618878712916, 49.300919339114991 ], [ -0.287346603801339, 49.294710072192302 ], [ -0.278757626567998, 49.292963495414249 ], [ -0.263271211182345, 49.291111563804805 ], [ -0.246866553334094, 49.292332379445618 ], [ -0.249675840611971, 49.281174146470832 ], [ -0.240793851445219, 49.278118354701903 ], [ -0.24962433201691, 49.268338342451685 ], [ -0.250409309995614, 49.260450856634023 ], [ -0.246727009498861, 49.263039615627996 ], [ -0.24418945532761, 49.266020325124948 ], [ -0.230999695380254, 49.264840413916367 ], [ -0.225476895216203, 49.26787454845357 ], [ -0.221989760297298, 49.278114668080178 ], [ -0.226433686890776, 49.285610058259493 ], [ -0.169990168489858, 49.286372214254826 ], [ -0.13928154494729, 49.289802166638353 ], [ -0.106400121920117, 49.296430665690274 ], [ -0.106920856340775, 49.289153592353692 ], [ -0.111728048283241, 49.285872858215662 ], [ -0.099095519814526, 49.292666400447487 ], [ -0.089762056640396, 49.294923622464594 ], [ -0.079764014614762, 49.303968479024668 ], [ -0.065825866905314, 49.307223669221173 ], [ -0.041610739076912, 49.314070466738237 ], [ -0.013631630756229, 49.321560341853974 ], [ 0.013953710417196, 49.332467313102967 ], [ 0.030972064857627, 49.34145497020608 ], [ 0.053433656453316, 49.353139185743316 ], [ 0.058303785302289, 49.356327875861744 ], [ 0.072845151246278, 49.367123244302469 ], [ 0.085290831308393, 49.361321933521033 ], [ 0.075553421502661, 49.36733362712399 ], [ 0.10544645791302, 49.389803192535858 ], [ 0.112061491850989, 49.395044148337547 ], [ 0.132352928905462, 49.403760445429477 ], [ 0.149642682705889, 49.40715611675116 ], [ 0.174088295130251, 49.412139489856436 ], [ 0.184680018226554, 49.415524448955303 ], [ 0.223040369328965, 49.428255793859279 ], [ 0.275421517903514, 49.428668541280011 ], [ 0.285927785664472, 49.429200511991439 ], [ 0.296884693930131, 49.429924197708615 ], [ 0.309943663476912, 49.430983212037937 ], [ 0.337211457322016, 49.43395774548258 ], [ 0.337579492132666, 49.437666523338159 ], [ 0.338354319988137, 49.445431112133797 ], [ 0.338786072491065, 49.450098093538521 ], [ 0.303692217898418, 49.451536612098444 ], [ 0.273137858482949, 49.453378494059983 ], [ 0.270520063261118, 49.450846363365606 ], [ 0.255509544673424, 49.454560303946351 ], [ 0.238939457123938, 49.45508020696677 ], [ 0.223253630002804, 49.456027332658515 ], [ 0.194902687272354, 49.451723352021652 ], [ 0.178482701856171, 49.455868273902098 ], [ 0.129002261302501, 49.462758093629795 ], [ 0.122657489158859, 49.469966152551855 ], [ 0.15190963722042, 49.467106922849894 ], [ 0.14899794892219, 49.471065734436905 ], [ 0.139396405059892, 49.471893384375726 ], [ 0.134296168721611, 49.476862284525254 ], [ 0.113599030130309, 49.479407102132235 ], [ 0.112556197427237, 49.486647268378249 ], [ 0.102113879047804, 49.483981360462572 ], [ 0.085467741149953, 49.501994629384413 ], [ 0.069807396394605, 49.506389873960238 ], [ 0.065585248863396, 49.512659632942075 ], [ 0.066808087974505, 49.518749918127504 ], [ 0.072380821563666, 49.532880940204045 ], [ 0.077501299744279, 49.54005152282592 ], [ 0.099078990594229, 49.570342397469886 ], [ 0.110883613921936, 49.589134404129076 ], [ 0.128844422930802, 49.609885877735245 ], [ 0.143166586438248, 49.630234549874309 ], [ 0.153501109895311, 49.645385567428775 ], [ 0.150574115309643, 49.654021890035146 ], [ 0.15734882381999, 49.662396132901598 ], [ 0.159706110016835, 49.669997810479863 ], [ 0.164104202419123, 49.686699444601423 ], [ 0.180001200360444, 49.696238185453446 ], [ 0.182449563673239, 49.698898728253859 ], [ 0.193935212133166, 49.706690497691426 ], [ 0.2019517343954, 49.7084817407004 ], [ 0.20619084539473, 49.713546576834432 ], [ 0.225411052241116, 49.717768604473022 ], [ 0.236808638112518, 49.719014120173505 ], [ 0.264677588091882, 49.728854250367284 ], [ 0.269901436423911, 49.731077042227916 ], [ 0.286703868821361, 49.738442548784057 ], [ 0.293848199129215, 49.739484344567487 ], [ 0.29943049128273, 49.740058660352496 ], [ 0.319862512518875, 49.741385623847648 ], [ 0.33836865875372, 49.747695167025512 ], [ 0.355666947578384, 49.755552356864342 ], [ 0.364547863596655, 49.761927930721093 ], [ 0.369188202390595, 49.768974510608892 ], [ 0.387541825423007, 49.771784814688921 ], [ 0.428637323889754, 49.786645181005753 ], [ 0.432004525789028, 49.78724651492572 ], [ 0.483652930936528, 49.808002791799638 ], [ 0.497665358985458, 49.816324246471638 ], [ 0.511863204603571, 49.819306719212072 ], [ 0.524133296127811, 49.825575917152484 ], [ 0.532437434126599, 49.832569898113412 ], [ 0.562075917173582, 49.845374186509524 ], [ 0.580580746904495, 49.851866763412971 ], [ 0.59843091691044, 49.853046981292742 ], [ 0.607430483538074, 49.856279534554091 ], [ 0.627431432545436, 49.861507003966118 ], [ 0.645301518864292, 49.863911959044103 ], [ 0.655755906834995, 49.865362361369414 ], [ 0.668675460470369, 49.867192373708406 ], [ 0.708020744271189, 49.87283338219374 ], [ 0.720747594697293, 49.869530552570367 ], [ 0.750407642937081, 49.871150823234771 ], [ 0.763897835521948, 49.871420109274403 ], [ 0.79023868069869, 49.875236374907011 ], [ 0.801410271602064, 49.877929139549352 ], [ 0.829493451659558, 49.888426432932384 ], [ 0.839617362203623, 49.889103714659747 ], [ 0.874468766281508, 49.894492179675446 ], [ 0.898708649713212, 49.900096542627843 ], [ 0.929867701619649, 49.906688604168743 ], [ 0.952304101733089, 49.916978166942151 ], [ 0.962971841562996, 49.91968142853591 ], [ 0.972696347545021, 49.919042404645872 ], [ 1.017359262435125, 49.915860552424846 ], [ 1.025749081492395, 49.916513899977161 ], [ 1.039992057269929, 49.920034541910034 ], [ 1.064278980591561, 49.925274586701519 ], [ 1.08325054008712, 49.933956005767065 ], [ 1.106020119412619, 49.936371960628378 ], [ 1.115727060889103, 49.940412526431437 ], [ 1.121418647247524, 49.943015941523505 ], [ 1.162410386856372, 49.956196980779126 ], [ 1.185272953260781, 49.966339775879803 ], [ 1.202748227393761, 49.97163897357067 ], [ 1.20960971081067, 49.98029740785892 ], [ 1.218684099588675, 49.984762125361463 ], [ 1.227554634419231, 49.985161287193577 ], [ 1.251355022906182, 49.997836341871846 ], [ 1.271092491549731, 50.011321485804622 ], [ 1.297565193479485, 50.027744706694968 ], [ 1.311696639872108, 50.033280151079417 ], [ 1.329092164528571, 50.046035416927445 ], [ 1.338776612486058, 50.049921229350446 ], [ 1.342412152022294, 50.051725801660631 ], [ 1.361603555281337, 50.058640414315036 ], [ 1.367615516764318, 50.063487120347865 ], [ 1.380961770128199, 50.065736454009745 ], [ 1.386550048095336, 50.061372382137925 ], [ 1.408761703100744, 50.057085629627657 ], [ 1.421894480290297, 50.069446351433513 ], [ 1.449600458974178, 50.070062865398711 ], [ 1.453323948014601, 50.064519735136386 ], [ 1.45917083245541, 50.062735630926234 ], [ 1.455085541152334, 50.056241552699738 ], [ 1.455915446146714, 50.044400451029475 ], [ 1.45228423568364, 50.040234017943163 ], [ 1.461410686277208, 50.035211324844887 ], [ 1.473392470859207, 50.033637227626414 ], [ 1.478444348545082, 50.027284103773688 ], [ 1.486566249872151, 50.022865101432338 ], [ 1.498015101473782, 50.01961560246005 ], [ 1.516305311531162, 50.012103651284463 ], [ 1.516633740384731, 50.006337491806278 ], [ 1.525099970181251, 49.998606004457592 ], [ 1.527277762098011, 49.995734976048936 ], [ 1.547275839144258, 49.987342279857245 ], [ 1.561733396667232, 49.978269550054179 ], [ 1.574483622290206, 49.973328439425629 ], [ 1.577703009740115, 49.963296740944052 ], [ 1.585459880126146, 49.960957375368785 ], [ 1.592728829051017, 49.950142677460001 ], [ 1.608570822473863, 49.941833894263958 ], [ 1.622546363279637, 49.934720283848094 ], [ 1.632514939984925, 49.933848365451873 ], [ 1.647586536792827, 49.928591288857888 ], [ 1.662300802169921, 49.922141629802937 ], [ 1.669357380527252, 49.92203443835843 ], [ 1.679042870049818, 49.916705773649873 ], [ 1.678361997986742, 49.913557509271676 ], [ 1.684406021467688, 49.911017241287674 ], [ 1.685246669287647, 49.903504575692288 ], [ 1.691708860763459, 49.898646851002276 ], [ 1.696684964308584, 49.893443199745747 ], [ 1.702624950292486, 49.893222488075878 ], [ 1.712098727939733, 49.886834078530477 ], [ 1.711506917057906, 49.873983440137117 ], [ 1.718506868324134, 49.865783941661988 ], [ 1.720042669352019, 49.861854828426161 ], [ 1.718830177122411, 49.853181619672462 ], [ 1.725762826102234, 49.84528991593335 ], [ 1.725928414138768, 49.839823372757451 ], [ 1.725313381858672, 49.832459976102413 ], [ 1.733601150372905, 49.817148339351071 ], [ 1.733631515720776, 49.813458398698245 ], [ 1.744625106461686, 49.803444628643042 ], [ 1.752301013611, 49.792185551267586 ], [ 1.758270854383503, 49.78275415364115 ], [ 1.771090384655192, 49.778033600223026 ], [ 1.78116956083895, 49.767570335550602 ], [ 1.783776234863161, 49.758298806903255 ], [ 1.764231451930627, 49.756734554486783 ], [ 1.749755615208314, 49.763861855099243 ], [ 1.74296493701406, 49.752751960806243 ], [ 1.740497938699287, 49.749865358898809 ], [ 1.745885444126482, 49.738736020845721 ], [ 1.742888563932448, 49.738420274555722 ], [ 1.723240509310864, 49.730173319739492 ], [ 1.711932032713388, 49.731120925814551 ], [ 1.714811764281338, 49.713829327160468 ], [ 1.688933838699038, 49.693943871671905 ], [ 1.705200087386918, 49.681302969216254 ], [ 1.717802073367152, 49.684738133442998 ], [ 1.724497137663587, 49.694213012979738 ], [ 1.733374183689942, 49.699095546773911 ], [ 1.745015306495518, 49.698231199147848 ], [ 1.75232350744175, 49.681057465762891 ], [ 1.733798984071051, 49.67390048144226 ], [ 1.722879872289255, 49.67234576552358 ], [ 1.722496725908927, 49.661608709841786 ], [ 1.712786355058657, 49.654818215694007 ], [ 1.708489567030399, 49.646356262439028 ], [ 1.698649606562338, 49.64453031019557 ], [ 1.704487240367843, 49.639878877044595 ], [ 1.717277847356294, 49.633097943172451 ], [ 1.721558439360122, 49.623573376678152 ], [ 1.717918117049367, 49.614682454691312 ], [ 1.710650558970111, 49.612600457351029 ], [ 1.705911334234102, 49.60637206403846 ], [ 1.693914169712654, 49.601149518880874 ], [ 1.708815527296279, 49.594942884420881 ], [ 1.708915548397454, 49.587064439109341 ], [ 1.720850912401448, 49.590034442553922 ], [ 1.72222059231377, 49.589051227705276 ], [ 1.719632266225283, 49.583852435867769 ], [ 1.710354617628008, 49.579913784488561 ], [ 1.697490984647076, 49.582648987340747 ], [ 1.691293736774744, 49.579132829353938 ], [ 1.694448422570949, 49.575040462734925 ], [ 1.697691753050011, 49.572282757260027 ], [ 1.707594526110895, 49.577541314859666 ], [ 1.714027295801187, 49.577650958139614 ], [ 1.720530073646273, 49.569572171781196 ], [ 1.729999723719703, 49.561400928161724 ], [ 1.724276076305768, 49.544951204526619 ], [ 1.732199116012358, 49.541264622065796 ], [ 1.744876435612172, 49.539546666705093 ], [ 1.745529831133652, 49.539316137199748 ], [ 1.744164100264223, 49.529191181476186 ], [ 1.735317444011145, 49.524953870503815 ], [ 1.737696437279357, 49.520009903544839 ], [ 1.719793198622018, 49.508883302812819 ], [ 1.719191031224984, 49.502967884026368 ], [ 1.725337228523521, 49.499674532737686 ], [ 1.752638250938166, 49.497344648598627 ], [ 1.75084160272468, 49.503758336898237 ], [ 1.759466717362476, 49.5113576374141 ], [ 1.768236896387261, 49.512087016769271 ], [ 1.771340766328971, 49.513098238527022 ], [ 1.787547423244197, 49.506533572184324 ], [ 1.790776215668475, 49.498008824509576 ], [ 1.788989535328696, 49.490428946602222 ], [ 1.779140036166821, 49.490845181812524 ], [ 1.771960279503941, 49.484966905233108 ], [ 1.776563188653341, 49.473122317695015 ], [ 1.765975882838987, 49.466015367020219 ], [ 1.747523307278616, 49.459514885729803 ], [ 1.752110112772783, 49.453535130439874 ], [ 1.73999250936074, 49.449093137596478 ], [ 1.738048350437669, 49.449042331226131 ], [ 1.733519346931887, 49.441134080152707 ], [ 1.723496719627949, 49.434601558655892 ], [ 1.724248517293591, 49.422282478789356 ], [ 1.715146142643508, 49.414955124226431 ], [ 1.714029931079801, 49.409332046733816 ], [ 1.720842500345957, 49.405728452428178 ], [ 1.737005023156382, 49.407329367110215 ], [ 1.740488821169827, 49.405591160337352 ], [ 1.727609268886698, 49.397804508567326 ], [ 1.719935662002239, 49.395486044154303 ], [ 1.728999628209956, 49.390800040156435 ], [ 1.73629157814666, 49.383676624143085 ], [ 1.743320872989002, 49.381653473224382 ], [ 1.747727256365435, 49.371953404581944 ], [ 1.759534016855545, 49.368217594402473 ], [ 1.761503037044829, 49.360688118836904 ], [ 1.758049732901503, 49.357029762284597 ], [ 1.774423603076697, 49.337091709148453 ], [ 1.770784844653228, 49.326001380719021 ], [ 1.767256406764604, 49.315884672882625 ], [ 1.772105738240839, 49.314073084481542 ], [ 1.775313016916154, 49.298403088940638 ], [ 1.771925344715858, 49.293968745564179 ], [ 1.784401120806467, 49.293209456060374 ], [ 1.791400025432055, 49.288174937709769 ], [ 1.802397709551263, 49.273496898367426 ], [ 1.789432051866382, 49.253685907217651 ], [ 1.79041957259174, 49.246938288377947 ], [ 1.790296032157655, 49.246818369589391 ], [ 1.766942893078373, 49.252039344800536 ], [ 1.765002376490781, 49.263411772327437 ], [ 1.754408579286827, 49.269989294339375 ], [ 1.750387858017213, 49.267511226304421 ], [ 1.735501885772455, 49.269637095191669 ], [ 1.726192549883545, 49.264765052693051 ], [ 1.711553175745715, 49.264483726952463 ], [ 1.706501120561057, 49.254241154442951 ], [ 1.701229719568829, 49.251824375218789 ], [ 1.7014882820579, 49.242462087800725 ], [ 1.698956726984044, 49.235013526231413 ], [ 1.704350137240246, 49.232434495412363 ], [ 1.674690934978158, 49.211655951319692 ], [ 1.674967710534039, 49.204065711870257 ], [ 1.674801296808704, 49.196848185723624 ], [ 1.670543735383889, 49.189911021169372 ], [ 1.67162119660902, 49.180750510420872 ], [ 1.666336324180779, 49.17548229099404 ], [ 1.67017376749567, 49.170141348743059 ], [ 1.664227574075299, 49.165095852756266 ], [ 1.664065986003521, 49.154140114281887 ], [ 1.653132587038826, 49.144930039526379 ], [ 1.655648135332009, 49.130762302955645 ], [ 1.646420443969338, 49.123738420781429 ], [ 1.642175142884337, 49.116444579025071 ], [ 1.634717718133974, 49.113984380740597 ], [ 1.626655336042197, 49.104707722775558 ], [ 1.620601446138437, 49.097354493734954 ], [ 1.623408953057119, 49.086000249303822 ], [ 1.60874759481306, 49.077711039726594 ], [ 1.603511201319684, 49.083315730775766 ], [ 1.594165308407666, 49.082685208493572 ], [ 1.571870027868489, 49.076732629512954 ], [ 1.55790146320961, 49.069114321401095 ], [ 1.546564160115767, 49.072303314405119 ], [ 1.541116530809023, 49.073856030486404 ], [ 1.521346125694064, 49.068348108621343 ], [ 1.517852065446188, 49.079167667076717 ], [ 1.509845764589754, 49.084236896397812 ], [ 1.514274386420976, 49.07937799430389 ], [ 1.509651367264278, 49.066275521870558 ], [ 1.502934310296749, 49.05929611493216 ], [ 1.487796521261834, 49.053330206373225 ], [ 1.478481247366684, 49.052298866592885 ], [ 1.464838680607415, 49.060882899470563 ], [ 1.447292137684176, 49.053503268357744 ], [ 1.446300057070426, 49.046329950727269 ], [ 1.458243887370595, 49.034537946724022 ], [ 1.457985405695154, 49.025971940679185 ], [ 1.471582661061252, 49.018608349272462 ], [ 1.477746901341797, 49.013895812643938 ], [ 1.473881709843659, 49.009659311619117 ], [ 1.4803298311468, 49.005152585069048 ], [ 1.48067164841973, 49.001037818253891 ], [ 1.46149470127001, 48.988954982900879 ], [ 1.470982389135415, 48.974954125514721 ], [ 1.478695237394074, 48.980681472679954 ], [ 1.497794357369813, 48.979698126008863 ], [ 1.507898044653253, 48.983857047933455 ], [ 1.518265147655096, 48.978403124454438 ], [ 1.496637734783914, 48.969472002179558 ], [ 1.49182615093753, 48.964629510162318 ], [ 1.498798040741186, 48.960277577305447 ], [ 1.501059090286201, 48.952678048638944 ], [ 1.510875297530144, 48.953586460143669 ], [ 1.501397406665655, 48.941034037346057 ], [ 1.492248005744841, 48.936237819233341 ], [ 1.480381533656276, 48.940488800858176 ], [ 1.461142006999773, 48.937507266908057 ], [ 1.458644328521131, 48.927898940349849 ], [ 1.447804700289873, 48.924606481878797 ], [ 1.459469991910521, 48.914536697601896 ], [ 1.460490048643885, 48.909671214032201 ], [ 1.461876207802632, 48.899336325269417 ], [ 1.471785676662337, 48.897123711056153 ], [ 1.466450012965551, 48.888519613079787 ], [ 1.465396766487652, 48.879273072908518 ], [ 1.457715784283415, 48.871551286778974 ], [ 1.449931605000395, 48.86952673124388 ], [ 1.4408680932492, 48.864757748404401 ], [ 1.428214434980027, 48.865489011383069 ], [ 1.423857704506431, 48.861321918516502 ], [ 1.405931830520557, 48.861145624117093 ], [ 1.398104232563743, 48.856700083661231 ], [ 1.389913246649211, 48.846324907614701 ], [ 1.379832503291071, 48.843279752135331 ], [ 1.359612878023237, 48.831050306952406 ], [ 1.359632689758165, 48.822151437748417 ], [ 1.355805682201053, 48.816720487264185 ], [ 1.366331385801882, 48.804663284392348 ], [ 1.368086416518749, 48.80284676937643 ], [ 1.370242509738387, 48.800698363170341 ], [ 1.377568061382005, 48.789419499242769 ], [ 1.374095477253068, 48.78311670170465 ], [ 1.36511271948058, 48.783980047022773 ], [ 1.356339491254138, 48.779392377641067 ], [ 1.355764306605877, 48.779200948525144 ], [ 1.342018578185324, 48.772412517672528 ], [ 1.332659986422034, 48.762373234242666 ], [ 1.319665440615722, 48.760795818166962 ], [ 1.3132529924143, 48.76410680715744 ], [ 1.311483371090818, 48.764924725134804 ], [ 1.298076390547749, 48.768189786854613 ], [ 1.278345143085877, 48.763021219537244 ], [ 1.270870969397184, 48.76271801714276 ], [ 1.268177462876022, 48.757280401761413 ], [ 1.254622901548585, 48.758543125295425 ], [ 1.256596887039575, 48.765723004841448 ], [ 1.245469938846697, 48.769548043030447 ], [ 1.22288105800631, 48.767343763449297 ], [ 1.228067341114024, 48.760372289934757 ], [ 1.223047569830551, 48.757976662156331 ], [ 1.198575904939225, 48.769494980885284 ], [ 1.18741240064537, 48.773046034384457 ], [ 1.163099188822311, 48.769115649808811 ], [ 1.150776586583858, 48.77584727995513 ], [ 1.151863613692757, 48.785930938636461 ], [ 1.135385429611893, 48.78531054961929 ], [ 1.121380921191983, 48.789234857080203 ], [ 1.117446229556851, 48.78357361188862 ], [ 1.123623809319245, 48.768403021126815 ], [ 1.117417508248304, 48.763959149517959 ], [ 1.119569659543899, 48.755745038769412 ], [ 1.112690722891303, 48.751856134254098 ], [ 1.113893852316824, 48.746083116328755 ], [ 1.092296105823981, 48.749996263025558 ], [ 1.088367280760972, 48.756750192491921 ], [ 1.077126056198725, 48.750119057650039 ], [ 1.069738689006076, 48.748751995796177 ], [ 1.068102839535998, 48.7577744393014 ], [ 1.06294310941093, 48.759128517895199 ], [ 1.046908275612791, 48.748429253967402 ], [ 1.04334424455795, 48.742537332633255 ], [ 1.03396110896264, 48.739419571308609 ], [ 1.036610941294971, 48.73033757782342 ], [ 1.029639645744028, 48.728784056372547 ], [ 1.022053153591539, 48.734831407325117 ], [ 1.016830359385807, 48.728417119749423 ], [ 0.998062247442466, 48.728429432771797 ], [ 0.985068892724737, 48.725929064558215 ], [ 0.978226308989279, 48.730903924916262 ], [ 0.961450597466016, 48.725802321906841 ], [ 0.955974286519147, 48.717320463651873 ], [ 0.937261319823388, 48.713892487013325 ], [ 0.921156144307657, 48.709151977033365 ], [ 0.899360481429656, 48.710502163795809 ], [ 0.890245763939789, 48.72037265744639 ], [ 0.876851922437092, 48.71567947116975 ], [ 0.86661264592136, 48.703644194971176 ], [ 0.868682641833687, 48.698920515009831 ], [ 0.860780198790851, 48.693300279640837 ], [ 0.864021721344792, 48.687813039803046 ], [ 0.850294940549128, 48.682947722966176 ], [ 0.84212573088929, 48.67902370106539 ], [ 0.827256979801886, 48.680717890537075 ], [ 0.814824720773906, 48.670163564142619 ], [ 0.80936220796758, 48.664873155625187 ], [ 0.817648128861632, 48.65977204744506 ], [ 0.823445871431348, 48.650749411994809 ], [ 0.821562514585182, 48.644613268588259 ], [ 0.824677581847864, 48.633769630879826 ], [ 0.831755678339412, 48.633419086052555 ], [ 0.826818249381812, 48.630605292558393 ], [ 0.817230776398803, 48.615684180569502 ], [ 0.822617208198551, 48.608931335373114 ], [ 0.828114708200252, 48.610947547298416 ], [ 0.839787626610966, 48.608218326629029 ], [ 0.84709673045197, 48.60968611118426 ], [ 0.84957027951219, 48.58432070716146 ], [ 0.868339306973603, 48.572776649702739 ], [ 0.880481011866317, 48.574248009806738 ], [ 0.894134601996117, 48.571690126180862 ], [ 0.923658523299114, 48.558257748418647 ], [ 0.92572465333538, 48.5598622588914 ], [ 0.938594200630804, 48.550820179076233 ], [ 0.936562456368674, 48.546792242809929 ], [ 0.92251572814612, 48.537741480500308 ], [ 0.931950339202308, 48.534220997867934 ], [ 0.947649279191631, 48.528086887866898 ], [ 0.967418666857715, 48.523854368293421 ], [ 0.953444810676036, 48.503136786165349 ], [ 0.941469723197256, 48.498829052056109 ], [ 0.955422886692438, 48.492860753279984 ], [ 0.953568408404196, 48.480249966112616 ], [ 0.93569321019795, 48.475602064539423 ], [ 0.938272559301743, 48.469235867701485 ], [ 0.938973084485056, 48.460837353285406 ], [ 0.958540820332967, 48.442506541526711 ], [ 0.976414541753977, 48.438769335350379 ], [ 0.967536223739128, 48.431897761512815 ], [ 0.956595512604961, 48.427424285169877 ], [ 0.954926974184371, 48.422489025149019 ], [ 0.945311312214439, 48.418227155791556 ], [ 0.943733868088065, 48.410065108397092 ], [ 0.947193286636075, 48.403378943556376 ], [ 0.936629271782908, 48.393908780619931 ], [ 0.928921013460437, 48.390687437134261 ], [ 0.926287168354042, 48.384183130741278 ], [ 0.914194120102008, 48.379225282738936 ], [ 0.907347003044064, 48.370100124443304 ], [ 0.900629004512355, 48.373975471314175 ], [ 0.883504579290915, 48.356541879175353 ], [ 0.872900859636588, 48.356213331571183 ], [ 0.861951034121258, 48.350945462845125 ], [ 0.831371318217073, 48.34540057919034 ], [ 0.827985774295105, 48.342309900163499 ], [ 0.818436369674814, 48.349547094061251 ], [ 0.787726829425013, 48.341201882974055 ], [ 0.785396894607372, 48.340457187363747 ], [ 0.781357721468404, 48.33267076903018 ], [ 0.768907559757225, 48.321821383073441 ], [ 0.768933091269228, 48.313225243098394 ], [ 0.755689395547665, 48.29992086707599 ], [ 0.76036762032513, 48.298307445114013 ], [ 0.778502956863097, 48.303400896042312 ], [ 0.790918273374395, 48.294438116115302 ], [ 0.807666184664665, 48.289826229521182 ], [ 0.796435349748037, 48.287113513984956 ], [ 0.792161902409502, 48.277993312809997 ], [ 0.785870848900528, 48.271138465427619 ], [ 0.791792708183832, 48.265051109654337 ], [ 0.787461873881296, 48.261855782828604 ], [ 0.802113874934827, 48.249920955395687 ], [ 0.80590364437525, 48.239914625469709 ], [ 0.822231490983742, 48.223585241413012 ], [ 0.830368484161797, 48.211380807067442 ], [ 0.805441371319555, 48.205497867395692 ], [ 0.808798573985226, 48.197613795478397 ], [ 0.797859366645849, 48.194769264193404 ], [ 0.760653748970953, 48.180263697055715 ], [ 0.755487549292595, 48.18236197958079 ], [ 0.744641878970497, 48.185120410257085 ], [ 0.734566525319338, 48.196250695851944 ], [ 0.723573387612468, 48.198307682495248 ], [ 0.721533572659187, 48.203015813729053 ], [ 0.715675746018479, 48.214780289888154 ], [ 0.704476332831185, 48.21896315269916 ], [ 0.70675381179622, 48.222656629936608 ], [ 0.69264950708762, 48.238464188348225 ], [ 0.686064116332416, 48.240710923928027 ], [ 0.68413386828832, 48.254132136797736 ], [ 0.670867877737535, 48.255566466010052 ], [ 0.65177824734351, 48.264223612054792 ], [ 0.638835601191258, 48.260737884766073 ], [ 0.631930021309033, 48.254782026869037 ], [ 0.632804612131299, 48.246141765872878 ], [ 0.638520903090772, 48.235445100016342 ], [ 0.631880916243333, 48.234630779232155 ], [ 0.630224516875441, 48.241656726204269 ], [ 0.623657831091545, 48.245450510160062 ], [ 0.611422925143406, 48.242158571582877 ], [ 0.60756106190475, 48.244673863063205 ], [ 0.593648137445801, 48.244689352775637 ], [ 0.579100378807222, 48.244469656854136 ], [ 0.537403001733256, 48.249244277467483 ], [ 0.538497588384598, 48.257093377114103 ], [ 0.530300045428796, 48.265496730434158 ], [ 0.512691645343374, 48.267697648052483 ], [ 0.503305806468209, 48.277832262969277 ], [ 0.493054420251423, 48.284139987733205 ], [ 0.502183815907005, 48.293733783293582 ], [ 0.506056938958025, 48.29370208036719 ], [ 0.507491739772903, 48.295338241976467 ], [ 0.490238287179313, 48.309619393662039 ], [ 0.480541184603341, 48.298540005637463 ], [ 0.463265963830961, 48.305280546568675 ], [ 0.455912430114366, 48.306560263411548 ], [ 0.442784621556315, 48.304613702310306 ], [ 0.431191166320529, 48.30671928327687 ], [ 0.427721188574333, 48.314994135963182 ], [ 0.415485015302845, 48.321581639148143 ], [ 0.405990243796752, 48.314826753628928 ], [ 0.39296657068853, 48.322623504478869 ], [ 0.382536845567207, 48.33399423428618 ], [ 0.380498386936731, 48.343186074106022 ], [ 0.387611007659632, 48.347366166964541 ], [ 0.383572113987637, 48.35265652281948 ], [ 0.380357498294642, 48.36928834936964 ], [ 0.378713645711137, 48.383187567645081 ], [ 0.373861187316983, 48.386969757086703 ], [ 0.376218298463062, 48.391380568584282 ], [ 0.371525099513157, 48.410827129370489 ], [ 0.381027572746273, 48.416278069218443 ], [ 0.382622831240134, 48.425134678735056 ], [ 0.3758170626058, 48.430393218048607 ], [ 0.367805776495756, 48.437734550323128 ], [ 0.365513487300909, 48.448212514558683 ], [ 0.352680232396932, 48.4597455757741 ], [ 0.350645292902654, 48.458904452571304 ], [ 0.341211367280089, 48.461013103307579 ], [ 0.338195595976108, 48.465452447348923 ], [ 0.326681709349035, 48.471797020428099 ], [ 0.314813147416169, 48.473216881270432 ], [ 0.310223229422387, 48.471991400763841 ], [ 0.301138402772858, 48.480130339019759 ], [ 0.288595011092288, 48.478469122572534 ], [ 0.283573617749869, 48.481501216253619 ], [ 0.274709208206588, 48.479339358947939 ], [ 0.262487663610073, 48.48276317556239 ], [ 0.259034101593678, 48.476818130269081 ], [ 0.248905555266137, 48.473959886535617 ], [ 0.240885825478125, 48.475993543963497 ], [ 0.231443904692137, 48.4724575141163 ], [ 0.217868588700764, 48.473835129827812 ], [ 0.194697376065841, 48.463647041631909 ], [ 0.172264124209887, 48.464945644296698 ], [ 0.169541143765044, 48.461448288193878 ], [ 0.173616545913193, 48.450839352388016 ], [ 0.165851987995656, 48.449781835286373 ], [ 0.154425114071958, 48.456581268475283 ], [ 0.143666524199322, 48.455297441818423 ], [ 0.155320333376652, 48.445279889317945 ], [ 0.153110332461766, 48.437874799316631 ], [ 0.121540949796638, 48.43620637141867 ], [ 0.111418140235079, 48.432379126475041 ], [ 0.106461780419725, 48.426603869839475 ], [ 0.110441695045309, 48.4232268590399 ], [ 0.099874297354716, 48.410190638196973 ], [ 0.08925512420199, 48.410608283350498 ], [ 0.083267224000677, 48.411025581328722 ], [ 0.067489217950514, 48.406031430961015 ], [ 0.059414823735873, 48.396307295690008 ], [ 0.058037241120095, 48.389592950780319 ], [ 0.062346722084409, 48.382889142128839 ], [ 0.05790891021961, 48.37927866882201 ], [ 0.039700126715692, 48.38056088736726 ], [ 0.023100770685611, 48.380397061303313 ], [ 0.0151106340487, 48.381921037586011 ], [ 0.011000807822337, 48.389405289401466 ], [ 0.003165016801557, 48.396157807930237 ], [ -0.0201746874215, 48.393922230682747 ], [ -0.021972577477229, 48.387524593213385 ], [ -0.034916135871829, 48.386414990727417 ], [ -0.035824818213837, 48.38120126774534 ], [ -0.049669420508561, 48.375454429041213 ], [ -0.054920552445206, 48.382121268609311 ], [ -0.057754095530174, 48.388196637326388 ], [ -0.053866166229083, 48.393752965594302 ], [ -0.057141092235124, 48.407872215950555 ], [ -0.05236027713121, 48.41310026799632 ], [ -0.057606559167054, 48.420960856578091 ], [ -0.057276453397476, 48.429140661256845 ], [ -0.05499350046979, 48.430825462152065 ], [ -0.049775628263929, 48.444479665755331 ], [ -0.050988201318377, 48.45288879406273 ], [ -0.06257877996535, 48.456737857386258 ], [ -0.072807805965073, 48.456999171326984 ], [ -0.073122692308248, 48.450586240498069 ], [ -0.080821785009431, 48.450143475473425 ], [ -0.108449462354428, 48.447946273274049 ], [ -0.118250657122187, 48.448294072851596 ], [ -0.13789476451237, 48.452939529676421 ], [ -0.149081645619142, 48.458563753153939 ], [ -0.150553644188358, 48.465136737963398 ], [ -0.147245206770689, 48.473110503247852 ], [ -0.15564266952731, 48.490198953385288 ], [ -0.156134719212513, 48.495991109509688 ], [ -0.166672588644251, 48.502033469844946 ], [ -0.172090999560199, 48.502134649052508 ], [ -0.172536890886715, 48.510513662053853 ], [ -0.167261168830491, 48.515279334998006 ], [ -0.155113096347744, 48.520736113915547 ], [ -0.145866095087634, 48.520348429597966 ], [ -0.144374727896225, 48.527727061561727 ], [ -0.170277643789675, 48.537310197914394 ], [ -0.173455026326369, 48.541424347501859 ], [ -0.191894733288866, 48.551656647226629 ], [ -0.196174037198133, 48.55602871278542 ], [ -0.208232074560769, 48.564226078767646 ], [ -0.220317903043766, 48.560545759093451 ], [ -0.234352427324914, 48.56233632019768 ], [ -0.242640155114423, 48.567994064439617 ], [ -0.248843701379711, 48.56364460960242 ], [ -0.246229135702082, 48.558270055694287 ], [ -0.257606324538236, 48.552022152296857 ], [ -0.262739343688364, 48.548408822269586 ], [ -0.246559710825478, 48.542879124560905 ], [ -0.242271380797171, 48.538676447490325 ], [ -0.248668073565611, 48.528924951432046 ], [ -0.26110044407932, 48.527065502109373 ], [ -0.267508620096818, 48.521468461252155 ], [ -0.267226058624803, 48.513737726689456 ], [ -0.271471313009984, 48.507411117539931 ], [ -0.285190921642189, 48.506358031447398 ], [ -0.285321666998886, 48.517788114934383 ], [ -0.293547537077309, 48.51523378963433 ], [ -0.308934529800094, 48.518498564619769 ], [ -0.320104503379722, 48.523115533595544 ], [ -0.336136610591117, 48.509465873274195 ], [ -0.337931766654485, 48.50032867257223 ], [ -0.350106749401031, 48.501033875402769 ], [ -0.353901706302074, 48.496054659979769 ], [ -0.349366492318044, 48.488848865723888 ], [ -0.353156452843776, 48.48371937526646 ], [ -0.369366797577669, 48.488788946586759 ], [ -0.37577907988271, 48.496215329372291 ], [ -0.393074925251842, 48.501087046342931 ], [ -0.391153133769882, 48.508768488522087 ], [ -0.397609820728343, 48.510645005916807 ], [ -0.407560192429971, 48.505569677247237 ], [ -0.425361915161672, 48.507467096785987 ], [ -0.433949354634602, 48.513760761191804 ], [ -0.438586986396987, 48.511651930918092 ], [ -0.462497529490095, 48.513423582377278 ], [ -0.470138934319609, 48.511995763011036 ], [ -0.478278242943865, 48.501593272166247 ], [ -0.486450679192139, 48.504230590561029 ], [ -0.492908202649147, 48.501759029222121 ], [ -0.509456116031051, 48.508875630660143 ], [ -0.516531334500721, 48.498101881821718 ], [ -0.53062868894067, 48.495134217734076 ], [ -0.534908593123818, 48.491575064788904 ], [ -0.539236112698048, 48.484192563880413 ], [ -0.549605092270692, 48.480324106358744 ], [ -0.550444213258193, 48.473909833156256 ], [ -0.571718783411621, 48.468987598749344 ], [ -0.585976118303139, 48.472081409233866 ], [ -0.59321580745535, 48.470849302613544 ], [ -0.594247222787605, 48.472521896428994 ], [ -0.61573875556726, 48.458819891530183 ], [ -0.620706998628097, 48.458826866246092 ], [ -0.65409240468426, 48.444589783878271 ], [ -0.653799425008958, 48.454033403474639 ], [ -0.653585875473897, 48.459756899613318 ], [ -0.659761224953611, 48.469148770521677 ], [ -0.655750165224803, 48.474984770972291 ], [ -0.662220376744687, 48.483872973997613 ], [ -0.668800076845318, 48.486547110068102 ], [ -0.677655471592692, 48.478791046997934 ], [ -0.685566882211075, 48.477202845897104 ], [ -0.688031204472628, 48.469579322999671 ], [ -0.701764396749714, 48.467223487243253 ], [ -0.724939079690925, 48.473447338562487 ], [ -0.731202985438103, 48.471232264355457 ], [ -0.73707971299252, 48.463797311036664 ], [ -0.717665793348287, 48.454104160925283 ], [ -0.714881280653044, 48.449042541091224 ], [ -0.727283730384016, 48.444793327332377 ], [ -0.735307314647559, 48.445651375410435 ], [ -0.75654223895122, 48.437082850176125 ], [ -0.773990454021717, 48.442728061989214 ], [ -0.779788922890949, 48.446064079593242 ], [ -0.777607058427706, 48.451638418446663 ], [ -0.779272224954177, 48.46506183390138 ], [ -0.795535006572522, 48.466174664744734 ], [ -0.798668024347671, 48.459222174571742 ], [ -0.812504577853619, 48.455026997059818 ], [ -0.814130399496612, 48.46424443128825 ], [ -0.818289951841557, 48.468569840278739 ], [ -0.821092989990929, 48.476112741489345 ], [ -0.831739044150426, 48.47899114494362 ], [ -0.837890251538856, 48.484762902063203 ], [ -0.840151865460448, 48.493872919005298 ], [ -0.860278869380724, 48.501513467963392 ], [ -0.869530241050135, 48.498155416496488 ], [ -0.880854579053506, 48.499385367107728 ], [ -0.895809287344651, 48.494910005296774 ], [ -0.904601277780302, 48.496145114184728 ], [ -0.922226926219479, 48.502994856634842 ], [ -0.923817051701177, 48.513394009851183 ], [ -0.944541937893229, 48.514561035540183 ], [ -0.955408560322357, 48.517283612247446 ], [ -0.964370165423674, 48.511098607242431 ], [ -0.962375079758597, 48.503553212661025 ], [ -0.971807464714807, 48.500225093118566 ], [ -0.976931016647321, 48.492992694558389 ], [ -0.987289841692182, 48.49407915870183 ], [ -1.002948090636424, 48.489093405271824 ], [ -1.011720526960751, 48.493020879973066 ], [ -1.020850308679571, 48.495422355495883 ], [ -1.039408426586985, 48.506247357638244 ], [ -1.054319817818151, 48.509878142575872 ], [ -1.061209440537701, 48.515584191743962 ], [ -1.070079830603676, 48.508817395538607 ], [ -1.091202011000594, 48.510480348394694 ], [ -1.103907380937548, 48.513124414261966 ], [ -1.1172320694785, 48.521718910460429 ], [ -1.133472286124524, 48.522256456573466 ], [ -1.139221467838312, 48.51840431143971 ], [ -1.155730888273675, 48.519744652792902 ], [ -1.161979693875049, 48.524324516730267 ], [ -1.166710400098261, 48.530249122410758 ], [ -1.188498782858255, 48.528748589151419 ], [ -1.192894005839491, 48.528810612092165 ], [ -1.206845564935868, 48.542318195794721 ], [ -1.217473133176085, 48.53705609344108 ], [ -1.238869156228038, 48.53772148694388 ], [ -1.248928927039191, 48.543687073902547 ], [ -1.249255304198425, 48.543713237124791 ], [ -1.262794452778119, 48.540184153045509 ], [ -1.272764895451198, 48.533886428555604 ], [ -1.268582021391788, 48.52966392656819 ], [ -1.279031876272067, 48.509289709463417 ], [ -1.287499622266665, 48.509593222146044 ], [ -1.300638295401826, 48.499036654498369 ], [ -1.327989622431335, 48.498038877001839 ], [ -1.330383616913677, 48.486140080363192 ], [ -1.337629898175886, 48.491294686917236 ], [ -1.349453829820614, 48.481690974514756 ], [ -1.344621643807165, 48.47314120532161 ], [ -1.35689867325662, 48.466773286450312 ], [ -1.365285571946786, 48.466372127776822 ], [ -1.371454241474639, 48.459854178499754 ], [ -1.383657554722007, 48.456795324676975 ], [ -1.392615562473676, 48.461132013801304 ], [ -1.399478510866065, 48.461018191306721 ], [ -1.408120177885232, 48.460033259322408 ], [ -1.415259714052448, 48.462885230307194 ], [ -1.421903418710203, 48.46034369386301 ], [ -1.440924227705053, 48.471934876868353 ], [ -1.434879836847168, 48.477917686226995 ], [ -1.449762341445509, 48.487545710298456 ], [ -1.459424850848578, 48.484750167803419 ], [ -1.4663851485026, 48.488461965110993 ], [ -1.473638648109226, 48.485287352167511 ], [ -1.489922091533117, 48.489316336910186 ], [ -1.489722033001792, 48.496177314942436 ], [ -1.495558494789289, 48.508683701475555 ], [ -1.50479627649416, 48.515203997237478 ], [ -1.507907817186904, 48.52301239399938 ], [ -1.515303400165222, 48.530335316926433 ] ] ] ] } },
{ "type": "Feature", "properties": { "insee_reg": "32" }, "geometry": { "type": "MultiPolygon", "coordinates": [ [ [ [ 1.7083476366473, 49.235920998060926 ], [ 1.704350137240246, 49.232434495412363 ], [ 1.698956726984044, 49.235013526231413 ], [ 1.7014882820579, 49.242462087800725 ], [ 1.701229719568829, 49.251824375218789 ], [ 1.706501120561057, 49.254241154442951 ], [ 1.711553175745715, 49.264483726952463 ], [ 1.726192549883545, 49.264765052693051 ], [ 1.735501885772455, 49.269637095191669 ], [ 1.750387858017213, 49.267511226304421 ], [ 1.754408579286827, 49.269989294339375 ], [ 1.765002376490781, 49.263411772327437 ], [ 1.766942893078373, 49.252039344800536 ], [ 1.790296032157655, 49.246818369589391 ], [ 1.79041957259174, 49.246938288377947 ], [ 1.789432051866382, 49.253685907217651 ], [ 1.802397709551263, 49.273496898367426 ], [ 1.791400025432055, 49.288174937709769 ], [ 1.784401120806467, 49.293209456060374 ], [ 1.771925344715858, 49.293968745564179 ], [ 1.775313016916154, 49.298403088940638 ], [ 1.772105738240839, 49.314073084481542 ], [ 1.767256406764604, 49.315884672882625 ], [ 1.770784844653228, 49.326001380719021 ], [ 1.774423603076697, 49.337091709148453 ], [ 1.758049732901503, 49.357029762284597 ], [ 1.761503037044829, 49.360688118836904 ], [ 1.759534016855545, 49.368217594402473 ], [ 1.747727256365435, 49.371953404581944 ], [ 1.743320872989002, 49.381653473224382 ], [ 1.73629157814666, 49.383676624143085 ], [ 1.728999628209956, 49.390800040156435 ], [ 1.719935662002239, 49.395486044154303 ], [ 1.727609268886698, 49.397804508567326 ], [ 1.740488821169827, 49.405591160337352 ], [ 1.737005023156382, 49.407329367110215 ], [ 1.720842500345957, 49.405728452428178 ], [ 1.714029931079801, 49.409332046733816 ], [ 1.715146142643508, 49.414955124226431 ], [ 1.724248517293591, 49.422282478789356 ], [ 1.723496719627949, 49.434601558655892 ], [ 1.733519346931887, 49.441134080152707 ], [ 1.738048350437669, 49.449042331226131 ], [ 1.73999250936074, 49.449093137596478 ], [ 1.752110112772783, 49.453535130439874 ], [ 1.747523307278616, 49.459514885729803 ], [ 1.765975882838987, 49.466015367020219 ], [ 1.776563188653341, 49.473122317695015 ], [ 1.771960279503941, 49.484966905233108 ], [ 1.779140036166821, 49.490845181812524 ], [ 1.788989535328696, 49.490428946602222 ], [ 1.790776215668475, 49.498008824509576 ], [ 1.787547423244197, 49.506533572184324 ], [ 1.771340766328971, 49.513098238527022 ], [ 1.768236896387261, 49.512087016769271 ], [ 1.759466717362476, 49.5113576374141 ], [ 1.75084160272468, 49.503758336898237 ], [ 1.752638250938166, 49.497344648598627 ], [ 1.725337228523521, 49.499674532737686 ], [ 1.719191031224984, 49.502967884026368 ], [ 1.719793198622018, 49.508883302812819 ], [ 1.737696437279357, 49.520009903544839 ], [ 1.735317444011145, 49.524953870503815 ], [ 1.744164100264223, 49.529191181476186 ], [ 1.745529831133652, 49.539316137199748 ], [ 1.744876435612172, 49.539546666705093 ], [ 1.732199116012358, 49.541264622065796 ], [ 1.724276076305768, 49.544951204526619 ], [ 1.729999723719703, 49.561400928161724 ], [ 1.720530073646273, 49.569572171781196 ], [ 1.714027295801187, 49.577650958139614 ], [ 1.707594526110895, 49.577541314859666 ], [ 1.697691753050011, 49.572282757260027 ], [ 1.694448422570949, 49.575040462734925 ], [ 1.691293736774744, 49.579132829353938 ], [ 1.697490984647076, 49.582648987340747 ], [ 1.710354617628008, 49.579913784488561 ], [ 1.719632266225283, 49.583852435867769 ], [ 1.72222059231377, 49.589051227705276 ], [ 1.720850912401448, 49.590034442553922 ], [ 1.708915548397454, 49.587064439109341 ], [ 1.708815527296279, 49.594942884420881 ], [ 1.693914169712654, 49.601149518880874 ], [ 1.705911334234102, 49.60637206403846 ], [ 1.710650558970111, 49.612600457351029 ], [ 1.717918117049367, 49.614682454691312 ], [ 1.721558439360122, 49.623573376678152 ], [ 1.717277847356294, 49.633097943172451 ], [ 1.704487240367843, 49.639878877044595 ], [ 1.698649606562338, 49.64453031019557 ], [ 1.708489567030399, 49.646356262439028 ], [ 1.712786355058657, 49.654818215694007 ], [ 1.722496725908927, 49.661608709841786 ], [ 1.722879872289255, 49.67234576552358 ], [ 1.733798984071051, 49.67390048144226 ], [ 1.75232350744175, 49.681057465762891 ], [ 1.745015306495518, 49.698231199147848 ], [ 1.733374183689942, 49.699095546773911 ], [ 1.724497137663587, 49.694213012979738 ], [ 1.717802073367152, 49.684738133442998 ], [ 1.705200087386918, 49.681302969216254 ], [ 1.688933838699038, 49.693943871671905 ], [ 1.714811764281338, 49.713829327160468 ], [ 1.711932032713388, 49.731120925814551 ], [ 1.723240509310864, 49.730173319739492 ], [ 1.742888563932448, 49.738420274555722 ], [ 1.745885444126482, 49.738736020845721 ], [ 1.740497938699287, 49.749865358898809 ], [ 1.74296493701406, 49.752751960806243 ], [ 1.749755615208314, 49.763861855099243 ], [ 1.764231451930627, 49.756734554486783 ], [ 1.783776234863161, 49.758298806903255 ], [ 1.78116956083895, 49.767570335550602 ], [ 1.771090384655192, 49.778033600223026 ], [ 1.758270854383503, 49.78275415364115 ], [ 1.752301013611, 49.792185551267586 ], [ 1.744625106461686, 49.803444628643042 ], [ 1.733631515720776, 49.813458398698245 ], [ 1.733601150372905, 49.817148339351071 ], [ 1.725313381858672, 49.832459976102413 ], [ 1.725928414138768, 49.839823372757451 ], [ 1.725762826102234, 49.84528991593335 ], [ 1.718830177122411, 49.853181619672462 ], [ 1.720042669352019, 49.861854828426161 ], [ 1.718506868324134, 49.865783941661988 ], [ 1.711506917057906, 49.873983440137117 ], [ 1.712098727939733, 49.886834078530477 ], [ 1.702624950292486, 49.893222488075878 ], [ 1.696684964308584, 49.893443199745747 ], [ 1.691708860763459, 49.898646851002276 ], [ 1.685246669287647, 49.903504575692288 ], [ 1.684406021467688, 49.911017241287674 ], [ 1.678361997986742, 49.913557509271676 ], [ 1.679042870049818, 49.916705773649873 ], [ 1.669357380527252, 49.92203443835843 ], [ 1.662300802169921, 49.922141629802937 ], [ 1.647586536792827, 49.928591288857888 ], [ 1.632514939984925, 49.933848365451873 ], [ 1.622546363279637, 49.934720283848094 ], [ 1.608570822473863, 49.941833894263958 ], [ 1.592728829051017, 49.950142677460001 ], [ 1.585459880126146, 49.960957375368785 ], [ 1.577703009740115, 49.963296740944052 ], [ 1.574483622290206, 49.973328439425629 ], [ 1.561733396667232, 49.978269550054179 ], [ 1.547275839144258, 49.987342279857245 ], [ 1.527277762098011, 49.995734976048936 ], [ 1.525099970181251, 49.998606004457592 ], [ 1.516633740384731, 50.006337491806278 ], [ 1.516305311531162, 50.012103651284463 ], [ 1.498015101473782, 50.01961560246005 ], [ 1.486566249872151, 50.022865101432338 ], [ 1.478444348545082, 50.027284103773688 ], [ 1.473392470859207, 50.033637227626414 ], [ 1.461410686277208, 50.035211324844887 ], [ 1.45228423568364, 50.040234017943163 ], [ 1.455915446146714, 50.044400451029475 ], [ 1.455085541152334, 50.056241552699738 ], [ 1.45917083245541, 50.062735630926234 ], [ 1.453323948014601, 50.064519735136386 ], [ 1.449600458974178, 50.070062865398711 ], [ 1.421894480290297, 50.069446351433513 ], [ 1.408761703100744, 50.057085629627657 ], [ 1.386550048095336, 50.061372382137925 ], [ 1.380961770128199, 50.065736454009745 ], [ 1.38908259121772, 50.07309008254532 ], [ 1.417719089938193, 50.087406122352633 ], [ 1.421051702719504, 50.088889000515309 ], [ 1.443103066508408, 50.100054222965298 ], [ 1.454094456917692, 50.110115305349233 ], [ 1.468260964249162, 50.139036296141718 ], [ 1.480766572754757, 50.167828749994811 ], [ 1.498991113278852, 50.191076986509991 ], [ 1.51885086256502, 50.205782214936896 ], [ 1.543663921095216, 50.213453779519448 ], [ 1.55935061526854, 50.210840844782979 ], [ 1.574334741065402, 50.196133609987221 ], [ 1.591292957452908, 50.187736634941189 ], [ 1.595961016513205, 50.185462063531887 ], [ 1.610725420263158, 50.19076704165191 ], [ 1.627136723743204, 50.190289423473786 ], [ 1.643274175013939, 50.185604289824234 ], [ 1.645525984988237, 50.18231503251215 ], [ 1.66547931146681, 50.177656386964962 ], [ 1.673995092476295, 50.174396707837126 ], [ 1.683793928232033, 50.183026098341763 ], [ 1.673099140269382, 50.192655703598895 ], [ 1.671374924487364, 50.204263028181913 ], [ 1.662576066214449, 50.214233492322748 ], [ 1.640514467734336, 50.217104487260343 ], [ 1.632536628232184, 50.218081219119838 ], [ 1.623003147633021, 50.214431937384916 ], [ 1.613364648308995, 50.223107010647354 ], [ 1.605623827967356, 50.234640690624147 ], [ 1.593834352898354, 50.245033734650008 ], [ 1.594705558242008, 50.257743960906822 ], [ 1.585466269251359, 50.254873090727109 ], [ 1.560972973476399, 50.256506659958539 ], [ 1.549124555448995, 50.260487915700047 ], [ 1.547457330525499, 50.269231410147214 ], [ 1.539373339131979, 50.27406696325454 ], [ 1.538624045023053, 50.286571232378137 ], [ 1.542429863730193, 50.305137774004322 ], [ 1.547568526695103, 50.328963554298078 ], [ 1.551072458389372, 50.356078892906062 ], [ 1.555649817797041, 50.363328551745916 ], [ 1.569081401140673, 50.362810655321859 ], [ 1.568820686905439, 50.358487715204376 ], [ 1.602460938903247, 50.359896858562713 ], [ 1.626875926396114, 50.360038907779682 ], [ 1.646332968417508, 50.348358231834723 ], [ 1.63545278407886, 50.356011703866237 ], [ 1.633491088165176, 50.3642454071149 ], [ 1.625516565577019, 50.371874353111998 ], [ 1.617543779787206, 50.372325865672273 ], [ 1.612176724580305, 50.370015502592146 ], [ 1.593108238975025, 50.378451853768418 ], [ 1.578177983160457, 50.379197582220584 ], [ 1.57868197632346, 50.386034574553584 ], [ 1.573192838744805, 50.390289226585537 ], [ 1.555623697159751, 50.400267908156913 ], [ 1.564142786825157, 50.419304085495448 ], [ 1.569042366773332, 50.439886402109714 ], [ 1.574562858724546, 50.47142629414229 ], [ 1.576156747125229, 50.487902629040995 ], [ 1.577376353836706, 50.514922624571703 ], [ 1.581420373726627, 50.532796748663415 ], [ 1.586428253516901, 50.53953646307626 ], [ 1.595976071192178, 50.528479448675824 ], [ 1.609508495163546, 50.526906713438343 ], [ 1.63489002203061, 50.511689184459293 ], [ 1.640604994922761, 50.508698012190891 ], [ 1.644411958294512, 50.509520769988953 ], [ 1.635681210264035, 50.512988825210293 ], [ 1.625757464234028, 50.520708960930399 ], [ 1.620248223535756, 50.533578224148371 ], [ 1.605170646906587, 50.540791105411756 ], [ 1.598117699419316, 50.552712618460696 ], [ 1.590908071630939, 50.555569838370658 ], [ 1.580714635767735, 50.564061271740663 ], [ 1.576266172410401, 50.573391683981193 ], [ 1.57790708333031, 50.581310703577053 ], [ 1.578522418492346, 50.606664882824361 ], [ 1.57613390791708, 50.639431727413168 ], [ 1.5781565162994, 50.64017924098961 ], [ 1.575610331225524, 50.642563602669512 ], [ 1.571109007131384, 50.664333060017967 ], [ 1.563215473795653, 50.684787168022112 ], [ 1.562809450918937, 50.692054936434822 ], [ 1.560831336437222, 50.699391492643571 ], [ 1.569324104136988, 50.706926947881719 ], [ 1.573601774989836, 50.716632860189506 ], [ 1.56387561964052, 50.723061613375791 ], [ 1.578958279644629, 50.728340433775656 ], [ 1.593671727749456, 50.731216120192165 ], [ 1.595882409783249, 50.746738768614151 ], [ 1.594416788403892, 50.750628669505694 ], [ 1.600297764864921, 50.754252277033487 ], [ 1.606514239436963, 50.770152956069133 ], [ 1.604969577570827, 50.782115617443786 ], [ 1.606385876084127, 50.795151238300932 ], [ 1.60229595443516, 50.804209863872373 ], [ 1.594802862907422, 50.817338763727548 ], [ 1.589107251986645, 50.825273095489273 ], [ 1.589203365889237, 50.831608269694371 ], [ 1.581285057205022, 50.850463809208655 ], [ 1.578119532529877, 50.852921292439007 ], [ 1.583944788373779, 50.87190181178488 ], [ 1.592476425128001, 50.870561849815438 ], [ 1.612834217451818, 50.872399484588193 ], [ 1.635436521618384, 50.876219690490657 ], [ 1.658783330055751, 50.887402709954394 ], [ 1.675043738199195, 50.898593082397419 ], [ 1.692551653882339, 50.915633802197718 ], [ 1.706933112587884, 50.925638764612636 ], [ 1.726129339515004, 50.93663481273834 ], [ 1.745253027361358, 50.944073445678235 ], [ 1.788029010478345, 50.956594746568747 ], [ 1.828963946848754, 50.962507313205698 ], [ 1.842460837553854, 50.967438592754483 ], [ 1.840619298284863, 50.972891810229946 ], [ 1.853629641467194, 50.981232307756947 ], [ 1.873105020517346, 50.982174460670208 ], [ 1.879977677625149, 50.979501116318374 ], [ 1.885335909429869, 50.972588808582216 ], [ 1.892977394982787, 50.973590513354715 ], [ 1.904681267063557, 50.980093059641213 ], [ 1.91175513024764, 50.980672395829238 ], [ 1.941657302402986, 50.988507942070846 ], [ 1.949621472968534, 50.983873778883215 ], [ 1.972719196720743, 50.989492551247622 ], [ 2.000053403509244, 50.994552463216301 ], [ 2.020021375024052, 50.995184967083887 ], [ 2.037206932889152, 50.998230926618604 ], [ 2.047845771114597, 51.003636841154361 ], [ 2.070436532275806, 51.007011580803685 ], [ 2.089335222104105, 51.002750864210086 ], [ 2.102720981733825, 51.006541292817154 ], [ 2.110456259185405, 51.005757845562862 ], [ 2.123027349464158, 51.011297422995405 ], [ 2.125554170677128, 51.015739792567075 ], [ 2.142207551851564, 51.022465521250318 ], [ 2.152490153382332, 51.035308758692345 ], [ 2.1632263622742, 51.03773537108863 ], [ 2.170912415103074, 51.044323185652452 ], [ 2.183284269408605, 51.039762064762101 ], [ 2.191972650112857, 51.041319849063768 ], [ 2.201046868032049, 51.032877109046282 ], [ 2.209971457963222, 51.031967748911214 ], [ 2.240373216084293, 51.038921272921883 ], [ 2.264487447860991, 51.044624201397539 ], [ 2.302973692278913, 51.051291109126254 ], [ 2.34228256222648, 51.057106431026348 ], [ 2.344495516648882, 51.052999586086962 ], [ 2.360356095681161, 51.053558706945743 ], [ 2.380490945279716, 51.048695683721583 ], [ 2.408137683694766, 51.05271820336575 ], [ 2.43213386997588, 51.057903734307388 ], [ 2.466594620612409, 51.066802180198131 ], [ 2.472994265793404, 51.068532363214807 ], [ 2.493896906594302, 51.073733183336806 ], [ 2.545506839235904, 51.088989440783649 ], [ 2.559138880047792, 51.070020132165105 ], [ 2.561990987917388, 51.05843485036926 ], [ 2.575935906592961, 51.013871879681481 ], [ 2.57236295027442, 51.013027386617686 ], [ 2.571869314115595, 51.008426295608423 ], [ 2.575502962736605, 51.005946119357539 ], [ 2.574034818429852, 51.003240480119054 ], [ 2.595330712767973, 50.992065359340877 ], [ 2.607008712038805, 50.991185907454856 ], [ 2.606710138232467, 50.982017222060662 ], [ 2.619419921761954, 50.967375856281656 ], [ 2.628743029301673, 50.950551230697059 ], [ 2.630246820128893, 50.943275576898962 ], [ 2.608756731767012, 50.930908387873103 ], [ 2.59038505752552, 50.91924450019561 ], [ 2.594450701092522, 50.914380494921765 ], [ 2.607526786967929, 50.912766301795152 ], [ 2.605113393243571, 50.906634458222563 ], [ 2.6094852313913, 50.895680591811193 ], [ 2.604539818344969, 50.886084129965269 ], [ 2.60950047535257, 50.881577479733458 ], [ 2.607472139809384, 50.872616197942484 ], [ 2.612252987381735, 50.863487706456738 ], [ 2.599304045498169, 50.853348660685704 ], [ 2.60349519084694, 50.847777332270191 ], [ 2.61670272311117, 50.847962163097172 ], [ 2.616336805524911, 50.840061612147878 ], [ 2.625501135740454, 50.836678469102822 ], [ 2.627349632554685, 50.82780114666582 ], [ 2.635201069520935, 50.812915861434568 ], [ 2.656184830398647, 50.813592782568833 ], [ 2.662350127283112, 50.816408870304784 ], [ 2.675013143699308, 50.819374532315706 ], [ 2.678936247090459, 50.813427375241936 ], [ 2.718146083686372, 50.813457615802335 ], [ 2.725921051440208, 50.808994377034999 ], [ 2.721333623823239, 50.802304547582892 ], [ 2.726180326132015, 50.792409180706933 ], [ 2.738383649775209, 50.780503197862252 ], [ 2.75265891203809, 50.777616350153707 ], [ 2.75448736140184, 50.774707528890247 ], [ 2.762046754409213, 50.771080290819292 ], [ 2.758553035420419, 50.766435683264021 ], [ 2.767635658246593, 50.754330078170284 ], [ 2.777985037208111, 50.750554408440372 ], [ 2.789381164473373, 50.728865230742208 ], [ 2.794568957902795, 50.724882692012919 ], [ 2.81328764619569, 50.717072375776986 ], [ 2.819245140022712, 50.715510868533258 ], [ 2.829565311225903, 50.719731162270648 ], [ 2.848093162769088, 50.723022279685445 ], [ 2.853745468358472, 50.71547008102398 ], [ 2.869722754828952, 50.703256379309316 ], [ 2.879589416107224, 50.702849962013367 ], [ 2.885343348722663, 50.706481523691721 ], [ 2.901161696435112, 50.692849261379124 ], [ 2.910776940466242, 50.694296777187049 ], [ 2.911737464787219, 50.704018347452504 ], [ 2.922914509651312, 50.703152673008425 ], [ 2.928651624009556, 50.708913370487224 ], [ 2.931136770008988, 50.718631851308835 ], [ 2.928747713387654, 50.722839790515074 ], [ 2.937059000469271, 50.729985908283126 ], [ 2.944214083714215, 50.731258997974599 ], [ 2.937123816823919, 50.742554277575621 ], [ 2.940546601192049, 50.74562016781676 ], [ 2.950310127408423, 50.75150786735783 ], [ 2.958861129753175, 50.753617771161515 ], [ 2.972980303919054, 50.750488376821913 ], [ 2.983140073685098, 50.757374885395592 ], [ 2.993286196942281, 50.760259635777579 ], [ 3.018907263658369, 50.773674925739883 ], [ 3.035548124457132, 50.770294969743418 ], [ 3.040506237949484, 50.775886846158073 ], [ 3.058871019503503, 50.780755079653126 ], [ 3.083203122447527, 50.772549446524906 ], [ 3.089683049406247, 50.773770577859409 ], [ 3.104594109587086, 50.781766757372097 ], [ 3.110583128314694, 50.793828296685021 ], [ 3.128194889145162, 50.786327730002988 ], [ 3.148393703750006, 50.790207314887752 ], [ 3.151078688677949, 50.783587074812345 ], [ 3.161393144326996, 50.772567762806169 ], [ 3.180257557262852, 50.755266152553155 ], [ 3.184230486755244, 50.749014437419689 ], [ 3.187434227007392, 50.74078608075726 ], [ 3.196757274532963, 50.737193302457001 ], [ 3.198466227833671, 50.731343814585237 ], [ 3.191484794951289, 50.724675230335514 ], [ 3.208386763443773, 50.718719522905353 ], [ 3.208961154072023, 50.713420782881691 ], [ 3.218576012918439, 50.712154283283894 ], [ 3.245240336382684, 50.713044958300912 ], [ 3.25453088953531, 50.703487653027608 ], [ 3.261052144992759, 50.701340258197114 ], [ 3.253733653516908, 50.691143588184019 ], [ 3.261088772491858, 50.679065103407197 ], [ 3.241217426010062, 50.668844648691397 ], [ 3.242035683856295, 50.666936113087544 ], [ 3.240069961264083, 50.65862558712049 ], [ 3.245291083917839, 50.651199248791791 ], [ 3.249537692411051, 50.647353461522414 ], [ 3.244120575957498, 50.640682057904641 ], [ 3.25064451455558, 50.636376677216333 ], [ 3.258794225914821, 50.628234595210657 ], [ 3.255279946983963, 50.622742344793672 ], [ 3.269995541110689, 50.61197676458071 ], [ 3.272117711265958, 50.605101134303695 ], [ 3.276052739586527, 50.589769763442973 ], [ 3.275727559767708, 50.581634689753471 ], [ 3.281740958173006, 50.577613820160266 ], [ 3.277709163114388, 50.570096386655273 ], [ 3.275950378917116, 50.558539313466234 ], [ 3.280703030657893, 50.544442643044661 ], [ 3.278774255952811, 50.538768178338124 ], [ 3.286976808774435, 50.531853485433949 ], [ 3.28644436670087, 50.52787041028818 ], [ 3.304577639578882, 50.520382649445423 ], [ 3.320619564928358, 50.516908002046428 ], [ 3.32891238015536, 50.508425545841561 ], [ 3.334565128974793, 50.508000198759504 ], [ 3.361875149235153, 50.503991894492898 ], [ 3.377056323451284, 50.491093647348407 ], [ 3.390486953400865, 50.497635147381253 ], [ 3.405674981744874, 50.498962352244334 ], [ 3.417192168883266, 50.503018984288765 ], [ 3.439536314729119, 50.507372271872626 ], [ 3.450204430263706, 50.507570910692898 ], [ 3.453804257984348, 50.519209500726795 ], [ 3.46411220503966, 50.525264130800252 ], [ 3.47041564038404, 50.532606790761875 ], [ 3.493330621223997, 50.528865409897477 ], [ 3.499227033075918, 50.530051726986464 ], [ 3.518277935453697, 50.524681324583995 ], [ 3.516188334370663, 50.512865116856176 ], [ 3.496303179607207, 50.498871862099335 ], [ 3.507365444700234, 50.489313963664408 ], [ 3.519842799734539, 50.494465755669623 ], [ 3.54791048232605, 50.497947780120683 ], [ 3.559564571539746, 50.497977334931448 ], [ 3.569188739167486, 50.500939605787657 ], [ 3.585405904694662, 50.490525064604498 ], [ 3.593810712678335, 50.49138446136741 ], [ 3.607540047463502, 50.497229659927051 ], [ 3.619181847192655, 50.486763850983415 ], [ 3.629341456346416, 50.481676789479465 ], [ 3.635129458730092, 50.471205631500617 ], [ 3.643421931178432, 50.463339564065244 ], [ 3.654474677002511, 50.463041900593915 ], [ 3.662799272340182, 50.456024362289398 ], [ 3.660404250566962, 50.44558440659732 ], [ 3.669764608165646, 50.437242826873643 ], [ 3.669143317236653, 50.422835048157502 ], [ 3.673681790871245, 50.409655800743238 ], [ 3.673205689318559, 50.387974738858794 ], [ 3.665414806660847, 50.379759175653057 ], [ 3.657192240620802, 50.370861219042709 ], [ 3.667229793589185, 50.36092346547661 ], [ 3.665410204685977, 50.347022500174958 ], [ 3.677404707811323, 50.340279165434701 ], [ 3.673295445453004, 50.335110355325448 ], [ 3.68481915719826, 50.327238340976969 ], [ 3.694211376803724, 50.31554596868407 ], [ 3.707681831468756, 50.305170763795289 ], [ 3.710357677261776, 50.303241087237012 ], [ 3.731870400447249, 50.311520327506564 ], [ 3.727368098485659, 50.315316243987283 ], [ 3.732439384853725, 50.321567714494051 ], [ 3.729195876377005, 50.325668613797518 ], [ 3.733949982055539, 50.332207332158767 ], [ 3.733107568941474, 50.338244980693133 ], [ 3.7393170321159, 50.347667557461818 ], [ 3.747208298252455, 50.350992282646281 ], [ 3.763188248826693, 50.34802142531678 ], [ 3.775897550279479, 50.353204369121435 ], [ 3.798941374954841, 50.350920494943693 ], [ 3.805339370912505, 50.355275599483512 ], [ 3.813553160206777, 50.35318185152709 ], [ 3.811587917310401, 50.34501906623958 ], [ 3.82190796961901, 50.345738166040441 ], [ 3.82433906152365, 50.353449659622179 ], [ 3.83811331855148, 50.354259211140004 ], [ 3.853491192302983, 50.351029338085731 ], [ 3.856910658061789, 50.347788664796553 ], [ 3.858567915182514, 50.343998098894531 ], [ 3.871976894319491, 50.338226919244072 ], [ 3.889564942277949, 50.336551643522242 ], [ 3.885531140397787, 50.327469982021988 ], [ 3.909922216197768, 50.328788322010965 ], [ 3.919178828264856, 50.332137902866783 ], [ 3.968407603499544, 50.350058039047198 ], [ 3.967409141393533, 50.340638299182935 ], [ 3.975125915314749, 50.345965653716199 ], [ 3.9864919886591, 50.342409536494635 ], [ 3.9936444172311, 50.348747651885219 ], [ 4.011278649279424, 50.350013145687079 ], [ 4.018281074890217, 50.357264150149625 ], [ 4.030615686565078, 50.35504640944567 ], [ 4.037498724011502, 50.343058746235883 ], [ 4.044141052249687, 50.339471351015781 ], [ 4.054005080009891, 50.339326418793064 ], [ 4.055058508410543, 50.332530276358177 ], [ 4.065485044138443, 50.330254281541414 ], [ 4.078275398934963, 50.320673830247834 ], [ 4.078902528036335, 50.31017079365683 ], [ 4.079275648482436, 50.309652119632858 ], [ 4.097180676421708, 50.313511402618246 ], [ 4.109707631613812, 50.301846509573842 ], [ 4.122733021777531, 50.29799402098358 ], [ 4.125676124318286, 50.28838692821428 ], [ 4.124059363426144, 50.272836322043275 ], [ 4.136307110512248, 50.274227180225381 ], [ 4.135074194699932, 50.259615746740778 ], [ 4.150765516677228, 50.256528291490071 ], [ 4.163575594047703, 50.257413690956199 ], [ 4.168720976359392, 50.266537115259858 ], [ 4.162405410417698, 50.271600460607679 ], [ 4.150096966305806, 50.274141427955193 ], [ 4.156210356229535, 50.285181365933241 ], [ 4.162617710626321, 50.288951803909072 ], [ 4.1763620032328, 50.284442882472931 ], [ 4.178895908414652, 50.275182970907274 ], [ 4.201001235557442, 50.274816811251199 ], [ 4.211562701250843, 50.270040253290482 ], [ 4.215759131674278, 50.261591827703896 ], [ 4.221245820650382, 50.258612733740712 ], [ 4.220041208662559, 50.251640814547549 ], [ 4.202857532849403, 50.240320565043007 ], [ 4.199423122801562, 50.240456447767343 ], [ 4.193566720285544, 50.240434337519325 ], [ 4.181548499499521, 50.232280303321858 ], [ 4.172841900543305, 50.217113001943851 ], [ 4.165498068755999, 50.214614348044641 ], [ 4.150372786024583, 50.213605381789975 ], [ 4.155349810562268, 50.204293473813806 ], [ 4.160276188969838, 50.201526863395948 ], [ 4.156565254834905, 50.192806491948168 ], [ 4.156150354802818, 50.183386795517777 ], [ 4.148051868118238, 50.17337258177362 ], [ 4.154933593301602, 50.167181251587316 ], [ 4.15529490639558, 50.162971102286612 ], [ 4.13728167123636, 50.151371954137673 ], [ 4.13560830668091, 50.142619888339347 ], [ 4.127063713269033, 50.13557184783604 ], [ 4.144192402824037, 50.128629783289263 ], [ 4.152283558984682, 50.128884663009828 ], [ 4.157205239915135, 50.135295197866803 ], [ 4.175896821691893, 50.133091465361154 ], [ 4.196842863300409, 50.135191136003918 ], [ 4.201813268556529, 50.124393416679965 ], [ 4.202296386324102, 50.113765089058411 ], [ 4.197493783377316, 50.109242072560214 ], [ 4.206470141623072, 50.106132688108595 ], [ 4.201562116585615, 50.0999132365829 ], [ 4.214350672309381, 50.094150272779594 ], [ 4.21733384990385, 50.088126073361671 ], [ 4.22523418695183, 50.085579154161586 ], [ 4.22705463395432, 50.07968660103765 ], [ 4.230907418159675, 50.073475384566393 ], [ 4.228363319481978, 50.066439853982772 ], [ 4.218575150852637, 50.061013300535059 ], [ 4.198772732610388, 50.056573511498122 ], [ 4.194279541156204, 50.049418779792234 ], [ 4.173948311008636, 50.045466086538049 ], [ 4.171751996643437, 50.046945859084673 ], [ 4.160626483286078, 50.04794004341673 ], [ 4.148686468606407, 50.032288978497157 ], [ 4.136125424265999, 50.020897412851596 ], [ 4.135876649455888, 50.014875854281577 ], [ 4.145416560199676, 50.003815318542628 ], [ 4.163141374333328, 49.995003015280702 ], [ 4.154268812186946, 49.984671890054202 ], [ 4.141354215387465, 49.979099380035393 ], [ 4.144710228170084, 49.976131418769562 ], [ 4.173982520503666, 49.976262074862191 ], [ 4.178188928192317, 49.971969840433125 ], [ 4.19673207686072, 49.967695320290126 ], [ 4.197420963389004, 49.954581588831928 ], [ 4.207108515660732, 49.957780709023879 ], [ 4.224766617291054, 49.959282512001835 ], [ 4.233160002003133, 49.957752762296252 ], [ 4.232129165097064, 49.955952039775475 ], [ 4.229388148176905, 49.94565371930755 ], [ 4.220722981179081, 49.937213945694111 ], [ 4.216862304262529, 49.914094407634124 ], [ 4.222311912014026, 49.910375421654614 ], [ 4.233387100580344, 49.909390934771402 ], [ 4.233111247628448, 49.904599739835341 ], [ 4.245561223298219, 49.902212181219554 ], [ 4.25583684779586, 49.903980274853076 ], [ 4.250899189184331, 49.888859901256794 ], [ 4.253995496272863, 49.887081589053672 ], [ 4.25275199698074, 49.869627444079775 ], [ 4.249867009202103, 49.863078401928433 ], [ 4.248762838384111, 49.856749147760695 ], [ 4.244448579914573, 49.85256762743802 ], [ 4.23296159112915, 49.848411856410401 ], [ 4.229791071368048, 49.836023969116646 ], [ 4.223589594147198, 49.834102399801061 ], [ 4.214272648319958, 49.806112387842923 ], [ 4.226846881289481, 49.793615515224673 ], [ 4.224065851502312, 49.788770638149636 ], [ 4.210014644633191, 49.78213579041747 ], [ 4.205920739567765, 49.778186759797329 ], [ 4.213897967377819, 49.771111390226615 ], [ 4.228612276162206, 49.773108869428 ], [ 4.242834509974384, 49.767142859830983 ], [ 4.246862186046897, 49.754808210128118 ], [ 4.231213821096057, 49.747467666457808 ], [ 4.227037073794233, 49.742677144690106 ], [ 4.227320945071221, 49.730983426729019 ], [ 4.22490790625234, 49.727646903006949 ], [ 4.204678898969879, 49.722474947458444 ], [ 4.191244518185222, 49.716261954256431 ], [ 4.192464451307973, 49.712110954170221 ], [ 4.1844944431736, 49.701257811436278 ], [ 4.185190326835014, 49.698878636328494 ], [ 4.164727679602371, 49.694263046048761 ], [ 4.151077838127442, 49.690856752203068 ], [ 4.143068732654804, 49.687514702317038 ], [ 4.148773638116153, 49.677921823521558 ], [ 4.14317640847024, 49.676574436540761 ], [ 4.12702698569341, 49.677916707718865 ], [ 4.122070471371699, 49.658245913186725 ], [ 4.125548132497651, 49.651069316389069 ], [ 4.117694205028105, 49.641276920022207 ], [ 4.115745174150733, 49.632920815796588 ], [ 4.102209161060109, 49.632606635477757 ], [ 4.099162551669326, 49.628352835534997 ], [ 4.082091660468894, 49.631514828590255 ], [ 4.068975638929185, 49.637511880011772 ], [ 4.050940988746586, 49.634532713652249 ], [ 4.048247744325464, 49.637751678802289 ], [ 4.041061399081175, 49.638340952185906 ], [ 4.037873068874599, 49.623020455012416 ], [ 4.024491747727213, 49.621214378640047 ], [ 4.031647462152124, 49.614054131060946 ], [ 4.047233284423776, 49.599595345155393 ], [ 4.06019668924807, 49.59633018168612 ], [ 4.061874778331208, 49.58909154452671 ], [ 4.059499297404166, 49.575943075121081 ], [ 4.076793991507818, 49.570695017442048 ], [ 4.062746282016732, 49.561007078708606 ], [ 4.059930578055848, 49.553852371338088 ], [ 4.050225070411771, 49.550991483093846 ], [ 4.048713420973778, 49.545356674240637 ], [ 4.075165171879191, 49.541611850864008 ], [ 4.077549403206321, 49.52832367068207 ], [ 4.074868048653995, 49.521994750242158 ], [ 4.065362096008101, 49.523584110770607 ], [ 4.056308107882719, 49.521058580060824 ], [ 4.061875389487336, 49.512734666635176 ], [ 4.057216603954443, 49.508172563057478 ], [ 4.040725040975074, 49.508645995557131 ], [ 4.040788339881051, 49.495612611914723 ], [ 4.041560476573107, 49.48427085002573 ], [ 4.041572402101881, 49.480771578410909 ], [ 4.041589273142614, 49.470839220608561 ], [ 4.050834556907215, 49.463006780684523 ], [ 4.061330689348709, 49.446962197297815 ], [ 4.049180164882054, 49.447674814235626 ], [ 4.037211377327873, 49.438195015695584 ], [ 4.043342257824207, 49.425055453344427 ], [ 4.050274736516801, 49.412260783581139 ], [ 4.048229006152467, 49.405632885715725 ], [ 4.039987061055522, 49.3974321903315 ], [ 4.037104586656289, 49.384234648001545 ], [ 4.03580166061249, 49.359891655470364 ], [ 4.017775324799509, 49.360400754688264 ], [ 4.012724345167874, 49.35830187225455 ], [ 4.007051114106106, 49.369773976149851 ], [ 3.996546377976229, 49.371755975141546 ], [ 3.995133254409931, 49.378280390411803 ], [ 3.986685238051176, 49.378995044852601 ], [ 3.97253613569475, 49.379445857631559 ], [ 3.96148097967783, 49.377337281362841 ], [ 3.946068624787943, 49.387633714268595 ], [ 3.934719031775151, 49.398405479513478 ], [ 3.924671101638562, 49.407819539075462 ], [ 3.915663003948696, 49.403386380971071 ], [ 3.909834459573919, 49.394770355757771 ], [ 3.895679399174775, 49.392937954244346 ], [ 3.893382784098662, 49.399082738311101 ], [ 3.882031734023553, 49.405002535822184 ], [ 3.862446031955241, 49.404541468122446 ], [ 3.856055716524812, 49.401207027057062 ], [ 3.822582312015746, 49.402541269588973 ], [ 3.823499989504861, 49.400407363860964 ], [ 3.837473688274858, 49.396545092979629 ], [ 3.839592460471855, 49.391001301344012 ], [ 3.859858065700481, 49.386150489184288 ], [ 3.856350729145885, 49.381164863625379 ], [ 3.85949980663855, 49.374739566677228 ], [ 3.85606211405213, 49.368344773228081 ], [ 3.847920601081365, 49.364351597519622 ], [ 3.858741969842913, 49.35411819678346 ], [ 3.852841317423809, 49.344969218011947 ], [ 3.832923762546991, 49.350216803925008 ], [ 3.82393489841212, 49.357400652646113 ], [ 3.802233904776691, 49.358912087270824 ], [ 3.793241163119819, 49.356733109850303 ], [ 3.77772588786433, 49.355977254261532 ], [ 3.75766562277185, 49.347716777397629 ], [ 3.746473306353113, 49.348151389473642 ], [ 3.740809112711402, 49.347611826005547 ], [ 3.742165996925539, 49.336820792450325 ], [ 3.736352816199294, 49.335872020489006 ], [ 3.721332379343484, 49.335852953712489 ], [ 3.699129092416609, 49.332213323023957 ], [ 3.693271177641764, 49.328756495325841 ], [ 3.687476691696326, 49.327111283952853 ], [ 3.66939227331121, 49.325109319854867 ], [ 3.665177238140935, 49.319794670252207 ], [ 3.647597134868638, 49.315953713291819 ], [ 3.643940319862819, 49.312713671736091 ], [ 3.643620264967927, 49.303033619635826 ], [ 3.638224371602514, 49.30124186438043 ], [ 3.641786620437477, 49.296636466238461 ], [ 3.655946691894427, 49.291081138955199 ], [ 3.65899507050542, 49.286770131187012 ], [ 3.651609418193066, 49.278360707854063 ], [ 3.665126494646925, 49.269432817843068 ], [ 3.655320772947983, 49.262981333866989 ], [ 3.663796176584582, 49.2535700730744 ], [ 3.669845478855873, 49.243356198492272 ], [ 3.675028818006689, 49.240079136036819 ], [ 3.678256369666212, 49.235228768507362 ], [ 3.668775567725785, 49.231661339801306 ], [ 3.665712178755261, 49.222974754161612 ], [ 3.651480270401966, 49.221483687450778 ], [ 3.656548709614726, 49.211290720149186 ], [ 3.662537891554682, 49.208977958522802 ], [ 3.678567744615423, 49.206856911458075 ], [ 3.677100540245646, 49.199699687440237 ], [ 3.683830227667657, 49.197428415498578 ], [ 3.69747729059458, 49.206636571634654 ], [ 3.704654609833935, 49.200660133168874 ], [ 3.69929028560704, 49.18808647446982 ], [ 3.706854302612609, 49.185924110875135 ], [ 3.70648692240067, 49.180312427898635 ], [ 3.72530082126523, 49.17347275243543 ], [ 3.730105511686662, 49.178314069769179 ], [ 3.751284780405558, 49.177782827912793 ], [ 3.748501721346161, 49.17167915681221 ], [ 3.748756116340052, 49.158644253193316 ], [ 3.7395693571868, 49.156888444870198 ], [ 3.716965411474718, 49.146980367073979 ], [ 3.706449456762138, 49.14530906206447 ], [ 3.698002012985177, 49.148704830039861 ], [ 3.68383763588923, 49.15449094348665 ], [ 3.672551209437319, 49.150836743282888 ], [ 3.651187092958079, 49.149030134178162 ], [ 3.624449554184193, 49.151352125177446 ], [ 3.621160525858013, 49.149802912759732 ], [ 3.619589065122537, 49.147566858514729 ], [ 3.620686772085864, 49.139435095931816 ], [ 3.609937586104707, 49.134892908771072 ], [ 3.611886833767693, 49.128691712514744 ], [ 3.599667521552024, 49.120679140155396 ], [ 3.602934959398749, 49.114582019528875 ], [ 3.612039393759206, 49.118292595381192 ], [ 3.620117448202878, 49.107326773646392 ], [ 3.627551851078051, 49.092673529227199 ], [ 3.639264150239972, 49.08118265140201 ], [ 3.631923677589427, 49.072240609649683 ], [ 3.623825988266092, 49.070784000829164 ], [ 3.607420643690155, 49.071910171750694 ], [ 3.601712809072391, 49.062751165398971 ], [ 3.590363920366046, 49.059994842903066 ], [ 3.587708161420431, 49.059394624688132 ], [ 3.585134239661751, 49.038987610553185 ], [ 3.587608619729373, 49.033808752263191 ], [ 3.601035194726666, 49.035083908773551 ], [ 3.614914142403194, 49.033503889904722 ], [ 3.616903666308583, 49.036471834329873 ], [ 3.630088695417481, 49.039587442469617 ], [ 3.651060112213315, 49.041110333155707 ], [ 3.664183505433683, 49.037549583015739 ], [ 3.673811481618571, 49.02159793093535 ], [ 3.679080067053468, 49.018395805327955 ], [ 3.674949276468423, 49.011727091404062 ], [ 3.665311694820749, 49.005628388885881 ], [ 3.65467096597761, 49.003795823648588 ], [ 3.640255590694762, 49.004365468662741 ], [ 3.62356048586659, 48.982765612815783 ], [ 3.627056192263542, 48.981026235944704 ], [ 3.62107399202648, 48.966078515311807 ], [ 3.600947759358587, 48.966326735755601 ], [ 3.591407764048207, 48.960454345409474 ], [ 3.601785092867593, 48.953473883917404 ], [ 3.60290726525104, 48.944031293489431 ], [ 3.593410153139863, 48.944690189870265 ], [ 3.574745545823071, 48.939205629274852 ], [ 3.572975388129347, 48.928704206387984 ], [ 3.576407528908868, 48.92325155113371 ], [ 3.572479564537265, 48.918621043420011 ], [ 3.560021701396625, 48.917012631388957 ], [ 3.54951659291102, 48.913024340476582 ], [ 3.543128873237187, 48.915414120133107 ], [ 3.5287466954733, 48.912246394523848 ], [ 3.520099309733334, 48.901461181893417 ], [ 3.508290725178613, 48.89045849056334 ], [ 3.508995788106379, 48.885294331918345 ], [ 3.502950160870328, 48.871405578547183 ], [ 3.48203352643504, 48.866299819889505 ], [ 3.486865428155172, 48.857347179655591 ], [ 3.48501923270186, 48.851845323103326 ], [ 3.470221529800519, 48.851177724446501 ], [ 3.462804510677077, 48.837426859614673 ], [ 3.460580623887985, 48.840769334943957 ], [ 3.445821677579973, 48.843269674466669 ], [ 3.452127559424629, 48.85614436045293 ], [ 3.44576494549043, 48.860532698594227 ], [ 3.432306525937511, 48.860196259486308 ], [ 3.424159185062248, 48.867477594793243 ], [ 3.407832066552541, 48.863272436886412 ], [ 3.399739703783923, 48.866322373548918 ], [ 3.405936329018314, 48.876081632342633 ], [ 3.393446666262427, 48.875614319993879 ], [ 3.381371278840235, 48.871550712128879 ], [ 3.383592007630456, 48.884499135016576 ], [ 3.369284048927801, 48.893816845353669 ], [ 3.370663217827218, 48.905160798319642 ], [ 3.376063709569757, 48.910599952226271 ], [ 3.367477666651518, 48.928319016418996 ], [ 3.366071809855946, 48.923062566749799 ], [ 3.353571793599151, 48.915243105501531 ], [ 3.346838339047365, 48.917090126867265 ], [ 3.330294003482511, 48.908707002972911 ], [ 3.313260296329961, 48.921250055596353 ], [ 3.312624760088953, 48.933802823901182 ], [ 3.304410962993503, 48.948779526991835 ], [ 3.284526511757878, 48.940530948476919 ], [ 3.278392036699369, 48.939557967715402 ], [ 3.264925826267932, 48.938788147731536 ], [ 3.260172724734464, 48.944790300114171 ], [ 3.262401524710612, 48.948464281264819 ], [ 3.262968265554206, 48.949032264741682 ], [ 3.255210267838716, 48.962052099785609 ], [ 3.251889638596788, 48.972333770291442 ], [ 3.244963366272541, 48.976463881807021 ], [ 3.231156267654654, 48.97694539226007 ], [ 3.226741300453514, 48.984795931741161 ], [ 3.22941126793129, 48.988580156120477 ], [ 3.224709183898343, 48.987524383255156 ], [ 3.225146456399718, 48.991320046988008 ], [ 3.209439170967866, 48.99397149100556 ], [ 3.207268702520347, 49.000703127886609 ], [ 3.199461509812303, 49.006196992178083 ], [ 3.181031797622803, 49.012980964655277 ], [ 3.167451784404943, 49.012458462766197 ], [ 3.163196832564634, 49.01999773584734 ], [ 3.16114293512161, 49.024275234681753 ], [ 3.179599141804477, 49.033919719706802 ], [ 3.178899617716487, 49.038079440433911 ], [ 3.190284004832045, 49.046673276471743 ], [ 3.190132171610801, 49.052648447268162 ], [ 3.180921889725254, 49.056384282902826 ], [ 3.181982928051883, 49.062055438850116 ], [ 3.176423458131369, 49.07006614046346 ], [ 3.166224807560446, 49.077987716807613 ], [ 3.158756050244672, 49.080309490468679 ], [ 3.15883022610148, 49.087994265482315 ], [ 3.165232374530915, 49.099863046920966 ], [ 3.143758791465077, 49.102148315213157 ], [ 3.136915745879265, 49.107683144347057 ], [ 3.123695662817275, 49.106932324683008 ], [ 3.114355047418408, 49.107168144329826 ], [ 3.102560118430281, 49.108033833736535 ], [ 3.095077340710053, 49.111847700779229 ], [ 3.077912762298256, 49.113139469862439 ], [ 3.071961281708393, 49.117757369427679 ], [ 3.062562162279555, 49.106508528619827 ], [ 3.056205676544979, 49.101938784409093 ], [ 3.055539880888057, 49.096546194719174 ], [ 3.066139371652075, 49.085191193867203 ], [ 3.034172470175105, 49.088527703895345 ], [ 3.031696972300426, 49.085661966057692 ], [ 3.01550315961127, 49.091318845816517 ], [ 3.004048084882786, 49.088683545319952 ], [ 2.991183172690794, 49.083996139497515 ], [ 2.988298943790303, 49.072041898984523 ], [ 2.974612036894777, 49.075026725345865 ], [ 2.971420939856613, 49.088965239378744 ], [ 2.965194697254335, 49.09110980748067 ], [ 2.956486963426025, 49.085285131731005 ], [ 2.945817370671369, 49.088318047778387 ], [ 2.942870119557462, 49.078239231885853 ], [ 2.936606110115825, 49.078893358704818 ], [ 2.925851850946228, 49.078061800351087 ], [ 2.90144223676426, 49.085340721019485 ], [ 2.894963596722238, 49.077057820368225 ], [ 2.887548285721802, 49.079496759601021 ], [ 2.87016276952609, 49.070098524834734 ], [ 2.856122018909244, 49.070094224578995 ], [ 2.845080772243673, 49.084834434776539 ], [ 2.833003382760168, 49.083046076323114 ], [ 2.819971951123081, 49.087410528758255 ], [ 2.809213065025145, 49.097533364114966 ], [ 2.791650497052494, 49.09026806793252 ], [ 2.783867768164753, 49.088903839104951 ], [ 2.789125445521626, 49.08299869319999 ], [ 2.768719595445424, 49.083125707051863 ], [ 2.78728214748325, 49.075527215653828 ], [ 2.760964224906564, 49.063118091992393 ], [ 2.753794405932153, 49.060778405958736 ], [ 2.734823472435513, 49.060526735162689 ], [ 2.729825170161341, 49.07499729075316 ], [ 2.724182241119855, 49.080672434918405 ], [ 2.720965207955827, 49.075148784557022 ], [ 2.703047527715412, 49.064780935714225 ], [ 2.691087663775068, 49.070588969916372 ], [ 2.695038652310231, 49.074998581124646 ], [ 2.678154856680004, 49.086082311285132 ], [ 2.673144502499139, 49.091091350587071 ], [ 2.662931743131013, 49.093553743709627 ], [ 2.650478152427044, 49.100870345020262 ], [ 2.64113540717974, 49.099072450920438 ], [ 2.635428336234202, 49.101985530411447 ], [ 2.63322911796715, 49.108572992017919 ], [ 2.630215672564112, 49.102498299236856 ], [ 2.619380149375151, 49.094629499837488 ], [ 2.610050897708317, 49.094969148847582 ], [ 2.602873745352826, 49.085670179838637 ], [ 2.59029920259815, 49.079904042154311 ], [ 2.582975638436436, 49.080664710355293 ], [ 2.580135014246389, 49.089843143508986 ], [ 2.572930190248556, 49.094282873267645 ], [ 2.559591652503312, 49.097537272069893 ], [ 2.555950789961845, 49.109375268527209 ], [ 2.551751388083416, 49.112425691191262 ], [ 2.556222774510153, 49.119039082732996 ], [ 2.542070333496228, 49.122248021705566 ], [ 2.532963301208448, 49.119509380674259 ], [ 2.531262512440107, 49.099457721833701 ], [ 2.510387146471716, 49.104294582485345 ], [ 2.490067622738633, 49.106245770094588 ], [ 2.49121787547176, 49.111419718207763 ], [ 2.503013351840738, 49.117665771527001 ], [ 2.499083084121159, 49.122240355192638 ], [ 2.475345670743414, 49.128445555655745 ], [ 2.47751085188156, 49.130979674681278 ], [ 2.47153990855959, 49.135404174639469 ], [ 2.46113811718096, 49.136743565873047 ], [ 2.435477335104869, 49.134049085786899 ], [ 2.43890015436242, 49.141639151022822 ], [ 2.440780862495649, 49.14590963410474 ], [ 2.413122426939911, 49.152417781361486 ], [ 2.391200175100242, 49.14931401687096 ], [ 2.380816819077784, 49.157869892314594 ], [ 2.373311018584153, 49.159372997803096 ], [ 2.359342526935976, 49.147328892483948 ], [ 2.345950107987873, 49.162346419468584 ], [ 2.319552665762802, 49.182423234580966 ], [ 2.321595363466146, 49.184372261514163 ], [ 2.310425349941646, 49.184988534830161 ], [ 2.301273215896698, 49.184041215007838 ], [ 2.299515841133397, 49.175963568453945 ], [ 2.285085497884333, 49.165710973853045 ], [ 2.286479432494119, 49.159873318228328 ], [ 2.268165942218658, 49.155751595653761 ], [ 2.262150356739524, 49.158380719489749 ], [ 2.253780287623802, 49.152633292887025 ], [ 2.241315034488069, 49.151588832063581 ], [ 2.22230420437448, 49.152256933509207 ], [ 2.216849111589151, 49.154133080249572 ], [ 2.224248400779329, 49.162381743990274 ], [ 2.234333019545629, 49.166027414194971 ], [ 2.219822669179606, 49.179589718374288 ], [ 2.209672825445328, 49.175527983166411 ], [ 2.18682502880334, 49.173414950880456 ], [ 2.176092739790298, 49.17603210513213 ], [ 2.179278717311696, 49.170823802397933 ], [ 2.163829485063119, 49.166297519833684 ], [ 2.158033649889615, 49.172629986226617 ], [ 2.16501877486327, 49.178932746784326 ], [ 2.152383154005789, 49.183819176298741 ], [ 2.135147083896187, 49.18829910983672 ], [ 2.127978618526017, 49.193588020567162 ], [ 2.118556579512553, 49.187399345069124 ], [ 2.111044212390405, 49.18698090722792 ], [ 2.095318171094887, 49.1901095628047 ], [ 2.088897633501875, 49.196149826787703 ], [ 2.092183989717102, 49.201197830217062 ], [ 2.080736629782236, 49.210715030361818 ], [ 2.072138194654883, 49.204340285755158 ], [ 2.05578895336091, 49.198937435849409 ], [ 2.047324154971916, 49.198690086907156 ], [ 2.038239440130568, 49.192381778922723 ], [ 2.037997813027091, 49.192170359503052 ], [ 2.028417927249916, 49.187955808799586 ], [ 2.021777806209255, 49.18880836862639 ], [ 2.00267999230232, 49.176019225197109 ], [ 1.999122083428423, 49.175406180156401 ], [ 1.97357960870142, 49.183861411397459 ], [ 1.962364377871942, 49.17460056454459 ], [ 1.949742215838657, 49.170478329443981 ], [ 1.934848627207825, 49.169956386819955 ], [ 1.934369054238625, 49.17353608940909 ], [ 1.931168524192801, 49.174256702761689 ], [ 1.894705107580607, 49.166094239386538 ], [ 1.882953328474858, 49.162576218700899 ], [ 1.883664523547819, 49.16609218967637 ], [ 1.876137007555773, 49.175053162867449 ], [ 1.873456446115583, 49.174083120922468 ], [ 1.858215280684588, 49.16996176194921 ], [ 1.84889301091981, 49.170593225129977 ], [ 1.834305149302914, 49.165173065012198 ], [ 1.837266943932537, 49.173106142359515 ], [ 1.826821050284824, 49.179650422736749 ], [ 1.819518829863379, 49.17694996842625 ], [ 1.8035511602295, 49.179959196135641 ], [ 1.797009872968203, 49.185225973565615 ], [ 1.793627580706996, 49.180269319039546 ], [ 1.784798893349672, 49.185815523522074 ], [ 1.77695950244708, 49.18500427471831 ], [ 1.776391755557201, 49.184882518566397 ], [ 1.754858186750837, 49.174591294470872 ], [ 1.742396064526859, 49.179839677297871 ], [ 1.737267878707804, 49.194790176866775 ], [ 1.725867221539381, 49.194328467501904 ], [ 1.724812786950135, 49.199871334970368 ], [ 1.715525689076281, 49.202662534274658 ], [ 1.722968619880361, 49.209657815205802 ], [ 1.733682376684576, 49.210958623690033 ], [ 1.734109200475582, 49.221276991513079 ], [ 1.740458570333113, 49.223668628158251 ], [ 1.7083476366473, 49.235920998060926 ] ] ] ] } },
{ "type": "Feature", "properties": { "insee_reg": "44" }, "geometry": { "type": "MultiPolygon", "coordinates": [ [ [ [ 3.801662132367507, 48.106725111073722 ], [ 3.794864665989278, 48.11136868870863 ], [ 3.791787009039585, 48.117707518003265 ], [ 3.780547909801314, 48.120252633454385 ], [ 3.774938799028591, 48.12882050002279 ], [ 3.768580746464543, 48.132975439027263 ], [ 3.762123465625953, 48.131809704893264 ], [ 3.756910087872762, 48.125307470041484 ], [ 3.750751349849659, 48.126055939063683 ], [ 3.739884108753702, 48.13238414153323 ], [ 3.739739959121267, 48.138701237842568 ], [ 3.745723209665095, 48.14531448709451 ], [ 3.755121899053777, 48.150298450425488 ], [ 3.751793630522471, 48.161823506442836 ], [ 3.745481356675949, 48.167534423215344 ], [ 3.718682356117847, 48.175587790099314 ], [ 3.714459938171845, 48.170267439488015 ], [ 3.721139984172299, 48.162556498421409 ], [ 3.722344945863628, 48.156837755743972 ], [ 3.705078904583619, 48.144310873167029 ], [ 3.700279469294462, 48.145375197667384 ], [ 3.694516048783145, 48.155055732468703 ], [ 3.690924522540677, 48.145018215970133 ], [ 3.66790818799453, 48.139286373650719 ], [ 3.660761513793808, 48.158990237565376 ], [ 3.650653817863806, 48.168228410950448 ], [ 3.64613169170103, 48.178261252475068 ], [ 3.640508253817335, 48.184618618345844 ], [ 3.623543410181823, 48.192044814565548 ], [ 3.593916708523425, 48.178676743771973 ], [ 3.578754336235962, 48.184864569862228 ], [ 3.575075583186707, 48.188823771292583 ], [ 3.599885725735211, 48.202072570560176 ], [ 3.611329264224914, 48.212154801755176 ], [ 3.613935682399184, 48.220257559236458 ], [ 3.621767262271224, 48.225663127783001 ], [ 3.614993152410361, 48.231851413752878 ], [ 3.604699045378787, 48.230032051494831 ], [ 3.599546660279388, 48.236569230109538 ], [ 3.615345476627521, 48.250856803199262 ], [ 3.624322663167376, 48.254526756753208 ], [ 3.623857693546032, 48.259298964107835 ], [ 3.615208797416664, 48.27251611437967 ], [ 3.615184821607678, 48.272540532949222 ], [ 3.60190558835132, 48.275920009534666 ], [ 3.600443315805868, 48.279487824042882 ], [ 3.58771524255528, 48.279945841226194 ], [ 3.578054318532516, 48.28697380127025 ], [ 3.585741201408712, 48.290084255335358 ], [ 3.587933219669977, 48.300936132915709 ], [ 3.566809593427875, 48.307575857521805 ], [ 3.56384389404219, 48.32119500986957 ], [ 3.54389972720525, 48.319790252957112 ], [ 3.545029697985147, 48.334340011324066 ], [ 3.534872983039982, 48.338342408773521 ], [ 3.522846246805222, 48.348666403316642 ], [ 3.513173039861063, 48.360625371098543 ], [ 3.497625275746181, 48.369575352053651 ], [ 3.474880860813159, 48.369266510481992 ], [ 3.470823661247009, 48.374441556628483 ], [ 3.470600845900514, 48.374743839147662 ], [ 3.460440887668051, 48.375123829409716 ], [ 3.447326051012439, 48.372489368932719 ], [ 3.448456682394488, 48.368414873180043 ], [ 3.437202035517744, 48.364973301225419 ], [ 3.429301222836382, 48.358565733163971 ], [ 3.421736456416754, 48.371955206999033 ], [ 3.412900190903938, 48.378028642053025 ], [ 3.414735503528071, 48.390187765330374 ], [ 3.420942955327124, 48.409146312572737 ], [ 3.411904523537963, 48.414029943417248 ], [ 3.41185567582512, 48.421421729721978 ], [ 3.393253205452962, 48.424108253679009 ], [ 3.397113659623293, 48.434668108832398 ], [ 3.40393489856635, 48.44072759814582 ], [ 3.405828944162992, 48.453296313714972 ], [ 3.398132558260974, 48.46654335755904 ], [ 3.384247564515419, 48.477992709699215 ], [ 3.403735115864811, 48.485813196348175 ], [ 3.424008873883177, 48.490210934176027 ], [ 3.434638738307846, 48.490251682596707 ], [ 3.43523091352334, 48.496869743474505 ], [ 3.427079055079694, 48.506429727676242 ], [ 3.423932370823809, 48.514251298794477 ], [ 3.405371096209291, 48.527852165727779 ], [ 3.414226973783325, 48.533475512015237 ], [ 3.423521397626073, 48.533619084546203 ], [ 3.434038884642002, 48.528674828175021 ], [ 3.450856948259025, 48.528596043057092 ], [ 3.456981956756709, 48.529584690485137 ], [ 3.475690648500057, 48.541406484876219 ], [ 3.481750724291409, 48.541453154644493 ], [ 3.486150795437575, 48.545100126930222 ], [ 3.478510909243954, 48.550581632039808 ], [ 3.477143209761358, 48.557368980647098 ], [ 3.465353380916502, 48.570471922738143 ], [ 3.468670021656334, 48.572876011462981 ], [ 3.485307828731643, 48.580343974606144 ], [ 3.49348357627216, 48.590065048839442 ], [ 3.516295679342883, 48.589839648874317 ], [ 3.502989245890218, 48.604638279271931 ], [ 3.535177811144253, 48.610297242510214 ], [ 3.540565067131859, 48.616265580823537 ], [ 3.556730641468376, 48.61610025251256 ], [ 3.555504612000846, 48.620228515505119 ], [ 3.548030003278389, 48.626690240975321 ], [ 3.532082513361174, 48.633148221662509 ], [ 3.519285817618363, 48.633084155201672 ], [ 3.518286325094848, 48.637401670689016 ], [ 3.533603064430008, 48.64651803846823 ], [ 3.517572824343154, 48.643479154375527 ], [ 3.489388236950977, 48.64663676910785 ], [ 3.485579087726127, 48.641938054631396 ], [ 3.470990219827482, 48.636313535623799 ], [ 3.451544925705781, 48.63445578066473 ], [ 3.460573230332796, 48.653043611933668 ], [ 3.44586358186959, 48.662123242905054 ], [ 3.446364647168985, 48.666899435114594 ], [ 3.442699312361704, 48.672331579697627 ], [ 3.455458913725876, 48.682647284524421 ], [ 3.471626418884594, 48.685674125015495 ], [ 3.47054618189889, 48.693795191979873 ], [ 3.477789840354655, 48.697876045598008 ], [ 3.463878958155469, 48.707239443234727 ], [ 3.468087881040744, 48.717715093893609 ], [ 3.467142204032455, 48.723079487781774 ], [ 3.466640568650433, 48.728862150998964 ], [ 3.467408663568477, 48.73857932916097 ], [ 3.444166620284056, 48.736836827732034 ], [ 3.436009685449729, 48.743562232979215 ], [ 3.436508062596126, 48.753237278269665 ], [ 3.430795624303863, 48.756422165502983 ], [ 3.408245809390148, 48.752382962988555 ], [ 3.399050001086557, 48.754925211685368 ], [ 3.395925947673887, 48.759287861732105 ], [ 3.40791087210226, 48.778804141888266 ], [ 3.409374364434911, 48.783732308029606 ], [ 3.420712414552892, 48.784183093819472 ], [ 3.432775303152838, 48.780271719462093 ], [ 3.442694057249544, 48.78834250772028 ], [ 3.440062583346954, 48.799266266163109 ], [ 3.423101432466838, 48.800686471222768 ], [ 3.410476555239635, 48.803946663836292 ], [ 3.404524017996953, 48.809045714830461 ], [ 3.416335501438277, 48.81797006506681 ], [ 3.431303137359599, 48.812420976491374 ], [ 3.44124956371906, 48.811478115152688 ], [ 3.46053323521802, 48.815359922301532 ], [ 3.469894437895419, 48.821100137418753 ], [ 3.474577327661837, 48.819198370356283 ], [ 3.480836085322765, 48.812182559245578 ], [ 3.487032212715447, 48.815116414534053 ], [ 3.485181672918267, 48.825235523530829 ], [ 3.491304143200577, 48.834616931569258 ], [ 3.48501923270186, 48.851845323103326 ], [ 3.486865428155172, 48.857347179655591 ], [ 3.48203352643504, 48.866299819889505 ], [ 3.502950160870328, 48.871405578547183 ], [ 3.508995788106379, 48.885294331918345 ], [ 3.508290725178613, 48.89045849056334 ], [ 3.520099309733334, 48.901461181893417 ], [ 3.5287466954733, 48.912246394523848 ], [ 3.543128873237187, 48.915414120133107 ], [ 3.54951659291102, 48.913024340476582 ], [ 3.560021701396625, 48.917012631388957 ], [ 3.572479564537265, 48.918621043420011 ], [ 3.576407528908868, 48.92325155113371 ], [ 3.572975388129347, 48.928704206387984 ], [ 3.574745545823071, 48.939205629274852 ], [ 3.593410153139863, 48.944690189870265 ], [ 3.60290726525104, 48.944031293489431 ], [ 3.601785092867593, 48.953473883917404 ], [ 3.591407764048207, 48.960454345409474 ], [ 3.600947759358587, 48.966326735755601 ], [ 3.62107399202648, 48.966078515311807 ], [ 3.627056192263542, 48.981026235944704 ], [ 3.62356048586659, 48.982765612815783 ], [ 3.640255590694762, 49.004365468662741 ], [ 3.65467096597761, 49.003795823648588 ], [ 3.665311694820749, 49.005628388885881 ], [ 3.674949276468423, 49.011727091404062 ], [ 3.679080067053468, 49.018395805327955 ], [ 3.673811481618571, 49.02159793093535 ], [ 3.664183505433683, 49.037549583015739 ], [ 3.651060112213315, 49.041110333155707 ], [ 3.630088695417481, 49.039587442469617 ], [ 3.616903666308583, 49.036471834329873 ], [ 3.614914142403194, 49.033503889904722 ], [ 3.601035194726666, 49.035083908773551 ], [ 3.587608619729373, 49.033808752263191 ], [ 3.585134239661751, 49.038987610553185 ], [ 3.587708161420431, 49.059394624688132 ], [ 3.590363920366046, 49.059994842903066 ], [ 3.601712809072391, 49.062751165398971 ], [ 3.607420643690155, 49.071910171750694 ], [ 3.623825988266092, 49.070784000829164 ], [ 3.631923677589427, 49.072240609649683 ], [ 3.639264150239972, 49.08118265140201 ], [ 3.627551851078051, 49.092673529227199 ], [ 3.620117448202878, 49.107326773646392 ], [ 3.612039393759206, 49.118292595381192 ], [ 3.602934959398749, 49.114582019528875 ], [ 3.599667521552024, 49.120679140155396 ], [ 3.611886833767693, 49.128691712514744 ], [ 3.609937586104707, 49.134892908771072 ], [ 3.620686772085864, 49.139435095931816 ], [ 3.619589065122537, 49.147566858514729 ], [ 3.621160525858013, 49.149802912759732 ], [ 3.624449554184193, 49.151352125177446 ], [ 3.651187092958079, 49.149030134178162 ], [ 3.672551209437319, 49.150836743282888 ], [ 3.68383763588923, 49.15449094348665 ], [ 3.698002012985177, 49.148704830039861 ], [ 3.706449456762138, 49.14530906206447 ], [ 3.716965411474718, 49.146980367073979 ], [ 3.7395693571868, 49.156888444870198 ], [ 3.748756116340052, 49.158644253193316 ], [ 3.748501721346161, 49.17167915681221 ], [ 3.751284780405558, 49.177782827912793 ], [ 3.730105511686662, 49.178314069769179 ], [ 3.72530082126523, 49.17347275243543 ], [ 3.70648692240067, 49.180312427898635 ], [ 3.706854302612609, 49.185924110875135 ], [ 3.69929028560704, 49.18808647446982 ], [ 3.704654609833935, 49.200660133168874 ], [ 3.69747729059458, 49.206636571634654 ], [ 3.683830227667657, 49.197428415498578 ], [ 3.677100540245646, 49.199699687440237 ], [ 3.678567744615423, 49.206856911458075 ], [ 3.662537891554682, 49.208977958522802 ], [ 3.656548709614726, 49.211290720149186 ], [ 3.651480270401966, 49.221483687450778 ], [ 3.665712178755261, 49.222974754161612 ], [ 3.668775567725785, 49.231661339801306 ], [ 3.678256369666212, 49.235228768507362 ], [ 3.675028818006689, 49.240079136036819 ], [ 3.669845478855873, 49.243356198492272 ], [ 3.663796176584582, 49.2535700730744 ], [ 3.655320772947983, 49.262981333866989 ], [ 3.665126494646925, 49.269432817843068 ], [ 3.651609418193066, 49.278360707854063 ], [ 3.65899507050542, 49.286770131187012 ], [ 3.655946691894427, 49.291081138955199 ], [ 3.641786620437477, 49.296636466238461 ], [ 3.638224371602514, 49.30124186438043 ], [ 3.643620264967927, 49.303033619635826 ], [ 3.643940319862819, 49.312713671736091 ], [ 3.647597134868638, 49.315953713291819 ], [ 3.665177238140935, 49.319794670252207 ], [ 3.66939227331121, 49.325109319854867 ], [ 3.687476691696326, 49.327111283952853 ], [ 3.693271177641764, 49.328756495325841 ], [ 3.699129092416609, 49.332213323023957 ], [ 3.721332379343484, 49.335852953712489 ], [ 3.736352816199294, 49.335872020489006 ], [ 3.742165996925539, 49.336820792450325 ], [ 3.740809112711402, 49.347611826005547 ], [ 3.746473306353113, 49.348151389473642 ], [ 3.75766562277185, 49.347716777397629 ], [ 3.77772588786433, 49.355977254261532 ], [ 3.793241163119819, 49.356733109850303 ], [ 3.802233904776691, 49.358912087270824 ], [ 3.82393489841212, 49.357400652646113 ], [ 3.832923762546991, 49.350216803925008 ], [ 3.852841317423809, 49.344969218011947 ], [ 3.858741969842913, 49.35411819678346 ], [ 3.847920601081365, 49.364351597519622 ], [ 3.85606211405213, 49.368344773228081 ], [ 3.85949980663855, 49.374739566677228 ], [ 3.856350729145885, 49.381164863625379 ], [ 3.859858065700481, 49.386150489184288 ], [ 3.839592460471855, 49.391001301344012 ], [ 3.837473688274858, 49.396545092979629 ], [ 3.823499989504861, 49.400407363860964 ], [ 3.822582312015746, 49.402541269588973 ], [ 3.856055716524812, 49.401207027057062 ], [ 3.862446031955241, 49.404541468122446 ], [ 3.882031734023553, 49.405002535822184 ], [ 3.893382784098662, 49.399082738311101 ], [ 3.895679399174775, 49.392937954244346 ], [ 3.909834459573919, 49.394770355757771 ], [ 3.915663003948696, 49.403386380971071 ], [ 3.924671101638562, 49.407819539075462 ], [ 3.934719031775151, 49.398405479513478 ], [ 3.946068624787943, 49.387633714268595 ], [ 3.96148097967783, 49.377337281362841 ], [ 3.97253613569475, 49.379445857631559 ], [ 3.986685238051176, 49.378995044852601 ], [ 3.995133254409931, 49.378280390411803 ], [ 3.996546377976229, 49.371755975141546 ], [ 4.007051114106106, 49.369773976149851 ], [ 4.012724345167874, 49.35830187225455 ], [ 4.017775324799509, 49.360400754688264 ], [ 4.03580166061249, 49.359891655470364 ], [ 4.037104586656289, 49.384234648001545 ], [ 4.039987061055522, 49.3974321903315 ], [ 4.048229006152467, 49.405632885715725 ], [ 4.050274736516801, 49.412260783581139 ], [ 4.043342257824207, 49.425055453344427 ], [ 4.037211377327873, 49.438195015695584 ], [ 4.049180164882054, 49.447674814235626 ], [ 4.061330689348709, 49.446962197297815 ], [ 4.050834556907215, 49.463006780684523 ], [ 4.041589273142614, 49.470839220608561 ], [ 4.041572402101881, 49.480771578410909 ], [ 4.041560476573107, 49.48427085002573 ], [ 4.040788339881051, 49.495612611914723 ], [ 4.040725040975074, 49.508645995557131 ], [ 4.057216603954443, 49.508172563057478 ], [ 4.061875389487336, 49.512734666635176 ], [ 4.056308107882719, 49.521058580060824 ], [ 4.065362096008101, 49.523584110770607 ], [ 4.074868048653995, 49.521994750242158 ], [ 4.077549403206321, 49.52832367068207 ], [ 4.075165171879191, 49.541611850864008 ], [ 4.048713420973778, 49.545356674240637 ], [ 4.050225070411771, 49.550991483093846 ], [ 4.059930578055848, 49.553852371338088 ], [ 4.062746282016732, 49.561007078708606 ], [ 4.076793991507818, 49.570695017442048 ], [ 4.059499297404166, 49.575943075121081 ], [ 4.061874778331208, 49.58909154452671 ], [ 4.06019668924807, 49.59633018168612 ], [ 4.047233284423776, 49.599595345155393 ], [ 4.031647462152124, 49.614054131060946 ], [ 4.024491747727213, 49.621214378640047 ], [ 4.037873068874599, 49.623020455012416 ], [ 4.041061399081175, 49.638340952185906 ], [ 4.048247744325464, 49.637751678802289 ], [ 4.050940988746586, 49.634532713652249 ], [ 4.068975638929185, 49.637511880011772 ], [ 4.082091660468894, 49.631514828590255 ], [ 4.099162551669326, 49.628352835534997 ], [ 4.102209161060109, 49.632606635477757 ], [ 4.115745174150733, 49.632920815796588 ], [ 4.117694205028105, 49.641276920022207 ], [ 4.125548132497651, 49.651069316389069 ], [ 4.122070471371699, 49.658245913186725 ], [ 4.12702698569341, 49.677916707718865 ], [ 4.14317640847024, 49.676574436540761 ], [ 4.148773638116153, 49.677921823521558 ], [ 4.143068732654804, 49.687514702317038 ], [ 4.151077838127442, 49.690856752203068 ], [ 4.164727679602371, 49.694263046048761 ], [ 4.185190326835014, 49.698878636328494 ], [ 4.1844944431736, 49.701257811436278 ], [ 4.192464451307973, 49.712110954170221 ], [ 4.191244518185222, 49.716261954256431 ], [ 4.204678898969879, 49.722474947458444 ], [ 4.22490790625234, 49.727646903006949 ], [ 4.227320945071221, 49.730983426729019 ], [ 4.227037073794233, 49.742677144690106 ], [ 4.231213821096057, 49.747467666457808 ], [ 4.246862186046897, 49.754808210128118 ], [ 4.242834509974384, 49.767142859830983 ], [ 4.228612276162206, 49.773108869428 ], [ 4.213897967377819, 49.771111390226615 ], [ 4.205920739567765, 49.778186759797329 ], [ 4.210014644633191, 49.78213579041747 ], [ 4.224065851502312, 49.788770638149636 ], [ 4.226846881289481, 49.793615515224673 ], [ 4.214272648319958, 49.806112387842923 ], [ 4.223589594147198, 49.834102399801061 ], [ 4.229791071368048, 49.836023969116646 ], [ 4.23296159112915, 49.848411856410401 ], [ 4.244448579914573, 49.85256762743802 ], [ 4.248762838384111, 49.856749147760695 ], [ 4.249867009202103, 49.863078401928433 ], [ 4.25275199698074, 49.869627444079775 ], [ 4.253995496272863, 49.887081589053672 ], [ 4.250899189184331, 49.888859901256794 ], [ 4.25583684779586, 49.903980274853076 ], [ 4.245561223298219, 49.902212181219554 ], [ 4.233111247628448, 49.904599739835341 ], [ 4.233387100580344, 49.909390934771402 ], [ 4.222311912014026, 49.910375421654614 ], [ 4.216862304262529, 49.914094407634124 ], [ 4.220722981179081, 49.937213945694111 ], [ 4.229388148176905, 49.94565371930755 ], [ 4.232129165097064, 49.955952039775475 ], [ 4.233160002003133, 49.957752762296252 ], [ 4.241615794514612, 49.961431414740659 ], [ 4.268065455940875, 49.965289123814131 ], [ 4.288582239644816, 49.96427081668817 ], [ 4.300388402386728, 49.965755833521669 ], [ 4.306988411184743, 49.969168508879989 ], [ 4.327593784311539, 49.962749794806065 ], [ 4.334312202204589, 49.963768265888589 ], [ 4.349831303289083, 49.952535375165077 ], [ 4.372378774169754, 49.951364621072905 ], [ 4.381009568705599, 49.954377773380344 ], [ 4.392406938721245, 49.94765973653633 ], [ 4.399066709896413, 49.948389638545905 ], [ 4.417398256281421, 49.947561449180839 ], [ 4.445486708987853, 49.937181280044385 ], [ 4.481159512261731, 49.948145749469631 ], [ 4.495180428741506, 49.948584350810663 ], [ 4.511549467654866, 49.946828941652335 ], [ 4.523497356529497, 49.950437099453609 ], [ 4.532353235542997, 49.962112068805048 ], [ 4.541371273389667, 49.968332675477711 ], [ 4.562761388671045, 49.969998445095349 ], [ 4.57017429429681, 49.974009347378036 ], [ 4.576331382019463, 49.981068103429152 ], [ 4.581895328644551, 49.983557704202788 ], [ 4.600309838768914, 49.986275978440176 ], [ 4.622161428602432, 49.98615555347844 ], [ 4.642101370662362, 49.989579566165098 ], [ 4.666716024910871, 49.996723634317142 ], [ 4.677561245626876, 49.995479500755117 ], [ 4.694246592702711, 49.996240772956988 ], [ 4.687672354733162, 50.000564869209178 ], [ 4.685105442940809, 50.008072261313664 ], [ 4.68892603821996, 50.011293423988896 ], [ 4.685745906928473, 50.021091980138721 ], [ 4.691152833614498, 50.034372820621748 ], [ 4.696704873805349, 50.042636565581994 ], [ 4.700012597694609, 50.052948841412125 ], [ 4.696836779584885, 50.05912856362788 ], [ 4.686006374525206, 50.057430043078448 ], [ 4.679539032271228, 50.066811209413316 ], [ 4.688446565253306, 50.072710437184107 ], [ 4.687852190740914, 50.076415231552254 ], [ 4.702104851095013, 50.095556385389891 ], [ 4.713322785837277, 50.096934603000918 ], [ 4.715932378338502, 50.100890214810796 ], [ 4.751666898864839, 50.111904418065613 ], [ 4.756150763045319, 50.121631771358345 ], [ 4.762165710715669, 50.136405874978145 ], [ 4.779567838508915, 50.141452114926537 ], [ 4.806515950473687, 50.152677928730299 ], [ 4.823810080616984, 50.162252153358018 ], [ 4.833415244329746, 50.153630504488277 ], [ 4.850019002336298, 50.152254302300932 ], [ 4.875425136181889, 50.154051075782064 ], [ 4.882516447516225, 50.143731777462541 ], [ 4.895168111528126, 50.139912606403328 ], [ 4.885079292485108, 50.130430809691909 ], [ 4.871110427618921, 50.124938346941278 ], [ 4.867216384613016, 50.11814614822238 ], [ 4.873226706201749, 50.109625582974601 ], [ 4.868727788390934, 50.097796546133615 ], [ 4.875863152280142, 50.094403326119348 ], [ 4.872319764904897, 50.087759303240219 ], [ 4.860118966866371, 50.093437388999419 ], [ 4.858484257992354, 50.100129669113834 ], [ 4.84933425980833, 50.100645178603997 ], [ 4.840095647270749, 50.095096651203193 ], [ 4.846888572218992, 50.084280892673377 ], [ 4.84074502196129, 50.083037360334224 ], [ 4.842886896604714, 50.077731837288681 ], [ 4.838132270084612, 50.067240165221349 ], [ 4.81966408142526, 50.066062882827069 ], [ 4.819674522574169, 50.060624875352609 ], [ 4.829573452450824, 50.056452847109718 ], [ 4.826724472196206, 50.05110680141081 ], [ 4.832158480265112, 50.046717927609066 ], [ 4.84088638843467, 50.046330243736008 ], [ 4.84109823135418, 50.037540676351092 ], [ 4.830157185259181, 50.033987809407002 ], [ 4.81990699605835, 50.026000825315236 ], [ 4.817935370539751, 50.01438204350525 ], [ 4.821190488058564, 50.010708527277863 ], [ 4.816299395300809, 50.00276887611394 ], [ 4.81893103022924, 49.995005876245223 ], [ 4.803880319312881, 49.982540514617021 ], [ 4.793328675161372, 49.981797957972745 ], [ 4.795206643690614, 49.975547676557362 ], [ 4.790751253655745, 49.970278720298289 ], [ 4.791145527048521, 49.958042853849783 ], [ 4.813904292100363, 49.954190917718591 ], [ 4.830139255269162, 49.949114327606488 ], [ 4.847071260849951, 49.949064743749055 ], [ 4.859093070088687, 49.931490834035749 ], [ 4.881694644524363, 49.922057301855688 ], [ 4.880846693196961, 49.916276475526786 ], [ 4.890165059560034, 49.908890352649472 ], [ 4.885502446287691, 49.896924178367328 ], [ 4.87764191053197, 49.894553436493609 ], [ 4.861660096924373, 49.871593694384856 ], [ 4.859502103145063, 49.865256361640093 ], [ 4.85048434294393, 49.864960194664889 ], [ 4.851797553785111, 49.852686812958929 ], [ 4.855499725311889, 49.848203097434087 ], [ 4.857493247578467, 49.841919225668484 ], [ 4.867168178010668, 49.842056497761163 ], [ 4.869004033886968, 49.823007668569822 ], [ 4.876141868408894, 49.817398329497564 ], [ 4.866557146472878, 49.813293753388976 ], [ 4.863086267475676, 49.801898632690573 ], [ 4.856345243277552, 49.792075480420962 ], [ 4.86195545908524, 49.789079096946146 ], [ 4.880506817369445, 49.792827761300671 ], [ 4.887843036770683, 49.788227223936779 ], [ 4.908667731451022, 49.785706603859403 ], [ 4.920378305374777, 49.788725729567268 ], [ 4.93094154365515, 49.787023019073892 ], [ 4.94288757139376, 49.790494618727799 ], [ 4.947896574311948, 49.798919188348613 ], [ 4.956725862906427, 49.800703783001723 ], [ 4.962316374871013, 49.797788430850048 ], [ 4.972734368960193, 49.801730166369133 ], [ 4.998253974931227, 49.799566744684277 ], [ 5.001739729478081, 49.792318906366198 ], [ 5.008546270452834, 49.782036016046028 ], [ 5.014423610689816, 49.779937551024787 ], [ 5.037210538733175, 49.771850290763076 ], [ 5.046813936805211, 49.770228922630835 ], [ 5.061613174360189, 49.767360496744068 ], [ 5.063074741784489, 49.762349368278507 ], [ 5.09428706438198, 49.76355434195677 ], [ 5.096820450248512, 49.760164596236443 ], [ 5.118768014695149, 49.738689073276788 ], [ 5.125046680839595, 49.726976743320137 ], [ 5.123053283634523, 49.717228564288078 ], [ 5.128441472455152, 49.713353942055811 ], [ 5.140494521000855, 49.713457221397604 ], [ 5.143658313730979, 49.709132890935201 ], [ 5.153976762637068, 49.718862433270282 ], [ 5.165993205931733, 49.711645357732813 ], [ 5.163726632666614, 49.700162186177955 ], [ 5.166477438844777, 49.692986947941385 ], [ 5.191661093189216, 49.695011535633576 ], [ 5.199780126852253, 49.692368825292192 ], [ 5.205693580764004, 49.696346352347717 ], [ 5.218005064149938, 49.687684628549597 ], [ 5.22839576414886, 49.691296246184933 ], [ 5.242982857000343, 49.689314023079561 ], [ 5.256169237299056, 49.694213811241454 ], [ 5.268510947564411, 49.6965687423234 ], [ 5.281407105800685, 49.689039233853762 ], [ 5.281314560396064, 49.685935185635344 ], [ 5.282246681825331, 49.685865567209206 ], [ 5.287930015699946, 49.681770274983698 ], [ 5.30915112449858, 49.671952893223875 ], [ 5.319721164621441, 49.663966796726008 ], [ 5.332687035724136, 49.652741442881876 ], [ 5.318194651090766, 49.646358108322495 ], [ 5.305043589178217, 49.630070472804995 ], [ 5.304707933766723, 49.624788953176775 ], [ 5.314997393973223, 49.611399529469367 ], [ 5.322327950639802, 49.613950369498617 ], [ 5.337699359808443, 49.615672960949524 ], [ 5.34712815033187, 49.631287726155996 ], [ 5.352563834249947, 49.630965066129178 ], [ 5.363747528749985, 49.623227800738384 ], [ 5.373884916735357, 49.623688259390214 ], [ 5.394245085913653, 49.616790583678558 ], [ 5.402254897426601, 49.60989684840866 ], [ 5.411183970547237, 49.608273372199939 ], [ 5.418237580190809, 49.599804288635639 ], [ 5.425079111225148, 49.598339054381846 ], [ 5.431063549869582, 49.592454567402399 ], [ 5.428859065320312, 49.590236611230445 ], [ 5.437647077437705, 49.56992182416986 ], [ 5.457026858858508, 49.566981191287447 ], [ 5.447538996723203, 49.554212203229731 ], [ 5.441389482148857, 49.552277115084372 ], [ 5.442844712798169, 49.550301230912254 ], [ 5.465338578515617, 49.538927150616736 ], [ 5.467047366117797, 49.525888043664608 ], [ 5.447496516164727, 49.517941896777174 ], [ 5.465927039965938, 49.508846539817469 ], [ 5.46507596456912, 49.498816469039383 ], [ 5.470508365896146, 49.497319315564162 ], [ 5.478870295845149, 49.499954027066892 ], [ 5.485014830738205, 49.507225771139233 ], [ 5.4995320754864, 49.506531648486018 ], [ 5.531317485424974, 49.512685226701016 ], [ 5.533639829384242, 49.513320097767632 ], [ 5.541088472196617, 49.515209859103869 ], [ 5.545590459499111, 49.523736832896191 ], [ 5.556586430240467, 49.529252185044683 ], [ 5.564343513047291, 49.525521326529706 ], [ 5.576557458935777, 49.525412582160712 ], [ 5.591287764839745, 49.522938811970363 ], [ 5.59887689915123, 49.518575292180877 ], [ 5.607344815054968, 49.507221597227101 ], [ 5.611059590593021, 49.505975338220516 ], [ 5.617527939710719, 49.514309220042108 ], [ 5.621488683085582, 49.519639635081191 ], [ 5.615641986985784, 49.527210472583349 ], [ 5.626606511171012, 49.537482489739418 ], [ 5.63294552163119, 49.539499534656066 ], [ 5.633701118426091, 49.544372973375445 ], [ 5.648449693444356, 49.549912844142227 ], [ 5.664383044417414, 49.552943159354228 ], [ 5.669279816290446, 49.548260375561242 ], [ 5.690851430609047, 49.546195795437839 ], [ 5.701476817130606, 49.539641688426435 ], [ 5.720753331547288, 49.53982948678707 ], [ 5.726330170384133, 49.543678878494227 ], [ 5.735285250085364, 49.543292930110773 ], [ 5.738593498340937, 49.53870409704313 ], [ 5.75676441882612, 49.542569268662291 ], [ 5.756228277080832, 49.557068184528724 ], [ 5.76295494146987, 49.561082233084306 ], [ 5.774453675972164, 49.563201031774092 ], [ 5.792113759264496, 49.551816182788187 ], [ 5.807870687796354, 49.550804149344394 ], [ 5.810557473272711, 49.543477686252942 ], [ 5.81716409724002, 49.537218363087739 ], [ 5.837075335949256, 49.54258425837245 ], [ 5.845808721867102, 49.529902040153395 ], [ 5.834115392383749, 49.526384485429652 ], [ 5.836017991887677, 49.52005660871292 ], [ 5.847826027342395, 49.514949631202448 ], [ 5.849764769367686, 49.508912837895274 ], [ 5.858879057864239, 49.505919299527868 ], [ 5.866262494797382, 49.499912757841045 ], [ 5.88507527655166, 49.498833201734513 ], [ 5.893439800267428, 49.496812595488201 ], [ 5.912270481984398, 49.5019977397167 ], [ 5.927537869505349, 49.498382304882519 ], [ 5.930556849161452, 49.500643173124068 ], [ 5.940118495409827, 49.500961981291688 ], [ 5.955657306031396, 49.493217221644692 ], [ 5.97211058532504, 49.491412606929842 ], [ 5.968089233809413, 49.486399969440143 ], [ 5.974803603184666, 49.481999135054714 ], [ 5.972310428838113, 49.474378565416778 ], [ 5.974004561896767, 49.46548590197488 ], [ 5.988067334603481, 49.461292892034578 ], [ 5.981887106530669, 49.451108153701561 ], [ 5.997934136275676, 49.456496989125874 ], [ 6.007849361967624, 49.451639645634046 ], [ 6.023714000702198, 49.455023006789482 ], [ 6.025878651716376, 49.450727130183921 ], [ 6.041773478540464, 49.447858874478321 ], [ 6.053094175024198, 49.463902608910089 ], [ 6.05716617345971, 49.465452159472598 ], [ 6.079206009476383, 49.46391600773471 ], [ 6.080703925194416, 49.458464936019162 ], [ 6.08841202731894, 49.454605911453058 ], [ 6.10077339321386, 49.45288854506007 ], [ 6.098203947272436, 49.464269710778836 ], [ 6.1019784773469, 49.470382095814458 ], [ 6.122116912379423, 49.472743794418335 ], [ 6.127475499182404, 49.482327887184226 ], [ 6.126746592843704, 49.490024489922945 ], [ 6.141780291078935, 49.491720507531767 ], [ 6.144697109812789, 49.487892269766569 ], [ 6.162490509089996, 49.49348521736664 ], [ 6.153887801211741, 49.501633705499842 ], [ 6.175139537445165, 49.510346780689048 ], [ 6.180254457591373, 49.507286726263629 ], [ 6.195759342490158, 49.505359653965805 ], [ 6.217229919987531, 49.506898139885124 ], [ 6.227574575669085, 49.510356832163353 ], [ 6.236163169207876, 49.508151634320946 ], [ 6.256925218932185, 49.509821700147278 ], [ 6.262817599203647, 49.506484373681708 ], [ 6.279656308786018, 49.503358286110362 ], [ 6.280862784620827, 49.494065086643189 ], [ 6.288843182425797, 49.484823716523529 ], [ 6.2991529513433, 49.488307926863094 ], [ 6.29512432815307, 49.481358895950677 ], [ 6.304291279752021, 49.478322361818755 ], [ 6.31296367550407, 49.480396398251585 ], [ 6.320649332727954, 49.477420690788243 ], [ 6.334025135067012, 49.466939344508866 ], [ 6.347252239373677, 49.465877240899481 ], [ 6.352853338003221, 49.467317234558628 ], [ 6.364448963208926, 49.459505579341567 ], [ 6.368850376797697, 49.459868066050177 ], [ 6.375011900518834, 49.464359080262966 ], [ 6.403353199595322, 49.465955106758607 ], [ 6.414610416015441, 49.471165380985596 ], [ 6.420352951346482, 49.476414470727576 ], [ 6.428142132749914, 49.476971494552714 ], [ 6.440518127163951, 49.466718388174343 ], [ 6.455957826366821, 49.462904137947511 ], [ 6.462744119396373, 49.465050197863071 ], [ 6.471558599103231, 49.461487982116154 ], [ 6.484787656246465, 49.452374020084186 ], [ 6.499731731663359, 49.45020378977491 ], [ 6.524954483651827, 49.435498700735238 ], [ 6.535259311482521, 49.434184088622708 ], [ 6.552394287462632, 49.424044405457579 ], [ 6.554290882099987, 49.419970506658508 ], [ 6.539999367338609, 49.412342450130289 ], [ 6.537173711191441, 49.408787513608097 ], [ 6.540697371686523, 49.40109690459068 ], [ 6.552157744383447, 49.399870012778138 ], [ 6.551961718021508, 49.394729193855518 ], [ 6.563437013946314, 49.388162440424132 ], [ 6.576825432343664, 49.389679031971866 ], [ 6.587600179513404, 49.383046873735381 ], [ 6.584721766177032, 49.371687882135276 ], [ 6.594571910664838, 49.371501445025764 ], [ 6.599753504879578, 49.366598932991423 ], [ 6.589519037443305, 49.352096191806361 ], [ 6.574181397867411, 49.358725453779655 ], [ 6.56947418182614, 49.357828962645051 ], [ 6.563612247563555, 49.355868609562641 ], [ 6.568062023201373, 49.345289627918156 ], [ 6.575945136357316, 49.341596684882262 ], [ 6.578462766890578, 49.334834634692633 ], [ 6.58591188439739, 49.337071071042196 ], [ 6.595676717186519, 49.330049027906462 ], [ 6.589038166712409, 49.322121911045109 ], [ 6.604941639955517, 49.31203127021098 ], [ 6.614743204231202, 49.303023765986055 ], [ 6.624836838865528, 49.302786664644806 ], [ 6.631909267480943, 49.295776258354287 ], [ 6.638830096048707, 49.295657708668166 ], [ 6.653500226671809, 49.281176687960738 ], [ 6.661393913960141, 49.282195402452551 ], [ 6.667829192816133, 49.271279957135249 ], [ 6.660374350312384, 49.261123963422705 ], [ 6.662338161613053, 49.257269279134562 ], [ 6.683798121864513, 49.253413375464184 ], [ 6.685653131523892, 49.243688382510967 ], [ 6.690881215534788, 49.230016154498166 ], [ 6.688266688225007, 49.224460527588306 ], [ 6.695367769577111, 49.215714579029687 ], [ 6.705167919861162, 49.216334211911025 ], [ 6.719696649205032, 49.221297256665657 ], [ 6.731598689748751, 49.205924036099027 ], [ 6.711311664482973, 49.188375016312818 ], [ 6.719732310630444, 49.176488391822382 ], [ 6.729486535324479, 49.169293902571447 ], [ 6.738633273601934, 49.163643881321164 ], [ 6.748287860251606, 49.166131020773648 ], [ 6.76393923386966, 49.164996178722795 ], [ 6.773239921363774, 49.16723860643841 ], [ 6.780080286104978, 49.168410941104788 ], [ 6.802679456481846, 49.1620165270581 ], [ 6.834168476600268, 49.151261551438367 ], [ 6.84392916346847, 49.155748639123175 ], [ 6.84499016319506, 49.162252374320438 ], [ 6.84427137661849, 49.173047100074911 ], [ 6.858814915047232, 49.174974141379998 ], [ 6.861031092352246, 49.178804189548984 ], [ 6.858481893303162, 49.186559433979511 ], [ 6.85054366230005, 49.19311076906007 ], [ 6.852158488699194, 49.200168096896562 ], [ 6.838024821061492, 49.213457333002715 ], [ 6.858636788898065, 49.22264742758626 ], [ 6.87049257771548, 49.21854789799692 ], [ 6.872562400941776, 49.214831490339421 ], [ 6.88488849111766, 49.211177048749057 ], [ 6.894648600064444, 49.210119208960016 ], [ 6.911356403717369, 49.214968512486124 ], [ 6.918792653949231, 49.222617205266985 ], [ 6.938213374325753, 49.222420371922503 ], [ 6.943838928439408, 49.214273746403904 ], [ 6.953694502186165, 49.206078831066449 ], [ 6.959648077128035, 49.20309452437607 ], [ 6.975157871723439, 49.209403982452351 ], [ 6.992533087485288, 49.200819420158957 ], [ 6.999001731101454, 49.194424084773829 ], [ 7.015614598577456, 49.191131765091065 ], [ 7.023419219592013, 49.189214775359957 ], [ 7.03498420629261, 49.191388741496688 ], [ 7.033102436493341, 49.18045210704652 ], [ 7.027725186020921, 49.170051017317363 ], [ 7.033360695463434, 49.162351611069674 ], [ 7.032127958096728, 49.156608919139842 ], [ 7.042111863615212, 49.145765223334003 ], [ 7.046886483155037, 49.136539017937672 ], [ 7.045578140141624, 49.128716506490022 ], [ 7.044212637237668, 49.121772726729503 ], [ 7.048139726567151, 49.115193615603332 ], [ 7.057177888832512, 49.112043024788683 ], [ 7.066940418190176, 49.114602998993917 ], [ 7.074244100693752, 49.12545266979572 ], [ 7.090066850685125, 49.132284278222549 ], [ 7.081837113083367, 49.141933237957474 ], [ 7.082628484834824, 49.152661975368773 ], [ 7.09131656875886, 49.151985933315494 ], [ 7.098629315657058, 49.15545240922895 ], [ 7.107900131072116, 49.152499206270569 ], [ 7.103986582545882, 49.145674486923909 ], [ 7.104151605558249, 49.138514219853064 ], [ 7.126355602586777, 49.142107260325581 ], [ 7.131438067282714, 49.131821309171343 ], [ 7.135587967897797, 49.128467171801788 ], [ 7.150649496208659, 49.125051695641581 ], [ 7.159293636525155, 49.120408740162524 ], [ 7.168107807774008, 49.127269271234809 ], [ 7.183895273485162, 49.129944081611818 ], [ 7.19663045651687, 49.121670606724763 ], [ 7.198332972483746, 49.11519240218054 ], [ 7.208836221685822, 49.124381614164442 ], [ 7.230332785804559, 49.126385749014446 ], [ 7.24527782356752, 49.130020460627136 ], [ 7.249098479073252, 49.127272530644291 ], [ 7.265796876888373, 49.122724703648096 ], [ 7.273670697252963, 49.124177385653034 ], [ 7.282596434479014, 49.116912037257393 ], [ 7.293297157068641, 49.115055322419749 ], [ 7.304384384075443, 49.124193416034807 ], [ 7.313643404864436, 49.137164448974268 ], [ 7.330020931898681, 49.144975840798388 ], [ 7.344695212242928, 49.14344432150169 ], [ 7.362993027192761, 49.145228271527436 ], [ 7.36245963330368, 49.148295640225207 ], [ 7.362561123379424, 49.156484186544191 ], [ 7.366667610778586, 49.160650968344832 ], [ 7.365558690922245, 49.172126709243919 ], [ 7.381823319703953, 49.175214594481197 ], [ 7.445841277908515, 49.184292030177481 ], [ 7.436112019517501, 49.179639119865406 ], [ 7.441873802660046, 49.172247986850316 ], [ 7.456813031460183, 49.16449875636421 ], [ 7.482137739241659, 49.169748709725646 ], [ 7.494111765212536, 49.169604534124105 ], [ 7.493299383220045, 49.160759406130957 ], [ 7.505950402637149, 49.15050272199214 ], [ 7.490039248174787, 49.142261902304021 ], [ 7.489452252468144, 49.136492478670554 ], [ 7.496390274751016, 49.135578476354688 ], [ 7.505630795277192, 49.122538253880045 ], [ 7.515755554895246, 49.121058640433169 ], [ 7.523501622360576, 49.105912234430775 ], [ 7.52882879870274, 49.097060416294894 ], [ 7.558944411521956, 49.082235227706086 ], [ 7.569102229628562, 49.079677692745371 ], [ 7.60107989139207, 49.083249859050447 ], [ 7.620368906245815, 49.074186043421328 ], [ 7.629651320252006, 49.073645601340402 ], [ 7.6354047570927, 49.054054966874048 ], [ 7.674730828361288, 49.044917293497072 ], [ 7.685782241988767, 49.049273658286495 ], [ 7.697633114272965, 49.049787589864508 ], [ 7.708096404352798, 49.052462588867925 ], [ 7.731267765155727, 49.054272431038726 ], [ 7.732304690433449, 49.044177972971717 ], [ 7.751016997671081, 49.048033351943424 ], [ 7.757239460231599, 49.045324918482287 ], [ 7.769079820032834, 49.047492394787405 ], [ 7.778724996651928, 49.05757508351688 ], [ 7.788246106389898, 49.058054028775153 ], [ 7.794366896620152, 49.065780903961716 ], [ 7.81112884912724, 49.06084658371315 ], [ 7.815772873990161, 49.054884213723589 ], [ 7.826079550054574, 49.052257670624329 ], [ 7.851471842942112, 49.042101618804992 ], [ 7.855049441854489, 49.035527364200298 ], [ 7.867503294684415, 49.033078509904058 ], [ 7.874275079203601, 49.040504272680458 ], [ 7.889003931942807, 49.049243498419429 ], [ 7.91439598518666, 49.040648359371573 ], [ 7.92279113762307, 49.04372490135431 ], [ 7.931038291742912, 49.054196273080372 ], [ 7.945271342123379, 49.055595220026092 ], [ 7.949306377475444, 49.047119600015002 ], [ 7.964877123519019, 49.042993157474434 ], [ 7.971578355625669, 49.03612874319419 ], [ 7.975111332444208, 49.026592412355399 ], [ 7.98142285179328, 49.02586098507814 ], [ 7.996214000812389, 49.028989196938966 ], [ 8.012775592872133, 49.024217442216113 ], [ 8.022829663946714, 49.018169922235771 ], [ 8.031429940240809, 49.018848178520464 ], [ 8.063353484756131, 49.005768109650518 ], [ 8.068246323325598, 48.999423329010476 ], [ 8.070142750833126, 48.996351592714994 ], [ 8.083332852740266, 48.993740161611363 ], [ 8.091322997966358, 48.989303722810845 ], [ 8.100568388629917, 48.989962981717724 ], [ 8.10876581726319, 48.987081661974756 ], [ 8.123540702768935, 48.986624659151872 ], [ 8.1326954063637, 48.981173935270157 ], [ 8.148525486009337, 48.977237937193287 ], [ 8.162482494169396, 48.977586136266964 ], [ 8.17068038644549, 48.979088014307564 ], [ 8.196349592863735, 48.976239770884376 ], [ 8.199459561962779, 48.966888454907732 ], [ 8.216047227163818, 48.975345757007432 ], [ 8.222926447606952, 48.975876880573352 ], [ 8.229640715745395, 48.968614022848506 ], [ 8.227485339974061, 48.964976238260249 ], [ 8.198231581342046, 48.957837084260447 ], [ 8.187257029151764, 48.945023233830568 ], [ 8.179364371700238, 48.934543495408562 ], [ 8.16880624995059, 48.924511885988196 ], [ 8.157753653715591, 48.914291671281973 ], [ 8.14152999860924, 48.896097454620026 ], [ 8.132482763660946, 48.883771994435023 ], [ 8.121526773860593, 48.864920049254202 ], [ 8.110166334041484, 48.841241274877859 ], [ 8.106862212145018, 48.828439210968007 ], [ 8.102253972212957, 48.816809343537493 ], [ 8.087046567376772, 48.801994030753079 ], [ 8.070024506685064, 48.791271760790799 ], [ 8.061715188876374, 48.789124473311801 ], [ 8.04320535998048, 48.790813833149862 ], [ 8.028870005796046, 48.786288201370596 ], [ 8.024202384015563, 48.771952855391469 ], [ 8.017069821380538, 48.762500120894892 ], [ 8.001454101278235, 48.758799498309067 ], [ 7.983327527720533, 48.761017256864776 ], [ 7.974415535414169, 48.75923092218008 ], [ 7.968485827322346, 48.752460556426769 ], [ 7.967742008455042, 48.730104050132297 ], [ 7.963671999654784, 48.721919432547757 ], [ 7.924933024118314, 48.690434713327697 ], [ 7.895902883998721, 48.666946018802918 ], [ 7.883253863632036, 48.659174502070847 ], [ 7.862508417676008, 48.650882966842495 ], [ 7.844302300775024, 48.645191840672169 ], [ 7.836038448538873, 48.633366513517153 ], [ 7.826588349024994, 48.615187642858601 ], [ 7.805323643286668, 48.593182008275811 ], [ 7.80026226870339, 48.582572158744455 ], [ 7.804336629700668, 48.566279569265852 ], [ 7.805756388131122, 48.550167850601518 ], [ 7.8036309729353, 48.539458925847946 ], [ 7.806664388802041, 48.523224750249945 ], [ 7.804198716123579, 48.511679541016022 ], [ 7.794829812393154, 48.501717455075962 ], [ 7.770795038150927, 48.491947845996656 ], [ 7.767130733558056, 48.486811148535146 ], [ 7.766698298827105, 48.464161170763504 ], [ 7.764015340852509, 48.45333218894983 ], [ 7.753342273136621, 48.433989552450811 ], [ 7.737089203155653, 48.4063575872797 ], [ 7.733445168677672, 48.398368322603417 ], [ 7.731061192151888, 48.384839769138523 ], [ 7.736007672824033, 48.362456526132753 ], [ 7.743599240062128, 48.339961993080955 ], [ 7.745688884956436, 48.331913115542086 ], [ 7.741439717908005, 48.322940394991846 ], [ 7.729308472627412, 48.316430031024161 ], [ 7.707254624626365, 48.310642074443543 ], [ 7.693157814231012, 48.301141999562596 ], [ 7.689257181878006, 48.29131198562024 ], [ 7.689138352694873, 48.280730630957578 ], [ 7.681061768657591, 48.257662227055654 ], [ 7.679799974554593, 48.254201515180924 ], [ 7.667735021229829, 48.223724211450815 ], [ 7.661271122193197, 48.216860806118831 ], [ 7.649460527224738, 48.211004663028397 ], [ 7.641641495735984, 48.203635737924685 ], [ 7.636957512463061, 48.195573505659127 ], [ 7.629588430687162, 48.183885836872008 ], [ 7.611482660017454, 48.167570584005659 ], [ 7.602409128571894, 48.1597526259551 ], [ 7.598943954681727, 48.151480091092928 ], [ 7.600484901146723, 48.143058101004222 ], [ 7.597182328995696, 48.133683074018499 ], [ 7.583106973765084, 48.126529343643668 ], [ 7.577423277364363, 48.12035341478699 ], [ 7.579565455957178, 48.107069738460417 ], [ 7.579538054508324, 48.102220557620292 ], [ 7.573546394580594, 48.091083590833847 ], [ 7.56948439324515, 48.077171823596004 ], [ 7.573425152703538, 48.059649117261806 ], [ 7.572623327381989, 48.046614617917406 ], [ 7.568789289483015, 48.035470914326503 ], [ 7.578574026569851, 48.025040571134284 ], [ 7.608722483258521, 48.000387412314637 ], [ 7.616182024502025, 47.990403111208906 ], [ 7.621528390396398, 47.977513858834101 ], [ 7.619819098464554, 47.967123156655113 ], [ 7.602950772698679, 47.94876185910136 ], [ 7.589362684470776, 47.938326597862591 ], [ 7.582555396028844, 47.929914150924724 ], [ 7.580597690869813, 47.920747818587429 ], [ 7.582870894847902, 47.90624174017492 ], [ 7.58169732641586, 47.898027302808124 ], [ 7.573345573458813, 47.889830655144323 ], [ 7.561606893875918, 47.884169534254902 ], [ 7.555618385489645, 47.871082111281702 ], [ 7.55679476743161, 47.864325742131065 ], [ 7.563266959258178, 47.85211293155082 ], [ 7.560718905071731, 47.837372556541062 ], [ 7.55287574928916, 47.827602466160627 ], [ 7.545736650827, 47.812542500159729 ], [ 7.540712833347525, 47.802883973230166 ], [ 7.532359791810992, 47.788504994917631 ], [ 7.529801859061073, 47.777529868670186 ], [ 7.533092241794889, 47.766834854887776 ], [ 7.539870008764737, 47.754675473016157 ], [ 7.548603659694586, 47.737476431459683 ], [ 7.545770986765849, 47.725516687497986 ], [ 7.535570393124382, 47.714913151235251 ], [ 7.514460765738169, 47.702781661473026 ], [ 7.512904891743384, 47.694147299016343 ], [ 7.519657676446411, 47.682126427619572 ], [ 7.5192550540254, 47.669324580373285 ], [ 7.523875141745545, 47.660654751065906 ], [ 7.542988973968258, 47.646201298874537 ], [ 7.559145172526228, 47.638176427663012 ], [ 7.5669716618616, 47.631994633658657 ], [ 7.572362701254176, 47.619315076821458 ], [ 7.57781212654905, 47.613279581331291 ], [ 7.586321736355137, 47.609247711950594 ], [ 7.593091383652133, 47.598601651898058 ], [ 7.585725457406815, 47.584090238658874 ], [ 7.584660122152898, 47.575521440096736 ], [ 7.57525416629812, 47.576139880138953 ], [ 7.566489622441336, 47.577669223675592 ], [ 7.556895226111654, 47.572465421363532 ], [ 7.557299699494936, 47.565030988313609 ], [ 7.551837562709699, 47.563261779876839 ], [ 7.53070909509298, 47.554203412492242 ], [ 7.518862783203113, 47.546340660827553 ], [ 7.507453112506283, 47.545045275184705 ], [ 7.504177019809265, 47.543130750327357 ], [ 7.499090331989515, 47.535431055229928 ], [ 7.502303540352353, 47.528409567401724 ], [ 7.510758103207916, 47.528994840021461 ], [ 7.519359102475357, 47.534722987979833 ], [ 7.530961384571588, 47.529049969654167 ], [ 7.523461464844066, 47.518676160290781 ], [ 7.502536932809822, 47.515715714939866 ], [ 7.497877781714997, 47.521252287767162 ], [ 7.499087146834961, 47.516282750115842 ], [ 7.507916996685288, 47.510817290945347 ], [ 7.511072972992998, 47.497031757399597 ], [ 7.501143784875256, 47.493520251655326 ], [ 7.487626254733033, 47.482139075917438 ], [ 7.472011718858934, 47.480387938896307 ], [ 7.462388046649478, 47.489056703306886 ], [ 7.455091929383998, 47.489485914065497 ], [ 7.434988545233031, 47.498105672850969 ], [ 7.429755220536132, 47.493582486318623 ], [ 7.42082095769303, 47.480371478493367 ], [ 7.429395322781987, 47.482944884678538 ], [ 7.45634528362154, 47.472749250562977 ], [ 7.445770580854274, 47.461977579385923 ], [ 7.43003417027366, 47.459496343314171 ], [ 7.428801138769177, 47.4538839849751 ], [ 7.420556416270642, 47.445574830092738 ], [ 7.403208747416812, 47.438682262084654 ], [ 7.400429069529482, 47.435502124241594 ], [ 7.385586059767577, 47.431862544956658 ], [ 7.368251562923779, 47.434361610845023 ], [ 7.355628403082772, 47.433900314733016 ], [ 7.344842150128082, 47.436143996015055 ], [ 7.339957785894693, 47.440520424954073 ], [ 7.324918702280827, 47.439362470649883 ], [ 7.30240068473312, 47.438649075379168 ], [ 7.292656896050826, 47.433364817194089 ], [ 7.286955759044928, 47.435156441742443 ], [ 7.269702223099348, 47.427000763944058 ], [ 7.254962683327367, 47.424387768439473 ], [ 7.239025378738334, 47.428520120724627 ], [ 7.235622289360608, 47.43703788562177 ], [ 7.229030425193123, 47.439892122997591 ], [ 7.205735116235879, 47.435561741629051 ], [ 7.195795695945309, 47.435424149928089 ], [ 7.192519659456317, 47.439006624285952 ], [ 7.16992689494188, 47.44374661923257 ], [ 7.178146010728272, 47.458085609820628 ], [ 7.178833994557088, 47.469276576083217 ], [ 7.190860567495083, 47.488509753437008 ], [ 7.202986373594541, 47.491398804697198 ], [ 7.200968743156097, 47.494276019467726 ], [ 7.167402327833689, 47.489394437653488 ], [ 7.159330293595027, 47.490717104277032 ], [ 7.152479400746876, 47.496311581117212 ], [ 7.139191617555501, 47.501785786534676 ], [ 7.130257331923069, 47.502946799022276 ], [ 7.137821561130352, 47.510550973801017 ], [ 7.141985688040534, 47.525160506831561 ], [ 7.138101696491282, 47.530649188776856 ], [ 7.132986684794084, 47.53952278593033 ], [ 7.131568665045745, 47.540275254049675 ], [ 7.118899458672497, 47.547585049129744 ], [ 7.105710313830664, 47.5516045679434 ], [ 7.107875447366596, 47.558653476387754 ], [ 7.105441637397733, 47.569119177988412 ], [ 7.094137132889818, 47.573497071965143 ], [ 7.088926065706764, 47.583767682203572 ], [ 7.086460720651311, 47.585549507897596 ], [ 7.085290758748554, 47.593169755843803 ], [ 7.078190652885701, 47.596905455175246 ], [ 7.074240721277029, 47.598907421514674 ], [ 7.074059127616667, 47.598920073729296 ], [ 7.064268011559369, 47.601200369381324 ], [ 7.054352650330844, 47.598558510595097 ], [ 7.046589859343223, 47.601042575857896 ], [ 7.038611918168174, 47.599425450451868 ], [ 7.034080739823086, 47.594553036421665 ], [ 7.025492661238848, 47.592741651481489 ], [ 7.019647435010991, 47.588635104565341 ], [ 7.021557354113087, 47.593684968692621 ], [ 7.009103594708197, 47.599536716348737 ], [ 7.010315566985191, 47.604741385070916 ], [ 7.005010201733308, 47.619599912344761 ], [ 7.006600550494147, 47.626415659335429 ], [ 7.01054082910666, 47.630308069332081 ], [ 7.016607686215403, 47.645378563443082 ], [ 7.018948351076992, 47.650917368127409 ], [ 7.039304430148058, 47.650505116366723 ], [ 7.034003430896497, 47.661251219348145 ], [ 7.040790447460861, 47.665165101982907 ], [ 7.041367329499924, 47.672367867718023 ], [ 7.037450504223044, 47.675372928806645 ], [ 7.047452419394724, 47.682667699370015 ], [ 7.038581545454162, 47.687830644419797 ], [ 7.036363976363157, 47.692156669626208 ], [ 7.038230609177027, 47.69262120949351 ], [ 7.026476379037989, 47.700963158781789 ], [ 7.027547865222864, 47.705316173927159 ], [ 7.0377846712264, 47.721622398942799 ], [ 7.032486052519548, 47.726114058208523 ], [ 7.020966921019158, 47.73460011757809 ], [ 7.015834187910758, 47.743803948054428 ], [ 7.012891894625114, 47.741445522950649 ], [ 6.999010932372541, 47.745952919524427 ], [ 6.985159124669926, 47.749113007853069 ], [ 6.954437310471572, 47.761166951976804 ], [ 6.943466058670093, 47.766559383462607 ], [ 6.940641144814783, 47.771332446543518 ], [ 6.925450563855485, 47.769560332636864 ], [ 6.922754243474055, 47.77187747168837 ], [ 6.922290252172382, 47.772401268003769 ], [ 6.907661609765451, 47.77768914346327 ], [ 6.902299450123576, 47.776633484825652 ], [ 6.891895740001893, 47.778747879529156 ], [ 6.88180735164512, 47.78209710875781 ], [ 6.872001276926097, 47.781774873083478 ], [ 6.865381080087213, 47.784888915541529 ], [ 6.8600470269588, 47.794347149542858 ], [ 6.851596407090707, 47.797995516034483 ], [ 6.850557805336781, 47.806809880465671 ], [ 6.842969791069539, 47.812822418867306 ], [ 6.841013850427824, 47.818983256873572 ], [ 6.845879068477937, 47.82289379702523 ], [ 6.839399034995719, 47.824667894756594 ], [ 6.833966327142686, 47.81859868710869 ], [ 6.823607588829404, 47.81328395651088 ], [ 6.792137170190323, 47.830497891644889 ], [ 6.788779665234435, 47.834980144320085 ], [ 6.792224597403422, 47.842221181150599 ], [ 6.78495536794249, 47.849560780160793 ], [ 6.764464756057825, 47.853457064117514 ], [ 6.763884055866317, 47.857427554466078 ], [ 6.741079355976636, 47.861871381639325 ], [ 6.737184316041438, 47.864949056412243 ], [ 6.735363849934095, 47.865051212686467 ], [ 6.710404421401734, 47.875928288954007 ], [ 6.703676313183982, 47.88141792078379 ], [ 6.691752074498162, 47.885901301668518 ], [ 6.686834226265744, 47.888261505982904 ], [ 6.666931400494277, 47.893774724003464 ], [ 6.662082958551344, 47.897690273992332 ], [ 6.645139780316144, 47.904126122213462 ], [ 6.639283834506944, 47.910287272465965 ], [ 6.64190175615612, 47.917756647254905 ], [ 6.633976283429548, 47.920795096490473 ], [ 6.627362446378005, 47.930089760960151 ], [ 6.613038376017975, 47.9359394728178 ], [ 6.601250853645697, 47.944476164559205 ], [ 6.583948442543305, 47.940227221966246 ], [ 6.563411095156135, 47.931385015428283 ], [ 6.558325569904244, 47.923217946860262 ], [ 6.558175750266949, 47.923022495117181 ], [ 6.552375524093241, 47.911742711162908 ], [ 6.543961351047007, 47.908445852355023 ], [ 6.542015971756595, 47.902527311527749 ], [ 6.519509358182082, 47.899913625235151 ], [ 6.50321377343128, 47.896218575025124 ], [ 6.478264588208606, 47.885443490703963 ], [ 6.470208663419132, 47.894554448801706 ], [ 6.455962853744966, 47.906764942318141 ], [ 6.46043564738634, 47.913450596585093 ], [ 6.436306145652352, 47.936497632929864 ], [ 6.431590370559104, 47.943853597917531 ], [ 6.408338636189281, 47.943287568020509 ], [ 6.405357897734503, 47.953112332944791 ], [ 6.385166905781976, 47.958577135950804 ], [ 6.36499517531419, 47.962569560047967 ], [ 6.34461438930111, 47.954282775201605 ], [ 6.334705561011943, 47.955929983252936 ], [ 6.320124669929784, 47.949769402185922 ], [ 6.307281616527359, 47.95013619815736 ], [ 6.294366441691449, 47.955752108553298 ], [ 6.277332094534344, 47.953805619682527 ], [ 6.262955906906375, 47.94614085627159 ], [ 6.250900933301883, 47.939230730202773 ], [ 6.243242725562571, 47.939643314041028 ], [ 6.237982934301377, 47.932840414296457 ], [ 6.219218287470953, 47.935741351710391 ], [ 6.214336969255528, 47.930415046107896 ], [ 6.205225273006016, 47.932016941784276 ], [ 6.20804793504171, 47.942543677423195 ], [ 6.197366854211829, 47.951792167640185 ], [ 6.18201420894016, 47.956304346665114 ], [ 6.167988995789302, 47.952352981733334 ], [ 6.161247948379768, 47.958290669516423 ], [ 6.155399430612, 47.964513768490313 ], [ 6.150161823554535, 47.970139226635048 ], [ 6.16265557202635, 47.972714564935252 ], [ 6.165073937883382, 47.975972855220519 ], [ 6.157365915999677, 47.984176068446935 ], [ 6.160711105825743, 47.98945128272269 ], [ 6.152799606212877, 47.99612845445445 ], [ 6.156189407237818, 48.006764006656752 ], [ 6.148350389699932, 48.014442065703506 ], [ 6.138617915460026, 48.017188757536594 ], [ 6.131306229357558, 48.024135471004598 ], [ 6.113698150429713, 48.017725839561052 ], [ 6.109391321233717, 48.01261808133107 ], [ 6.097739204269867, 48.015042835654953 ], [ 6.085550131570504, 48.013453054496445 ], [ 6.073195517583422, 48.01593519593164 ], [ 6.055706153509113, 48.008823264761837 ], [ 6.041132405099018, 48.00447298012606 ], [ 6.024949664857862, 47.991829331281359 ], [ 6.022961136855209, 47.977129885037215 ], [ 6.01254919898705, 47.97215491901629 ], [ 6.002266012960422, 47.956088697130106 ], [ 5.992418677159939, 47.95806271703978 ], [ 5.970533654336147, 47.957200528134294 ], [ 5.969022692238071, 47.94750531392593 ], [ 5.955611668710341, 47.938276695547572 ], [ 5.947503118173794, 47.936223618384588 ], [ 5.928684399892689, 47.938114561763363 ], [ 5.93778490625939, 47.950922074032732 ], [ 5.959695902901323, 47.966552612149805 ], [ 5.949543898031211, 47.972943332554955 ], [ 5.947527815869153, 47.979712022029894 ], [ 5.936887246959171, 47.979004855666652 ], [ 5.92738850162968, 47.974390565776368 ], [ 5.921328610518009, 47.971020213268659 ], [ 5.918834819426382, 47.966865827060133 ], [ 5.920482976006882, 47.956598256763655 ], [ 5.918016250506843, 47.947441486907657 ], [ 5.907813907461542, 47.946433684506253 ], [ 5.900601007368555, 47.944567752557781 ], [ 5.892904334004034, 47.937140708281056 ], [ 5.897659675527308, 47.930942949330884 ], [ 5.88474580283853, 47.926182654813168 ], [ 5.889579472252213, 47.920587530862093 ], [ 5.886853226408968, 47.914434433380848 ], [ 5.890647415041405, 47.910115635790149 ], [ 5.886739959400597, 47.902823555734905 ], [ 5.873502825776417, 47.900505208387678 ], [ 5.856287757800659, 47.903800867582248 ], [ 5.848004712869502, 47.903510429474515 ], [ 5.845095597571608, 47.89708620740889 ], [ 5.837479456404908, 47.891238696166567 ], [ 5.836682797263603, 47.885275579159803 ], [ 5.820643215558816, 47.869110978269134 ], [ 5.824670285464415, 47.859394278443851 ], [ 5.828425228609042, 47.851931736561035 ], [ 5.805603548057382, 47.847345873980778 ], [ 5.796156541208866, 47.846725911065413 ], [ 5.798879822126617, 47.855706139378952 ], [ 5.786577885179735, 47.855171487722856 ], [ 5.774755068065457, 47.858039985020717 ], [ 5.767298666525231, 47.855743272118126 ], [ 5.761196771811132, 47.85933796407712 ], [ 5.753418598544329, 47.851779809213689 ], [ 5.744201715140425, 47.848853888011305 ], [ 5.746750370763535, 47.840677645091446 ], [ 5.746092027617609, 47.823563769658378 ], [ 5.742002161956234, 47.819428738805193 ], [ 5.73143220514224, 47.817629524849899 ], [ 5.727919030300027, 47.818422788518497 ], [ 5.713617259862813, 47.821451040178069 ], [ 5.70021583503288, 47.823885827679206 ], [ 5.692725048415661, 47.821803235791634 ], [ 5.6854207203269, 47.812838548339059 ], [ 5.681790366865843, 47.809326763991258 ], [ 5.681195330099016, 47.797764892199595 ], [ 5.67638202741915, 47.779137385302768 ], [ 5.682126985717002, 47.775531623733031 ], [ 5.680006384674959, 47.770085915337944 ], [ 5.695795767224945, 47.770531234974264 ], [ 5.707526644706159, 47.767553453777808 ], [ 5.707653512704254, 47.761724758165045 ], [ 5.706237336064115, 47.751183918267799 ], [ 5.709435789815047, 47.745128299581864 ], [ 5.693157085615113, 47.737636661134999 ], [ 5.688628874066406, 47.730528101735011 ], [ 5.695912176693753, 47.72523619823226 ], [ 5.685059898459327, 47.722831790375395 ], [ 5.684203730967322, 47.712278627837776 ], [ 5.693535021482089, 47.704808950893884 ], [ 5.693676087920691, 47.690524989089838 ], [ 5.691124584470558, 47.684716360675168 ], [ 5.680990213277086, 47.686632451933839 ], [ 5.672031418675545, 47.682001401936937 ], [ 5.66738260914226, 47.685522620603827 ], [ 5.659658082991505, 47.684725998077106 ], [ 5.653183445865386, 47.677177630827053 ], [ 5.648277458530127, 47.675403972146817 ], [ 5.631343170853532, 47.677247213093665 ], [ 5.616916763571015, 47.673506825102258 ], [ 5.606092898611487, 47.675206717979485 ], [ 5.59682249324928, 47.672019728085061 ], [ 5.591653835609949, 47.684211028361588 ], [ 5.584600277510154, 47.690976388179763 ], [ 5.581705134515524, 47.703074423847013 ], [ 5.570487575731887, 47.706685976568849 ], [ 5.567374543452525, 47.707203731289674 ], [ 5.564385292630623, 47.702588306351515 ], [ 5.550421043863048, 47.692375409080007 ], [ 5.537595046054251, 47.679766872486411 ], [ 5.526746315465022, 47.672828189970971 ], [ 5.510068818777175, 47.674232193888265 ], [ 5.507050776822856, 47.676598738638198 ], [ 5.482769602032652, 47.684638214468393 ], [ 5.474541658223799, 47.680764845299592 ], [ 5.471437079540981, 47.675582297842013 ], [ 5.443919202629801, 47.670569655473656 ], [ 5.435205320101147, 47.671035216762306 ], [ 5.424660097581175, 47.676322519892643 ], [ 5.406511631937629, 47.673535946631581 ], [ 5.402694997055211, 47.656683232254878 ], [ 5.39883828181389, 47.653079412958071 ], [ 5.405611954215569, 47.648129607957955 ], [ 5.385682855804924, 47.63505411209951 ], [ 5.372333279267853, 47.618482016107471 ], [ 5.373840369276865, 47.604484362184543 ], [ 5.366806214981948, 47.604940590544444 ], [ 5.355716061186188, 47.59169591201934 ], [ 5.341939830820198, 47.597498759554981 ], [ 5.342694101352975, 47.604949759536197 ], [ 5.339160377397458, 47.609541176994284 ], [ 5.322460101423799, 47.612409539993173 ], [ 5.313076136538673, 47.606027622247041 ], [ 5.306285203194553, 47.607257000560608 ], [ 5.298208779796017, 47.604336603068241 ], [ 5.293989918413024, 47.597873897038006 ], [ 5.277698842241076, 47.590138067562101 ], [ 5.277888592232288, 47.581573342732554 ], [ 5.268533011642487, 47.581462964785253 ], [ 5.256225133497778, 47.576552610973458 ], [ 5.247637800870917, 47.589774548018795 ], [ 5.238112299537319, 47.596502325343543 ], [ 5.258722171608671, 47.622166941663501 ], [ 5.249048655973799, 47.621599976393632 ], [ 5.242872333867886, 47.61819974537984 ], [ 5.236937984749249, 47.616772892428429 ], [ 5.237369771814495, 47.621037340520225 ], [ 5.229229214606761, 47.625560294058914 ], [ 5.211408715344456, 47.641887579058171 ], [ 5.198158165708196, 47.644374389020747 ], [ 5.188581553353912, 47.649559747804979 ], [ 5.188385074717851, 47.649610251194041 ], [ 5.173196595316776, 47.653370342576459 ], [ 5.173262843519383, 47.666476650390834 ], [ 5.178439513388894, 47.680982440259911 ], [ 5.16045515822515, 47.6781431393293 ], [ 5.156472527871763, 47.668216648378063 ], [ 5.142820881344603, 47.655668306557779 ], [ 5.122588249617203, 47.64706495667339 ], [ 5.117435261862057, 47.649439225274463 ], [ 5.116601179998067, 47.65189266463662 ], [ 5.108874341417499, 47.649687715839768 ], [ 5.101516960512289, 47.65958432701018 ], [ 5.086126152385099, 47.656617759328228 ], [ 5.083654152561403, 47.660441754392743 ], [ 5.069158820602586, 47.66858137919737 ], [ 5.061830023596609, 47.667268475506276 ], [ 5.053419199430474, 47.668376371586731 ], [ 5.044430707955571, 47.677407228167816 ], [ 5.050284668443167, 47.679867184780939 ], [ 5.053160922829567, 47.686594770088576 ], [ 5.06080706729574, 47.694846378418518 ], [ 5.032794508656473, 47.692333079803845 ], [ 5.029122303212477, 47.697457833740778 ], [ 5.03393612055774, 47.701666256186542 ], [ 5.029155372432103, 47.709920998248421 ], [ 5.004082117623504, 47.70035393111705 ], [ 5.003118648062052, 47.694591931459762 ], [ 4.992273960509501, 47.688315326068569 ], [ 4.979308765697766, 47.686226114411483 ], [ 4.968567641898073, 47.687324024133304 ], [ 4.970284871788384, 47.69236949118487 ], [ 4.954632664385699, 47.701152160291954 ], [ 4.956913934403216, 47.709049628479896 ], [ 4.965819515628046, 47.715237798213202 ], [ 4.963496342417988, 47.722174302605026 ], [ 4.971540771063442, 47.731081995413575 ], [ 4.960489605117377, 47.732816236853772 ], [ 4.966143064925222, 47.740562355957579 ], [ 4.95994840389985, 47.751545763247947 ], [ 4.958991959376116, 47.761870409833072 ], [ 4.939955594510911, 47.762211671580289 ], [ 4.930739800771648, 47.761333148802088 ], [ 4.91691578621516, 47.766848665138014 ], [ 4.920756205240224, 47.772803341361502 ], [ 4.917962007038912, 47.777094036192182 ], [ 4.94308211320691, 47.785713594356714 ], [ 4.955247492603529, 47.789595832402078 ], [ 4.964508952788526, 47.795255934737128 ], [ 4.982404049171841, 47.799790040790484 ], [ 4.991528836354959, 47.807918992535427 ], [ 4.994126637629452, 47.819746154606833 ], [ 4.984957744723983, 47.825253113163022 ], [ 4.98430478017923, 47.824342270433334 ], [ 4.984695666080065, 47.828868610049504 ], [ 4.973253549381289, 47.831197227894094 ], [ 4.960134235778789, 47.845575940776015 ], [ 4.963404297425438, 47.852205756514579 ], [ 4.954099564812769, 47.866767159312104 ], [ 4.945448202868003, 47.866241142103171 ], [ 4.927454903549489, 47.871545320813837 ], [ 4.928575543875975, 47.8862324242806 ], [ 4.919423634730359, 47.894412564896236 ], [ 4.914002263952795, 47.905585623637037 ], [ 4.905966325709274, 47.916470401258856 ], [ 4.90290943586282, 47.921036363417649 ], [ 4.894336986322061, 47.923025779352827 ], [ 4.875980480975839, 47.920291202934806 ], [ 4.859222847856691, 47.901787403816023 ], [ 4.856787909678283, 47.895631553811896 ], [ 4.834034391784263, 47.906781834120572 ], [ 4.829423791557797, 47.912426913208179 ], [ 4.831212824159033, 47.917864142756201 ], [ 4.8471517041441, 47.928996662004977 ], [ 4.855513498202508, 47.932054279532878 ], [ 4.865121473733498, 47.941686371954873 ], [ 4.856124644632611, 47.953275641595503 ], [ 4.845185948425723, 47.961248857261097 ], [ 4.815964682069347, 47.959441809216479 ], [ 4.80207606353851, 47.962585609401671 ], [ 4.786515251763801, 47.964201285167057 ], [ 4.786148566847345, 47.971538653327968 ], [ 4.794635815235512, 47.984468861845102 ], [ 4.810588224441771, 47.988653992985356 ], [ 4.793244846481801, 47.996539465029038 ], [ 4.789488927544798, 48.008111263546404 ], [ 4.749296639196844, 48.004246587871428 ], [ 4.7199206032359, 48.009143421646804 ], [ 4.70434621982116, 48.020293820189927 ], [ 4.69882703088945, 48.023905641352208 ], [ 4.673262048164636, 48.015270874039665 ], [ 4.665379430312965, 48.020996627318979 ], [ 4.655876660656004, 48.016973169003478 ], [ 4.647583357068306, 48.025695380337986 ], [ 4.621959317350436, 48.02438343551033 ], [ 4.616545716422049, 48.031296751525034 ], [ 4.610196331340648, 48.0288005481829 ], [ 4.59912942669963, 48.030513061269247 ], [ 4.578320895460079, 48.028854261593004 ], [ 4.570820375057388, 48.024615345104884 ], [ 4.567090663544801, 48.018594955322271 ], [ 4.55466644840746, 48.012384506549857 ], [ 4.549483929357757, 48.004429560667198 ], [ 4.535718507969153, 48.006772039697708 ], [ 4.535828343676718, 48.00098309950544 ], [ 4.545265245378845, 47.988406827545873 ], [ 4.554997022004176, 47.985989625583436 ], [ 4.55971069882588, 47.971531933520311 ], [ 4.552536486581631, 47.967946371679034 ], [ 4.52901444652298, 47.969763209037502 ], [ 4.509708706890136, 47.966435729863264 ], [ 4.492633893003393, 47.968288325130871 ], [ 4.48418419533485, 47.963672533809238 ], [ 4.469910763787437, 47.959925690201132 ], [ 4.453263526241948, 47.959304603218193 ], [ 4.447132174555745, 47.95638386255348 ], [ 4.438042674339544, 47.95962771055671 ], [ 4.426076337871764, 47.96681480594016 ], [ 4.417200225679855, 47.968678184128372 ], [ 4.403242902062468, 47.965649447676789 ], [ 4.397232037150389, 47.962237762876079 ], [ 4.372435485000381, 47.961642408594017 ], [ 4.36149205614365, 47.957192821937689 ], [ 4.343999490906816, 47.956055737895248 ], [ 4.340350215775147, 47.95804514791449 ], [ 4.319745608688695, 47.959616681060517 ], [ 4.312718284088009, 47.962690757462383 ], [ 4.305767852697216, 47.954334630666651 ], [ 4.29924484691522, 47.94879054366551 ], [ 4.302969370286315, 47.937884625159235 ], [ 4.29279701966587, 47.925881153724625 ], [ 4.288297382647481, 47.927091678769273 ], [ 4.2745508029062, 47.923807861594888 ], [ 4.266492974379562, 47.923956218888819 ], [ 4.248112650081557, 47.929257212057941 ], [ 4.242094400802215, 47.932528811656653 ], [ 4.236971241400354, 47.94084628130777 ], [ 4.223905248337562, 47.948495812590686 ], [ 4.228613332563799, 47.961814154629401 ], [ 4.225815664009029, 47.972090290802228 ], [ 4.210330836045976, 47.971607184030326 ], [ 4.203005124712655, 47.973274519679507 ], [ 4.19554238893208, 47.967874850165963 ], [ 4.201870544406423, 47.961952004025754 ], [ 4.207103222623291, 47.944811991136405 ], [ 4.192557051445607, 47.939418023377961 ], [ 4.185495624744158, 47.940268917217978 ], [ 4.184165990516333, 47.955893535611274 ], [ 4.167214719286021, 47.960136633444499 ], [ 4.155861457116613, 47.955791862678993 ], [ 4.140159263465055, 47.942755238740673 ], [ 4.141839387372168, 47.937107385047547 ], [ 4.132990135736246, 47.937930177929076 ], [ 4.122111237109993, 47.931653302095718 ], [ 4.109674447809694, 47.925995873523419 ], [ 4.107058451597606, 47.9298133210877 ], [ 4.091392975550995, 47.929644880293303 ], [ 4.092687835745389, 47.941279270779248 ], [ 4.089694285586331, 47.945007084703839 ], [ 4.077882291781085, 47.942986556157862 ], [ 4.060762790054068, 47.945785702057243 ], [ 4.05690356219334, 47.942633492637242 ], [ 4.058870137142355, 47.931702064465625 ], [ 4.043805881509718, 47.925823770830775 ], [ 4.031278452402256, 47.933185028172936 ], [ 4.025209018022265, 47.928618316038062 ], [ 4.016258152413508, 47.929390903731324 ], [ 4.005003280297334, 47.942590202781538 ], [ 3.985776898539879, 47.930670338568852 ], [ 3.981191538281792, 47.930166910942908 ], [ 3.961680615953781, 47.936282733680152 ], [ 3.948124793980988, 47.930789419598881 ], [ 3.926261647353375, 47.934810462504252 ], [ 3.918251346387481, 47.928155663168397 ], [ 3.904974800239345, 47.92514374598597 ], [ 3.895582261748609, 47.928606960998422 ], [ 3.894031576153358, 47.92916507656296 ], [ 3.903434878823554, 47.938436112334855 ], [ 3.902083752744958, 47.943259706173997 ], [ 3.907715324966977, 47.964571448945442 ], [ 3.914695883943387, 47.975696995883752 ], [ 3.903563511761708, 47.991682989093832 ], [ 3.901511670139742, 47.996381290687054 ], [ 3.885670780611217, 48.000303084291495 ], [ 3.881535909824895, 48.000338639259759 ], [ 3.883398854810272, 47.985238449439436 ], [ 3.879909676383392, 47.979118664289366 ], [ 3.861704535148111, 47.97657513916797 ], [ 3.865873346971016, 47.984476004218827 ], [ 3.850028363224443, 47.983733015956098 ], [ 3.846919820904318, 47.994647761761883 ], [ 3.839080702074859, 47.999251452626197 ], [ 3.839558542710234, 48.003936838762002 ], [ 3.854742994110979, 48.00343872470156 ], [ 3.863504231331573, 48.007000695250674 ], [ 3.870692134512922, 48.002975290570099 ], [ 3.870526513138954, 48.016892593815534 ], [ 3.856543257933848, 48.023221966182831 ], [ 3.843226303364284, 48.03554207937011 ], [ 3.832198612619954, 48.036359398258362 ], [ 3.822051556755198, 48.044136841701572 ], [ 3.830402307738105, 48.04733960769758 ], [ 3.823918697167105, 48.053215802123759 ], [ 3.829339411614375, 48.057539707619192 ], [ 3.826246848939004, 48.063663834785025 ], [ 3.805477135985248, 48.082230755045344 ], [ 3.799485617306552, 48.086115964823932 ], [ 3.797576751255571, 48.092331043517888 ], [ 3.805650796568961, 48.100514727440299 ], [ 3.801662132367507, 48.106725111073722 ] ] ] ] } },
{ "type": "Feature", "properties": { "insee_reg": "52" }, "geometry": { "type": "MultiPolygon", "coordinates": [ [ [ [ -1.756810973938413, 46.475164870572662 ], [ -1.770132785287585, 46.489073217875386 ], [ -1.77764614058815, 46.492953868105118 ], [ -1.789839516369447, 46.494544975651024 ], [ -1.794469328855609, 46.490781925895725 ], [ -1.804443769146658, 46.48923503005426 ], [ -1.812900598025915, 46.494050769605167 ], [ -1.818285055740928, 46.509497283829759 ], [ -1.823581650089153, 46.531616774451841 ], [ -1.829589675439666, 46.546396110884565 ], [ -1.83826782939583, 46.562720388162063 ], [ -1.846724579260496, 46.585367604675071 ], [ -1.85766877281253, 46.610545777985045 ], [ -1.872967733449691, 46.620353028358458 ], [ -1.875403211557464, 46.627636099135557 ], [ -1.890970595241437, 46.635140148473241 ], [ -1.90658857747934, 46.650694621979461 ], [ -1.912344454283061, 46.661534607058549 ], [ -1.922486894798739, 46.671581527569494 ], [ -1.947258109095076, 46.698045618344366 ], [ -1.96006360556559, 46.694339006013045 ], [ -1.965858389891404, 46.691938131897295 ], [ -1.979281897098736, 46.704724600093598 ], [ -1.979271379654843, 46.714483306024718 ], [ -1.985815650699191, 46.723089257342743 ], [ -2.022490312345101, 46.750689431378603 ], [ -2.033656205263354, 46.757140954968293 ], [ -2.058688346571856, 46.775094662462323 ], [ -2.071468936320802, 46.782318028441729 ], [ -2.088365938998148, 46.789372173726953 ], [ -2.125177230932356, 46.807709628010876 ], [ -2.141956769108925, 46.818896996824648 ], [ -2.145298094375297, 46.830485402682747 ], [ -2.146749423954726, 46.857620140697222 ], [ -2.15015312588609, 46.872673154365657 ], [ -2.156889067783024, 46.887084073603248 ], [ -2.139133127865805, 46.892599567048144 ], [ -2.126825101967569, 46.893012570030955 ], [ -2.121785268949318, 46.899664827201988 ], [ -2.11447884270262, 46.899838308870009 ], [ -2.119581209138819, 46.901438435800671 ], [ -2.117797051945097, 46.908982214495033 ], [ -2.106216376041594, 46.920001608923499 ], [ -2.0860995431212, 46.932802750524068 ], [ -2.070968031668282, 46.935097907614512 ], [ -2.074676787369097, 46.94025306161975 ], [ -2.058193866525397, 46.950719506223606 ], [ -2.044637198830051, 46.967945175884275 ], [ -2.046239039467408, 46.978002984707565 ], [ -2.025671594385077, 47.009370868524506 ], [ -2.010128727525394, 47.016703456178185 ], [ -1.997178482435285, 47.018559116619564 ], [ -1.975542493961531, 47.028838931466261 ], [ -1.983790700662861, 47.029191861118875 ], [ -1.987869418485458, 47.039039081170948 ], [ -1.999048899182184, 47.055885089257245 ], [ -2.004353659154644, 47.06106884078595 ], [ -2.020729198705515, 47.068976598539464 ], [ -2.028458389527412, 47.071081311946259 ], [ -2.043181307506336, 47.083790826290546 ], [ -2.049035653406461, 47.086827804047488 ], [ -2.05322585353928, 47.094632187965928 ], [ -2.07273322555927, 47.100965320431136 ], [ -2.110869705174911, 47.110086646773901 ], [ -2.121922677411914, 47.109712492752045 ], [ -2.157672942912999, 47.113819978813297 ], [ -2.177716666080959, 47.121911330306538 ], [ -2.214475412782229, 47.123771299434871 ], [ -2.22432387578972, 47.129681949834456 ], [ -2.240222847410897, 47.132514204836241 ], [ -2.242089637118588, 47.13597369869214 ], [ -2.228952482574521, 47.144865356222603 ], [ -2.225594006585455, 47.15222277920163 ], [ -2.208135781218874, 47.157035703958584 ], [ -2.195504523041798, 47.15881041271161 ], [ -2.176809122454357, 47.156835993885537 ], [ -2.172284774710706, 47.161490999445313 ], [ -2.167273979334106, 47.166295642055026 ], [ -2.161940788981215, 47.183765208322384 ], [ -2.161526626524748, 47.193385875385182 ], [ -2.157959720972084, 47.197317982517262 ], [ -2.163032628855678, 47.209449157124347 ], [ -2.16112954008997, 47.211841880370471 ], [ -2.173684470147578, 47.222997271550732 ], [ -2.181438271957834, 47.232894979129043 ], [ -2.170996529502617, 47.240624552708319 ], [ -2.169723965844093, 47.24837708714815 ], [ -2.170447437912103, 47.268712591989861 ], [ -2.180393366015384, 47.275878218973347 ], [ -2.18700054501672, 47.280707960008939 ], [ -2.201995010970532, 47.270643763337326 ], [ -2.220996048111612, 47.267095812831947 ], [ -2.22303849754561, 47.258432583840062 ], [ -2.229745986762925, 47.255784087208639 ], [ -2.247716469949726, 47.255927550539973 ], [ -2.259623552811366, 47.249299844464737 ], [ -2.267205585315097, 47.24008862453406 ], [ -2.29336841899913, 47.234963159602877 ], [ -2.303430221861675, 47.237152667746287 ], [ -2.33104054456888, 47.249919077206975 ], [ -2.342554429833589, 47.257091512035174 ], [ -2.347989863172616, 47.266378175090288 ], [ -2.357594666394895, 47.272787466625147 ], [ -2.37439187614609, 47.278477318914348 ], [ -2.391661068616922, 47.281291505749756 ], [ -2.414368508115412, 47.278092988508327 ], [ -2.422947290972679, 47.274064166160805 ], [ -2.427123764544964, 47.277826402502178 ], [ -2.426352880299634, 47.281256355391946 ], [ -2.417131225262241, 47.284233495858345 ], [ -2.416864236845568, 47.285240388285565 ], [ -2.425351438288498, 47.283154931568959 ], [ -2.427685232605168, 47.280388118903382 ], [ -2.427709527170873, 47.276774758721068 ], [ -2.417161802493449, 47.258835680675631 ], [ -2.448587617604188, 47.262174732818472 ], [ -2.450031071315763, 47.26366165078317 ], [ -2.460443894949527, 47.269862521858514 ], [ -2.469273051882019, 47.269322311164899 ], [ -2.48431848675673, 47.274500100594061 ], [ -2.492561128424195, 47.275502898955885 ], [ -2.503980902355762, 47.28070306236814 ], [ -2.515298907714784, 47.285071375871894 ], [ -2.539451350032426, 47.288886220153053 ], [ -2.547403021007865, 47.292131891095529 ], [ -2.544954303319575, 47.29821259578879 ], [ -2.524844558925789, 47.301972481982773 ], [ -2.501725574411857, 47.28952590988348 ], [ -2.502495393018231, 47.284850838694226 ], [ -2.487716361147857, 47.289001775016786 ], [ -2.480414954277023, 47.293193454157041 ], [ -2.46837467682776, 47.294033000301262 ], [ -2.476215415457194, 47.300271974212684 ], [ -2.486035729973727, 47.301345232166952 ], [ -2.511276779988134, 47.30070713174959 ], [ -2.514609251632539, 47.303648481193228 ], [ -2.504947809690928, 47.31440901147073 ], [ -2.503301689146793, 47.325429053027769 ], [ -2.508521605549863, 47.344051712413297 ], [ -2.517561658409902, 47.351089575253965 ], [ -2.527450181470135, 47.363134580248385 ], [ -2.551305931588286, 47.368875863137944 ], [ -2.558613814488521, 47.375357544273157 ], [ -2.547219397526372, 47.381939139584759 ], [ -2.534301135816892, 47.383240761449009 ], [ -2.521648506262403, 47.393023579064256 ], [ -2.498162526751774, 47.403928239887584 ], [ -2.491388872751376, 47.404806440722773 ], [ -2.488693418752436, 47.41062697486695 ], [ -2.477576967196949, 47.412541464367493 ], [ -2.468386274543366, 47.417501696129555 ], [ -2.461832077007921, 47.411185004887869 ], [ -2.45538004737383, 47.4147484423817 ], [ -2.448625509773585, 47.411667281748123 ], [ -2.433875349131894, 47.413063958098917 ], [ -2.440533164021834, 47.421621326287038 ], [ -2.450855204882136, 47.425531823325336 ], [ -2.448686478340774, 47.441250273710978 ], [ -2.458774324432844, 47.448061405787499 ], [ -2.453155017945445, 47.455961630223079 ], [ -2.453174055546147, 47.462488176581118 ], [ -2.437550212372666, 47.466067705608623 ], [ -2.433901109257504, 47.472595079463417 ], [ -2.423109759856177, 47.477225091652613 ], [ -2.419483808482579, 47.47318944074101 ], [ -2.416604538301713, 47.46010135792546 ], [ -2.398326509031043, 47.4559339636183 ], [ -2.389280444871847, 47.457097192702712 ], [ -2.377632999999043, 47.462756069039827 ], [ -2.368246639441273, 47.464307763470828 ], [ -2.359802528911806, 47.457213154734525 ], [ -2.317449469232151, 47.461142146012904 ], [ -2.311691334453091, 47.4651432496483 ], [ -2.314367155337938, 47.476349181210999 ], [ -2.313141166512451, 47.485904562589866 ], [ -2.304061528010595, 47.491539984658075 ], [ -2.29677521480788, 47.509201219853104 ], [ -2.298543359571946, 47.515885304621555 ], [ -2.297028062940339, 47.515846922598847 ], [ -2.28232744452436, 47.510837710364129 ], [ -2.254866677269935, 47.511634382310575 ], [ -2.257194005887729, 47.50517809880894 ], [ -2.265608877734048, 47.501791596620549 ], [ -2.243765236783939, 47.49388830731354 ], [ -2.229245978208409, 47.498937962452821 ], [ -2.215141604372196, 47.508441613580636 ], [ -2.198465054644954, 47.511186846055381 ], [ -2.184640386537823, 47.512202280996839 ], [ -2.192548618071449, 47.500111490802603 ], [ -2.189813333123503, 47.494331030722257 ], [ -2.181105742153149, 47.49111974369616 ], [ -2.163408488706578, 47.490683326816566 ], [ -2.15425132217299, 47.496447774773642 ], [ -2.152840693480192, 47.510323782487447 ], [ -2.156044999402673, 47.522017990897631 ], [ -2.14399199787245, 47.525089646373864 ], [ -2.135048227621769, 47.525785792795467 ], [ -2.128232187859478, 47.529641225302811 ], [ -2.114456915208287, 47.528460242815946 ], [ -2.098833050680169, 47.533450020905825 ], [ -2.096940227345461, 47.54070487347645 ], [ -2.104825114385476, 47.548926917691389 ], [ -2.096676624587756, 47.572678348709211 ], [ -2.105058971071423, 47.57753765234353 ], [ -2.100054363491847, 47.579583349634404 ], [ -2.103292315844165, 47.588320946698424 ], [ -2.101807256736596, 47.596255918082846 ], [ -2.088058541719981, 47.602247988474971 ], [ -2.085381312192021, 47.606800749248286 ], [ -2.085097953591394, 47.621830149556473 ], [ -2.096713047670399, 47.631670688243055 ], [ -2.081454606438231, 47.650146509761775 ], [ -2.054007942625626, 47.649283789352239 ], [ -2.043087244673985, 47.665688791625414 ], [ -2.038901674284378, 47.669699090996666 ], [ -2.028864562863726, 47.66696977914107 ], [ -2.01221933887908, 47.666548338760279 ], [ -2.002948459640949, 47.673532541482388 ], [ -1.987436313252159, 47.681477064088426 ], [ -1.973559132672858, 47.694446099401596 ], [ -1.972636796536345, 47.694139055805451 ], [ -1.96903465886541, 47.689765030150753 ], [ -1.967923602108587, 47.67238832377501 ], [ -1.956539615602638, 47.671201017772589 ], [ -1.941398728148765, 47.684258509061635 ], [ -1.935125471801108, 47.687050725548374 ], [ -1.896540087415354, 47.695929838275745 ], [ -1.884868932459825, 47.695937832923029 ], [ -1.882780763876608, 47.695205407137735 ], [ -1.866702302978703, 47.701909307105083 ], [ -1.862083506176221, 47.707694432700322 ], [ -1.853359506259336, 47.708253725675213 ], [ -1.837853494493999, 47.706914719732417 ], [ -1.829704997972765, 47.709163543179443 ], [ -1.796394707189063, 47.70083663267112 ], [ -1.78573031378956, 47.699757272624737 ], [ -1.771094101489531, 47.698261234164448 ], [ -1.752129938152434, 47.707478599587802 ], [ -1.737615101898901, 47.704833659946331 ], [ -1.732659484632452, 47.701741536518803 ], [ -1.722120172163687, 47.698349365586829 ], [ -1.703621814361073, 47.700468833960187 ], [ -1.707349227668444, 47.714391923700987 ], [ -1.688936289792247, 47.713408193855884 ], [ -1.683073512826639, 47.711444162525495 ], [ -1.664963356441007, 47.712705885551017 ], [ -1.655674277059394, 47.715299735172437 ], [ -1.644307067932595, 47.722138174718239 ], [ -1.638181128593075, 47.722311095754719 ], [ -1.639880772739509, 47.726066477419401 ], [ -1.636504659035742, 47.742438352236128 ], [ -1.628278926738749, 47.75216513977648 ], [ -1.627338019054927, 47.759652197992189 ], [ -1.622020813348629, 47.763979949530892 ], [ -1.60455826519965, 47.762880788452833 ], [ -1.598176511407591, 47.766489240116321 ], [ -1.594045012940447, 47.775674354356774 ], [ -1.586619607676497, 47.779707090928554 ], [ -1.575402300546524, 47.778270111184909 ], [ -1.550088429789187, 47.78285964125989 ], [ -1.529050882014109, 47.784775530915852 ], [ -1.520784963836926, 47.793354673791512 ], [ -1.512377104430503, 47.797188606536842 ], [ -1.502884571955472, 47.801452144851361 ], [ -1.491004677359945, 47.798162833864026 ], [ -1.473968281366622, 47.801778273044214 ], [ -1.468574947650235, 47.805996649710544 ], [ -1.467157915673666, 47.80981700912016 ], [ -1.475035614200418, 47.825242123136086 ], [ -1.482788353962592, 47.831613733869943 ], [ -1.479908505644608, 47.835182774962725 ], [ -1.460799888165139, 47.835349437713241 ], [ -1.454548927394853, 47.831071998297816 ], [ -1.447315131660248, 47.833221829208313 ], [ -1.439550381589237, 47.830483947531896 ], [ -1.423382004882995, 47.832737068959013 ], [ -1.414644904483666, 47.827463471581929 ], [ -1.409493564673804, 47.827409614219846 ], [ -1.405490429737971, 47.824430551604522 ], [ -1.393523836898432, 47.82929688281839 ], [ -1.381395090074714, 47.82302135805844 ], [ -1.376960753829793, 47.815531616068533 ], [ -1.377977446680895, 47.810021230780684 ], [ -1.364664261772879, 47.806612483605079 ], [ -1.365056274030645, 47.79910277801558 ], [ -1.339998440978726, 47.795213761951615 ], [ -1.337267112752326, 47.794659683836429 ], [ -1.318181620504528, 47.79232851874373 ], [ -1.290598812665268, 47.785731691634403 ], [ -1.246066514660124, 47.776729793894347 ], [ -1.240768174832665, 47.793506300622241 ], [ -1.240198710570115, 47.802280537568194 ], [ -1.238113396352343, 47.809817108572872 ], [ -1.231861613880758, 47.820426228479022 ], [ -1.222944162992473, 47.819322218817078 ], [ -1.216048364368514, 47.836135421523004 ], [ -1.214727942725864, 47.847026235710281 ], [ -1.222917524563715, 47.852424810152002 ], [ -1.213020567582078, 47.857317089263468 ], [ -1.203132359260467, 47.856895187736349 ], [ -1.197196731133821, 47.863900676416826 ], [ -1.189041073525995, 47.867864088481653 ], [ -1.190251209791741, 47.873963766181042 ], [ -1.19669655135088, 47.877327446630709 ], [ -1.196790780882952, 47.889124111103605 ], [ -1.181923140912565, 47.892102908756094 ], [ -1.176033526267554, 47.897529955292583 ], [ -1.176789110545367, 47.907399409925141 ], [ -1.171741933999264, 47.912487005802376 ], [ -1.163416198543322, 47.927635505011644 ], [ -1.167312182361693, 47.934127407424455 ], [ -1.159953046809931, 47.939363922191149 ], [ -1.16156104268115, 47.952824819195101 ], [ -1.156569170305495, 47.964163653076753 ], [ -1.148586000918187, 47.968060483171122 ], [ -1.125268868446852, 47.971585993525075 ], [ -1.128272051826213, 47.981744657665125 ], [ -1.125187565568443, 47.986758840285439 ], [ -1.114076914663737, 47.98877939892445 ], [ -1.0929587335161, 47.987564942308708 ], [ -1.078911657338726, 47.984450653039154 ], [ -1.068166966676853, 47.983069542742747 ], [ -1.063671876352472, 47.985412977206913 ], [ -1.049259629039929, 47.984581336535918 ], [ -1.038156983537986, 47.991572915916038 ], [ -1.030445621920622, 47.992569295382815 ], [ -1.019891759824552, 47.997098231360525 ], [ -1.016861342559743, 48.008756309914837 ], [ -1.02137662075474, 48.01758744196399 ], [ -1.032822437671566, 48.030989968432785 ], [ -1.026561841677367, 48.045602492299345 ], [ -1.033570038596515, 48.053046659102577 ], [ -1.028256906431404, 48.060628086753816 ], [ -1.025375254464682, 48.069883989984206 ], [ -1.040786311428457, 48.078299761856044 ], [ -1.049342043369453, 48.089746432596456 ], [ -1.053081736472421, 48.106104112091479 ], [ -1.054015823167146, 48.116998793826006 ], [ -1.059368888686405, 48.12570584353719 ], [ -1.061128364423597, 48.136739542245834 ], [ -1.060319613451453, 48.150223198011801 ], [ -1.064167254437014, 48.160833390061327 ], [ -1.07441748073514, 48.159320053499975 ], [ -1.072780062344702, 48.165849498036422 ], [ -1.078605486820332, 48.179952605221736 ], [ -1.076679143333152, 48.196763364302456 ], [ -1.07439838900087, 48.201623697211538 ], [ -1.081656130700099, 48.204775949936511 ], [ -1.087215566566919, 48.210126461031912 ], [ -1.080681236792815, 48.219629092227962 ], [ -1.090173949545252, 48.23912488131883 ], [ -1.099295747692069, 48.250104161448583 ], [ -1.099991341899353, 48.268474188693574 ], [ -1.093602278208404, 48.272929291802619 ], [ -1.09039387136759, 48.289449359678322 ], [ -1.082886059191532, 48.297592087702917 ], [ -1.061363831380945, 48.311192997656114 ], [ -1.061340490224428, 48.311450559035222 ], [ -1.045086589055988, 48.32780932009571 ], [ -1.055976843534168, 48.341145360745195 ], [ -1.060581075713487, 48.355134091505533 ], [ -1.055397000807778, 48.362069288586177 ], [ -1.063312431657967, 48.371308426975723 ], [ -1.057074417590096, 48.379146360248036 ], [ -1.053023121136319, 48.380972392559265 ], [ -1.063006625427809, 48.394482862191552 ], [ -1.063650133454148, 48.399497474466848 ], [ -1.080460946213374, 48.416938635556789 ], [ -1.07890604718041, 48.4183155102399 ], [ -1.078067198645622, 48.422152263254972 ], [ -1.083028851560988, 48.434284299365686 ], [ -1.081210169438272, 48.441137438977258 ], [ -1.065229158825698, 48.451423414347929 ], [ -1.067055322310441, 48.460205027642587 ], [ -1.063924211183882, 48.467308033206571 ], [ -1.071051104123856, 48.46939137415815 ], [ -1.075364646428318, 48.477382995481207 ], [ -1.072256207356287, 48.484375452879632 ], [ -1.078532922388656, 48.489466528071624 ], [ -1.075416896151631, 48.500672257530901 ], [ -1.066950341519174, 48.504702670460254 ], [ -1.070079830603676, 48.508817395538607 ], [ -1.061209440537701, 48.515584191743962 ], [ -1.054319817818151, 48.509878142575872 ], [ -1.039408426586985, 48.506247357638244 ], [ -1.020850308679571, 48.495422355495883 ], [ -1.011720526960751, 48.493020879973066 ], [ -1.002948090636424, 48.489093405271824 ], [ -0.987289841692182, 48.49407915870183 ], [ -0.976931016647321, 48.492992694558389 ], [ -0.971807464714807, 48.500225093118566 ], [ -0.962375079758597, 48.503553212661025 ], [ -0.964370165423674, 48.511098607242431 ], [ -0.955408560322357, 48.517283612247446 ], [ -0.944541937893229, 48.514561035540183 ], [ -0.923817051701177, 48.513394009851183 ], [ -0.922226926219479, 48.502994856634842 ], [ -0.904601277780302, 48.496145114184728 ], [ -0.895809287344651, 48.494910005296774 ], [ -0.880854579053506, 48.499385367107728 ], [ -0.869530241050135, 48.498155416496488 ], [ -0.860278869380724, 48.501513467963392 ], [ -0.840151865460448, 48.493872919005298 ], [ -0.837890251538856, 48.484762902063203 ], [ -0.831739044150426, 48.47899114494362 ], [ -0.821092989990929, 48.476112741489345 ], [ -0.818289951841557, 48.468569840278739 ], [ -0.814130399496612, 48.46424443128825 ], [ -0.812504577853619, 48.455026997059818 ], [ -0.798668024347671, 48.459222174571742 ], [ -0.795535006572522, 48.466174664744734 ], [ -0.779272224954177, 48.46506183390138 ], [ -0.777607058427706, 48.451638418446663 ], [ -0.779788922890949, 48.446064079593242 ], [ -0.773990454021717, 48.442728061989214 ], [ -0.75654223895122, 48.437082850176125 ], [ -0.735307314647559, 48.445651375410435 ], [ -0.727283730384016, 48.444793327332377 ], [ -0.714881280653044, 48.449042541091224 ], [ -0.717665793348287, 48.454104160925283 ], [ -0.73707971299252, 48.463797311036664 ], [ -0.731202985438103, 48.471232264355457 ], [ -0.724939079690925, 48.473447338562487 ], [ -0.701764396749714, 48.467223487243253 ], [ -0.688031204472628, 48.469579322999671 ], [ -0.685566882211075, 48.477202845897104 ], [ -0.677655471592692, 48.478791046997934 ], [ -0.668800076845318, 48.486547110068102 ], [ -0.662220376744687, 48.483872973997613 ], [ -0.655750165224803, 48.474984770972291 ], [ -0.659761224953611, 48.469148770521677 ], [ -0.653585875473897, 48.459756899613318 ], [ -0.653799425008958, 48.454033403474639 ], [ -0.65409240468426, 48.444589783878271 ], [ -0.620706998628097, 48.458826866246092 ], [ -0.61573875556726, 48.458819891530183 ], [ -0.594247222787605, 48.472521896428994 ], [ -0.59321580745535, 48.470849302613544 ], [ -0.585976118303139, 48.472081409233866 ], [ -0.571718783411621, 48.468987598749344 ], [ -0.550444213258193, 48.473909833156256 ], [ -0.549605092270692, 48.480324106358744 ], [ -0.539236112698048, 48.484192563880413 ], [ -0.534908593123818, 48.491575064788904 ], [ -0.53062868894067, 48.495134217734076 ], [ -0.516531334500721, 48.498101881821718 ], [ -0.509456116031051, 48.508875630660143 ], [ -0.492908202649147, 48.501759029222121 ], [ -0.486450679192139, 48.504230590561029 ], [ -0.478278242943865, 48.501593272166247 ], [ -0.470138934319609, 48.511995763011036 ], [ -0.462497529490095, 48.513423582377278 ], [ -0.438586986396987, 48.511651930918092 ], [ -0.433949354634602, 48.513760761191804 ], [ -0.425361915161672, 48.507467096785987 ], [ -0.407560192429971, 48.505569677247237 ], [ -0.397609820728343, 48.510645005916807 ], [ -0.391153133769882, 48.508768488522087 ], [ -0.393074925251842, 48.501087046342931 ], [ -0.37577907988271, 48.496215329372291 ], [ -0.369366797577669, 48.488788946586759 ], [ -0.353156452843776, 48.48371937526646 ], [ -0.349366492318044, 48.488848865723888 ], [ -0.353901706302074, 48.496054659979769 ], [ -0.350106749401031, 48.501033875402769 ], [ -0.337931766654485, 48.50032867257223 ], [ -0.336136610591117, 48.509465873274195 ], [ -0.320104503379722, 48.523115533595544 ], [ -0.308934529800094, 48.518498564619769 ], [ -0.293547537077309, 48.51523378963433 ], [ -0.285321666998886, 48.517788114934383 ], [ -0.285190921642189, 48.506358031447398 ], [ -0.271471313009984, 48.507411117539931 ], [ -0.267226058624803, 48.513737726689456 ], [ -0.267508620096818, 48.521468461252155 ], [ -0.26110044407932, 48.527065502109373 ], [ -0.248668073565611, 48.528924951432046 ], [ -0.242271380797171, 48.538676447490325 ], [ -0.246559710825478, 48.542879124560905 ], [ -0.262739343688364, 48.548408822269586 ], [ -0.257606324538236, 48.552022152296857 ], [ -0.246229135702082, 48.558270055694287 ], [ -0.248843701379711, 48.56364460960242 ], [ -0.242640155114423, 48.567994064439617 ], [ -0.234352427324914, 48.56233632019768 ], [ -0.220317903043766, 48.560545759093451 ], [ -0.208232074560769, 48.564226078767646 ], [ -0.196174037198133, 48.55602871278542 ], [ -0.191894733288866, 48.551656647226629 ], [ -0.173455026326369, 48.541424347501859 ], [ -0.170277643789675, 48.537310197914394 ], [ -0.144374727896225, 48.527727061561727 ], [ -0.145866095087634, 48.520348429597966 ], [ -0.155113096347744, 48.520736113915547 ], [ -0.167261168830491, 48.515279334998006 ], [ -0.172536890886715, 48.510513662053853 ], [ -0.172090999560199, 48.502134649052508 ], [ -0.166672588644251, 48.502033469844946 ], [ -0.156134719212513, 48.495991109509688 ], [ -0.15564266952731, 48.490198953385288 ], [ -0.147245206770689, 48.473110503247852 ], [ -0.150553644188358, 48.465136737963398 ], [ -0.149081645619142, 48.458563753153939 ], [ -0.13789476451237, 48.452939529676421 ], [ -0.118250657122187, 48.448294072851596 ], [ -0.108449462354428, 48.447946273274049 ], [ -0.080821785009431, 48.450143475473425 ], [ -0.073122692308248, 48.450586240498069 ], [ -0.072807805965073, 48.456999171326984 ], [ -0.06257877996535, 48.456737857386258 ], [ -0.050988201318377, 48.45288879406273 ], [ -0.049775628263929, 48.444479665755331 ], [ -0.05499350046979, 48.430825462152065 ], [ -0.057276453397476, 48.429140661256845 ], [ -0.057606559167054, 48.420960856578091 ], [ -0.05236027713121, 48.41310026799632 ], [ -0.057141092235124, 48.407872215950555 ], [ -0.053866166229083, 48.393752965594302 ], [ -0.057754095530174, 48.388196637326388 ], [ -0.054920552445206, 48.382121268609311 ], [ -0.049669420508561, 48.375454429041213 ], [ -0.035824818213837, 48.38120126774534 ], [ -0.034916135871829, 48.386414990727417 ], [ -0.021972577477229, 48.387524593213385 ], [ -0.0201746874215, 48.393922230682747 ], [ 0.003165016801557, 48.396157807930237 ], [ 0.011000807822337, 48.389405289401466 ], [ 0.0151106340487, 48.381921037586011 ], [ 0.023100770685611, 48.380397061303313 ], [ 0.039700126715692, 48.38056088736726 ], [ 0.05790891021961, 48.37927866882201 ], [ 0.062346722084409, 48.382889142128839 ], [ 0.058037241120095, 48.389592950780319 ], [ 0.059414823735873, 48.396307295690008 ], [ 0.067489217950514, 48.406031430961015 ], [ 0.083267224000677, 48.411025581328722 ], [ 0.08925512420199, 48.410608283350498 ], [ 0.099874297354716, 48.410190638196973 ], [ 0.110441695045309, 48.4232268590399 ], [ 0.106461780419725, 48.426603869839475 ], [ 0.111418140235079, 48.432379126475041 ], [ 0.121540949796638, 48.43620637141867 ], [ 0.153110332461766, 48.437874799316631 ], [ 0.155320333376652, 48.445279889317945 ], [ 0.143666524199322, 48.455297441818423 ], [ 0.154425114071958, 48.456581268475283 ], [ 0.165851987995656, 48.449781835286373 ], [ 0.173616545913193, 48.450839352388016 ], [ 0.169541143765044, 48.461448288193878 ], [ 0.172264124209887, 48.464945644296698 ], [ 0.194697376065841, 48.463647041631909 ], [ 0.217868588700764, 48.473835129827812 ], [ 0.231443904692137, 48.4724575141163 ], [ 0.240885825478125, 48.475993543963497 ], [ 0.248905555266137, 48.473959886535617 ], [ 0.259034101593678, 48.476818130269081 ], [ 0.262487663610073, 48.48276317556239 ], [ 0.274709208206588, 48.479339358947939 ], [ 0.283573617749869, 48.481501216253619 ], [ 0.288595011092288, 48.478469122572534 ], [ 0.301138402772858, 48.480130339019759 ], [ 0.310223229422387, 48.471991400763841 ], [ 0.314813147416169, 48.473216881270432 ], [ 0.326681709349035, 48.471797020428099 ], [ 0.338195595976108, 48.465452447348923 ], [ 0.341211367280089, 48.461013103307579 ], [ 0.350645292902654, 48.458904452571304 ], [ 0.352680232396932, 48.4597455757741 ], [ 0.365513487300909, 48.448212514558683 ], [ 0.367805776495756, 48.437734550323128 ], [ 0.3758170626058, 48.430393218048607 ], [ 0.382622831240134, 48.425134678735056 ], [ 0.381027572746273, 48.416278069218443 ], [ 0.371525099513157, 48.410827129370489 ], [ 0.376218298463062, 48.391380568584282 ], [ 0.373861187316983, 48.386969757086703 ], [ 0.378713645711137, 48.383187567645081 ], [ 0.380357498294642, 48.36928834936964 ], [ 0.383572113987637, 48.35265652281948 ], [ 0.387611007659632, 48.347366166964541 ], [ 0.380498386936731, 48.343186074106022 ], [ 0.382536845567207, 48.33399423428618 ], [ 0.39296657068853, 48.322623504478869 ], [ 0.405990243796752, 48.314826753628928 ], [ 0.415485015302845, 48.321581639148143 ], [ 0.427721188574333, 48.314994135963182 ], [ 0.431191166320529, 48.30671928327687 ], [ 0.442784621556315, 48.304613702310306 ], [ 0.455912430114366, 48.306560263411548 ], [ 0.463265963830961, 48.305280546568675 ], [ 0.480541184603341, 48.298540005637463 ], [ 0.490238287179313, 48.309619393662039 ], [ 0.507491739772903, 48.295338241976467 ], [ 0.506056938958025, 48.29370208036719 ], [ 0.502183815907005, 48.293733783293582 ], [ 0.493054420251423, 48.284139987733205 ], [ 0.503305806468209, 48.277832262969277 ], [ 0.512691645343374, 48.267697648052483 ], [ 0.530300045428796, 48.265496730434158 ], [ 0.538497588384598, 48.257093377114103 ], [ 0.537403001733256, 48.249244277467483 ], [ 0.579100378807222, 48.244469656854136 ], [ 0.593648137445801, 48.244689352775637 ], [ 0.60756106190475, 48.244673863063205 ], [ 0.611422925143406, 48.242158571582877 ], [ 0.623657831091545, 48.245450510160062 ], [ 0.630224516875441, 48.241656726204269 ], [ 0.631880916243333, 48.234630779232155 ], [ 0.638520903090772, 48.235445100016342 ], [ 0.632804612131299, 48.246141765872878 ], [ 0.631930021309033, 48.254782026869037 ], [ 0.638835601191258, 48.260737884766073 ], [ 0.65177824734351, 48.264223612054792 ], [ 0.670867877737535, 48.255566466010052 ], [ 0.68413386828832, 48.254132136797736 ], [ 0.686064116332416, 48.240710923928027 ], [ 0.69264950708762, 48.238464188348225 ], [ 0.70675381179622, 48.222656629936608 ], [ 0.704476332831185, 48.21896315269916 ], [ 0.715675746018479, 48.214780289888154 ], [ 0.721533572659187, 48.203015813729053 ], [ 0.723573387612468, 48.198307682495248 ], [ 0.734566525319338, 48.196250695851944 ], [ 0.744641878970497, 48.185120410257085 ], [ 0.755487549292595, 48.18236197958079 ], [ 0.760653748970953, 48.180263697055715 ], [ 0.797859366645849, 48.194769264193404 ], [ 0.79561685854376, 48.190696560466442 ], [ 0.811076346538566, 48.185804766118174 ], [ 0.826475989050741, 48.175985184154428 ], [ 0.827917253124182, 48.172978218162335 ], [ 0.836433782438017, 48.167576237190936 ], [ 0.843945071553349, 48.164936752515445 ], [ 0.859950233173548, 48.167691789313018 ], [ 0.888819007890265, 48.159132104362854 ], [ 0.910837501308268, 48.14953342352684 ], [ 0.911390113364041, 48.146783384370835 ], [ 0.909244455816473, 48.143970240767366 ], [ 0.916650657911377, 48.138936273252867 ], [ 0.909997107864551, 48.13609561938263 ], [ 0.882667320693225, 48.133708806275031 ], [ 0.873697491374288, 48.134991275923809 ], [ 0.850148433369364, 48.133293310915498 ], [ 0.855370145421801, 48.122620579797129 ], [ 0.84107032521962, 48.10294089372907 ], [ 0.832376079446811, 48.098387479683687 ], [ 0.819351892725222, 48.098344345820784 ], [ 0.816713403880278, 48.093246277292039 ], [ 0.825128507510851, 48.09068059101088 ], [ 0.846006915684177, 48.094984436611135 ], [ 0.848595626948974, 48.089155277311036 ], [ 0.843170585724758, 48.072604047904719 ], [ 0.835077735533202, 48.069980911639178 ], [ 0.802782760116929, 48.071581215389109 ], [ 0.793978587155279, 48.069477574316409 ], [ 0.79775674199336, 48.066026610394445 ], [ 0.796656145061265, 48.051398936349202 ], [ 0.79752072380878, 48.037236404312722 ], [ 0.805637042104138, 48.038417862929585 ], [ 0.810339944366024, 48.032656604347338 ], [ 0.828990045762804, 48.030355409712811 ], [ 0.838561193806413, 48.033829114543266 ], [ 0.842412178617484, 48.030168323493058 ], [ 0.838578375644378, 48.023478567457296 ], [ 0.8367625287564, 48.008798307056821 ], [ 0.831504865445249, 48.005947658400551 ], [ 0.832274334062417, 47.996978254384999 ], [ 0.818858562333169, 47.986036951762195 ], [ 0.824136484097704, 47.98186299022791 ], [ 0.827947082974945, 47.972838076454494 ], [ 0.835077356086187, 47.970591098991967 ], [ 0.838238418418445, 47.962407327321053 ], [ 0.845275334018181, 47.954001087017751 ], [ 0.848883626651522, 47.94143364484183 ], [ 0.837228951788196, 47.937305252403043 ], [ 0.816407090144115, 47.934289429160955 ], [ 0.811717697716919, 47.927966725787087 ], [ 0.813108226970432, 47.913697659545292 ], [ 0.807286949140853, 47.907989189304573 ], [ 0.816946058120944, 47.89195639467524 ], [ 0.811786055605481, 47.888503028398596 ], [ 0.795129941393623, 47.899636178502739 ], [ 0.7948903461515, 47.905823149033829 ], [ 0.789959393926055, 47.912112758154315 ], [ 0.780511995872868, 47.910375216057574 ], [ 0.768041391560868, 47.901572255533083 ], [ 0.759304950647983, 47.898022395591056 ], [ 0.757124254632096, 47.885246429031682 ], [ 0.759793155701992, 47.883153702709464 ], [ 0.764535104449557, 47.866496896430988 ], [ 0.759165959776063, 47.859225889160086 ], [ 0.774119135502267, 47.851269712021086 ], [ 0.773655364430583, 47.841810810296124 ], [ 0.768458429209043, 47.831264254116093 ], [ 0.763231859474379, 47.83402240407456 ], [ 0.758880373723437, 47.833679099535395 ], [ 0.746917948673132, 47.82837624047842 ], [ 0.733968318912153, 47.80770871673198 ], [ 0.719365092387889, 47.794089678318613 ], [ 0.712985174481637, 47.79037900804974 ], [ 0.700522074029013, 47.790124215747454 ], [ 0.689338263016573, 47.780013118078607 ], [ 0.699972967052692, 47.774362568887518 ], [ 0.703565220631507, 47.767789812884544 ], [ 0.697279772755929, 47.764277193985656 ], [ 0.672441187117099, 47.768366512677666 ], [ 0.661773502893364, 47.760985636360616 ], [ 0.645978771974473, 47.753091004112314 ], [ 0.627003063709827, 47.751939772075204 ], [ 0.620991252190085, 47.748310477214588 ], [ 0.62041044033646, 47.73917074887747 ], [ 0.610567320301778, 47.732171682274405 ], [ 0.611098050450112, 47.728076395089104 ], [ 0.591740465480216, 47.721794935030317 ], [ 0.580594799856133, 47.712925722096472 ], [ 0.580493246356561, 47.712458971120995 ], [ 0.590704299928543, 47.705670298804527 ], [ 0.595524051934773, 47.688026290103927 ], [ 0.60422026775385, 47.685422313558654 ], [ 0.614930651944117, 47.694140090619015 ], [ 0.619509302471101, 47.69241172780351 ], [ 0.61480971981711, 47.682924786951475 ], [ 0.604506418271592, 47.680657376316617 ], [ 0.596638396332546, 47.672865958576253 ], [ 0.584938907514683, 47.668692284572018 ], [ 0.570839648354342, 47.668572958254892 ], [ 0.558336577434603, 47.670773496094647 ], [ 0.559330635461677, 47.666153913193284 ], [ 0.553200497167362, 47.660152536251402 ], [ 0.522963179435445, 47.653105428103991 ], [ 0.517191467717418, 47.65612757797394 ], [ 0.498414832938139, 47.644629638502302 ], [ 0.478675859834602, 47.643401931835413 ], [ 0.473908561521735, 47.647525232368025 ], [ 0.46197784294547, 47.643336573804199 ], [ 0.452953554630418, 47.633737321365359 ], [ 0.457006631168724, 47.628479878747143 ], [ 0.450077092467337, 47.619378855566119 ], [ 0.431738943520461, 47.618313153497553 ], [ 0.424215260293006, 47.617914145571135 ], [ 0.408872302006527, 47.628093503523878 ], [ 0.395972374424311, 47.641032584373434 ], [ 0.382633515816268, 47.643421783633315 ], [ 0.380888499615291, 47.638630242910651 ], [ 0.369711574182935, 47.62995214450703 ], [ 0.364688872430553, 47.620240243540643 ], [ 0.374930185651539, 47.611943134185097 ], [ 0.383492918660464, 47.610061291240726 ], [ 0.39508099921278, 47.594583313397187 ], [ 0.395878779352518, 47.586770320752493 ], [ 0.40244788834616, 47.578485240956176 ], [ 0.392412943469374, 47.576888819774837 ], [ 0.378477459723895, 47.568407812403471 ], [ 0.366880259221741, 47.573692639041475 ], [ 0.34684440568862, 47.577052809463972 ], [ 0.339110916772542, 47.579733475982536 ], [ 0.339790729217017, 47.582893997890153 ], [ 0.32210162533374, 47.595389138939716 ], [ 0.276848528206404, 47.597721087289408 ], [ 0.267727186453725, 47.608810171303716 ], [ 0.259136706725353, 47.612289727966932 ], [ 0.229879977603863, 47.608460250360032 ], [ 0.232431855721861, 47.605787269020119 ], [ 0.23392560737793, 47.589888044932117 ], [ 0.231454175380607, 47.585119798709592 ], [ 0.234471326392308, 47.578400262090632 ], [ 0.227112454834471, 47.574643553668217 ], [ 0.215160304494981, 47.573184304276275 ], [ 0.206354452828331, 47.560998092255183 ], [ 0.209078015486781, 47.557718123910455 ], [ 0.19937479226262, 47.540975548942065 ], [ 0.194206545697504, 47.537514123455985 ], [ 0.206551575338346, 47.532491063284859 ], [ 0.202823713175684, 47.528170107371288 ], [ 0.215098801118869, 47.52351290187115 ], [ 0.224841702861597, 47.52727881047295 ], [ 0.219173536181466, 47.509213248429411 ], [ 0.220005947830274, 47.501894987119748 ], [ 0.209547978257264, 47.494478761296115 ], [ 0.198384162869258, 47.481487897062529 ], [ 0.198774474671765, 47.476545045328116 ], [ 0.19494247516667, 47.475133197067947 ], [ 0.190374352912115, 47.461202032117789 ], [ 0.181119948865003, 47.453323667071174 ], [ 0.185212454558962, 47.426330658013981 ], [ 0.181209503849842, 47.417774617634421 ], [ 0.17460026643509, 47.415034414954022 ], [ 0.166163139237759, 47.40391348359416 ], [ 0.159168215893965, 47.403664398809781 ], [ 0.153456684501846, 47.398763136890381 ], [ 0.169509741461153, 47.395892496438201 ], [ 0.173046547713227, 47.385830355908666 ], [ 0.182957460233303, 47.380419513342112 ], [ 0.163737466849756, 47.370454039503535 ], [ 0.153642513727877, 47.363566467388878 ], [ 0.140414655565411, 47.361806614716663 ], [ 0.145433246751825, 47.355046089094358 ], [ 0.146983320743323, 47.345542810023332 ], [ 0.137976263653855, 47.33605087548441 ], [ 0.126407898721038, 47.332560906622774 ], [ 0.117468193460568, 47.332305959221578 ], [ 0.118430215533963, 47.326062776721315 ], [ 0.108952040056486, 47.313271253391122 ], [ 0.099387698668903, 47.308824759282572 ], [ 0.078348935765545, 47.282917093733069 ], [ 0.089318352537921, 47.282966774777954 ], [ 0.088550053244324, 47.275380269442834 ], [ 0.079901005706806, 47.271682765912857 ], [ 0.080682763743742, 47.26565132595443 ], [ 0.074695293840861, 47.261596943998285 ], [ 0.077335368183376, 47.253495316832527 ], [ 0.067891891145731, 47.247510130189951 ], [ 0.073843158400187, 47.236664392037987 ], [ 0.072472955707462, 47.220000350915399 ], [ 0.07451947658127, 47.214442220478048 ], [ 0.059210273862412, 47.20706180307787 ], [ 0.053578443453386, 47.199316856825547 ], [ 0.052738841846039, 47.196667554514725 ], [ 0.066520707594713, 47.189662569126504 ], [ 0.063182173947955, 47.176302203912549 ], [ 0.053907027919235, 47.163678950409633 ], [ 0.04619635219888, 47.165634686335821 ], [ 0.036263717260012, 47.160045473861359 ], [ 0.018884376849896, 47.175990532410331 ], [ 0.010550217215619, 47.169608714572917 ], [ -0.001815351455504, 47.163755985632264 ], [ -0.012101080036972, 47.156447831541065 ], [ -0.036094707343503, 47.125176310699196 ], [ -0.034440170975436, 47.120621206147732 ], [ -0.041097604904879, 47.113693516838332 ], [ -0.039317836375208, 47.107995717704554 ], [ -0.026525153386055, 47.106089747335766 ], [ -0.029338456655124, 47.095549467654109 ], [ -0.035430295175217, 47.086867283571955 ], [ -0.044252818600201, 47.093271816319472 ], [ -0.060581248369693, 47.095402939637268 ], [ -0.067711722388945, 47.093561468604236 ], [ -0.072784013884303, 47.098992139756206 ], [ -0.085909274640677, 47.101010256765804 ], [ -0.097222466243819, 47.091662478579387 ], [ -0.100674089476331, 47.084766411842523 ], [ -0.102100301736839, 47.065171666779932 ], [ -0.11771787977936, 47.060284787263704 ], [ -0.128788401063523, 47.054424247915321 ], [ -0.137203086735196, 47.056703526414559 ], [ -0.138838495603304, 47.066273105319709 ], [ -0.149590413405322, 47.070326109283307 ], [ -0.157338371590364, 47.070237129747362 ], [ -0.166010002002347, 47.064698937844163 ], [ -0.174575277419138, 47.067642725718663 ], [ -0.178854374765444, 47.070032655891978 ], [ -0.160968126122867, 47.085632101075788 ], [ -0.145730145547445, 47.091639738211242 ], [ -0.140142596145331, 47.0978168476611 ], [ -0.141401028886231, 47.104126740611214 ], [ -0.151972913447399, 47.101021422981056 ], [ -0.185265032866222, 47.10840817635485 ], [ -0.186649395155068, 47.101400469192114 ], [ -0.206141944533347, 47.093167294428596 ], [ -0.210535104290027, 47.096704508714105 ], [ -0.234070402672241, 47.103603699737377 ], [ -0.247415139093854, 47.105075817512642 ], [ -0.254786150201282, 47.100888445585312 ], [ -0.262620246526156, 47.105698267591983 ], [ -0.269406818726746, 47.101117340182618 ], [ -0.284819603147008, 47.102408590870454 ], [ -0.301311904877291, 47.099119147361591 ], [ -0.312555359833376, 47.092257212303679 ], [ -0.340189684559945, 47.087549947194518 ], [ -0.342223490998776, 47.091880485164452 ], [ -0.359126875820739, 47.093656658136439 ], [ -0.376532317366951, 47.088640988634495 ], [ -0.387114027327242, 47.092275561897388 ], [ -0.396061041568898, 47.091535342716369 ], [ -0.396735454963491, 47.083079886757595 ], [ -0.401197480967704, 47.07074791336408 ], [ -0.407124150553686, 47.066498203422483 ], [ -0.426980900935585, 47.072988464898323 ], [ -0.441122628579675, 47.067721507399902 ], [ -0.465023577726431, 47.066887942339811 ], [ -0.476340882846467, 47.054361886687595 ], [ -0.480320366102587, 47.053338102138468 ], [ -0.485332265692879, 47.063885058847518 ], [ -0.478093746605257, 47.071911228373573 ], [ -0.464184640675542, 47.074358701285917 ], [ -0.46396709924536, 47.081915334108842 ], [ -0.467711617608221, 47.083684664423842 ], [ -0.488177779434133, 47.080939905580529 ], [ -0.491239685907342, 47.08293367652449 ], [ -0.515250239638787, 47.078034765451228 ], [ -0.535313178735419, 47.072199899133281 ], [ -0.546184014507316, 47.066344821653473 ], [ -0.559461075007163, 47.061813209219132 ], [ -0.556265435931605, 47.042695481919374 ], [ -0.54204169379263, 47.034972128420719 ], [ -0.548282918065668, 47.029613617005396 ], [ -0.561307872506789, 47.030647197777 ], [ -0.564868583399012, 47.020141344763324 ], [ -0.574986763079785, 47.017828403179827 ], [ -0.587013665777088, 47.009192325930265 ], [ -0.587194796429065, 47.006227834710728 ], [ -0.595493292713698, 46.997910291594486 ], [ -0.620094307879087, 46.993306659968894 ], [ -0.629751276658346, 46.99679755776129 ], [ -0.642166726347969, 46.994818053128235 ], [ -0.651845783293813, 46.998121689191137 ], [ -0.669936643192798, 47.000802084856247 ], [ -0.680379648698573, 46.993238042189887 ], [ -0.680187700385105, 46.987658683502922 ], [ -0.686802758071352, 46.988029623361442 ], [ -0.698582450935488, 46.994647610206371 ], [ -0.712202196310534, 46.986673912302429 ], [ -0.717809261732959, 46.986902467653302 ], [ -0.732542579614645, 46.997507651077456 ], [ -0.739475252950798, 46.998786520864954 ], [ -0.742980325152172, 46.992011820005729 ], [ -0.762629680190987, 46.992450380533818 ], [ -0.773717731087259, 47.004606263853383 ], [ -0.781773702409434, 47.002141257555031 ], [ -0.787571945780183, 47.005120225146186 ], [ -0.792212628455854, 46.9990231542264 ], [ -0.800661573877551, 46.994377820214901 ], [ -0.809634551852721, 46.99266114650937 ], [ -0.808373304041234, 46.991570662187627 ], [ -0.805101519396442, 46.989540579317804 ], [ -0.81259703103222, 46.990567554266818 ], [ -0.811746559090184, 46.994549173903913 ], [ -0.826568248064399, 46.992643100068129 ], [ -0.836343116445007, 46.985762386763454 ], [ -0.847659743808321, 46.986228107489566 ], [ -0.85708703148633, 46.977741749383071 ], [ -0.85152326425971, 46.971566460320659 ], [ -0.860657918674413, 46.968885614718793 ], [ -0.879568672720178, 46.976065175444397 ], [ -0.892187110227219, 46.976082414978926 ], [ -0.903517817618005, 46.971566138563645 ], [ -0.902497296173433, 46.970619919453583 ], [ -0.902191394645574, 46.970304853403313 ], [ -0.889819822885372, 46.97093667179518 ], [ -0.878997807355098, 46.969071226017313 ], [ -0.884036745205225, 46.961901855551666 ], [ -0.874887454774477, 46.95384902673711 ], [ -0.883985113192503, 46.951295428608958 ], [ -0.881020587266862, 46.946440093864496 ], [ -0.847633480994754, 46.944398634747259 ], [ -0.846802202794161, 46.939581234770294 ], [ -0.8375571696992, 46.932177021737154 ], [ -0.829149458657798, 46.933361861291907 ], [ -0.827356845211118, 46.92521853932589 ], [ -0.821363187004351, 46.918270240482912 ], [ -0.813700191856197, 46.914170456126278 ], [ -0.820891558124286, 46.910945643336539 ], [ -0.817044496857047, 46.9039835955857 ], [ -0.83233669780021, 46.884645568903551 ], [ -0.815511863381296, 46.879726681376013 ], [ -0.807874183317131, 46.869738633617118 ], [ -0.794676873479572, 46.860822485715282 ], [ -0.782813997664493, 46.848958510725872 ], [ -0.783593272439946, 46.844449237106183 ], [ -0.773216443299375, 46.840478744001324 ], [ -0.766650270040062, 46.834352615721798 ], [ -0.757957149166739, 46.831507405432397 ], [ -0.738304266861256, 46.829162696202388 ], [ -0.732952137002759, 46.821652235138799 ], [ -0.710242518642516, 46.821537480921592 ], [ -0.707620204350938, 46.815782948295926 ], [ -0.699006191623421, 46.808888234321316 ], [ -0.717889023764442, 46.800476463721779 ], [ -0.720475420714599, 46.789548986305661 ], [ -0.727467219768853, 46.782309451287368 ], [ -0.724541626400997, 46.7768760732869 ], [ -0.727482206163475, 46.767739610557385 ], [ -0.722208235614171, 46.765155101584376 ], [ -0.719556343761957, 46.755812383537311 ], [ -0.71548435523665, 46.751932105826739 ], [ -0.70393307141757, 46.74945517301547 ], [ -0.698296316348357, 46.751756981821273 ], [ -0.694571892861105, 46.741939978545993 ], [ -0.69638377569799, 46.729526238632516 ], [ -0.688696151991197, 46.725951715179988 ], [ -0.678247530595351, 46.725736383586231 ], [ -0.669320462675569, 46.717548306670011 ], [ -0.656197565598468, 46.700332703992665 ], [ -0.674329254182645, 46.691334264444713 ], [ -0.680242948753035, 46.686529480323337 ], [ -0.658038437959352, 46.67676863372769 ], [ -0.636971325580188, 46.66337745418727 ], [ -0.649119070967177, 46.656210213646901 ], [ -0.64900117762608, 46.645352266382396 ], [ -0.659135902422515, 46.640478809993787 ], [ -0.658180513606265, 46.635637290252483 ], [ -0.643552455871947, 46.638304675693817 ], [ -0.634934172501656, 46.637608568711869 ], [ -0.624595155396463, 46.630473663355538 ], [ -0.614109179618947, 46.620496001731134 ], [ -0.626939558948529, 46.605602472866877 ], [ -0.619136479854812, 46.601292928166501 ], [ -0.611620370261958, 46.588189912864912 ], [ -0.624700288155846, 46.577441133288708 ], [ -0.618601649516052, 46.572616146225997 ], [ -0.617939922604767, 46.561739327618099 ], [ -0.610727791369152, 46.564301769652701 ], [ -0.605517989575073, 46.556834999747714 ], [ -0.608286101527129, 46.551048275377823 ], [ -0.603235395853054, 46.542763367823994 ], [ -0.602234077437418, 46.533354743606445 ], [ -0.608464781907363, 46.526227515344004 ], [ -0.627057254925684, 46.529614305538495 ], [ -0.642039662716447, 46.524879773653616 ], [ -0.637349567101957, 46.519416965325902 ], [ -0.645371942961257, 46.508678027330383 ], [ -0.634428131140355, 46.504792689983269 ], [ -0.624977849449173, 46.49758960572111 ], [ -0.624219789671644, 46.487722587887824 ], [ -0.631166609804528, 46.478596106918701 ], [ -0.619139646215575, 46.475896832800402 ], [ -0.615889439278423, 46.460886911797147 ], [ -0.608166767225162, 46.454252644571 ], [ -0.613778704633579, 46.449054348082363 ], [ -0.618509550747153, 46.438963805450491 ], [ -0.636357479664202, 46.432458051570883 ], [ -0.634638420532546, 46.428924282301836 ], [ -0.640185209984479, 46.418096319203286 ], [ -0.639655052573827, 46.410753143935104 ], [ -0.628959747683131, 46.404070954613658 ], [ -0.637980146505096, 46.399976012912134 ], [ -0.634229207749806, 46.395732727809367 ], [ -0.620910819314993, 46.39067306521131 ], [ -0.616123754746198, 46.39807500170923 ], [ -0.613767814150553, 46.409033264602066 ], [ -0.610031467685055, 46.41373881242226 ], [ -0.59309176310607, 46.409640407277465 ], [ -0.582119079030608, 46.4023498070136 ], [ -0.57239467664203, 46.400810549744776 ], [ -0.566153043496346, 46.39308180902794 ], [ -0.550603465807578, 46.393378594820497 ], [ -0.538147553519829, 46.386353744087955 ], [ -0.546184548082052, 46.375205562655246 ], [ -0.557591563127497, 46.364252624456107 ], [ -0.56203276413426, 46.359559220856767 ], [ -0.57696204234354, 46.355442810278987 ], [ -0.603107206576228, 46.361484304530848 ], [ -0.605067547728004, 46.34733059612099 ], [ -0.621573413478339, 46.337951641017739 ], [ -0.637231947101322, 46.337021909528012 ], [ -0.639495540850108, 46.329034169465132 ], [ -0.636784690651025, 46.324354902977312 ], [ -0.643403064111431, 46.319446017659033 ], [ -0.651988443417846, 46.317515091380727 ], [ -0.672133390860617, 46.316336333688909 ], [ -0.697309647680906, 46.325061861257254 ], [ -0.706445189222301, 46.318360017531099 ], [ -0.716407787342688, 46.316872431200856 ], [ -0.724017765851407, 46.309808663358403 ], [ -0.726870436451881, 46.30354651126401 ], [ -0.75037750768891, 46.304403557942365 ], [ -0.758973229451099, 46.311957676797228 ], [ -0.768714767830205, 46.312373091895509 ], [ -0.775772136678392, 46.318622001369128 ], [ -0.78503615400482, 46.319167289373297 ], [ -0.794067206999479, 46.325089004615876 ], [ -0.802997899781259, 46.325405977627959 ], [ -0.807678161141999, 46.332982837624925 ], [ -0.82630851816956, 46.336804874616142 ], [ -0.831273253183702, 46.341898441262416 ], [ -0.840347968156357, 46.340459663507659 ], [ -0.848873941435953, 46.331716363697026 ], [ -0.845154060705553, 46.326903361959758 ], [ -0.849768444885728, 46.317808671446102 ], [ -0.862917405468145, 46.319125907466407 ], [ -0.870130967055598, 46.322411467592239 ], [ -0.884127589208867, 46.324187049216 ], [ -0.887097283073108, 46.326895903027875 ], [ -0.893541275360181, 46.322795434984059 ], [ -0.89491921486209, 46.316967451671076 ], [ -0.912386894327266, 46.313085064745557 ], [ -0.941678379932929, 46.315858785348915 ], [ -0.956209818032962, 46.321015087606497 ], [ -0.955114905459354, 46.32831012595809 ], [ -0.943136999504129, 46.337091361918347 ], [ -0.938560415697398, 46.35240905654652 ], [ -0.934280721017158, 46.360022959687875 ], [ -0.92744622841523, 46.370739610642332 ], [ -0.951089728006861, 46.360270866695757 ], [ -0.964480907063102, 46.365295649754266 ], [ -0.964967183005549, 46.36533823887342 ], [ -0.974806128056564, 46.351227912706754 ], [ -0.995070993573586, 46.350509223652217 ], [ -0.999565942820296, 46.354834403907716 ], [ -1.012847717786002, 46.349281302534401 ], [ -1.013404094359324, 46.355596583726815 ], [ -1.029220231578337, 46.348918043064074 ], [ -1.037843310068928, 46.34797889285317 ], [ -1.052461123981395, 46.342570172197696 ], [ -1.053691200110429, 46.34951605936088 ], [ -1.064716320259167, 46.335152844815205 ], [ -1.073423632329492, 46.327013461408754 ], [ -1.087791896634528, 46.317741488504829 ], [ -1.104535589121412, 46.314956132242031 ], [ -1.112288163073067, 46.318770981688836 ], [ -1.114714000670548, 46.329213354877389 ], [ -1.128151914312182, 46.320678421649681 ], [ -1.124850708377189, 46.316840483093792 ], [ -1.130817354646047, 46.311379836167959 ], [ -1.139910542321637, 46.311484156182878 ], [ -1.148386334314771, 46.316826687275942 ], [ -1.163379537012676, 46.324445443919267 ], [ -1.164207567636223, 46.333041073904944 ], [ -1.167340929587556, 46.31994789544725 ], [ -1.202161958856226, 46.31628657385842 ], [ -1.202798634200068, 46.313277377231969 ], [ -1.195839924601137, 46.30065800935418 ], [ -1.2067593871588, 46.289291413521916 ], [ -1.208162945558118, 46.2835440241426 ], [ -1.208643800913977, 46.278265386769554 ], [ -1.203752468933458, 46.269244711972284 ], [ -1.230409295928695, 46.277523077676648 ], [ -1.24631783216824, 46.289892605697275 ], [ -1.26142419186415, 46.297868734307343 ], [ -1.276532930757988, 46.308046017234766 ], [ -1.286913147564327, 46.311843537905879 ], [ -1.292799115395632, 46.31929790276881 ], [ -1.303648163917455, 46.328080492035838 ], [ -1.307366015693769, 46.327765869116227 ], [ -1.316505313644905, 46.33634509105773 ], [ -1.324843822246418, 46.340496377464774 ], [ -1.33160348057568, 46.340682297529213 ], [ -1.336160765578051, 46.347046252124549 ], [ -1.331552974637377, 46.338452195504338 ], [ -1.32003775553854, 46.333613006755805 ], [ -1.30869963167495, 46.325940643991309 ], [ -1.297383307895195, 46.307942536302036 ], [ -1.290813221146139, 46.30260640435268 ], [ -1.286080927175899, 46.293910059897684 ], [ -1.300895611492314, 46.293884097945458 ], [ -1.315223412767618, 46.308475156865576 ], [ -1.319282857928483, 46.316503429375949 ], [ -1.33351178352478, 46.334682887668258 ], [ -1.341535693863175, 46.340448423507475 ], [ -1.355264590629562, 46.346221828269869 ], [ -1.368413717478355, 46.34930045207409 ], [ -1.375894535621968, 46.348407278834934 ], [ -1.377561404658673, 46.343189127999061 ], [ -1.386508230456996, 46.340877053834618 ], [ -1.402446512294073, 46.340840187153027 ], [ -1.423185440013284, 46.347276074002899 ], [ -1.437681207205016, 46.33998772212589 ], [ -1.466169988274358, 46.342556591068231 ], [ -1.471185935281364, 46.345701384937293 ], [ -1.48200014628312, 46.371423049738695 ], [ -1.487266674330474, 46.380204345788471 ], [ -1.500011068412574, 46.395543348222525 ], [ -1.51592053087872, 46.404528903962223 ], [ -1.533940830627369, 46.408752832634548 ], [ -1.543392687457142, 46.40893673366088 ], [ -1.54845368768365, 46.405453642103751 ], [ -1.563922453140809, 46.406665611628164 ], [ -1.583277662146449, 46.409737994913968 ], [ -1.588486106304109, 46.408609402541472 ], [ -1.611308624009118, 46.413363188274701 ], [ -1.627246127033528, 46.414315047563356 ], [ -1.629874398724581, 46.417946305620475 ], [ -1.646267952835867, 46.419559891813357 ], [ -1.647796625137328, 46.432448842055159 ], [ -1.642356015492664, 46.432060621578508 ], [ -1.648599789482198, 46.434815493462303 ], [ -1.655014042415853, 46.43265155991584 ], [ -1.680541435693152, 46.440917865105988 ], [ -1.689149393646523, 46.442343230629277 ], [ -1.69667524372369, 46.447379233396141 ], [ -1.711067436568262, 46.451311547991949 ], [ -1.714081985731907, 46.458507294974652 ], [ -1.725926895058566, 46.45974937613353 ], [ -1.732279391147718, 46.465756463746864 ], [ -1.747616730385199, 46.472789946813229 ], [ -1.756810973938413, 46.475164870572662 ] ] ], [ [ [ -2.318173052069352, 46.718298667675427 ], [ -2.310732256320564, 46.712167623279989 ], [ -2.302027041701918, 46.708866076409976 ], [ -2.286399623629336, 46.696054079776651 ], [ -2.299547855189816, 46.692315272256842 ], [ -2.314644214606043, 46.695481285398543 ], [ -2.326482950596357, 46.688895883656585 ], [ -2.339658004044151, 46.689854739681564 ], [ -2.342503967494969, 46.694129785412628 ], [ -2.352016523559419, 46.691889914579292 ], [ -2.365568737038425, 46.695201801446409 ], [ -2.369019369675444, 46.701705129450247 ], [ -2.377251436908036, 46.702303788437305 ], [ -2.390956334076184, 46.71011646801955 ], [ -2.39887682832321, 46.717031497778031 ], [ -2.396779182080667, 46.72567349446453 ], [ -2.386585296958185, 46.727718738714948 ], [ -2.382536537644167, 46.733074812247629 ], [ -2.371845912111993, 46.733066232852174 ], [ -2.349767595241458, 46.725690024586804 ], [ -2.34382377102104, 46.725330067867134 ], [ -2.339384564016798, 46.719285469824577 ], [ -2.328231774173305, 46.720778131500765 ], [ -2.318173052069352, 46.718298667675427 ] ] ], [ [ [ -2.173174028714151, 46.923951611005108 ], [ -2.184910507121554, 46.940314571431735 ], [ -2.197857903467953, 46.951139510953446 ], [ -2.214187113507352, 46.961703661893111 ], [ -2.225025938899507, 46.965678029261142 ], [ -2.245778626589848, 46.964221259030644 ], [ -2.255142463965584, 46.958389312964215 ], [ -2.267269381693663, 46.963960470800636 ], [ -2.283328059292443, 46.981349831087378 ], [ -2.30185111502931, 46.989565952466755 ], [ -2.30055059668259, 46.998234428011699 ], [ -2.293396214535423, 47.007033772140652 ], [ -2.292574480726255, 47.012304307968648 ], [ -2.300844580862589, 47.018271552669169 ], [ -2.300325934141895, 47.024445016991756 ], [ -2.28727369621398, 47.024778995871202 ], [ -2.277171844239501, 47.029034343932175 ], [ -2.251144532862933, 47.027534495602474 ], [ -2.246295768554805, 47.020287579648439 ], [ -2.225283483352623, 47.015720564078393 ], [ -2.219628719306875, 47.011233304585211 ], [ -2.218775446204467, 46.990882463683747 ], [ -2.225702725109872, 46.992491357841246 ], [ -2.241211266941655, 46.998737647119093 ], [ -2.240897111767267, 46.995612739015591 ], [ -2.247045780334309, 46.993771909629302 ], [ -2.235724862820304, 46.995342544787214 ], [ -2.232053227784534, 46.988678726193768 ], [ -2.236598912076752, 46.985217538307801 ], [ -2.23257860074161, 46.975223764045644 ], [ -2.226041241504192, 46.976205386257689 ], [ -2.187337684721688, 46.961139481509854 ], [ -2.176938063343028, 46.958528809133739 ], [ -2.156850548770785, 46.950129378702449 ], [ -2.147238076077177, 46.934063234067594 ], [ -2.148563001073101, 46.914701557317706 ], [ -2.153144760181231, 46.907130213766514 ], [ -2.148092601751129, 46.897451118028542 ], [ -2.155170712688087, 46.895272708143487 ], [ -2.167523186843216, 46.906759614056043 ], [ -2.173174028714151, 46.923951611005108 ] ] ] ] } },
{ "type": "Feature", "properties": { "insee_reg": "53" }, "geometry": { "type": "MultiPolygon", "coordinates": [ [ [ [ -4.272608240621126, 47.791929525757439 ], [ -4.272584138890897, 47.800727307926195 ], [ -4.282794197868356, 47.793122707017076 ], [ -4.300912351482819, 47.800915148279273 ], [ -4.313501701910455, 47.80063323506468 ], [ -4.324481270258828, 47.797806042362865 ], [ -4.346231375653423, 47.799296199996618 ], [ -4.354239981120098, 47.797065031781699 ], [ -4.373997832872979, 47.797860972687133 ], [ -4.372955419948902, 47.811626172719734 ], [ -4.380470523696778, 47.817490418003388 ], [ -4.380082040821111, 47.821700251976019 ], [ -4.367612737810355, 47.827117631542976 ], [ -4.356306736025995, 47.826868659664989 ], [ -4.350044756172174, 47.830401788293734 ], [ -4.346232616357611, 47.839761805308953 ], [ -4.347859930660739, 47.849002349329062 ], [ -4.352580208610196, 47.862854561837842 ], [ -4.362650933710801, 47.889005783389955 ], [ -4.373506192864168, 47.905543719634984 ], [ -4.385844171600347, 47.924832016566569 ], [ -4.399086189166005, 47.937398657587586 ], [ -4.408458601113724, 47.942676456382358 ], [ -4.411043336199277, 47.948181487793022 ], [ -4.423842943362051, 47.962945101803712 ], [ -4.44457386101023, 47.973817274496639 ], [ -4.450900611501774, 47.981007607908055 ], [ -4.462294356383303, 47.985752891624578 ], [ -4.476137426992007, 47.986102379893438 ], [ -4.482565057563221, 47.993544329408209 ], [ -4.499552795888244, 48.001448540385404 ], [ -4.517846079491454, 48.006229488629614 ], [ -4.523966415441862, 48.005636416764055 ], [ -4.536981564404043, 48.011892059486769 ], [ -4.533276943057951, 48.017166249537411 ], [ -4.53530977248117, 48.024699930682857 ], [ -4.534958298565619, 48.019195375778182 ], [ -4.541630310620503, 48.010924344438052 ], [ -4.554221097672206, 48.01019293865528 ], [ -4.556456316673791, 48.005211454575168 ], [ -4.566094623754733, 47.999676633214087 ], [ -4.580782666823776, 48.003854316082524 ], [ -4.603018003660345, 48.01531386201183 ], [ -4.621245993300926, 48.017688852819404 ], [ -4.633197839360689, 48.029400468228125 ], [ -4.642652648259028, 48.023380222285354 ], [ -4.654033380464319, 48.021829188172809 ], [ -4.666455827424814, 48.025944005513637 ], [ -4.699860769887515, 48.028063349321734 ], [ -4.710647680301981, 48.033226006039357 ], [ -4.72834103300121, 48.035218755387191 ], [ -4.726298626538504, 48.041510932087682 ], [ -4.713397327810645, 48.041480592221347 ], [ -4.706014301740598, 48.046673650899201 ], [ -4.711195223879841, 48.051455663341045 ], [ -4.716345073346608, 48.062982083320392 ], [ -4.67440093913609, 48.061949695777201 ], [ -4.667807883219107, 48.067090034734832 ], [ -4.651180810995069, 48.070006207137034 ], [ -4.62131822225221, 48.068474346263848 ], [ -4.607805043672159, 48.074458421404536 ], [ -4.591307396729908, 48.075548396926024 ], [ -4.583211487669143, 48.080039122653687 ], [ -4.568847183016781, 48.082206688467046 ], [ -4.551653420031109, 48.076123667488467 ], [ -4.540319888115162, 48.083731921655598 ], [ -4.535714091236715, 48.089870717115865 ], [ -4.526180147763336, 48.085605791093805 ], [ -4.508783940835522, 48.090094153072073 ], [ -4.489004795421942, 48.086181442856159 ], [ -4.477001418550125, 48.095818639588444 ], [ -4.466783014837645, 48.099115813748462 ], [ -4.457325904609577, 48.096563512088764 ], [ -4.449607537344422, 48.098567001249656 ], [ -4.433374736115053, 48.096564152611286 ], [ -4.41893916174052, 48.105936206069032 ], [ -4.412970328658114, 48.107145192217857 ], [ -4.394494681397284, 48.104327531988702 ], [ -4.379060436313298, 48.107828936645134 ], [ -4.373847216265103, 48.110317002573439 ], [ -4.362289021298659, 48.109208532546901 ], [ -4.351854286903871, 48.102293421360599 ], [ -4.341565831365174, 48.100809006069227 ], [ -4.33552725572794, 48.096787452518384 ], [ -4.323656803306271, 48.09795606247161 ], [ -4.305570114335518, 48.089109032185938 ], [ -4.296774525232381, 48.091930114443102 ], [ -4.299132920925961, 48.093980600111486 ], [ -4.286834313795848, 48.103169810716849 ], [ -4.284716423107411, 48.107851162213137 ], [ -4.280898890712928, 48.117054899802284 ], [ -4.283951282570293, 48.124389013837614 ], [ -4.27533447704951, 48.134100035646583 ], [ -4.270693365160244, 48.134687917554082 ], [ -4.272087733614494, 48.147230335396294 ], [ -4.272749977681168, 48.152145937667214 ], [ -4.27498463495881, 48.156036281970351 ], [ -4.291396087737685, 48.158872883244371 ], [ -4.295771795872264, 48.165404515424704 ], [ -4.291106567990829, 48.176376664340921 ], [ -4.295136093309139, 48.184583456322258 ], [ -4.304408422061402, 48.19643573442022 ], [ -4.312034282362553, 48.197136363347227 ], [ -4.320798825498653, 48.204039929788969 ], [ -4.332203175063273, 48.206389504761233 ], [ -4.362092464041839, 48.206703038016506 ], [ -4.369007647671237, 48.20957912454152 ], [ -4.378118784618018, 48.218834082122427 ], [ -4.39982190330237, 48.220014218710688 ], [ -4.404997935940436, 48.222515928748876 ], [ -4.423997455129471, 48.228775424618554 ], [ -4.429357517046634, 48.228207129645888 ], [ -4.448486320035335, 48.235722837778283 ], [ -4.459158628082108, 48.23528098167867 ], [ -4.464402639122984, 48.239486930361707 ], [ -4.473832685695903, 48.236162477044672 ], [ -4.48743371169155, 48.236286974274563 ], [ -4.500546796123066, 48.231422822203406 ], [ -4.502682551182939, 48.226232519614207 ], [ -4.49419409591169, 48.220514533453269 ], [ -4.498014425755766, 48.21659095774686 ], [ -4.509423670127464, 48.212658159929909 ], [ -4.514520627435888, 48.206180413340668 ], [ -4.513392459142024, 48.201281063490875 ], [ -4.520792035693647, 48.195213639665255 ], [ -4.518272560783124, 48.191980434356516 ], [ -4.526813684314243, 48.185647034227934 ], [ -4.540104449654143, 48.181009078329062 ], [ -4.541700495216592, 48.168335917557457 ], [ -4.554010284330154, 48.168068861555014 ], [ -4.559705628583253, 48.176980350295025 ], [ -4.550972618704644, 48.181658351927538 ], [ -4.553535033850998, 48.191067501130249 ], [ -4.550083156819292, 48.194334239371955 ], [ -4.553102031435184, 48.211423603825828 ], [ -4.56024338274193, 48.219738882504707 ], [ -4.558595191627767, 48.224281069912102 ], [ -4.564716315130704, 48.232285584416644 ], [ -4.557204215463403, 48.238637595414978 ], [ -4.545240755377818, 48.240584671919009 ], [ -4.54427021214024, 48.248250295084112 ], [ -4.549730244078644, 48.255163420206372 ], [ -4.557041910275403, 48.258646729843434 ], [ -4.566061360508728, 48.254886469356833 ], [ -4.583597468283119, 48.252696578603576 ], [ -4.599861137453386, 48.256655103454108 ], [ -4.602588656160915, 48.260089566645611 ], [ -4.620317288968664, 48.263600281417432 ], [ -4.607094407677629, 48.28596606552837 ], [ -4.594405595108133, 48.275550763147706 ], [ -4.580708129209365, 48.276775563450236 ], [ -4.567094014102923, 48.286113905840793 ], [ -4.567361879366182, 48.291979187930885 ], [ -4.573559279724227, 48.29955553888388 ], [ -4.570713933487127, 48.305473254771414 ], [ -4.573702396904067, 48.312874035866884 ], [ -4.580675957530607, 48.319494623926289 ], [ -4.554480578398507, 48.338628223679777 ], [ -4.532173043305997, 48.33976953017541 ], [ -4.545301964396562, 48.325175923388336 ], [ -4.543687020207597, 48.321058232953511 ], [ -4.546953933577096, 48.311334649196453 ], [ -4.556224224901896, 48.303845904040145 ], [ -4.553215253165495, 48.294792971602234 ], [ -4.535929382620952, 48.284118568554213 ], [ -4.521803393920423, 48.291544097504605 ], [ -4.517684767506798, 48.299580419491861 ], [ -4.508322640872668, 48.31037059857622 ], [ -4.50143381839497, 48.305803447059013 ], [ -4.514496561477121, 48.295162288451365 ], [ -4.503225160967505, 48.281046292577287 ], [ -4.487617623215592, 48.282916622397778 ], [ -4.468281495899316, 48.287856092369431 ], [ -4.46362669057932, 48.290856575017251 ], [ -4.450207054271393, 48.292537160022789 ], [ -4.418237034571612, 48.290547272617538 ], [ -4.420949543565717, 48.286472595926163 ], [ -4.408547215311684, 48.275571621026643 ], [ -4.384287729478181, 48.27510301974872 ], [ -4.367137887748088, 48.277870774414183 ], [ -4.353560579941443, 48.28604574496191 ], [ -4.338832112112434, 48.283555268969693 ], [ -4.330389881479968, 48.290363982154275 ], [ -4.323296748762294, 48.29122464704723 ], [ -4.30841685625006, 48.297133331885561 ], [ -4.297942231541891, 48.297796965519659 ], [ -4.271789860951912, 48.295896572019387 ], [ -4.284687374736045, 48.288235690651909 ], [ -4.2889987628887, 48.273334006871906 ], [ -4.27681335682601, 48.272057870253498 ], [ -4.260106192020963, 48.266729960054306 ], [ -4.2518435346801, 48.255698944546879 ], [ -4.242918284046946, 48.248769693998518 ], [ -4.228483226571385, 48.251376866367565 ], [ -4.21679610817642, 48.257148041964783 ], [ -4.211251808067496, 48.243309120009243 ], [ -4.206834007401539, 48.239577563513897 ], [ -4.199981480776146, 48.247677114777282 ], [ -4.207998403991936, 48.251124793457137 ], [ -4.21385287360212, 48.260241996529196 ], [ -4.223920008883614, 48.260596113189266 ], [ -4.240190146753692, 48.254158907348632 ], [ -4.248384578399413, 48.265245376811144 ], [ -4.278979770080776, 48.277801078531809 ], [ -4.260401069654248, 48.279879414055081 ], [ -4.243453733153863, 48.286356909639984 ], [ -4.23337730383254, 48.291884851522951 ], [ -4.22645380181399, 48.288108625940659 ], [ -4.19948976188686, 48.294127134419519 ], [ -4.19597659012193, 48.291638204360666 ], [ -4.19324161568674, 48.29749235038517 ], [ -4.228800567998658, 48.296606098748669 ], [ -4.23830784566463, 48.30037287987264 ], [ -4.240817643713721, 48.307775066205785 ], [ -4.220914344030861, 48.313797331344077 ], [ -4.243592160998277, 48.310167213270894 ], [ -4.244673687068965, 48.304555013890635 ], [ -4.254141647259064, 48.303868650233611 ], [ -4.255824168362224, 48.309461109957837 ], [ -4.271875732220477, 48.308824767162484 ], [ -4.275157696488317, 48.316717441615516 ], [ -4.256488670189204, 48.322614505970677 ], [ -4.255437922331367, 48.326942806264363 ], [ -4.261105874683058, 48.323369694156376 ], [ -4.276344520337124, 48.321098790558345 ], [ -4.289668485563829, 48.312800746868852 ], [ -4.297030493616655, 48.312107321959822 ], [ -4.310910395573468, 48.317358510292621 ], [ -4.329379459095289, 48.315134321913007 ], [ -4.324546565216671, 48.323453750180136 ], [ -4.309674743195346, 48.327294915375553 ], [ -4.308952549407901, 48.33755453267954 ], [ -4.29779263572233, 48.338064877357326 ], [ -4.290631184774743, 48.342033749715974 ], [ -4.277918245868503, 48.344633910869888 ], [ -4.289250852446702, 48.349612946726921 ], [ -4.267296909222173, 48.354585090568783 ], [ -4.268757761055455, 48.357762331781188 ], [ -4.286807455390974, 48.353034506100961 ], [ -4.302223612148115, 48.35552872774737 ], [ -4.305686452841671, 48.349708060117273 ], [ -4.302476042602873, 48.344005434603957 ], [ -4.319069036270873, 48.343266597545906 ], [ -4.328534052742661, 48.340335762195515 ], [ -4.330643933918862, 48.347281734806742 ], [ -4.319689856248313, 48.35848767527068 ], [ -4.31898264006987, 48.362126780480807 ], [ -4.330147912817861, 48.352601203302541 ], [ -4.347395176356494, 48.343704473749497 ], [ -4.366775206651704, 48.345022871773622 ], [ -4.371007125161996, 48.329106023822227 ], [ -4.377809316986768, 48.325360251465987 ], [ -4.393015981277946, 48.325814174875255 ], [ -4.403835371655646, 48.323616163525323 ], [ -4.416385333713529, 48.32517620953729 ], [ -4.402149999694676, 48.338795147509359 ], [ -4.413629906634373, 48.338205124175524 ], [ -4.421037633565351, 48.332981883853392 ], [ -4.447387575990722, 48.325575099399877 ], [ -4.447919566559096, 48.335524985713185 ], [ -4.442115673619649, 48.34371798141202 ], [ -4.440859262378627, 48.354122881227219 ], [ -4.434248626122004, 48.36296061512914 ], [ -4.418785920027009, 48.368422923445955 ], [ -4.40748991474436, 48.38051401467861 ], [ -4.395818766896929, 48.386421844683667 ], [ -4.366829925882607, 48.395457210105882 ], [ -4.356864618968856, 48.402723573189334 ], [ -4.348110960835993, 48.402019147149041 ], [ -4.342030770379768, 48.4034946662536 ], [ -4.322217129072562, 48.413907678121006 ], [ -4.314077550274074, 48.41570515828468 ], [ -4.295030143192219, 48.427906854762682 ], [ -4.277674496357158, 48.436835048209652 ], [ -4.270103215693458, 48.442330925592856 ], [ -4.277582764556614, 48.440221471594448 ], [ -4.293603362619113, 48.434139467582668 ], [ -4.309211971029219, 48.425274192813795 ], [ -4.314054534976727, 48.419965784915206 ], [ -4.328309488021795, 48.417973043565929 ], [ -4.351899181081342, 48.409108918929498 ], [ -4.364301809230985, 48.408438414820175 ], [ -4.369021066780234, 48.40148045690983 ], [ -4.376380153723548, 48.400256235066351 ], [ -4.382179013132828, 48.396761507189474 ], [ -4.393310136601598, 48.397217154037627 ], [ -4.402599357912396, 48.389853209374564 ], [ -4.422712733636728, 48.396864881097997 ], [ -4.433896994160884, 48.395947063135601 ], [ -4.435478651389463, 48.383341683382405 ], [ -4.442574759985089, 48.379705940684133 ], [ -4.462712856924611, 48.385406273344884 ], [ -4.46745648180542, 48.380979416956592 ], [ -4.483846919492107, 48.382716163398946 ], [ -4.496713258626827, 48.376305626122033 ], [ -4.507064677426466, 48.375240867175116 ], [ -4.521546262180491, 48.366276319054279 ], [ -4.530480298506729, 48.363497420018817 ], [ -4.537893949070404, 48.357288166544599 ], [ -4.554474181613235, 48.361197219825861 ], [ -4.572006234182537, 48.349345158947791 ], [ -4.584940544703078, 48.347934862170284 ], [ -4.609416587867736, 48.338223384890505 ], [ -4.622061479308671, 48.338650623766931 ], [ -4.628012998894914, 48.337649792359286 ], [ -4.640308272902656, 48.345852471957919 ], [ -4.651397749201437, 48.345350467197399 ], [ -4.6645035975805, 48.352405549742755 ], [ -4.678901138661709, 48.355629388992533 ], [ -4.691025087958894, 48.354730186254706 ], [ -4.700775428120008, 48.350099171821981 ], [ -4.700815900132615, 48.340312610331623 ], [ -4.709821047751081, 48.330724571288101 ], [ -4.730119802975929, 48.330194356384858 ], [ -4.738159601097574, 48.332715101510651 ], [ -4.748326921034938, 48.329169637059202 ], [ -4.761433543111981, 48.327944175152538 ], [ -4.773727271538156, 48.330066161239571 ], [ -4.771372039318893, 48.335284108297877 ], [ -4.775762263651015, 48.336169407890615 ], [ -4.770035396264026, 48.347786838405874 ], [ -4.780288866636916, 48.353777427736723 ], [ -4.77829363081719, 48.364462996842256 ], [ -4.769752766798016, 48.365009767185263 ], [ -4.761402976603356, 48.37169809982764 ], [ -4.760936744889889, 48.378431291298881 ], [ -4.775789733770425, 48.389577109056226 ], [ -4.773567991701188, 48.40480086274475 ], [ -4.775954309175411, 48.406590302258792 ], [ -4.783765727731113, 48.407367184258781 ], [ -4.795406011115772, 48.414848750322165 ], [ -4.787087596091996, 48.42512529538083 ], [ -4.785728831855413, 48.435887753993178 ], [ -4.776185515478987, 48.443806418686982 ], [ -4.779666009349732, 48.446829321401474 ], [ -4.764523146261786, 48.467181216725919 ], [ -4.759799595494122, 48.459782775863872 ], [ -4.750171903984659, 48.471325471993012 ], [ -4.737055605995215, 48.470640499337676 ], [ -4.730761396012102, 48.474089895033707 ], [ -4.718932207177853, 48.473864799889014 ], [ -4.716700967706791, 48.468698809256047 ], [ -4.718373067096838, 48.475512051703575 ], [ -4.725161847561802, 48.475987617155681 ], [ -4.757079982819388, 48.470230229418952 ], [ -4.76799997719332, 48.476209852366416 ], [ -4.766728741193961, 48.480277089105776 ], [ -4.774628998660077, 48.487985655791654 ], [ -4.777287632346284, 48.496338281773049 ], [ -4.775442368877679, 48.506269332924397 ], [ -4.763693436964839, 48.519597649826132 ], [ -4.757963000272126, 48.521318071996149 ], [ -4.763189301995123, 48.529417634905244 ], [ -4.750315193387759, 48.532027486907253 ], [ -4.75184355780774, 48.542948986642742 ], [ -4.735476200447916, 48.549915210021354 ], [ -4.73073048143421, 48.556239199189058 ], [ -4.720713611040138, 48.558922867345274 ], [ -4.704564635803075, 48.550086017675604 ], [ -4.706156694832734, 48.557337204939451 ], [ -4.700992859803516, 48.565803659098037 ], [ -4.687617173424022, 48.572390841256798 ], [ -4.679651934041991, 48.567180273190679 ], [ -4.663762875263897, 48.571386706030069 ], [ -4.646263756176414, 48.572136479787623 ], [ -4.633614028840301, 48.577172692488709 ], [ -4.612617625262478, 48.572870871450355 ], [ -4.596762106822723, 48.571682284644886 ], [ -4.590880753951497, 48.558234636267223 ], [ -4.594889455691749, 48.553274959536516 ], [ -4.579594663690258, 48.555296500368996 ], [ -4.575073317735225, 48.560299141695864 ], [ -4.559139456088541, 48.559049380052272 ], [ -4.531693006699956, 48.552975360584306 ], [ -4.528251901437499, 48.554902689809261 ], [ -4.514390370308344, 48.549523227610891 ], [ -4.506854339954737, 48.552954552461308 ], [ -4.51683561369182, 48.553380427756657 ], [ -4.538897618946874, 48.560089354823809 ], [ -4.547470255568665, 48.557997003728694 ], [ -4.552967567076235, 48.56073939995575 ], [ -4.587074931577022, 48.562618116499898 ], [ -4.594515859078719, 48.574637581491473 ], [ -4.605945290560484, 48.575793179828985 ], [ -4.603028369021585, 48.585984340279829 ], [ -4.607752790231118, 48.596937302550302 ], [ -4.598108004937309, 48.608405883206252 ], [ -4.581552823288717, 48.594372025482876 ], [ -4.563130397881127, 48.59854044793142 ], [ -4.555386005019885, 48.595806750664721 ], [ -4.541419248660896, 48.597097196712447 ], [ -4.528696179819459, 48.592333196398343 ], [ -4.515167219223605, 48.587535873163723 ], [ -4.521330078010463, 48.593434617257913 ], [ -4.549433415775012, 48.602078238326449 ], [ -4.56856026860766, 48.609259676146728 ], [ -4.562466001538104, 48.622031674621496 ], [ -4.55038147518796, 48.624537482784291 ], [ -4.544997772555042, 48.630923090175962 ], [ -4.526526697531615, 48.629725867060245 ], [ -4.521186554987215, 48.635055614723555 ], [ -4.511109708498692, 48.632900316970222 ], [ -4.513152619588825, 48.627338756208232 ], [ -4.501199319390143, 48.621076300858718 ], [ -4.492278146065014, 48.624781225421422 ], [ -4.47960898706075, 48.623704079329158 ], [ -4.463319967397332, 48.627301272137871 ], [ -4.453052882796332, 48.635711766640817 ], [ -4.443636309941778, 48.639670491467825 ], [ -4.434775804132401, 48.635418776962005 ], [ -4.430630053813556, 48.640451319735618 ], [ -4.420015499174301, 48.637574954085821 ], [ -4.397580420251662, 48.636469798442327 ], [ -4.404919981666043, 48.641842528469866 ], [ -4.41641822148662, 48.641614055019318 ], [ -4.420570076430895, 48.645049998451476 ], [ -4.432958314055121, 48.647492901500726 ], [ -4.430482256282623, 48.653045162949461 ], [ -4.396550473361334, 48.656226336483059 ], [ -4.37855242683946, 48.662996945452406 ], [ -4.349378020477745, 48.676637807215165 ], [ -4.338348329704504, 48.676872849566905 ], [ -4.326394891606104, 48.674484461300395 ], [ -4.329982361966509, 48.669070842343118 ], [ -4.321525599349098, 48.666170112877573 ], [ -4.311773023459518, 48.668337701697212 ], [ -4.296408000526863, 48.664046118972934 ], [ -4.299042343945161, 48.654221440937654 ], [ -4.30520257259443, 48.650961260865955 ], [ -4.316050915380738, 48.637719973731677 ], [ -4.311559542044567, 48.635208703385722 ], [ -4.296171369334739, 48.632894620326688 ], [ -4.293515173066153, 48.636317904726553 ], [ -4.277931206896322, 48.64417501572111 ], [ -4.277621989515935, 48.648056547477516 ], [ -4.260251750633051, 48.650113627900922 ], [ -4.24492996834322, 48.649611594454811 ], [ -4.236678685082199, 48.650911040148962 ], [ -4.220640429725929, 48.6485878993211 ], [ -4.194369473518574, 48.652004845629648 ], [ -4.199496258284653, 48.656991828354776 ], [ -4.222129128093966, 48.658948994801975 ], [ -4.213506419385132, 48.66858899120399 ], [ -4.196929509471588, 48.677253815732641 ], [ -4.192920902459785, 48.683056499056626 ], [ -4.180588871001872, 48.68408626743782 ], [ -4.161750834969681, 48.689788607341427 ], [ -4.111710399199409, 48.695351388596706 ], [ -4.09584595875143, 48.693666249708038 ], [ -4.095806558221648, 48.685829726436282 ], [ -4.092044745412835, 48.691916076125523 ], [ -4.078355947916063, 48.689914738995668 ], [ -4.070721705867492, 48.68536939212958 ], [ -4.068696115511089, 48.679592724749156 ], [ -4.057899810492462, 48.675362817166665 ], [ -4.055796608116099, 48.669331414852586 ], [ -4.05708878268297, 48.675536477929043 ], [ -4.066095862072524, 48.685704812443667 ], [ -4.054687099445704, 48.685413076937174 ], [ -4.03566889097446, 48.687934778413748 ], [ -4.057594381088799, 48.691062612386233 ], [ -4.056666557113102, 48.700029872314815 ], [ -4.052853519079628, 48.704960824841415 ], [ -4.042553104817344, 48.702662275903123 ], [ -4.035216319230541, 48.713167699975727 ], [ -4.01935614399315, 48.711495466706204 ], [ -4.011786901695439, 48.715427241342027 ], [ -4.011136913164519, 48.716691793632904 ], [ -4.007140867866987, 48.724005602867848 ], [ -4.004803265491052, 48.714941821763006 ], [ -3.992917367460087, 48.715201052708281 ], [ -3.99179657946609, 48.723903778062706 ], [ -3.983502092079198, 48.726209232024573 ], [ -3.978538663959459, 48.722502948520642 ], [ -3.969678376498698, 48.724232912451058 ], [ -3.96570728360674, 48.718701896587312 ], [ -3.972265009507205, 48.713567515318367 ], [ -3.973691160806201, 48.703983948499555 ], [ -3.976171133604141, 48.699599157225869 ], [ -3.966756039212024, 48.692810670402949 ], [ -3.97038721395045, 48.686498414187575 ], [ -3.969338997731962, 48.676206343948728 ], [ -3.959599771425553, 48.673479054897903 ], [ -3.952128355003342, 48.663485020757165 ], [ -3.952149050865154, 48.657124179335682 ], [ -3.957648869628498, 48.648100366027741 ], [ -3.951610590445, 48.644785766080339 ], [ -3.951586413373181, 48.650241185546349 ], [ -3.942294368879778, 48.655450788779632 ], [ -3.930091247820093, 48.657905505797821 ], [ -3.922770268938831, 48.670988537682298 ], [ -3.916212022082345, 48.673048691292159 ], [ -3.902671579498242, 48.66488931544383 ], [ -3.905950994969102, 48.6596154261496 ], [ -3.897722032070825, 48.646422887976698 ], [ -3.880622135906723, 48.639358209886908 ], [ -3.862603176374596, 48.633616574806794 ], [ -3.85832493560142, 48.628964434829442 ], [ -3.858235964243696, 48.618311675633571 ], [ -3.863900322721748, 48.608348578515574 ], [ -3.870222238730411, 48.604447184981495 ], [ -3.857151730370422, 48.608592118213778 ], [ -3.849204955544359, 48.603685556477551 ], [ -3.858965280417009, 48.614843923316485 ], [ -3.843947677094333, 48.628087853177639 ], [ -3.847358862426422, 48.630491646116184 ], [ -3.857941513321234, 48.657268705185395 ], [ -3.856576004497287, 48.661075444231791 ], [ -3.864459274569474, 48.670244365029447 ], [ -3.85504336651245, 48.671506194716265 ], [ -3.853448775536102, 48.661838096458837 ], [ -3.846742690692566, 48.66087917957649 ], [ -3.845864825388124, 48.671982550347799 ], [ -3.849534527888995, 48.683278146637143 ], [ -3.854363270645703, 48.68575189747456 ], [ -3.850594164375235, 48.694542455359752 ], [ -3.839666539504996, 48.697736997300893 ], [ -3.830906976451296, 48.711835710685598 ], [ -3.8210554279515, 48.70484604342078 ], [ -3.816873328360329, 48.711876538522326 ], [ -3.798521656189854, 48.709695138036992 ], [ -3.795918106976817, 48.70596368191314 ], [ -3.779938427659684, 48.701848497421871 ], [ -3.765901468708232, 48.709436091626586 ], [ -3.74819347444667, 48.707791882323377 ], [ -3.734019740185387, 48.708926866563957 ], [ -3.722512109258703, 48.706189522275871 ], [ -3.718750248453506, 48.700959525564642 ], [ -3.705071776801849, 48.694468785379733 ], [ -3.702008634967394, 48.69019916912201 ], [ -3.688817417576043, 48.691805349000404 ], [ -3.685327601578158, 48.687917731910375 ], [ -3.675932037798883, 48.687337714036062 ], [ -3.655877245202961, 48.696758519658417 ], [ -3.646895953884781, 48.691038588049921 ], [ -3.654576810715507, 48.681802026489152 ], [ -3.639442868590967, 48.673286228438847 ], [ -3.653721082981247, 48.66643685658596 ], [ -3.659578359989728, 48.656144299530048 ], [ -3.653672685180213, 48.664828292761186 ], [ -3.637323311540091, 48.673209549215102 ], [ -3.636837695038117, 48.681777500730988 ], [ -3.626925890787392, 48.685282557276359 ], [ -3.616602953539051, 48.683933606908909 ], [ -3.610200292564602, 48.669788882277501 ], [ -3.595164372102575, 48.668977195049649 ], [ -3.579450252713068, 48.671048855007314 ], [ -3.573149074261162, 48.675064460957358 ], [ -3.567620665491768, 48.682605805010105 ], [ -3.571757962386878, 48.687521145230519 ], [ -3.58377296552168, 48.690175735651479 ], [ -3.580229902904448, 48.696292656876395 ], [ -3.583495195345983, 48.70677873224863 ], [ -3.580997381637364, 48.712854864534265 ], [ -3.584584619929617, 48.717683808315158 ], [ -3.578330165360483, 48.723127209235187 ], [ -3.555496141338836, 48.727942512681203 ], [ -3.535310917446317, 48.727591720465853 ], [ -3.510748367321493, 48.733833147907717 ], [ -3.503102672398966, 48.731897200399587 ], [ -3.498243537879937, 48.736221748256703 ], [ -3.50311319677586, 48.733020211001381 ], [ -3.512040874694913, 48.735092747048505 ], [ -3.524964141476697, 48.73214003102958 ], [ -3.533462422599154, 48.734795888292552 ], [ -3.547763561523096, 48.733023146867765 ], [ -3.551426245228512, 48.739996757843784 ], [ -3.549261952732857, 48.746020926140119 ], [ -3.565791872443123, 48.760612698215141 ], [ -3.573783689463628, 48.759751492863536 ], [ -3.585449824895725, 48.769339299883704 ], [ -3.578283789952736, 48.782433446955864 ], [ -3.579890416187617, 48.787332950806032 ], [ -3.569851725600847, 48.790471313940579 ], [ -3.564680424209436, 48.796102493788325 ], [ -3.554483223170279, 48.791428157900143 ], [ -3.544989313212658, 48.796166912368719 ], [ -3.534026801061721, 48.807229328707933 ], [ -3.54812943913021, 48.812440125400947 ], [ -3.539726353714743, 48.816465783878627 ], [ -3.534230096427643, 48.824287878718096 ], [ -3.527924904720235, 48.821146926928357 ], [ -3.512932840156468, 48.835127941760135 ], [ -3.502055486349693, 48.829416908161527 ], [ -3.491774396302623, 48.828255802562943 ], [ -3.491087381237366, 48.821742701043583 ], [ -3.484999236074285, 48.825645422247902 ], [ -3.48863110274481, 48.832443290638459 ], [ -3.483351911134474, 48.83794505692417 ], [ -3.47457614169687, 48.834807459541032 ], [ -3.4682701525718, 48.823471845890026 ], [ -3.455677822439452, 48.815626467637117 ], [ -3.440980786095096, 48.820413762425915 ], [ -3.434102938393151, 48.813902661429061 ], [ -3.443121100768131, 48.803358210247865 ], [ -3.440499640798377, 48.798158692624241 ], [ -3.416063792892985, 48.798932590120572 ], [ -3.387986220412913, 48.802720810167934 ], [ -3.385429166009597, 48.814667137949932 ], [ -3.365924234058204, 48.818560698582651 ], [ -3.351216350848501, 48.821318672602089 ], [ -3.349826102038642, 48.82500803413474 ], [ -3.335147978386495, 48.828310856193596 ], [ -3.322466526866047, 48.837710642353329 ], [ -3.308415001698016, 48.837430078074 ], [ -3.291444277208672, 48.831328297882102 ], [ -3.282909485000151, 48.84034059569872 ], [ -3.269552528556212, 48.833927369561955 ], [ -3.253887806189225, 48.842604288958945 ], [ -3.257067891853623, 48.847610645978165 ], [ -3.2486417077733, 48.850997460925782 ], [ -3.243141686370434, 48.859031845545182 ], [ -3.235059143355262, 48.861771680469126 ], [ -3.234129771919088, 48.867464789941181 ], [ -3.219898382948691, 48.86668215922797 ], [ -3.21211579771027, 48.856857290330417 ], [ -3.209658101566601, 48.848366334518516 ], [ -3.219084764837299, 48.833682480608481 ], [ -3.207634424250773, 48.837435953040746 ], [ -3.203942708476046, 48.833799273396565 ], [ -3.203371707170269, 48.824507287504211 ], [ -3.206422854291977, 48.815621389502049 ], [ -3.2180798914637, 48.8024447458127 ], [ -3.227052822799245, 48.798382428136954 ], [ -3.226514521620192, 48.793859068360319 ], [ -3.240140223977479, 48.788522303684616 ], [ -3.252018776038507, 48.788679636553468 ], [ -3.254196077323076, 48.783173884213198 ], [ -3.244532948436176, 48.784460733085524 ], [ -3.228908934010079, 48.791844879379333 ], [ -3.223145267381544, 48.787514005243622 ], [ -3.22240424330789, 48.780970379399847 ], [ -3.226384834817567, 48.770247569548651 ], [ -3.234861691875906, 48.766253445108923 ], [ -3.236943937183403, 48.760516538452798 ], [ -3.253655019551146, 48.756432548320205 ], [ -3.256943335403645, 48.751146990136718 ], [ -3.248440575566588, 48.757452198469146 ], [ -3.240853369907077, 48.756174333453799 ], [ -3.232832997278592, 48.76460565877062 ], [ -3.220454022442693, 48.771912274751898 ], [ -3.211360970520657, 48.763945581730439 ], [ -3.1992156064345, 48.76600058414909 ], [ -3.213655386076758, 48.769772293184559 ], [ -3.221175640034085, 48.777176760861842 ], [ -3.217330128857993, 48.782892363534984 ], [ -3.223584047100374, 48.790659547697913 ], [ -3.223610902822329, 48.796367091924829 ], [ -3.213974429492092, 48.80220309051343 ], [ -3.196888414132688, 48.818355121453436 ], [ -3.199802730173142, 48.820846980248838 ], [ -3.191280110759037, 48.836078728998736 ], [ -3.182294988533653, 48.84363219436009 ], [ -3.173644264412489, 48.842071790099794 ], [ -3.170549552317809, 48.849624348608224 ], [ -3.14506861861925, 48.85457548452127 ], [ -3.122622182679879, 48.864110061071855 ], [ -3.085107614067829, 48.867115805807479 ], [ -3.080484305941874, 48.863508770560202 ], [ -3.093990640375103, 48.859033835145688 ], [ -3.083649718031006, 48.847774601658237 ], [ -3.09047851405671, 48.83809334567654 ], [ -3.100020367340994, 48.830924839092212 ], [ -3.090467084911373, 48.832836957463833 ], [ -3.083970410432033, 48.822252902720251 ], [ -3.088492058804106, 48.811535275801496 ], [ -3.098428012884466, 48.804960676317293 ], [ -3.097527848645142, 48.793708448618673 ], [ -3.100088288722961, 48.785205461621381 ], [ -3.116039152573391, 48.775636428759853 ], [ -3.122832484603156, 48.770809749715156 ], [ -3.12337365488966, 48.759322515631666 ], [ -3.132025600756861, 48.751971981739466 ], [ -3.148416577125004, 48.747328541601114 ], [ -3.14903982241999, 48.738679092155927 ], [ -3.134122104615048, 48.729890823946512 ], [ -3.13229634360788, 48.718554653634548 ], [ -3.140074819609848, 48.71100787058257 ], [ -3.132406046783596, 48.716484885497287 ], [ -3.124177445665925, 48.726158864607783 ], [ -3.114580936655211, 48.725603606611472 ], [ -3.097556843052066, 48.716705485958705 ], [ -3.085988297962595, 48.716322953354364 ], [ -3.097156759400971, 48.717516226035578 ], [ -3.114042644880345, 48.726373689109941 ], [ -3.129651884944787, 48.727188079380291 ], [ -3.132336416017687, 48.732853371494073 ], [ -3.144056246859662, 48.739306076429628 ], [ -3.14134098933557, 48.74771325888603 ], [ -3.12904965789542, 48.750645592132912 ], [ -3.119827190115657, 48.756253463623018 ], [ -3.116512319603236, 48.76419614327493 ], [ -3.102751364188533, 48.765901847764027 ], [ -3.098395005770096, 48.769533748256258 ], [ -3.10251957862434, 48.780010521862685 ], [ -3.094932934916638, 48.780953313265371 ], [ -3.092562034217943, 48.787429502608994 ], [ -3.094230236651992, 48.795139858709696 ], [ -3.086995605992571, 48.802873570402959 ], [ -3.085707972701796, 48.810443322159223 ], [ -3.073471304995147, 48.820007644810936 ], [ -3.059301449253701, 48.821737267672709 ], [ -3.053321222441206, 48.815349697605185 ], [ -3.040056365682078, 48.819114763764588 ], [ -3.017397747253805, 48.821383233308701 ], [ -3.011677086244213, 48.816652095133925 ], [ -3.01709672764075, 48.811667951003415 ], [ -3.005260396582884, 48.800362743904536 ], [ -3.020837767327162, 48.797740234629828 ], [ -3.025542545255159, 48.791132789378153 ], [ -3.044892894345446, 48.787703786493537 ], [ -3.043252529602363, 48.783002610888197 ], [ -3.029093243165517, 48.783810389960365 ], [ -3.029167439628223, 48.776398429670728 ], [ -3.0169302967817, 48.76820485622261 ], [ -2.990529910943988, 48.762701740061459 ], [ -2.9651376297939, 48.762399281028401 ], [ -2.951848303974006, 48.764898988948133 ], [ -2.943617751482597, 48.758290626376976 ], [ -2.932049269169546, 48.753123293349361 ], [ -2.941753295305996, 48.74545673576575 ], [ -2.934190060659702, 48.737064746992679 ], [ -2.942124479093803, 48.728494751286867 ], [ -2.948287047497074, 48.727263582722962 ], [ -2.944985770736275, 48.720514690085793 ], [ -2.93484535459667, 48.718469580543733 ], [ -2.926754474493368, 48.708795603892767 ], [ -2.904762191727985, 48.69939375620617 ], [ -2.890708743672826, 48.698865011380327 ], [ -2.883972447149956, 48.690929007543019 ], [ -2.886611902022754, 48.683471004232985 ], [ -2.880629706013463, 48.674383609778729 ], [ -2.866794259069027, 48.671537116760739 ], [ -2.859140048134045, 48.675291106132768 ], [ -2.850312014383922, 48.66719664570175 ], [ -2.842414957961078, 48.664112179544084 ], [ -2.835601310347287, 48.655119615005738 ], [ -2.827378341077001, 48.654029987860987 ], [ -2.825742045238675, 48.6438163275458 ], [ -2.827042834164708, 48.636907752608039 ], [ -2.820398637553552, 48.631614917475815 ], [ -2.823231785399364, 48.624181233865222 ], [ -2.815794141567543, 48.616776794946098 ], [ -2.819443611382884, 48.607501939960549 ], [ -2.821340609112048, 48.594382809817098 ], [ -2.808331338297148, 48.5920276263452 ], [ -2.796250385769338, 48.585855608369336 ], [ -2.779103915293172, 48.58490325026623 ], [ -2.772220549689556, 48.570365722886635 ], [ -2.763497283275984, 48.56641131579299 ], [ -2.739922641095947, 48.560344831909461 ], [ -2.731776552108128, 48.560428946616618 ], [ -2.712908119621338, 48.553066756591853 ], [ -2.724607975693463, 48.547502957748492 ], [ -2.717943830396524, 48.539696874873549 ], [ -2.726856418118342, 48.529566864938275 ], [ -2.738111801866581, 48.52720575379152 ], [ -2.716998371794592, 48.528155315607947 ], [ -2.713716871793373, 48.519599760488013 ], [ -2.70476985062026, 48.516073484273143 ], [ -2.69733147156981, 48.504266558442957 ], [ -2.680692912753879, 48.489048123163087 ], [ -2.673090258113356, 48.487128397396738 ], [ -2.675064944706955, 48.49242021843326 ], [ -2.684651707556848, 48.498335920037732 ], [ -2.676057635679802, 48.508196908051332 ], [ -2.675960379700157, 48.516981672563745 ], [ -2.682313493343521, 48.53165467980233 ], [ -2.671043956230688, 48.535541520230055 ], [ -2.663130598062503, 48.533243447169419 ], [ -2.654395694872541, 48.525255258610066 ], [ -2.639765477849292, 48.52347309174786 ], [ -2.631564315834507, 48.525927843315998 ], [ -2.622554617546685, 48.520341436644856 ], [ -2.633681863705871, 48.530768662047258 ], [ -2.632486201908168, 48.537501885169817 ], [ -2.616720811355441, 48.545147098220603 ], [ -2.58865576531891, 48.563498587233958 ], [ -2.575199649758083, 48.575841627488806 ], [ -2.567568790386687, 48.582644487585583 ], [ -2.558265015000891, 48.587230909874911 ], [ -2.544542623476765, 48.598132976757384 ], [ -2.531382333614212, 48.597384565822942 ], [ -2.498708641861729, 48.607333409521416 ], [ -2.490297452892443, 48.614323445762679 ], [ -2.473743022112231, 48.622132394980397 ], [ -2.467842744197406, 48.635726753637968 ], [ -2.480699039417831, 48.637028555079418 ], [ -2.488065598003687, 48.643489270066233 ], [ -2.462756737478983, 48.647728714735393 ], [ -2.453113359452309, 48.647675199911681 ], [ -2.438460904677783, 48.652700691135678 ], [ -2.421475450858035, 48.64770462237324 ], [ -2.42137612868108, 48.639601860939692 ], [ -2.417790575877468, 48.63269295389847 ], [ -2.409651969726649, 48.636934890673885 ], [ -2.40012629870723, 48.641616034873174 ], [ -2.38763807648072, 48.652006787851832 ], [ -2.377918000780174, 48.652160694810469 ], [ -2.372506636239399, 48.656224171000851 ], [ -2.360648716392101, 48.655430028993237 ], [ -2.350267894699712, 48.661240654914053 ], [ -2.342519681196375, 48.667714641152024 ], [ -2.331820898740329, 48.670373334474959 ], [ -2.318738779033605, 48.686673601389529 ], [ -2.31322814513087, 48.681170768950992 ], [ -2.314737584629474, 48.67411946071983 ], [ -2.310737040707252, 48.670426034710417 ], [ -2.285569905949052, 48.664975201824561 ], [ -2.294437209817093, 48.659934783036348 ], [ -2.300491594468319, 48.650602430651816 ], [ -2.308198219650459, 48.645396091564855 ], [ -2.313223711430578, 48.633368941124182 ], [ -2.325245658929233, 48.627744817101679 ], [ -2.337512169092364, 48.619638981060859 ], [ -2.320850825109695, 48.617625989574108 ], [ -2.320786310235788, 48.613451977165212 ], [ -2.316814187780746, 48.610411112170638 ], [ -2.300357312108559, 48.622337566536572 ], [ -2.29743538539604, 48.626460629661146 ], [ -2.287426476270353, 48.627256695825828 ], [ -2.285398537095848, 48.632041926917083 ], [ -2.265684363920474, 48.64112707864242 ], [ -2.247398029469538, 48.64603041543181 ], [ -2.242748835932741, 48.641915500377408 ], [ -2.255864441154452, 48.636407496465523 ], [ -2.254104263620377, 48.631576641802717 ], [ -2.243565932244819, 48.621239139850026 ], [ -2.244264740651159, 48.614217242998073 ], [ -2.231846496671613, 48.610073823653025 ], [ -2.222552953267662, 48.602298700834226 ], [ -2.22371046098124, 48.59547583705637 ], [ -2.214343453627036, 48.593277296370992 ], [ -2.210176220410815, 48.587337125874818 ], [ -2.210804695854522, 48.576431234014635 ], [ -2.225869248260666, 48.570114450137275 ], [ -2.217777187327745, 48.563642967964441 ], [ -2.221434217106829, 48.56058660805698 ], [ -2.21826804793193, 48.553990496744944 ], [ -2.224407854685943, 48.547436026777078 ], [ -2.218657172861754, 48.544327085690121 ], [ -2.226223824154712, 48.538056787857393 ], [ -2.215708625782515, 48.541169663288954 ], [ -2.21850934845431, 48.545118812812262 ], [ -2.223749988653202, 48.547238682845482 ], [ -2.215792795749136, 48.55396670017447 ], [ -2.219776551737487, 48.56029344634927 ], [ -2.205474307666198, 48.57549472861708 ], [ -2.20601515608229, 48.5797152688708 ], [ -2.191289493801078, 48.593891543846681 ], [ -2.195043868126486, 48.59871626593111 ], [ -2.19173976486993, 48.603630270250719 ], [ -2.18222876357658, 48.60052592808217 ], [ -2.187782141649323, 48.588440227017742 ], [ -2.186416688027165, 48.581493561636229 ], [ -2.175683752814279, 48.576430070171327 ], [ -2.160719800139078, 48.586608407850974 ], [ -2.153688130833446, 48.586910822407319 ], [ -2.170225603540465, 48.594292162732671 ], [ -2.16691641286937, 48.604099585478572 ], [ -2.15262672189053, 48.609835366296117 ], [ -2.142412735034973, 48.610901317196287 ], [ -2.123817787249596, 48.6045314962251 ], [ -2.123543730975849, 48.607255654788489 ], [ -2.136612313036136, 48.612838574020515 ], [ -2.138749829391176, 48.622954739874096 ], [ -2.151453881849604, 48.629748123152893 ], [ -2.133497314171143, 48.635470370789875 ], [ -2.124334282677708, 48.635310145357401 ], [ -2.116180552866141, 48.638762729495738 ], [ -2.099536546607514, 48.63872462893643 ], [ -2.095556038329901, 48.633832184091375 ], [ -2.082114141527181, 48.636007973942888 ], [ -2.056736010313316, 48.640137642092022 ], [ -2.055200562590813, 48.626823381795823 ], [ -2.051186849056737, 48.624643181989946 ], [ -2.03314779710878, 48.627216813027395 ], [ -2.03287316382139, 48.620466640853351 ], [ -2.028254698214609, 48.61664744503566 ], [ -2.034832414997778, 48.611801168515356 ], [ -2.030474870765529, 48.608088184165013 ], [ -2.035654276255185, 48.601760520399544 ], [ -2.028755608203065, 48.603764157709399 ], [ -2.016527490563204, 48.593895480544965 ], [ -2.013842747622145, 48.587490234591307 ], [ -2.004998005482298, 48.588227132502467 ], [ -1.995579436309686, 48.582302292059538 ], [ -2.010658693072887, 48.571183001595401 ], [ -2.007013791182141, 48.565651807161686 ], [ -1.992737293248394, 48.559436601841156 ], [ -1.995437210217589, 48.55175802818605 ], [ -1.986587469591369, 48.550470497756628 ], [ -1.984232395191378, 48.544499638252915 ], [ -1.9735528835447, 48.544868034671069 ], [ -1.972174677611536, 48.534828825142817 ], [ -1.984244084422203, 48.526482736312062 ], [ -1.985637312250731, 48.51082414750784 ], [ -1.982243599914355, 48.500628720737154 ], [ -1.989933462517713, 48.499212201839221 ], [ -2.001594369188243, 48.491331536742145 ], [ -1.99360730873547, 48.496460725314805 ], [ -1.979897705309532, 48.499021778420136 ], [ -1.981123478075968, 48.509877943150215 ], [ -1.968792588988789, 48.514344623286028 ], [ -1.970494319681656, 48.521499607944776 ], [ -1.964511314592451, 48.526719143370677 ], [ -1.954722983924422, 48.522440139099842 ], [ -1.949656127954438, 48.528137986280555 ], [ -1.950517563420259, 48.534380805945219 ], [ -1.946191812138912, 48.540181785642332 ], [ -1.959642077322216, 48.536475125759921 ], [ -1.969433968764735, 48.536439800540755 ], [ -1.960477900428574, 48.549311333155089 ], [ -1.962789710727123, 48.556012618956878 ], [ -1.970919869885899, 48.557513210577049 ], [ -1.973986217274795, 48.568535264127469 ], [ -1.981364939644774, 48.572703975808771 ], [ -1.986637196228409, 48.584630993790249 ], [ -1.972611121041584, 48.582749913299686 ], [ -1.963060298678696, 48.576438832904543 ], [ -1.955463350568892, 48.57609339456959 ], [ -1.965948675108148, 48.585462915209462 ], [ -1.962282795715534, 48.592990506533376 ], [ -1.973337246536384, 48.589117078364531 ], [ -1.978512890957399, 48.593306959170434 ], [ -2.001533391758469, 48.594308244511872 ], [ -1.99725462710887, 48.603610489643209 ], [ -2.001493026388408, 48.60008205290324 ], [ -2.012295870250206, 48.60395982210585 ], [ -2.005464802151171, 48.609194058882359 ], [ -2.018910359959762, 48.618772690825786 ], [ -2.013281810331787, 48.623431946668944 ], [ -2.019627722136619, 48.629869236273208 ], [ -2.02259068032855, 48.640964657421449 ], [ -2.029238117725127, 48.647108445034668 ], [ -2.026037235756243, 48.651417632741975 ], [ -2.014920460798087, 48.652489550675547 ], [ -1.994587375834012, 48.660778316742125 ], [ -1.983052392111559, 48.671753352463661 ], [ -1.982156713716955, 48.682206640451113 ], [ -1.965777706776977, 48.687327522636124 ], [ -1.961498165137727, 48.680766439960593 ], [ -1.944102560044379, 48.685140766044718 ], [ -1.946881223471249, 48.689328718555728 ], [ -1.938059422883621, 48.69439550470593 ], [ -1.912677976416453, 48.690765055643524 ], [ -1.900720885449505, 48.690978237469018 ], [ -1.89225358039907, 48.695952952023674 ], [ -1.886912094495861, 48.699344315535356 ], [ -1.877327693936594, 48.69569895860846 ], [ -1.862868238189229, 48.699966783404633 ], [ -1.854064922187358, 48.706079583952842 ], [ -1.849600818002169, 48.702082771196245 ], [ -1.847044940816496, 48.69021597485154 ], [ -1.837260748704167, 48.67936740217192 ], [ -1.844293708036308, 48.677638776811293 ], [ -1.851367835547642, 48.670732648220181 ], [ -1.862615258422107, 48.667786604041119 ], [ -1.864250783002284, 48.657283206243783 ], [ -1.872129573575193, 48.647160488712544 ], [ -1.864502807359349, 48.632260222147792 ], [ -1.857356797491478, 48.624580137177233 ], [ -1.845518471689752, 48.61641861232669 ], [ -1.83983713518304, 48.614069789793817 ], [ -1.810360663530985, 48.608099389919865 ], [ -1.790970422691534, 48.606010982937647 ], [ -1.76823005407877, 48.60231461733791 ], [ -1.767647655783593, 48.602424480597215 ], [ -1.748188756613024, 48.605128802969965 ], [ -1.705450117754864, 48.606823014092633 ], [ -1.67871950456687, 48.610704342516939 ], [ -1.668590461471139, 48.610475204163606 ], [ -1.665039724016328, 48.60992609747121 ], [ -1.637442259343942, 48.614694280887001 ], [ -1.570855605611888, 48.626238395158701 ], [ -1.565549104602377, 48.614357789261199 ], [ -1.55480735344496, 48.609192335011464 ], [ -1.544013566197831, 48.606076849310568 ], [ -1.537255093893398, 48.598925910118631 ], [ -1.544273979105596, 48.587133001590288 ], [ -1.543108377614669, 48.579933328372519 ], [ -1.528163790503723, 48.578859185399018 ], [ -1.528347369653088, 48.574954390303766 ], [ -1.518966714209031, 48.566669755802572 ], [ -1.527414228256811, 48.56173318314648 ], [ -1.526420328777663, 48.556721678825419 ], [ -1.533512511018687, 48.553243597141623 ], [ -1.532958640868713, 48.546155521778111 ], [ -1.522958295982773, 48.541988255391118 ], [ -1.517863314999818, 48.52980005035964 ], [ -1.515303400165222, 48.530335316926433 ], [ -1.507907817186904, 48.52301239399938 ], [ -1.50479627649416, 48.515203997237478 ], [ -1.495558494789289, 48.508683701475555 ], [ -1.489722033001792, 48.496177314942436 ], [ -1.489922091533117, 48.489316336910186 ], [ -1.473638648109226, 48.485287352167511 ], [ -1.4663851485026, 48.488461965110993 ], [ -1.459424850848578, 48.484750167803419 ], [ -1.449762341445509, 48.487545710298456 ], [ -1.434879836847168, 48.477917686226995 ], [ -1.440924227705053, 48.471934876868353 ], [ -1.421903418710203, 48.46034369386301 ], [ -1.415259714052448, 48.462885230307194 ], [ -1.408120177885232, 48.460033259322408 ], [ -1.399478510866065, 48.461018191306721 ], [ -1.392615562473676, 48.461132013801304 ], [ -1.383657554722007, 48.456795324676975 ], [ -1.371454241474639, 48.459854178499754 ], [ -1.365285571946786, 48.466372127776822 ], [ -1.35689867325662, 48.466773286450312 ], [ -1.344621643807165, 48.47314120532161 ], [ -1.349453829820614, 48.481690974514756 ], [ -1.337629898175886, 48.491294686917236 ], [ -1.330383616913677, 48.486140080363192 ], [ -1.327989622431335, 48.498038877001839 ], [ -1.300638295401826, 48.499036654498369 ], [ -1.287499622266665, 48.509593222146044 ], [ -1.279031876272067, 48.509289709463417 ], [ -1.268582021391788, 48.52966392656819 ], [ -1.272764895451198, 48.533886428555604 ], [ -1.262794452778119, 48.540184153045509 ], [ -1.249255304198425, 48.543713237124791 ], [ -1.248928927039191, 48.543687073902547 ], [ -1.238869156228038, 48.53772148694388 ], [ -1.217473133176085, 48.53705609344108 ], [ -1.206845564935868, 48.542318195794721 ], [ -1.192894005839491, 48.528810612092165 ], [ -1.188498782858255, 48.528748589151419 ], [ -1.166710400098261, 48.530249122410758 ], [ -1.161979693875049, 48.524324516730267 ], [ -1.155730888273675, 48.519744652792902 ], [ -1.139221467838312, 48.51840431143971 ], [ -1.133472286124524, 48.522256456573466 ], [ -1.1172320694785, 48.521718910460429 ], [ -1.103907380937548, 48.513124414261966 ], [ -1.091202011000594, 48.510480348394694 ], [ -1.070079830603676, 48.508817395538607 ], [ -1.066950341519174, 48.504702670460254 ], [ -1.075416896151631, 48.500672257530901 ], [ -1.078532922388656, 48.489466528071624 ], [ -1.072256207356287, 48.484375452879632 ], [ -1.075364646428318, 48.477382995481207 ], [ -1.071051104123856, 48.46939137415815 ], [ -1.063924211183882, 48.467308033206571 ], [ -1.067055322310441, 48.460205027642587 ], [ -1.065229158825698, 48.451423414347929 ], [ -1.081210169438272, 48.441137438977258 ], [ -1.083028851560988, 48.434284299365686 ], [ -1.078067198645622, 48.422152263254972 ], [ -1.07890604718041, 48.4183155102399 ], [ -1.080460946213374, 48.416938635556789 ], [ -1.063650133454148, 48.399497474466848 ], [ -1.063006625427809, 48.394482862191552 ], [ -1.053023121136319, 48.380972392559265 ], [ -1.057074417590096, 48.379146360248036 ], [ -1.063312431657967, 48.371308426975723 ], [ -1.055397000807778, 48.362069288586177 ], [ -1.060581075713487, 48.355134091505533 ], [ -1.055976843534168, 48.341145360745195 ], [ -1.045086589055988, 48.32780932009571 ], [ -1.061340490224428, 48.311450559035222 ], [ -1.061363831380945, 48.311192997656114 ], [ -1.082886059191532, 48.297592087702917 ], [ -1.09039387136759, 48.289449359678322 ], [ -1.093602278208404, 48.272929291802619 ], [ -1.099991341899353, 48.268474188693574 ], [ -1.099295747692069, 48.250104161448583 ], [ -1.090173949545252, 48.23912488131883 ], [ -1.080681236792815, 48.219629092227962 ], [ -1.087215566566919, 48.210126461031912 ], [ -1.081656130700099, 48.204775949936511 ], [ -1.07439838900087, 48.201623697211538 ], [ -1.076679143333152, 48.196763364302456 ], [ -1.078605486820332, 48.179952605221736 ], [ -1.072780062344702, 48.165849498036422 ], [ -1.07441748073514, 48.159320053499975 ], [ -1.064167254437014, 48.160833390061327 ], [ -1.060319613451453, 48.150223198011801 ], [ -1.061128364423597, 48.136739542245834 ], [ -1.059368888686405, 48.12570584353719 ], [ -1.054015823167146, 48.116998793826006 ], [ -1.053081736472421, 48.106104112091479 ], [ -1.049342043369453, 48.089746432596456 ], [ -1.040786311428457, 48.078299761856044 ], [ -1.025375254464682, 48.069883989984206 ], [ -1.028256906431404, 48.060628086753816 ], [ -1.033570038596515, 48.053046659102577 ], [ -1.026561841677367, 48.045602492299345 ], [ -1.032822437671566, 48.030989968432785 ], [ -1.02137662075474, 48.01758744196399 ], [ -1.016861342559743, 48.008756309914837 ], [ -1.019891759824552, 47.997098231360525 ], [ -1.030445621920622, 47.992569295382815 ], [ -1.038156983537986, 47.991572915916038 ], [ -1.049259629039929, 47.984581336535918 ], [ -1.063671876352472, 47.985412977206913 ], [ -1.068166966676853, 47.983069542742747 ], [ -1.078911657338726, 47.984450653039154 ], [ -1.0929587335161, 47.987564942308708 ], [ -1.114076914663737, 47.98877939892445 ], [ -1.125187565568443, 47.986758840285439 ], [ -1.128272051826213, 47.981744657665125 ], [ -1.125268868446852, 47.971585993525075 ], [ -1.148586000918187, 47.968060483171122 ], [ -1.156569170305495, 47.964163653076753 ], [ -1.16156104268115, 47.952824819195101 ], [ -1.159953046809931, 47.939363922191149 ], [ -1.167312182361693, 47.934127407424455 ], [ -1.163416198543322, 47.927635505011644 ], [ -1.171741933999264, 47.912487005802376 ], [ -1.176789110545367, 47.907399409925141 ], [ -1.176033526267554, 47.897529955292583 ], [ -1.181923140912565, 47.892102908756094 ], [ -1.196790780882952, 47.889124111103605 ], [ -1.19669655135088, 47.877327446630709 ], [ -1.190251209791741, 47.873963766181042 ], [ -1.189041073525995, 47.867864088481653 ], [ -1.197196731133821, 47.863900676416826 ], [ -1.203132359260467, 47.856895187736349 ], [ -1.213020567582078, 47.857317089263468 ], [ -1.222917524563715, 47.852424810152002 ], [ -1.214727942725864, 47.847026235710281 ], [ -1.216048364368514, 47.836135421523004 ], [ -1.222944162992473, 47.819322218817078 ], [ -1.231861613880758, 47.820426228479022 ], [ -1.238113396352343, 47.809817108572872 ], [ -1.240198710570115, 47.802280537568194 ], [ -1.240768174832665, 47.793506300622241 ], [ -1.246066514660124, 47.776729793894347 ], [ -1.290598812665268, 47.785731691634403 ], [ -1.318181620504528, 47.79232851874373 ], [ -1.337267112752326, 47.794659683836429 ], [ -1.339998440978726, 47.795213761951615 ], [ -1.365056274030645, 47.79910277801558 ], [ -1.364664261772879, 47.806612483605079 ], [ -1.377977446680895, 47.810021230780684 ], [ -1.376960753829793, 47.815531616068533 ], [ -1.381395090074714, 47.82302135805844 ], [ -1.393523836898432, 47.82929688281839 ], [ -1.405490429737971, 47.824430551604522 ], [ -1.409493564673804, 47.827409614219846 ], [ -1.414644904483666, 47.827463471581929 ], [ -1.423382004882995, 47.832737068959013 ], [ -1.439550381589237, 47.830483947531896 ], [ -1.447315131660248, 47.833221829208313 ], [ -1.454548927394853, 47.831071998297816 ], [ -1.460799888165139, 47.835349437713241 ], [ -1.479908505644608, 47.835182774962725 ], [ -1.482788353962592, 47.831613733869943 ], [ -1.475035614200418, 47.825242123136086 ], [ -1.467157915673666, 47.80981700912016 ], [ -1.468574947650235, 47.805996649710544 ], [ -1.473968281366622, 47.801778273044214 ], [ -1.491004677359945, 47.798162833864026 ], [ -1.502884571955472, 47.801452144851361 ], [ -1.512377104430503, 47.797188606536842 ], [ -1.520784963836926, 47.793354673791512 ], [ -1.529050882014109, 47.784775530915852 ], [ -1.550088429789187, 47.78285964125989 ], [ -1.575402300546524, 47.778270111184909 ], [ -1.586619607676497, 47.779707090928554 ], [ -1.594045012940447, 47.775674354356774 ], [ -1.598176511407591, 47.766489240116321 ], [ -1.60455826519965, 47.762880788452833 ], [ -1.622020813348629, 47.763979949530892 ], [ -1.627338019054927, 47.759652197992189 ], [ -1.628278926738749, 47.75216513977648 ], [ -1.636504659035742, 47.742438352236128 ], [ -1.639880772739509, 47.726066477419401 ], [ -1.638181128593075, 47.722311095754719 ], [ -1.644307067932595, 47.722138174718239 ], [ -1.655674277059394, 47.715299735172437 ], [ -1.664963356441007, 47.712705885551017 ], [ -1.683073512826639, 47.711444162525495 ], [ -1.688936289792247, 47.713408193855884 ], [ -1.707349227668444, 47.714391923700987 ], [ -1.703621814361073, 47.700468833960187 ], [ -1.722120172163687, 47.698349365586829 ], [ -1.732659484632452, 47.701741536518803 ], [ -1.737615101898901, 47.704833659946331 ], [ -1.752129938152434, 47.707478599587802 ], [ -1.771094101489531, 47.698261234164448 ], [ -1.78573031378956, 47.699757272624737 ], [ -1.796394707189063, 47.70083663267112 ], [ -1.829704997972765, 47.709163543179443 ], [ -1.837853494493999, 47.706914719732417 ], [ -1.853359506259336, 47.708253725675213 ], [ -1.862083506176221, 47.707694432700322 ], [ -1.866702302978703, 47.701909307105083 ], [ -1.882780763876608, 47.695205407137735 ], [ -1.884868932459825, 47.695937832923029 ], [ -1.896540087415354, 47.695929838275745 ], [ -1.935125471801108, 47.687050725548374 ], [ -1.941398728148765, 47.684258509061635 ], [ -1.956539615602638, 47.671201017772589 ], [ -1.967923602108587, 47.67238832377501 ], [ -1.96903465886541, 47.689765030150753 ], [ -1.972636796536345, 47.694139055805451 ], [ -1.973559132672858, 47.694446099401596 ], [ -1.987436313252159, 47.681477064088426 ], [ -2.002948459640949, 47.673532541482388 ], [ -2.01221933887908, 47.666548338760279 ], [ -2.028864562863726, 47.66696977914107 ], [ -2.038901674284378, 47.669699090996666 ], [ -2.043087244673985, 47.665688791625414 ], [ -2.054007942625626, 47.649283789352239 ], [ -2.081454606438231, 47.650146509761775 ], [ -2.096713047670399, 47.631670688243055 ], [ -2.085097953591394, 47.621830149556473 ], [ -2.085381312192021, 47.606800749248286 ], [ -2.088058541719981, 47.602247988474971 ], [ -2.101807256736596, 47.596255918082846 ], [ -2.103292315844165, 47.588320946698424 ], [ -2.100054363491847, 47.579583349634404 ], [ -2.105058971071423, 47.57753765234353 ], [ -2.096676624587756, 47.572678348709211 ], [ -2.104825114385476, 47.548926917691389 ], [ -2.096940227345461, 47.54070487347645 ], [ -2.098833050680169, 47.533450020905825 ], [ -2.114456915208287, 47.528460242815946 ], [ -2.128232187859478, 47.529641225302811 ], [ -2.135048227621769, 47.525785792795467 ], [ -2.14399199787245, 47.525089646373864 ], [ -2.156044999402673, 47.522017990897631 ], [ -2.152840693480192, 47.510323782487447 ], [ -2.15425132217299, 47.496447774773642 ], [ -2.163408488706578, 47.490683326816566 ], [ -2.181105742153149, 47.49111974369616 ], [ -2.189813333123503, 47.494331030722257 ], [ -2.192548618071449, 47.500111490802603 ], [ -2.184640386537823, 47.512202280996839 ], [ -2.198465054644954, 47.511186846055381 ], [ -2.215141604372196, 47.508441613580636 ], [ -2.229245978208409, 47.498937962452821 ], [ -2.243765236783939, 47.49388830731354 ], [ -2.265608877734048, 47.501791596620549 ], [ -2.257194005887729, 47.50517809880894 ], [ -2.254866677269935, 47.511634382310575 ], [ -2.28232744452436, 47.510837710364129 ], [ -2.297028062940339, 47.515846922598847 ], [ -2.298543359571946, 47.515885304621555 ], [ -2.29677521480788, 47.509201219853104 ], [ -2.304061528010595, 47.491539984658075 ], [ -2.313141166512451, 47.485904562589866 ], [ -2.314367155337938, 47.476349181210999 ], [ -2.311691334453091, 47.4651432496483 ], [ -2.317449469232151, 47.461142146012904 ], [ -2.359802528911806, 47.457213154734525 ], [ -2.368246639441273, 47.464307763470828 ], [ -2.377632999999043, 47.462756069039827 ], [ -2.389280444871847, 47.457097192702712 ], [ -2.398326509031043, 47.4559339636183 ], [ -2.416604538301713, 47.46010135792546 ], [ -2.419483808482579, 47.47318944074101 ], [ -2.423109759856177, 47.477225091652613 ], [ -2.433901109257504, 47.472595079463417 ], [ -2.437550212372666, 47.466067705608623 ], [ -2.453174055546147, 47.462488176581118 ], [ -2.453155017945445, 47.455961630223079 ], [ -2.458774324432844, 47.448061405787499 ], [ -2.468556355214377, 47.449566839642898 ], [ -2.472423269671957, 47.445496608973436 ], [ -2.483082567944644, 47.443544084612093 ], [ -2.494498024196317, 47.449929655055726 ], [ -2.499977181735778, 47.458126574112278 ], [ -2.493735861295044, 47.46176586483633 ], [ -2.488078948016113, 47.471157653313561 ], [ -2.491361328173781, 47.477562770475458 ], [ -2.501206349586119, 47.488215356936827 ], [ -2.493732398167148, 47.496603116427792 ], [ -2.480075770236043, 47.495006780745399 ], [ -2.464454703820483, 47.487171382819099 ], [ -2.451851066522364, 47.49053747171245 ], [ -2.447154106706435, 47.49459595249072 ], [ -2.42632955882079, 47.494297003530143 ], [ -2.423935406296457, 47.489112213153078 ], [ -2.405062054805382, 47.493600781713567 ], [ -2.394790245495293, 47.502029273859279 ], [ -2.383899267365834, 47.498796623447134 ], [ -2.393094888609908, 47.50612744918125 ], [ -2.398652751921835, 47.505164131110874 ], [ -2.411437264285402, 47.496410928779049 ], [ -2.424709419099903, 47.500001951755621 ], [ -2.441788881254281, 47.499133006316029 ], [ -2.454356123662928, 47.506992793613989 ], [ -2.466886696295661, 47.5121407313042 ], [ -2.480820999454781, 47.513290787301649 ], [ -2.484929415401429, 47.516360929206819 ], [ -2.500064441099549, 47.517875349781221 ], [ -2.504550512506863, 47.522811103294963 ], [ -2.517854398918941, 47.526974394301128 ], [ -2.54427510324303, 47.522683241284788 ], [ -2.54499114584912, 47.518019943660427 ], [ -2.555318431984426, 47.512345889219034 ], [ -2.568015893819488, 47.51593781129742 ], [ -2.586887063175706, 47.517722459683398 ], [ -2.606105517525057, 47.515173786952353 ], [ -2.609562465385442, 47.509773986146492 ], [ -2.622258363762503, 47.504573142141481 ], [ -2.633859235733487, 47.506171476474627 ], [ -2.633759578313015, 47.511148812760382 ], [ -2.639695745114238, 47.516378828616148 ], [ -2.662963837045889, 47.519478610605255 ], [ -2.668183467165302, 47.512751007854881 ], [ -2.665571641895893, 47.509238529137306 ], [ -2.677099192828834, 47.499620105095126 ], [ -2.685450181548531, 47.496687932719439 ], [ -2.715845253241177, 47.506074487735695 ], [ -2.728796140177787, 47.506734363575241 ], [ -2.73996992949337, 47.500472278430635 ], [ -2.757085777602895, 47.497334782600731 ], [ -2.779655797032774, 47.49595544873555 ], [ -2.797534433490841, 47.485407818635423 ], [ -2.804647538090746, 47.488692242883722 ], [ -2.814913526348689, 47.486799243933973 ], [ -2.834969997224342, 47.492527222533575 ], [ -2.851220432688315, 47.500066433054855 ], [ -2.847186279050915, 47.512164180024335 ], [ -2.869331863417997, 47.530470248692474 ], [ -2.875473670756687, 47.534567027611722 ], [ -2.888712318693644, 47.538039299375924 ], [ -2.90564653656085, 47.537063925072111 ], [ -2.914200738474132, 47.545898193448942 ], [ -2.907993341905224, 47.550485714561681 ], [ -2.908558417030159, 47.558141397127244 ], [ -2.902065373422686, 47.559657703298384 ], [ -2.886348835483874, 47.557448396015857 ], [ -2.858236929812797, 47.550776915953783 ], [ -2.861641573827701, 47.540274089998555 ], [ -2.849133456651748, 47.539975420158413 ], [ -2.841275775080826, 47.543947057354188 ], [ -2.819235373859449, 47.548251522515855 ], [ -2.816598211519263, 47.556138320576416 ], [ -2.799781439274399, 47.547715009589254 ], [ -2.785257741790232, 47.552353851467622 ], [ -2.780806054313634, 47.539824540034523 ], [ -2.756232365055228, 47.537244430306245 ], [ -2.742462194155579, 47.544219717245795 ], [ -2.729660196252409, 47.544103220437506 ], [ -2.730030480249724, 47.550693205193511 ], [ -2.726319461545509, 47.562796095070702 ], [ -2.728894163623774, 47.568135037534311 ], [ -2.716927867355539, 47.57372824522011 ], [ -2.713821485566631, 47.580099707054288 ], [ -2.719505703279838, 47.588888981795392 ], [ -2.722786459383456, 47.592870313485712 ], [ -2.717615982913848, 47.598636493725294 ], [ -2.720944776935662, 47.603334801295098 ], [ -2.734181957357081, 47.603594888938396 ], [ -2.751319677050987, 47.609962356173668 ], [ -2.758223977099456, 47.614772094659976 ], [ -2.764560320133957, 47.613986009136262 ], [ -2.778426018506446, 47.619002535967418 ], [ -2.775651533385668, 47.625450433600491 ], [ -2.763610763520683, 47.62289200234283 ], [ -2.756208391644131, 47.617959109811565 ], [ -2.746362754456097, 47.6187742434428 ], [ -2.742121152370385, 47.627933230250484 ], [ -2.745017119166596, 47.63218299541473 ], [ -2.746679872953723, 47.626295340446632 ], [ -2.762433965244409, 47.633415615806761 ], [ -2.778127871800613, 47.626508232205374 ], [ -2.782562524600472, 47.621104283771629 ], [ -2.801260714992763, 47.618038117083188 ], [ -2.811712230259128, 47.622538417671777 ], [ -2.8277947396593, 47.616067486468779 ], [ -2.839243658310488, 47.616724745434645 ], [ -2.862896467231426, 47.622196832110838 ], [ -2.866743419936574, 47.617752974939776 ], [ -2.863524547520446, 47.6110524912419 ], [ -2.867597430542269, 47.605273953580031 ], [ -2.85890194604113, 47.602221983109523 ], [ -2.86416339463554, 47.596684329066129 ], [ -2.888437905345471, 47.603414956185802 ], [ -2.891775218064296, 47.598302591109565 ], [ -2.888757946412705, 47.592648517379438 ], [ -2.890583228720905, 47.581766188895386 ], [ -2.906446168805906, 47.583170809814497 ], [ -2.903912280902915, 47.587589526499734 ], [ -2.910606756024001, 47.592181236618131 ], [ -2.914890770420966, 47.587509240563712 ], [ -2.925668394643105, 47.585992975594138 ], [ -2.927747945495894, 47.593237558083345 ], [ -2.942118300542633, 47.598399082419803 ], [ -2.950247018405006, 47.610271477767611 ], [ -2.949442899186541, 47.621339535875137 ], [ -2.941245764256142, 47.626085847618384 ], [ -2.935099407840486, 47.625256154450085 ], [ -2.946940411237367, 47.629386286722941 ], [ -2.959044988430004, 47.629348647199684 ], [ -2.955455446198009, 47.639047059121367 ], [ -2.963959875699882, 47.644374155953074 ], [ -2.97341877445698, 47.655050712777864 ], [ -2.981157035090366, 47.655694062332856 ], [ -2.975372667846743, 47.645353390267402 ], [ -2.970283375545842, 47.644304255821147 ], [ -2.971322436722692, 47.635379548708947 ], [ -2.960895606761525, 47.630898713502468 ], [ -2.95603661057829, 47.616652841851277 ], [ -2.964656587186655, 47.606989329191734 ], [ -2.971958026669912, 47.606776075546634 ], [ -2.954791491601407, 47.598318082861404 ], [ -2.963797013309355, 47.590932953687073 ], [ -2.962821617683303, 47.584669441547113 ], [ -2.956194619155689, 47.579510187791563 ], [ -2.947861326835088, 47.579397116228265 ], [ -2.946313310647083, 47.572632902054735 ], [ -2.928408636891721, 47.55426184451283 ], [ -2.937978433147031, 47.553996201833769 ], [ -2.951112509815454, 47.557819192611881 ], [ -2.962263660528532, 47.558081876420864 ], [ -2.968895437177244, 47.561418820100648 ], [ -2.974053220983185, 47.568402187651024 ], [ -2.972238872401305, 47.572306491094288 ], [ -2.991147704627654, 47.580383266746338 ], [ -2.98931871241254, 47.583746075125475 ], [ -2.997945177083369, 47.58541187218345 ], [ -2.993206973281017, 47.577943785663493 ], [ -2.995347402972202, 47.571635498092512 ], [ -3.004105688308416, 47.566489137300429 ], [ -3.011217804086787, 47.574656740621037 ], [ -3.012022942186257, 47.580863952847885 ], [ -3.023077378857971, 47.591866051750252 ], [ -3.028385757518214, 47.58910260491043 ], [ -3.022218342053612, 47.57937041351164 ], [ -3.02969771379226, 47.573565100805048 ], [ -3.038194602229812, 47.573474227483878 ], [ -3.042698960514325, 47.578306931077471 ], [ -3.052455223915581, 47.57797276592909 ], [ -3.06254953518102, 47.57239756315645 ], [ -3.077591230134816, 47.570034513585377 ], [ -3.088663639389802, 47.56498716795236 ], [ -3.106260419831716, 47.573782780487093 ], [ -3.103334970319529, 47.583857235792344 ], [ -3.11294272466581, 47.58752444651514 ], [ -3.125878075347715, 47.598639513382651 ], [ -3.131053183561829, 47.596168885833784 ], [ -3.130412527968125, 47.575406548360242 ], [ -3.126703855014364, 47.572286478733496 ], [ -3.126733134818, 47.561323475254738 ], [ -3.134127858924272, 47.542427268246172 ], [ -3.133365490100546, 47.532616280550812 ], [ -3.125459048720226, 47.511875018237127 ], [ -3.117761707151427, 47.509803574641815 ], [ -3.119720992948321, 47.503017478810634 ], [ -3.117420084289584, 47.496435644455822 ], [ -3.110195076277439, 47.489934793464194 ], [ -3.094255982318658, 47.482802767978406 ], [ -3.090947845979596, 47.474078521808273 ], [ -3.105544883898292, 47.473678323097765 ], [ -3.121105869213798, 47.479716333803829 ], [ -3.131723448475483, 47.475147005157297 ], [ -3.142872685172465, 47.48382294225803 ], [ -3.151382000790689, 47.50404850226564 ], [ -3.14890229134474, 47.508804258282936 ], [ -3.154473849926048, 47.523428980966003 ], [ -3.152444277895198, 47.527654403613823 ], [ -3.141944347236966, 47.53434240182159 ], [ -3.134377103791083, 47.547297718911565 ], [ -3.13808142991214, 47.559814733549601 ], [ -3.139950699516694, 47.579820085255399 ], [ -3.149982625747883, 47.596482087953973 ], [ -3.159401662602339, 47.606781785172942 ], [ -3.170263377604964, 47.612914517082139 ], [ -3.183214268817837, 47.616556460868225 ], [ -3.197443605825228, 47.623916684161934 ], [ -3.197963985901592, 47.62881424268749 ], [ -3.208789498463264, 47.639747277751916 ], [ -3.210399248132745, 47.644031518900427 ], [ -3.204287485233497, 47.649139429432061 ], [ -3.208227002006199, 47.662208405809679 ], [ -3.187497207492265, 47.660830618636965 ], [ -3.200317619821463, 47.663951804438071 ], [ -3.202702274305531, 47.670400616370905 ], [ -3.196090630579038, 47.678078654750692 ], [ -3.162959177893486, 47.686329112707014 ], [ -3.151821816387437, 47.692863557427657 ], [ -3.165393029297301, 47.695552905055237 ], [ -3.17725335908091, 47.694136744267446 ], [ -3.184502470515368, 47.693468465805815 ], [ -3.205549869373468, 47.684655310634021 ], [ -3.200102330467811, 47.681025561736618 ], [ -3.206450572653361, 47.672855703128207 ], [ -3.217455752454847, 47.667543150235069 ], [ -3.211661100469495, 47.66096559863665 ], [ -3.210261964304122, 47.650988332536272 ], [ -3.21374212626653, 47.644799652520959 ], [ -3.240465540333235, 47.66124467880789 ], [ -3.271391299211325, 47.679134356344022 ], [ -3.303546814641367, 47.690028395186502 ], [ -3.321552413163518, 47.693775108794057 ], [ -3.34348036968282, 47.695439595475037 ], [ -3.355103238731251, 47.694162528744371 ], [ -3.352735145754546, 47.700820079569851 ], [ -3.34517932337587, 47.69589083548415 ], [ -3.323261552183774, 47.69942265894192 ], [ -3.310302011651496, 47.693109889110431 ], [ -3.301275593289647, 47.690566409532387 ], [ -3.283734032419428, 47.685867113429936 ], [ -3.280129206389069, 47.688644454041444 ], [ -3.287431155162118, 47.699987578328084 ], [ -3.283681544894987, 47.704184035454958 ], [ -3.304256025614681, 47.702446232438277 ], [ -3.313802227949462, 47.707727206197802 ], [ -3.322958513386981, 47.705076259869813 ], [ -3.341202274689036, 47.70888953814714 ], [ -3.34308080618262, 47.715912851938796 ], [ -3.34771614602837, 47.734354261941185 ], [ -3.323020000198719, 47.735017530625051 ], [ -3.31505234780498, 47.74494475933534 ], [ -3.307377663194179, 47.747404500958936 ], [ -3.301669321708094, 47.758345287061282 ], [ -3.302734354672558, 47.76272927813703 ], [ -3.297429685634092, 47.769278709079742 ], [ -3.286508229050355, 47.768331724735368 ], [ -3.282917876122328, 47.780154890199867 ], [ -3.293234582755911, 47.785655672786561 ], [ -3.295448294588945, 47.793762742893691 ], [ -3.295431401757054, 47.783042705060446 ], [ -3.287359089236109, 47.778564488631829 ], [ -3.287391490999388, 47.772331888952415 ], [ -3.300351082220632, 47.774521544546772 ], [ -3.303046334088465, 47.765246022851066 ], [ -3.311352007084387, 47.762438446923476 ], [ -3.32471628574191, 47.746911358348719 ], [ -3.333927917018739, 47.74312194047824 ], [ -3.344705406892103, 47.741896868200605 ], [ -3.351689082966532, 47.75803615590381 ], [ -3.364126383237696, 47.761455288915144 ], [ -3.354989736237917, 47.757418753565339 ], [ -3.350132681442854, 47.744308144964265 ], [ -3.356034735611315, 47.732551002323618 ], [ -3.36797526471941, 47.725166959567751 ], [ -3.367912676670066, 47.715884893167605 ], [ -3.384618063507002, 47.702710502648316 ], [ -3.411902553238405, 47.70224067733708 ], [ -3.424397744252243, 47.704624863184222 ], [ -3.450163923347112, 47.695207038048871 ], [ -3.460595960784565, 47.698409404625707 ], [ -3.4588162739464, 47.703384583453648 ], [ -3.481373604622738, 47.714862469922835 ], [ -3.487489749725045, 47.722248813228838 ], [ -3.496834956729484, 47.728299311537008 ], [ -3.501973317550851, 47.738036048896824 ], [ -3.50665633300672, 47.74672869572241 ], [ -3.51662384904933, 47.756269896652839 ], [ -3.523197863930658, 47.759669033527459 ], [ -3.529948109061716, 47.774311783244215 ], [ -3.523373132297659, 47.797187071143526 ], [ -3.531882822843222, 47.790542840001713 ], [ -3.528311264452682, 47.786106675668123 ], [ -3.533634253903021, 47.77682054932297 ], [ -3.533067416310677, 47.767028974671426 ], [ -3.539722754606043, 47.762723555893096 ], [ -3.548750306880367, 47.766152918319875 ], [ -3.554786987715393, 47.764399212285348 ], [ -3.564695508068299, 47.768842810848767 ], [ -3.593191207447363, 47.767964625825456 ], [ -3.616094773075587, 47.769999255344736 ], [ -3.645364734749129, 47.774013318358662 ], [ -3.646337196275433, 47.778550027891427 ], [ -3.669970395075402, 47.781604242414701 ], [ -3.674064296654824, 47.776464059998489 ], [ -3.682217841619901, 47.777131719716024 ], [ -3.697180860582971, 47.786035968848239 ], [ -3.723099010359187, 47.799145250253105 ], [ -3.722657288768279, 47.803416112910007 ], [ -3.702866610162314, 47.812427917150906 ], [ -3.697091214921105, 47.819004828452357 ], [ -3.685013480064095, 47.81869769132544 ], [ -3.671199136841568, 47.824425310946168 ], [ -3.651139587749737, 47.821691941362531 ], [ -3.657772733854771, 47.824417116529972 ], [ -3.673209990754006, 47.825430614569683 ], [ -3.686112110364345, 47.820455832852204 ], [ -3.699534264764053, 47.820052696117109 ], [ -3.724697770247797, 47.805065607763048 ], [ -3.734335211004211, 47.803806350641942 ], [ -3.741844994736634, 47.812440034501677 ], [ -3.742892907044212, 47.823693458526591 ], [ -3.748323869619988, 47.838771560532855 ], [ -3.748264603260174, 47.847826877518948 ], [ -3.755056498131792, 47.844101831882099 ], [ -3.757248415778585, 47.836441720306411 ], [ -3.745944131986508, 47.826623967931233 ], [ -3.744800037263878, 47.813944359266443 ], [ -3.738671297450388, 47.799339892049574 ], [ -3.755898356920476, 47.791645677348626 ], [ -3.769824800026879, 47.789994410158592 ], [ -3.786821007570138, 47.79124277678946 ], [ -3.799977100079184, 47.787527734785158 ], [ -3.811212058441506, 47.794081624618478 ], [ -3.82390512109387, 47.797051543754918 ], [ -3.839829567480333, 47.796180479513332 ], [ -3.84996771157907, 47.800403840379346 ], [ -3.868136187526376, 47.811476324099814 ], [ -3.893380614244268, 47.833189472079994 ], [ -3.901673202343976, 47.834327596405686 ], [ -3.896125238090187, 47.849332991100376 ], [ -3.909731958469735, 47.850041732142969 ], [ -3.903530524831564, 47.857356141856464 ], [ -3.915715605533595, 47.869262388752183 ], [ -3.930217323870331, 47.871422247643132 ], [ -3.934474115180338, 47.882536583749186 ], [ -3.947804592348564, 47.888060630855357 ], [ -3.946023885668169, 47.905109787242523 ], [ -3.952029295263946, 47.894418763072977 ], [ -3.958847323570587, 47.897161518818869 ], [ -3.969977635222992, 47.895882540447339 ], [ -3.990165674932886, 47.897143109391642 ], [ -3.984316810832493, 47.887032226608433 ], [ -3.990032335516774, 47.883051806259218 ], [ -3.985115031289647, 47.875788326892696 ], [ -3.984071705479282, 47.860965170663874 ], [ -3.977491203143536, 47.853812451820957 ], [ -4.030539601797332, 47.849535531869215 ], [ -4.039707223870206, 47.844758220638056 ], [ -4.054793782290825, 47.855052194492309 ], [ -4.060308960334825, 47.860938100543144 ], [ -4.073782994952769, 47.864599056940357 ], [ -4.067530636060953, 47.870799610153739 ], [ -4.079862746773251, 47.865137733473027 ], [ -4.098891314860938, 47.862744316018222 ], [ -4.101587332997773, 47.870267066138275 ], [ -4.109998107482845, 47.871184175332658 ], [ -4.116744492947926, 47.876855698343789 ], [ -4.114254392303867, 47.882508441151671 ], [ -4.10571664410228, 47.880849222055559 ], [ -4.116546275922055, 47.884119493423128 ], [ -4.125345494707513, 47.891290584421881 ], [ -4.116563642023119, 47.896117859038725 ], [ -4.127715517919158, 47.892678015487633 ], [ -4.133148024386106, 47.89862576698895 ], [ -4.141391129151799, 47.900422258618846 ], [ -4.144475487463239, 47.909268915558236 ], [ -4.138611951451344, 47.925601105949546 ], [ -4.131593101818046, 47.925016475907057 ], [ -4.130509281019958, 47.929735249502436 ], [ -4.117263068494393, 47.930116792045304 ], [ -4.109382576713988, 47.936871650697817 ], [ -4.109615287579998, 47.941946635371814 ], [ -4.079705867790318, 47.935286105427679 ], [ -4.068603060254872, 47.932998048567448 ], [ -4.086562217649315, 47.937897790943225 ], [ -4.109113529598706, 47.949182385040039 ], [ -4.097477074762652, 47.953507295976664 ], [ -4.095754263353697, 47.969674496983842 ], [ -4.101016728787194, 47.970477288408311 ], [ -4.109874142868762, 47.963849499632133 ], [ -4.119324849872659, 47.965303725352165 ], [ -4.11220220528922, 47.960711987535547 ], [ -4.113732022174568, 47.945079036100921 ], [ -4.111052171216912, 47.936897760876434 ], [ -4.118027227499229, 47.93151977752764 ], [ -4.128793354061687, 47.932278554920316 ], [ -4.13277125842078, 47.930247287570367 ], [ -4.131779425837069, 47.927157593052172 ], [ -4.141356146165551, 47.925871235432616 ], [ -4.14204043207757, 47.919414529719916 ], [ -4.149583757168129, 47.910081358936957 ], [ -4.145696478596149, 47.8973031413028 ], [ -4.167634222600004, 47.896732275737236 ], [ -4.176051212801096, 47.907418936475374 ], [ -4.169714036806298, 47.896163944568301 ], [ -4.157669838671136, 47.893080948622874 ], [ -4.138065059579183, 47.894898570039672 ], [ -4.13157200753513, 47.888060463970085 ], [ -4.121606159129983, 47.882845797476833 ], [ -4.122597157615952, 47.878486842459914 ], [ -4.112967162599863, 47.867769622528414 ], [ -4.140459633619616, 47.859460615338207 ], [ -4.151278357976739, 47.854722448408452 ], [ -4.161823597216508, 47.849364589073431 ], [ -4.166377494174034, 47.856712126060152 ], [ -4.169559276449054, 47.865660931655476 ], [ -4.175893011337713, 47.871632135541425 ], [ -4.176567978458809, 47.877606743558673 ], [ -4.18484682919729, 47.880865538659471 ], [ -4.190667327901088, 47.876359143266392 ], [ -4.191958928579347, 47.867547975471446 ], [ -4.196843395465223, 47.862275333996813 ], [ -4.194236946803886, 47.852919262640739 ], [ -4.182134943371946, 47.842216185071194 ], [ -4.177811847535269, 47.83416181288289 ], [ -4.167882140450076, 47.835739607968243 ], [ -4.159058685951162, 47.831298772199197 ], [ -4.165975664181128, 47.814046845996437 ], [ -4.175656802171909, 47.811008395401622 ], [ -4.17642594241758, 47.804991948026753 ], [ -4.183508372397891, 47.800262244365193 ], [ -4.195906595370079, 47.796681577526066 ], [ -4.208265308014147, 47.801420347197279 ], [ -4.217068520959497, 47.793359320096066 ], [ -4.226370303124078, 47.793449656408448 ], [ -4.249878275148194, 47.79122705304983 ], [ -4.272608240621126, 47.791929525757439 ] ] ], [ [ [ -4.86760497065501, 48.038988630143216 ], [ -4.871484901833643, 48.040472988860429 ], [ -4.86738000534877, 48.043984089164489 ], [ -4.86171814241495, 48.040877161960552 ], [ -4.86760497065501, 48.038988630143216 ] ] ], [ [ [ -4.954010125622745, 48.39349451792765 ], [ -4.964721464028475, 48.392367897466897 ], [ -4.967354760258234, 48.398239890352393 ], [ -4.958783283952307, 48.401214637677654 ], [ -4.954010125622745, 48.39349451792765 ] ] ], [ [ [ -5.04959086027135, 48.458960678226063 ], [ -5.060083439981383, 48.449515879473324 ], [ -5.078837691840922, 48.450738772233613 ], [ -5.088716795799193, 48.440822751779514 ], [ -5.11221299262231, 48.436350861153656 ], [ -5.104696307122755, 48.444951559397467 ], [ -5.099235674947554, 48.444722412295562 ], [ -5.092263732298575, 48.452039423387845 ], [ -5.099059383054474, 48.456630689540283 ], [ -5.134438380201566, 48.448626460941334 ], [ -5.141276573546226, 48.449176153535497 ], [ -5.130534183585627, 48.460522956291427 ], [ -5.106474974613381, 48.466760979740648 ], [ -5.106835515990476, 48.47238862220307 ], [ -5.075507352413442, 48.474515279647989 ], [ -5.073616682163956, 48.480005153971483 ], [ -5.065978361859059, 48.481932172563248 ], [ -5.057683343246537, 48.471465463100024 ], [ -5.050126866530944, 48.46675917709581 ], [ -5.034348185398183, 48.462945694202396 ], [ -5.037618149285337, 48.458376631590809 ], [ -5.04959086027135, 48.458960678226063 ] ] ], [ [ [ -4.00712498744934, 48.741353534666807 ], [ -4.013113959427684, 48.744433142705141 ], [ -4.026016312374454, 48.741638149104645 ], [ -4.040794194520399, 48.745788620682021 ], [ -4.023474967446708, 48.751738890265003 ], [ -4.006297257497952, 48.752830102484566 ], [ -3.993868482322108, 48.740743242175071 ], [ -4.00712498744934, 48.741353534666807 ] ] ], [ [ [ -3.473984798078191, 47.627393865779432 ], [ -3.48575038258539, 47.628553213066361 ], [ -3.514965986091033, 47.647472610222124 ], [ -3.496810049755807, 47.653973275405178 ], [ -3.470057566623566, 47.649249993621268 ], [ -3.455646193298683, 47.644920051175703 ], [ -3.430460137742948, 47.643087897913944 ], [ -3.416614646947176, 47.634360310679902 ], [ -3.421354794957041, 47.620440984571317 ], [ -3.432441537147307, 47.623506057007418 ], [ -3.437441355474492, 47.628588994365664 ], [ -3.445565816452182, 47.623327290070812 ], [ -3.462693023367403, 47.620324112115739 ], [ -3.473984798078191, 47.627393865779432 ] ] ], [ [ [ -3.586209903744679, 48.797144465788186 ], [ -3.591050179964065, 48.801774038322385 ], [ -3.579536303285243, 48.806499932910761 ], [ -3.56668021055164, 48.808174106867064 ], [ -3.562360056762725, 48.802942870320273 ], [ -3.570836654913344, 48.795817566074859 ], [ -3.586209903744679, 48.797144465788186 ] ] ], [ [ [ -3.224131281392098, 47.29946570258894 ], [ -3.238242663571114, 47.305535497759834 ], [ -3.24851562612517, 47.313890559382671 ], [ -3.243743226455681, 47.320694077684749 ], [ -3.23678976776043, 47.324323106255328 ], [ -3.24743400913032, 47.330194871912106 ], [ -3.25721582450308, 47.344219990554144 ], [ -3.257061266648199, 47.350721301604693 ], [ -3.262312202885794, 47.356421474009991 ], [ -3.26045889245981, 47.363723400399451 ], [ -3.262263896705516, 47.371825664482955 ], [ -3.249486240034323, 47.378461307347642 ], [ -3.249896993551226, 47.385747444541963 ], [ -3.244265138200515, 47.387256223298067 ], [ -3.23361978880357, 47.37900341637058 ], [ -3.220509546527782, 47.379239368008164 ], [ -3.218456060803964, 47.37335076656764 ], [ -3.201267620274604, 47.372139850119815 ], [ -3.194814965999435, 47.365416018135043 ], [ -3.179071020894272, 47.363989370426133 ], [ -3.172135641492412, 47.361378843906827 ], [ -3.157348501711667, 47.364625416368192 ], [ -3.151787137545047, 47.345487067030554 ], [ -3.145686260680189, 47.343180300088321 ], [ -3.145299440085894, 47.333741412029219 ], [ -3.138257657356282, 47.328667891201604 ], [ -3.12854554018394, 47.329029225604579 ], [ -3.121869140285408, 47.323007270068871 ], [ -3.110940004248762, 47.318975478484234 ], [ -3.092341807486757, 47.31533445381119 ], [ -3.074595034397153, 47.31775138708332 ], [ -3.061570996716397, 47.314414571889564 ], [ -3.068109225926169, 47.297173655110271 ], [ -3.074951428865632, 47.293651232700725 ], [ -3.075767442267987, 47.28633003507516 ], [ -3.086544744491646, 47.283287424504024 ], [ -3.098499406197568, 47.284155577974531 ], [ -3.123771242129922, 47.290674128543152 ], [ -3.136424641760332, 47.287813820372229 ], [ -3.150309083045783, 47.293938172377587 ], [ -3.158279167867818, 47.292481678901943 ], [ -3.160222166515517, 47.296697348448632 ], [ -3.175568989222807, 47.301802933178045 ], [ -3.182512934556493, 47.295517850214544 ], [ -3.195387552273772, 47.293732762305645 ], [ -3.218248992528083, 47.293490145736065 ], [ -3.224131281392098, 47.29946570258894 ] ] ], [ [ [ -2.959944619519572, 47.393570652256273 ], [ -2.947734922949399, 47.389575733982163 ], [ -2.957310448271055, 47.382888853104916 ], [ -2.974697480666911, 47.386219970809819 ], [ -2.981607097121532, 47.392856159134915 ], [ -2.995137951584503, 47.394001522778787 ], [ -2.98854389663431, 47.399232403299344 ], [ -2.968418734101142, 47.392820115096818 ], [ -2.959944619519572, 47.393570652256273 ] ] ], [ [ [ -2.88908813767459, 47.338567225498551 ], [ -2.891818860048493, 47.346129733106714 ], [ -2.883294930069833, 47.34277194636303 ], [ -2.872853853978551, 47.343103527731017 ], [ -2.864769164661687, 47.337093510511515 ], [ -2.880755795407137, 47.332477850384166 ], [ -2.88908813767459, 47.338567225498551 ] ] ], [ [ [ -2.846833417267178, 47.598969541665461 ], [ -2.841999077371371, 47.597572005604263 ], [ -2.850686689914964, 47.586707538255709 ], [ -2.850712534185802, 47.577726272229675 ], [ -2.854462817199478, 47.565908637570182 ], [ -2.862283357287311, 47.568761926016485 ], [ -2.857402648565674, 47.581143984403731 ], [ -2.857059451627338, 47.590226091764471 ], [ -2.846833417267178, 47.598969541665461 ] ] ], [ [ [ -2.808394552409027, 47.586282988714537 ], [ -2.808300486130001, 47.592314980844442 ], [ -2.79862855165234, 47.589908550087529 ], [ -2.803892886242367, 47.581841102924216 ], [ -2.816799300370046, 47.585256225845413 ], [ -2.808394552409027, 47.586282988714537 ] ] ], [ [ [ -3.009206481556285, 48.836301162254927 ], [ -3.007868278630972, 48.846270039088822 ], [ -3.013910113481299, 48.850196008975892 ], [ -3.005459611286919, 48.851435722049644 ], [ -2.998412597209771, 48.845602663291842 ], [ -2.997299562184641, 48.838070608672744 ], [ -3.009206481556285, 48.836301162254927 ] ] ], [ [ [ -2.998551109440166, 48.850797129434667 ], [ -3.013362486824797, 48.857421947910836 ], [ -3.001863010246487, 48.860228118689832 ], [ -2.993902319555294, 48.855095507332734 ], [ -2.998551109440166, 48.850797129434667 ] ] ] ] } },
{ "type": "Feature", "properties": { "insee_reg": "75" }, "geometry": { "type": "MultiPolygon", "coordinates": [ [ [ [ -1.427233733720448, 43.11675505169211 ], [ -1.426606728092287, 43.121588672844034 ], [ -1.415213012798359, 43.127257036680312 ], [ -1.414965462824924, 43.135428910837234 ], [ -1.410721128581131, 43.143251071311767 ], [ -1.416447069246353, 43.149290086472661 ], [ -1.407552885584562, 43.155482921679081 ], [ -1.404451073370134, 43.162423919362709 ], [ -1.401937822344363, 43.178434237094997 ], [ -1.391485487777412, 43.186054094123968 ], [ -1.382858489456113, 43.187474530628464 ], [ -1.38663853458893, 43.194235020095014 ], [ -1.383093015858117, 43.199674595908569 ], [ -1.385223742308242, 43.208673405099283 ], [ -1.380617072962161, 43.214669571503372 ], [ -1.384414464467489, 43.221427841851515 ], [ -1.377720792816976, 43.229776270997206 ], [ -1.37828051093283, 43.235104919879248 ], [ -1.382543607051482, 43.253101462695312 ], [ -1.406938498261604, 43.271839554224385 ], [ -1.413205364128147, 43.273477339014413 ], [ -1.427122946745497, 43.267078257799859 ], [ -1.438456572732493, 43.266576779372791 ], [ -1.446034751439118, 43.269048899152395 ], [ -1.462111432297638, 43.271439852868802 ], [ -1.477200885312649, 43.276896773485184 ], [ -1.482487374856143, 43.283159218539033 ], [ -1.491601531836919, 43.281056802384761 ], [ -1.505955599103223, 43.293519905822478 ], [ -1.529037217920675, 43.293437297627371 ], [ -1.535321462866498, 43.294666574344937 ], [ -1.556367045139219, 43.291086431449884 ], [ -1.565023059354004, 43.28800861631845 ], [ -1.557075237893726, 43.279485182881821 ], [ -1.56337159358511, 43.269959996994551 ], [ -1.568583953788548, 43.257392439592564 ], [ -1.575152488514502, 43.249922016425451 ], [ -1.581534950695846, 43.252866144888863 ], [ -1.600014958854443, 43.254474050071849 ], [ -1.608780024817632, 43.25189874186367 ], [ -1.621743308914602, 43.263629590269979 ], [ -1.630678521145855, 43.285020689427292 ], [ -1.62779920974251, 43.293876768089497 ], [ -1.622258118442858, 43.299555896997624 ], [ -1.623870529886209, 43.305687424088489 ], [ -1.635411672819086, 43.309020655830444 ], [ -1.64413036988923, 43.306625775181544 ], [ -1.654733077344397, 43.312498014862634 ], [ -1.668417786155447, 43.314843341877101 ], [ -1.685604691695965, 43.309401386556871 ], [ -1.695434762944288, 43.312259219287128 ], [ -1.703467007764134, 43.309154848548545 ], [ -1.713666249330244, 43.299894898212258 ], [ -1.720261192309297, 43.300692734092706 ], [ -1.730158393973971, 43.295767261919288 ], [ -1.734390379359404, 43.307433291289918 ], [ -1.741611594107544, 43.317052201061088 ], [ -1.73722540912117, 43.32344762909409 ], [ -1.737874721370382, 43.330528772753105 ], [ -1.752091044365645, 43.332764861702231 ], [ -1.753318575214216, 43.341292320203792 ], [ -1.760934662447168, 43.34412846375826 ], [ -1.762016965689996, 43.34409068788122 ], [ -1.768963274353758, 43.342186456540126 ], [ -1.783818127666874, 43.348649710151442 ], [ -1.789226442432164, 43.354620740859332 ], [ -1.782911206004175, 43.362033868338564 ], [ -1.79062178307077, 43.366827838397036 ], [ -1.788774272954126, 43.374211801399454 ], [ -1.776478441085074, 43.372961310568087 ], [ -1.756407023713702, 43.378669717958353 ], [ -1.754297522110316, 43.383539147724363 ], [ -1.742608427067031, 43.379377682621708 ], [ -1.733155989300665, 43.38012533074675 ], [ -1.724972038736816, 43.384991246736632 ], [ -1.689100538406723, 43.394692447015593 ], [ -1.682885696988195, 43.389808571530637 ], [ -1.670002872650847, 43.388071176875961 ], [ -1.66076556659993, 43.392259209946289 ], [ -1.662290720456498, 43.39896961281034 ], [ -1.657602320805711, 43.404166966488454 ], [ -1.645853394720145, 43.40484972793034 ], [ -1.629175148120838, 43.413288810324097 ], [ -1.620788424710098, 43.421406560128936 ], [ -1.608593920068556, 43.427233694464647 ], [ -1.599719352352357, 43.432437097794882 ], [ -1.592180262589366, 43.444081522645511 ], [ -1.57719148104566, 43.46296891798098 ], [ -1.568534947391389, 43.473988328016986 ], [ -1.566280490906292, 43.480310640415908 ], [ -1.548726391449835, 43.493136858487219 ], [ -1.538489133744753, 43.505333905852353 ], [ -1.520923695484911, 43.528832174611843 ], [ -1.521822150304464, 43.531274796590097 ], [ -1.493625953394934, 43.570458565459525 ], [ -1.482600210329007, 43.586418096627114 ], [ -1.466421516552359, 43.610156045300208 ], [ -1.455220579968918, 43.626784009156182 ], [ -1.446640511624415, 43.643333218838038 ], [ -1.446249955352292, 43.6583987355883 ], [ -1.44342460595447, 43.663709000866078 ], [ -1.441314242247289, 43.683637751388687 ], [ -1.437826262688743, 43.704580029323708 ], [ -1.438669439243575, 43.707586434735973 ], [ -1.428010264972971, 43.741580186125724 ], [ -1.425018069900008, 43.75427190222802 ], [ -1.415529250316337, 43.785354727496994 ], [ -1.410301097645464, 43.783170124505595 ], [ -1.415899368626199, 43.78603911288981 ], [ -1.412575202107602, 43.798170885500312 ], [ -1.40575719685683, 43.814771069204347 ], [ -1.399993921940631, 43.836336781136808 ], [ -1.384108563731915, 43.884389279811408 ], [ -1.37930895008554, 43.897824287550435 ], [ -1.374236985985077, 43.919782172068835 ], [ -1.369609559016178, 43.934344707396463 ], [ -1.361867993538205, 43.964665329497102 ], [ -1.358879304949413, 43.972805746720155 ], [ -1.354620047212641, 43.993825721579917 ], [ -1.351659723774412, 44.00155382581184 ], [ -1.335550839573268, 44.061176743218063 ], [ -1.32726133674238, 44.087490896205821 ], [ -1.324258343542466, 44.088900376306086 ], [ -1.324724762355177, 44.100704579522507 ], [ -1.316839701890896, 44.128925704274273 ], [ -1.308913426372255, 44.159693584901447 ], [ -1.30316787608538, 44.188205759862214 ], [ -1.298349091218909, 44.218521337128301 ], [ -1.287555529350646, 44.270861171487823 ], [ -1.281124570569467, 44.307637227052098 ], [ -1.275337456502676, 44.335850354379964 ], [ -1.268012850937572, 44.374045602986442 ], [ -1.266889971153749, 44.386672081635901 ], [ -1.262294595786867, 44.408438161722657 ], [ -1.253584480494084, 44.467507832264538 ], [ -1.249613723133325, 44.489579558635754 ], [ -1.250655424491152, 44.505844287708477 ], [ -1.256141485323925, 44.521564448213731 ], [ -1.255821741200937, 44.535188174125238 ], [ -1.250500805616853, 44.545569915468988 ], [ -1.236629228579162, 44.566562060028737 ], [ -1.224295008815915, 44.578474456635846 ], [ -1.204349530778204, 44.616101356650361 ], [ -1.203288007707225, 44.624781189501554 ], [ -1.204636839895613, 44.638642449274066 ], [ -1.197046896116029, 44.65060778648472 ], [ -1.194670334307724, 44.658937225434904 ], [ -1.180673327203232, 44.663749834090879 ], [ -1.157416235243045, 44.662864493709421 ], [ -1.139204250794354, 44.653665576551724 ], [ -1.138384561472169, 44.647736399930977 ], [ -1.117932201070087, 44.647330252928271 ], [ -1.118778934492202, 44.639517000603085 ], [ -1.116503119246619, 44.644761951204622 ], [ -1.102345283067359, 44.646325146163228 ], [ -1.083130332421608, 44.640518212571138 ], [ -1.073333066266149, 44.644457722309156 ], [ -1.050666317564293, 44.648884989061429 ], [ -1.044141465801224, 44.647900673406419 ], [ -1.028764207389221, 44.647928650141118 ], [ -1.007319026163121, 44.650078496599306 ], [ -1.000526750810829, 44.643220425566497 ], [ -1.00420473799083, 44.654799480988935 ], [ -1.012602304497558, 44.656969383556209 ], [ -1.017995910005811, 44.668219956857222 ], [ -1.022348909980011, 44.673771431379116 ], [ -1.031762101949071, 44.679487255450091 ], [ -1.035886691094698, 44.677909784150756 ], [ -1.050691869452614, 44.68254643024823 ], [ -1.058353857617786, 44.689202333390071 ], [ -1.057884854895698, 44.693984737172336 ], [ -1.036958083347787, 44.694029350881294 ], [ -1.053515232752728, 44.703643801114126 ], [ -1.053451091184998, 44.706929328707822 ], [ -1.0669001176644, 44.713524117335673 ], [ -1.078369321605903, 44.722623531665626 ], [ -1.086396862049125, 44.726286775766901 ], [ -1.093283396317715, 44.735404348018733 ], [ -1.106755878204702, 44.743353412585122 ], [ -1.118387481940749, 44.744581887775105 ], [ -1.122821713292086, 44.751504667911995 ], [ -1.129918588995978, 44.751908194669106 ], [ -1.160790762383646, 44.77553428607397 ], [ -1.167511496875956, 44.775785577483035 ], [ -1.171713355152145, 44.767204039562415 ], [ -1.179888300274441, 44.758739266767414 ], [ -1.17373568776845, 44.754780889753683 ], [ -1.172983878542217, 44.745676403899658 ], [ -1.181502551640601, 44.743630249941361 ], [ -1.190120523104566, 44.737254833228285 ], [ -1.190896892428833, 44.730937904621044 ], [ -1.204556036069819, 44.717739176502249 ], [ -1.224016815802378, 44.708011862378015 ], [ -1.229103540073047, 44.700720264185662 ], [ -1.236699129242829, 44.683187732246211 ], [ -1.23998131259824, 44.665662369767695 ], [ -1.238888970849549, 44.657966962494335 ], [ -1.245016414382294, 44.647560236340304 ], [ -1.246388887891435, 44.632599139287137 ], [ -1.244362312627916, 44.622845453042054 ], [ -1.251189167164897, 44.621689465360667 ], [ -1.259615832839774, 44.628907379344369 ], [ -1.260974332432732, 44.64202703688089 ], [ -1.255221606329878, 44.689253737836907 ], [ -1.251618399903538, 44.711587767815466 ], [ -1.239381577385816, 44.771159942295384 ], [ -1.232463445992648, 44.809074025934677 ], [ -1.225170843114895, 44.846464705360447 ], [ -1.213964182566421, 44.920776777236782 ], [ -1.204681752019349, 44.976864411971214 ], [ -1.194060833571228, 45.068211701251109 ], [ -1.186325163391803, 45.128502357628051 ], [ -1.174919758375589, 45.203056719985618 ], [ -1.168870303256669, 45.249962012067193 ], [ -1.163293651600106, 45.285147312731084 ], [ -1.161566021315707, 45.296248327492826 ], [ -1.158856549096457, 45.341389567664166 ], [ -1.158501343829341, 45.361201325565737 ], [ -1.159862362258055, 45.390358646063191 ], [ -1.160074663774199, 45.40569506617738 ], [ -1.159075452093953, 45.417298361131031 ], [ -1.150419165630101, 45.441088959566059 ], [ -1.150854071381666, 45.453094394869346 ], [ -1.154872382565046, 45.467500919706247 ], [ -1.150519267090059, 45.486424025487317 ], [ -1.144094701386362, 45.493296357227997 ], [ -1.132422034806714, 45.511500439611225 ], [ -1.116966119988945, 45.525314485719484 ], [ -1.105807124354942, 45.538291907591656 ], [ -1.101057737157647, 45.540381594911949 ], [ -1.093040984951479, 45.564855518010368 ], [ -1.073556275211427, 45.567864061236264 ], [ -1.063694525414504, 45.567426008490543 ], [ -1.060872967213131, 45.559684461404096 ], [ -1.051843950316472, 45.547720954066421 ], [ -1.044273252712695, 45.545424179195159 ], [ -1.03996778920207, 45.536246185436177 ], [ -1.040523058262687, 45.526858951898149 ], [ -1.039433476461571, 45.511865882215851 ], [ -1.035675327069258, 45.508225916985609 ], [ -1.02490844689268, 45.499295121200113 ], [ -1.009357529006354, 45.490173877772293 ], [ -1.003775535283604, 45.491995282980653 ], [ -0.989319680991124, 45.482266158239838 ], [ -0.989724798961226, 45.47716844116502 ], [ -0.973312306541179, 45.463052279668851 ], [ -0.933925103914684, 45.443546163781775 ], [ -0.921394559389721, 45.431906031744944 ], [ -0.894934744831546, 45.412235561748119 ], [ -0.861842677823007, 45.391657057463853 ], [ -0.838150695654383, 45.378024808946044 ], [ -0.811551239745571, 45.356613344732615 ], [ -0.805168467763504, 45.349701540880972 ], [ -0.793902197004997, 45.330032356714867 ], [ -0.78081375285881, 45.309920080268689 ], [ -0.767705967584356, 45.289663987737228 ], [ -0.765347643541909, 45.284022784837383 ], [ -0.751100564931812, 45.248108534737142 ], [ -0.746451997435133, 45.226869740348569 ], [ -0.746809909213859, 45.207043232987068 ], [ -0.745189072742377, 45.199084783602451 ], [ -0.734945938937812, 45.175626821795056 ], [ -0.714722730432432, 45.138747593603014 ], [ -0.711142550170008, 45.130141263858668 ], [ -0.697897124443746, 45.10691454092661 ], [ -0.688818504480859, 45.087895264540201 ], [ -0.680749809692471, 45.076858060342666 ], [ -0.670465804129962, 45.070718464444774 ], [ -0.656392046975491, 45.057314109295604 ], [ -0.653175728199168, 45.049971825110056 ], [ -0.640292302626267, 45.039398410247401 ], [ -0.608542955408796, 45.01540533574105 ], [ -0.585329466393607, 45.005267203570099 ], [ -0.575503112080555, 45.002732699442809 ], [ -0.571276099025825, 45.007327222941527 ], [ -0.572116770265068, 45.011103710733003 ], [ -0.588889092863467, 45.020403448049159 ], [ -0.601078723819254, 45.035688010077457 ], [ -0.599100837883452, 45.037803397381794 ], [ -0.593893674851542, 45.03920467384112 ], [ -0.596059627713105, 45.045133892737965 ], [ -0.615953772142357, 45.057299101503602 ], [ -0.635941194317349, 45.074302773785668 ], [ -0.638166193843831, 45.077999549217083 ], [ -0.643610162434474, 45.090361213413345 ], [ -0.654060574323261, 45.109704667792641 ], [ -0.667768367009885, 45.126670671231885 ], [ -0.667765731463652, 45.148717584533621 ], [ -0.670993485572672, 45.17258641830837 ], [ -0.672315610648367, 45.176779430716763 ], [ -0.688200283836346, 45.219378495173807 ], [ -0.692393199787881, 45.23660827705033 ], [ -0.69656105005331, 45.256461102739429 ], [ -0.698467429348658, 45.257974589423796 ], [ -0.704038411534991, 45.284567743279915 ], [ -0.718835687447997, 45.327527536324318 ], [ -0.730255308980477, 45.359123559179977 ], [ -0.740092277845889, 45.380826053292473 ], [ -0.751806629525204, 45.399325323699827 ], [ -0.764336329706251, 45.416234027951646 ], [ -0.778513796469384, 45.433554862023286 ], [ -0.799020869452035, 45.45671442203156 ], [ -0.821884675805953, 45.477873073152814 ], [ -0.84755063787415, 45.498827984216071 ], [ -0.861185893408078, 45.507802331312867 ], [ -0.894443170611707, 45.527979530600767 ], [ -0.903205788672905, 45.531542015597424 ], [ -0.928137859159471, 45.545648598587235 ], [ -0.939342157985522, 45.550128282355288 ], [ -0.962874961884147, 45.556853023855375 ], [ -0.97029241424253, 45.560875505562343 ], [ -0.978821027101972, 45.569185049532628 ], [ -0.987644892420667, 45.574675004539877 ], [ -0.988472405636233, 45.583370656684068 ], [ -0.995340226536263, 45.597909784317686 ], [ -1.012246549748249, 45.599770770430084 ], [ -1.010053472263186, 45.612003152997893 ], [ -1.020960440403587, 45.621711098939386 ], [ -1.042234372368937, 45.617630146051646 ], [ -1.049103049438338, 45.62031428076461 ], [ -1.054130713223819, 45.62732840571546 ], [ -1.056786355479339, 45.624969434831925 ], [ -1.077816918302906, 45.638879042908975 ], [ -1.081908050693747, 45.63657470064075 ], [ -1.097176839483281, 45.640395378968705 ], [ -1.099529823540752, 45.644012900436046 ], [ -1.116556427689336, 45.648241289505194 ], [ -1.147143762479725, 45.667987230716278 ], [ -1.161488765196557, 45.675842837671347 ], [ -1.165588161118666, 45.674799351174272 ], [ -1.179129705880775, 45.680985525069588 ], [ -1.204531086440202, 45.696229661623995 ], [ -1.213255930884518, 45.69724348755733 ], [ -1.234522954650047, 45.693750111340634 ], [ -1.237726599656318, 45.7091203915016 ], [ -1.240106063481418, 45.745839940127716 ], [ -1.243740126481348, 45.770539336545689 ], [ -1.243509815897169, 45.779881545016629 ], [ -1.236380008368169, 45.785539657741573 ], [ -1.217740277574684, 45.790105250528356 ], [ -1.213352749781745, 45.793655430262802 ], [ -1.202846106359611, 45.793616438674015 ], [ -1.192020715895508, 45.789329304456579 ], [ -1.171401206652153, 45.795354737490683 ], [ -1.156876077604027, 45.802310532505487 ], [ -1.149197218087225, 45.797784315317855 ], [ -1.139156030889417, 45.798918838089726 ], [ -1.135102174778696, 45.801163149257064 ], [ -1.136835267801478, 45.814632727590912 ], [ -1.140239766764411, 45.822469215198964 ], [ -1.152624003760183, 45.831843060306738 ], [ -1.1507612925612, 45.835390487290503 ], [ -1.156875418669816, 45.842329786762974 ], [ -1.16779598046677, 45.845456519209996 ], [ -1.155777813456683, 45.861010078138314 ], [ -1.145810547217924, 45.861494611004254 ], [ -1.137036301601007, 45.858530526382921 ], [ -1.121448927065256, 45.857960802187847 ], [ -1.105922427516902, 45.866864608004278 ], [ -1.098608647924391, 45.878885841458221 ], [ -1.095495585256103, 45.884351280208641 ], [ -1.080872707877691, 45.898703488774032 ], [ -1.07312486073328, 45.915935754341547 ], [ -1.074754329820423, 45.926538641531032 ], [ -1.077388743382269, 45.937318094379066 ], [ -1.098344448143858, 45.94334041990566 ], [ -1.09683016395487, 45.94900841034891 ], [ -1.069513673649056, 45.949561808607093 ], [ -1.072212401403899, 45.953435720102931 ], [ -1.081494349441276, 45.963685274973344 ], [ -1.083332744983843, 45.977532132746617 ], [ -1.086129051124886, 45.981416702264127 ], [ -1.096611257558873, 45.9841314720178 ], [ -1.099382824125494, 45.990859738547243 ], [ -1.080821751987282, 45.996698102553665 ], [ -1.06117165416101, 45.994114554310606 ], [ -1.052973653064954, 46.003785862582824 ], [ -1.053277546289551, 46.013032528894591 ], [ -1.058639522813684, 46.018734759362395 ], [ -1.060930098054482, 46.028646003481768 ], [ -1.056629112647985, 46.034598842749084 ], [ -1.06094238231162, 46.045383515813043 ], [ -1.066521170804067, 46.050059734981176 ], [ -1.083063295790936, 46.052912913527614 ], [ -1.089084834882803, 46.053983398285972 ], [ -1.09360207303512, 46.062218749990016 ], [ -1.094979002474742, 46.079208479766081 ], [ -1.103365159428296, 46.094970954372442 ], [ -1.115578450341337, 46.10290706787535 ], [ -1.131557069561954, 46.102293632823255 ], [ -1.130772158599882, 46.109190644929598 ], [ -1.124100888875661, 46.113678696169345 ], [ -1.127042361877567, 46.125652954936676 ], [ -1.145616514988964, 46.127310376778638 ], [ -1.14914933024182, 46.133157922507706 ], [ -1.16364424079739, 46.141980742366513 ], [ -1.159798072443628, 46.152278054299018 ], [ -1.161721064529186, 46.155663931573024 ], [ -1.187374130959213, 46.151448089663837 ], [ -1.208040620298014, 46.146289499562435 ], [ -1.220502083477361, 46.147401289040793 ], [ -1.225520094861044, 46.157698645329525 ], [ -1.232892796016095, 46.158899288490126 ], [ -1.230806335650941, 46.165762961483367 ], [ -1.219832801186777, 46.173837314498584 ], [ -1.218232016585728, 46.179820527115936 ], [ -1.206693465141711, 46.184332606391663 ], [ -1.201081576206271, 46.190944623617263 ], [ -1.201830407094845, 46.201859785099671 ], [ -1.206519558973084, 46.203612430958543 ], [ -1.199167809281061, 46.212817192493553 ], [ -1.188765927354675, 46.216538471546556 ], [ -1.183014524010966, 46.221343812644115 ], [ -1.171098938489957, 46.223818762168875 ], [ -1.157768810805712, 46.235687007976885 ], [ -1.146402496456644, 46.241143665757974 ], [ -1.139214433037211, 46.25377444648133 ], [ -1.129314879628361, 46.253743884235163 ], [ -1.118591448096283, 46.261505081154958 ], [ -1.106655987641866, 46.262131401442765 ], [ -1.111041121432309, 46.262080296111399 ], [ -1.114849281156439, 46.274410427156781 ], [ -1.123578836186609, 46.294097796728138 ], [ -1.119844586143218, 46.295605426477891 ], [ -1.127753711371228, 46.30568577485181 ], [ -1.118799562220738, 46.31573765218171 ], [ -1.104535589121412, 46.314956132242031 ], [ -1.087791896634528, 46.317741488504829 ], [ -1.073423632329492, 46.327013461408754 ], [ -1.064716320259167, 46.335152844815205 ], [ -1.053691200110429, 46.34951605936088 ], [ -1.052461123981395, 46.342570172197696 ], [ -1.037843310068928, 46.34797889285317 ], [ -1.029220231578337, 46.348918043064074 ], [ -1.013404094359324, 46.355596583726815 ], [ -1.012847717786002, 46.349281302534401 ], [ -0.999565942820296, 46.354834403907716 ], [ -0.995070993573586, 46.350509223652217 ], [ -0.974806128056564, 46.351227912706754 ], [ -0.964967183005549, 46.36533823887342 ], [ -0.964480907063102, 46.365295649754266 ], [ -0.951089728006861, 46.360270866695757 ], [ -0.92744622841523, 46.370739610642332 ], [ -0.934280721017158, 46.360022959687875 ], [ -0.938560415697398, 46.35240905654652 ], [ -0.943136999504129, 46.337091361918347 ], [ -0.955114905459354, 46.32831012595809 ], [ -0.956209818032962, 46.321015087606497 ], [ -0.941678379932929, 46.315858785348915 ], [ -0.912386894327266, 46.313085064745557 ], [ -0.89491921486209, 46.316967451671076 ], [ -0.893541275360181, 46.322795434984059 ], [ -0.887097283073108, 46.326895903027875 ], [ -0.884127589208867, 46.324187049216 ], [ -0.870130967055598, 46.322411467592239 ], [ -0.862917405468145, 46.319125907466407 ], [ -0.849768444885728, 46.317808671446102 ], [ -0.845154060705553, 46.326903361959758 ], [ -0.848873941435953, 46.331716363697026 ], [ -0.840347968156357, 46.340459663507659 ], [ -0.831273253183702, 46.341898441262416 ], [ -0.82630851816956, 46.336804874616142 ], [ -0.807678161141999, 46.332982837624925 ], [ -0.802997899781259, 46.325405977627959 ], [ -0.794067206999479, 46.325089004615876 ], [ -0.78503615400482, 46.319167289373297 ], [ -0.775772136678392, 46.318622001369128 ], [ -0.768714767830205, 46.312373091895509 ], [ -0.758973229451099, 46.311957676797228 ], [ -0.75037750768891, 46.304403557942365 ], [ -0.726870436451881, 46.30354651126401 ], [ -0.724017765851407, 46.309808663358403 ], [ -0.716407787342688, 46.316872431200856 ], [ -0.706445189222301, 46.318360017531099 ], [ -0.697309647680906, 46.325061861257254 ], [ -0.672133390860617, 46.316336333688909 ], [ -0.651988443417846, 46.317515091380727 ], [ -0.643403064111431, 46.319446017659033 ], [ -0.636784690651025, 46.324354902977312 ], [ -0.639495540850108, 46.329034169465132 ], [ -0.637231947101322, 46.337021909528012 ], [ -0.621573413478339, 46.337951641017739 ], [ -0.605067547728004, 46.34733059612099 ], [ -0.603107206576228, 46.361484304530848 ], [ -0.57696204234354, 46.355442810278987 ], [ -0.56203276413426, 46.359559220856767 ], [ -0.557591563127497, 46.364252624456107 ], [ -0.546184548082052, 46.375205562655246 ], [ -0.538147553519829, 46.386353744087955 ], [ -0.550603465807578, 46.393378594820497 ], [ -0.566153043496346, 46.39308180902794 ], [ -0.57239467664203, 46.400810549744776 ], [ -0.582119079030608, 46.4023498070136 ], [ -0.59309176310607, 46.409640407277465 ], [ -0.610031467685055, 46.41373881242226 ], [ -0.613767814150553, 46.409033264602066 ], [ -0.616123754746198, 46.39807500170923 ], [ -0.620910819314993, 46.39067306521131 ], [ -0.634229207749806, 46.395732727809367 ], [ -0.637980146505096, 46.399976012912134 ], [ -0.628959747683131, 46.404070954613658 ], [ -0.639655052573827, 46.410753143935104 ], [ -0.640185209984479, 46.418096319203286 ], [ -0.634638420532546, 46.428924282301836 ], [ -0.636357479664202, 46.432458051570883 ], [ -0.618509550747153, 46.438963805450491 ], [ -0.613778704633579, 46.449054348082363 ], [ -0.608166767225162, 46.454252644571 ], [ -0.615889439278423, 46.460886911797147 ], [ -0.619139646215575, 46.475896832800402 ], [ -0.631166609804528, 46.478596106918701 ], [ -0.624219789671644, 46.487722587887824 ], [ -0.624977849449173, 46.49758960572111 ], [ -0.634428131140355, 46.504792689983269 ], [ -0.645371942961257, 46.508678027330383 ], [ -0.637349567101957, 46.519416965325902 ], [ -0.642039662716447, 46.524879773653616 ], [ -0.627057254925684, 46.529614305538495 ], [ -0.608464781907363, 46.526227515344004 ], [ -0.602234077437418, 46.533354743606445 ], [ -0.603235395853054, 46.542763367823994 ], [ -0.608286101527129, 46.551048275377823 ], [ -0.605517989575073, 46.556834999747714 ], [ -0.610727791369152, 46.564301769652701 ], [ -0.617939922604767, 46.561739327618099 ], [ -0.618601649516052, 46.572616146225997 ], [ -0.624700288155846, 46.577441133288708 ], [ -0.611620370261958, 46.588189912864912 ], [ -0.619136479854812, 46.601292928166501 ], [ -0.626939558948529, 46.605602472866877 ], [ -0.614109179618947, 46.620496001731134 ], [ -0.624595155396463, 46.630473663355538 ], [ -0.634934172501656, 46.637608568711869 ], [ -0.643552455871947, 46.638304675693817 ], [ -0.658180513606265, 46.635637290252483 ], [ -0.659135902422515, 46.640478809993787 ], [ -0.64900117762608, 46.645352266382396 ], [ -0.649119070967177, 46.656210213646901 ], [ -0.636971325580188, 46.66337745418727 ], [ -0.658038437959352, 46.67676863372769 ], [ -0.680242948753035, 46.686529480323337 ], [ -0.674329254182645, 46.691334264444713 ], [ -0.656197565598468, 46.700332703992665 ], [ -0.669320462675569, 46.717548306670011 ], [ -0.678247530595351, 46.725736383586231 ], [ -0.688696151991197, 46.725951715179988 ], [ -0.69638377569799, 46.729526238632516 ], [ -0.694571892861105, 46.741939978545993 ], [ -0.698296316348357, 46.751756981821273 ], [ -0.70393307141757, 46.74945517301547 ], [ -0.71548435523665, 46.751932105826739 ], [ -0.719556343761957, 46.755812383537311 ], [ -0.722208235614171, 46.765155101584376 ], [ -0.727482206163475, 46.767739610557385 ], [ -0.724541626400997, 46.7768760732869 ], [ -0.727467219768853, 46.782309451287368 ], [ -0.720475420714599, 46.789548986305661 ], [ -0.717889023764442, 46.800476463721779 ], [ -0.699006191623421, 46.808888234321316 ], [ -0.707620204350938, 46.815782948295926 ], [ -0.710242518642516, 46.821537480921592 ], [ -0.732952137002759, 46.821652235138799 ], [ -0.738304266861256, 46.829162696202388 ], [ -0.757957149166739, 46.831507405432397 ], [ -0.766650270040062, 46.834352615721798 ], [ -0.773216443299375, 46.840478744001324 ], [ -0.783593272439946, 46.844449237106183 ], [ -0.782813997664493, 46.848958510725872 ], [ -0.794676873479572, 46.860822485715282 ], [ -0.807874183317131, 46.869738633617118 ], [ -0.815511863381296, 46.879726681376013 ], [ -0.83233669780021, 46.884645568903551 ], [ -0.817044496857047, 46.9039835955857 ], [ -0.820891558124286, 46.910945643336539 ], [ -0.813700191856197, 46.914170456126278 ], [ -0.821363187004351, 46.918270240482912 ], [ -0.827356845211118, 46.92521853932589 ], [ -0.829149458657798, 46.933361861291907 ], [ -0.8375571696992, 46.932177021737154 ], [ -0.846802202794161, 46.939581234770294 ], [ -0.847633480994754, 46.944398634747259 ], [ -0.881020587266862, 46.946440093864496 ], [ -0.883985113192503, 46.951295428608958 ], [ -0.874887454774477, 46.95384902673711 ], [ -0.884036745205225, 46.961901855551666 ], [ -0.878997807355098, 46.969071226017313 ], [ -0.889819822885372, 46.97093667179518 ], [ -0.902191394645574, 46.970304853403313 ], [ -0.902497296173433, 46.970619919453583 ], [ -0.903517817618005, 46.971566138563645 ], [ -0.892187110227219, 46.976082414978926 ], [ -0.879568672720178, 46.976065175444397 ], [ -0.860657918674413, 46.968885614718793 ], [ -0.85152326425971, 46.971566460320659 ], [ -0.85708703148633, 46.977741749383071 ], [ -0.847659743808321, 46.986228107489566 ], [ -0.836343116445007, 46.985762386763454 ], [ -0.826568248064399, 46.992643100068129 ], [ -0.811746559090184, 46.994549173903913 ], [ -0.81259703103222, 46.990567554266818 ], [ -0.805101519396442, 46.989540579317804 ], [ -0.808373304041234, 46.991570662187627 ], [ -0.809634551852721, 46.99266114650937 ], [ -0.800661573877551, 46.994377820214901 ], [ -0.792212628455854, 46.9990231542264 ], [ -0.787571945780183, 47.005120225146186 ], [ -0.781773702409434, 47.002141257555031 ], [ -0.773717731087259, 47.004606263853383 ], [ -0.762629680190987, 46.992450380533818 ], [ -0.742980325152172, 46.992011820005729 ], [ -0.739475252950798, 46.998786520864954 ], [ -0.732542579614645, 46.997507651077456 ], [ -0.717809261732959, 46.986902467653302 ], [ -0.712202196310534, 46.986673912302429 ], [ -0.698582450935488, 46.994647610206371 ], [ -0.686802758071352, 46.988029623361442 ], [ -0.680187700385105, 46.987658683502922 ], [ -0.680379648698573, 46.993238042189887 ], [ -0.669936643192798, 47.000802084856247 ], [ -0.651845783293813, 46.998121689191137 ], [ -0.642166726347969, 46.994818053128235 ], [ -0.629751276658346, 46.99679755776129 ], [ -0.620094307879087, 46.993306659968894 ], [ -0.595493292713698, 46.997910291594486 ], [ -0.587194796429065, 47.006227834710728 ], [ -0.587013665777088, 47.009192325930265 ], [ -0.574986763079785, 47.017828403179827 ], [ -0.564868583399012, 47.020141344763324 ], [ -0.561307872506789, 47.030647197777 ], [ -0.548282918065668, 47.029613617005396 ], [ -0.54204169379263, 47.034972128420719 ], [ -0.556265435931605, 47.042695481919374 ], [ -0.559461075007163, 47.061813209219132 ], [ -0.546184014507316, 47.066344821653473 ], [ -0.535313178735419, 47.072199899133281 ], [ -0.515250239638787, 47.078034765451228 ], [ -0.491239685907342, 47.08293367652449 ], [ -0.488177779434133, 47.080939905580529 ], [ -0.467711617608221, 47.083684664423842 ], [ -0.46396709924536, 47.081915334108842 ], [ -0.464184640675542, 47.074358701285917 ], [ -0.478093746605257, 47.071911228373573 ], [ -0.485332265692879, 47.063885058847518 ], [ -0.480320366102587, 47.053338102138468 ], [ -0.476340882846467, 47.054361886687595 ], [ -0.465023577726431, 47.066887942339811 ], [ -0.441122628579675, 47.067721507399902 ], [ -0.426980900935585, 47.072988464898323 ], [ -0.407124150553686, 47.066498203422483 ], [ -0.401197480967704, 47.07074791336408 ], [ -0.396735454963491, 47.083079886757595 ], [ -0.396061041568898, 47.091535342716369 ], [ -0.387114027327242, 47.092275561897388 ], [ -0.376532317366951, 47.088640988634495 ], [ -0.359126875820739, 47.093656658136439 ], [ -0.342223490998776, 47.091880485164452 ], [ -0.340189684559945, 47.087549947194518 ], [ -0.312555359833376, 47.092257212303679 ], [ -0.301311904877291, 47.099119147361591 ], [ -0.284819603147008, 47.102408590870454 ], [ -0.269406818726746, 47.101117340182618 ], [ -0.262620246526156, 47.105698267591983 ], [ -0.254786150201282, 47.100888445585312 ], [ -0.247415139093854, 47.105075817512642 ], [ -0.234070402672241, 47.103603699737377 ], [ -0.210535104290027, 47.096704508714105 ], [ -0.206141944533347, 47.093167294428596 ], [ -0.186649395155068, 47.101400469192114 ], [ -0.185265032866222, 47.10840817635485 ], [ -0.151972913447399, 47.101021422981056 ], [ -0.141401028886231, 47.104126740611214 ], [ -0.140142596145331, 47.0978168476611 ], [ -0.145730145547445, 47.091639738211242 ], [ -0.160968126122867, 47.085632101075788 ], [ -0.178854374765444, 47.070032655891978 ], [ -0.174575277419138, 47.067642725718663 ], [ -0.166010002002347, 47.064698937844163 ], [ -0.157338371590364, 47.070237129747362 ], [ -0.149590413405322, 47.070326109283307 ], [ -0.138838495603304, 47.066273105319709 ], [ -0.137203086735196, 47.056703526414559 ], [ -0.128788401063523, 47.054424247915321 ], [ -0.11771787977936, 47.060284787263704 ], [ -0.102100301736839, 47.065171666779932 ], [ -0.100674089476331, 47.084766411842523 ], [ -0.097222466243819, 47.091662478579387 ], [ -0.085909274640677, 47.101010256765804 ], [ -0.072784013884303, 47.098992139756206 ], [ -0.067711722388945, 47.093561468604236 ], [ -0.060581248369693, 47.095402939637268 ], [ -0.044252818600201, 47.093271816319472 ], [ -0.035430295175217, 47.086867283571955 ], [ -0.029338456655124, 47.095549467654109 ], [ -0.026525153386055, 47.106089747335766 ], [ -0.039317836375208, 47.107995717704554 ], [ -0.041097604904879, 47.113693516838332 ], [ -0.034440170975436, 47.120621206147732 ], [ -0.036094707343503, 47.125176310699196 ], [ -0.012101080036972, 47.156447831541065 ], [ -0.001815351455504, 47.163755985632264 ], [ 0.010550217215619, 47.169608714572917 ], [ 0.018884376849896, 47.175990532410331 ], [ 0.036263717260012, 47.160045473861359 ], [ 0.04619635219888, 47.165634686335821 ], [ 0.053907027919235, 47.163678950409633 ], [ 0.06154242024238, 47.154912598205591 ], [ 0.065606031171013, 47.143067793648669 ], [ 0.078366794848135, 47.146423255145166 ], [ 0.081316303118796, 47.131571403619368 ], [ 0.076424366607868, 47.123852210385976 ], [ 0.084098108369839, 47.118422447245912 ], [ 0.092506034219544, 47.122248640025553 ], [ 0.104556573090564, 47.12080234843274 ], [ 0.106990990227549, 47.128631789483144 ], [ 0.123518832333816, 47.128491810259284 ], [ 0.127060287169822, 47.119833029553966 ], [ 0.140685961438554, 47.124659915503635 ], [ 0.134115947192972, 47.114475713196484 ], [ 0.135180367215869, 47.107114727030272 ], [ 0.159281224932379, 47.10263025227227 ], [ 0.161861698676538, 47.100079255477418 ], [ 0.164396151538131, 47.105394541071654 ], [ 0.181503941415435, 47.115285665548392 ], [ 0.185668349835761, 47.101449617953556 ], [ 0.201166082931548, 47.091296467921026 ], [ 0.187173697053775, 47.082338893738495 ], [ 0.175688821115178, 47.07290027611193 ], [ 0.175706219504387, 47.060735009712779 ], [ 0.189323792062306, 47.060803224938148 ], [ 0.192299057312512, 47.065442197803286 ], [ 0.207955467505261, 47.053322812538674 ], [ 0.233231801868068, 47.064200196426299 ], [ 0.235155279670292, 47.069165010108897 ], [ 0.244215359655443, 47.071502132439761 ], [ 0.267835075821722, 47.067722802176888 ], [ 0.263951647502545, 47.04629304966398 ], [ 0.279509267560398, 47.045939935535067 ], [ 0.298332251383879, 47.054037293617945 ], [ 0.305344161154632, 47.05270029560193 ], [ 0.309333377511091, 47.04420282090328 ], [ 0.305733177059008, 47.038366036992848 ], [ 0.309937965029054, 47.028032213472592 ], [ 0.29860242838609, 47.019661564381657 ], [ 0.30706600433043, 47.011077779297217 ], [ 0.305020688548568, 47.003002452296712 ], [ 0.308114258545471, 46.999959486514975 ], [ 0.304050491654892, 46.990678473688561 ], [ 0.291346648788697, 46.990369159004985 ], [ 0.298081308692455, 46.983728233602498 ], [ 0.30827109447296, 46.978189221182433 ], [ 0.298061858175782, 46.971247984105069 ], [ 0.308043748695886, 46.962834872993966 ], [ 0.302207582765455, 46.955353611494481 ], [ 0.311205151529758, 46.937962501526648 ], [ 0.324970654517775, 46.930548848378578 ], [ 0.339579471545214, 46.936758940658216 ], [ 0.347874107189839, 46.936581679716781 ], [ 0.36072915897229, 46.948460951181289 ], [ 0.36651428558508, 46.949874286026692 ], [ 0.37928156714164, 46.944663775843125 ], [ 0.387748446285492, 46.943854242119826 ], [ 0.405366287032037, 46.936131106338827 ], [ 0.417558742118323, 46.93738148505026 ], [ 0.438641929546827, 46.929485077212448 ], [ 0.444886292448411, 46.941268729382827 ], [ 0.457832788483402, 46.946047422066606 ], [ 0.478843845759867, 46.95038240861701 ], [ 0.491457807007352, 46.955403953451587 ], [ 0.505230677999436, 46.960023964679543 ], [ 0.513734117955581, 46.955475760529033 ], [ 0.521245859653346, 46.958465112475004 ], [ 0.52774117838299, 46.955763477619975 ], [ 0.540101649513391, 46.960348060086787 ], [ 0.554348116044358, 46.958455026255429 ], [ 0.564968669017258, 46.955636091955505 ], [ 0.601578243926087, 46.958833791284654 ], [ 0.601634902686466, 46.972350941001459 ], [ 0.593651410274519, 46.977600930792555 ], [ 0.57889497101474, 46.979460257133923 ], [ 0.573935268207901, 46.983427518591007 ], [ 0.574525101105479, 46.992922302640586 ], [ 0.567072425389722, 47.002627879536163 ], [ 0.567584957560815, 47.006508372373347 ], [ 0.572697578290626, 47.004850530649747 ], [ 0.590565465890949, 47.006662604282546 ], [ 0.619938416886232, 47.007186577959686 ], [ 0.621800743179095, 46.99943441384859 ], [ 0.624100604261644, 46.993753938215015 ], [ 0.637762661675303, 46.985481002502091 ], [ 0.647903657980987, 46.988340012354598 ], [ 0.656171968617227, 46.985719609978602 ], [ 0.658583399414419, 46.97979667444428 ], [ 0.68263024319222, 46.976997337669125 ], [ 0.692886031271278, 46.974131452142586 ], [ 0.695021239670256, 46.962453821382844 ], [ 0.696013053135163, 46.959372417526389 ], [ 0.704622321025423, 46.943325525850057 ], [ 0.706034042689265, 46.935688364392703 ], [ 0.70323754620974, 46.926078521965266 ], [ 0.709042913894067, 46.917746050543691 ], [ 0.703783079468964, 46.909421146430994 ], [ 0.705319717799361, 46.902352991729543 ], [ 0.713933011767371, 46.896940561096891 ], [ 0.729393549407885, 46.883304742186525 ], [ 0.733215087616919, 46.876500168220218 ], [ 0.743543203423276, 46.871720170725588 ], [ 0.753012982916342, 46.860077792780729 ], [ 0.765517470244144, 46.865758105468004 ], [ 0.772169480605229, 46.86303983207759 ], [ 0.766189775931912, 46.856274682698313 ], [ 0.768024047755561, 46.851147240824908 ], [ 0.7904951900727, 46.852488860903556 ], [ 0.796547816694165, 46.847359968195875 ], [ 0.786599392801731, 46.84128361708796 ], [ 0.79506727765605, 46.832743330323552 ], [ 0.804883163855084, 46.831741202444888 ], [ 0.809325343360666, 46.826201723250101 ], [ 0.809806450581192, 46.815890285472619 ], [ 0.810105058272026, 46.814182775515114 ], [ 0.810899315939048, 46.807934186506067 ], [ 0.816932163797014, 46.804296433093263 ], [ 0.81180395474428, 46.795209579353518 ], [ 0.815083519564199, 46.788423650064637 ], [ 0.826146377203442, 46.787737194452163 ], [ 0.8275351841036, 46.777949028860384 ], [ 0.841835457153539, 46.768004167824593 ], [ 0.84755009234913, 46.761087445902554 ], [ 0.859101879381223, 46.760045892869108 ], [ 0.859789285025122, 46.7558775033784 ], [ 0.867407018019655, 46.748192735848598 ], [ 0.884780076007589, 46.739253638287124 ], [ 0.901781050671659, 46.736367076897551 ], [ 0.902882453634995, 46.730545099862816 ], [ 0.913152358029961, 46.725675573227711 ], [ 0.907955785937668, 46.719059741388875 ], [ 0.914427008494551, 46.715953808241224 ], [ 0.9133415022292, 46.710565755071748 ], [ 0.924907727302197, 46.700190158249043 ], [ 0.927739775266223, 46.695998026025812 ], [ 0.916807257461847, 46.69019842169498 ], [ 0.902430304577824, 46.677700877224915 ], [ 0.91066520512758, 46.677376492962672 ], [ 0.911680426115999, 46.67088087295263 ], [ 0.90717958375266, 46.666520328145126 ], [ 0.917900115933617, 46.650483327575344 ], [ 0.906427128592708, 46.648589994682681 ], [ 0.903613171749037, 46.641513680492999 ], [ 0.895704164151278, 46.632204560988114 ], [ 0.894185239083032, 46.62584350010102 ], [ 0.908619023873081, 46.614086497610373 ], [ 0.906953976532277, 46.60762475110073 ], [ 0.915966368782103, 46.596654043780305 ], [ 0.924090934437465, 46.594375892269504 ], [ 0.937684878803364, 46.594426040355863 ], [ 0.936989278167418, 46.586131185885677 ], [ 0.941243513036986, 46.580974442899283 ], [ 0.957362108588537, 46.578161903255165 ], [ 0.963760230408139, 46.571490624696295 ], [ 0.973766236657547, 46.57464960439367 ], [ 0.981917060393038, 46.573548767634271 ], [ 0.989258250880223, 46.565255215082253 ], [ 1.014411538049545, 46.567771388870852 ], [ 1.024628295300171, 46.549700425814066 ], [ 1.020475491124757, 46.537195039165795 ], [ 1.050623614849373, 46.536005862960309 ], [ 1.0641371873282, 46.539658951672386 ], [ 1.077976765581775, 46.535158153695335 ], [ 1.087753697918477, 46.538324058990888 ], [ 1.107822134506644, 46.531816895075416 ], [ 1.123506735110223, 46.522076589921795 ], [ 1.146622676827068, 46.505485305618421 ], [ 1.14884756970492, 46.502119417172906 ], [ 1.1390305358915, 46.496971968119794 ], [ 1.139122170554333, 46.486950457066854 ], [ 1.153381985519713, 46.472648048280519 ], [ 1.151686559943623, 46.470167127805354 ], [ 1.135177979809713, 46.470960823244575 ], [ 1.151835552307016, 46.448648151597077 ], [ 1.168594840450822, 46.446230416906772 ], [ 1.186249550948369, 46.44116921900202 ], [ 1.183564971941836, 46.429365243525019 ], [ 1.195917851342948, 46.429200817223546 ], [ 1.203412971621602, 46.43462498011818 ], [ 1.213221993294786, 46.433128824351115 ], [ 1.206549831743312, 46.422892333996103 ], [ 1.199702170464442, 46.417106572741773 ], [ 1.192045601264857, 46.40562955781828 ], [ 1.19692606097659, 46.401515818893145 ], [ 1.177488901910285, 46.38393064129388 ], [ 1.185918894980971, 46.378012273473729 ], [ 1.19297822857697, 46.377364128904851 ], [ 1.191723611746166, 46.379018653022307 ], [ 1.209951206212948, 46.389860510135932 ], [ 1.212972178727513, 46.387956058775117 ], [ 1.216394592197152, 46.382718928881971 ], [ 1.211459564279199, 46.378974926164858 ], [ 1.214134089938445, 46.370250342803004 ], [ 1.220899219445287, 46.36688568881786 ], [ 1.237950352835991, 46.366397428031512 ], [ 1.251211737832995, 46.377070246759587 ], [ 1.260605891078597, 46.378957607474753 ], [ 1.269299970908775, 46.376383292056289 ], [ 1.279782005187504, 46.376550856225933 ], [ 1.28255281868794, 46.372193687280649 ], [ 1.291342570201457, 46.374979997697174 ], [ 1.303705568168605, 46.371136702610485 ], [ 1.310973226877242, 46.38370626327405 ], [ 1.322850711022194, 46.38505596422916 ], [ 1.318824538919071, 46.392646990878433 ], [ 1.312639938083702, 46.393709458783874 ], [ 1.337727686821094, 46.3978631808655 ], [ 1.344690314546163, 46.401581448378856 ], [ 1.356236713954204, 46.400155976176151 ], [ 1.362484566969959, 46.395761423710205 ], [ 1.376427730016959, 46.383536117925921 ], [ 1.383635329116537, 46.37473188581999 ], [ 1.396702559023381, 46.371930640609719 ], [ 1.409311847176801, 46.361302081016561 ], [ 1.411279398772518, 46.349913752649947 ], [ 1.415617192165738, 46.346901092420225 ], [ 1.421351641899047, 46.351396525830616 ], [ 1.440275744322399, 46.356433089522469 ], [ 1.44008925802805, 46.365794536171933 ], [ 1.446524443474785, 46.374980654164659 ], [ 1.4664643587496, 46.37562963631018 ], [ 1.466216932249738, 46.380967983778859 ], [ 1.472937099847018, 46.383624043332745 ], [ 1.478092474210021, 46.394167286932287 ], [ 1.493275333673741, 46.398596322946638 ], [ 1.497431588868581, 46.394679356594068 ], [ 1.499655900148951, 46.405731389290928 ], [ 1.50954329018093, 46.412631819034544 ], [ 1.511044012582198, 46.420629111835652 ], [ 1.525384691400435, 46.426806152048592 ], [ 1.544267981194909, 46.419064524777035 ], [ 1.546241921165658, 46.393199680930515 ], [ 1.553975630081566, 46.394449834543515 ], [ 1.560820191855927, 46.401200904665032 ], [ 1.574382691607919, 46.406528921948464 ], [ 1.595559819640474, 46.408558454634239 ], [ 1.598876399682171, 46.419604592649513 ], [ 1.60930445415471, 46.423092238724564 ], [ 1.620975890967469, 46.420976007695288 ], [ 1.622492485780199, 46.415835688451722 ], [ 1.614538850905293, 46.406294834191542 ], [ 1.625236734754387, 46.390466449982775 ], [ 1.640507711270826, 46.384658634237525 ], [ 1.655080529474489, 46.395398938158884 ], [ 1.662765540777417, 46.405710980851097 ], [ 1.683732724019817, 46.418178379258272 ], [ 1.691886682334007, 46.408950138772624 ], [ 1.700944908042827, 46.403455552774815 ], [ 1.702062704257814, 46.397942278352552 ], [ 1.709647022168625, 46.392955292287738 ], [ 1.726377230595025, 46.390507245615446 ], [ 1.739542188063073, 46.401273958358736 ], [ 1.750503209883178, 46.405591171850624 ], [ 1.74843128414683, 46.412835216687547 ], [ 1.760072087859737, 46.426973354887565 ], [ 1.752778691514329, 46.445734775573037 ], [ 1.7477911672626, 46.449837241129991 ], [ 1.754636216025173, 46.452313889324145 ], [ 1.786554400141975, 46.455160953653767 ], [ 1.798058364363825, 46.455244741415832 ], [ 1.803089957956007, 46.447020516346768 ], [ 1.816145712386283, 46.440713072705726 ], [ 1.818509698709811, 46.431523023185193 ], [ 1.839650760736489, 46.425848353311565 ], [ 1.846158879972581, 46.43193002036611 ], [ 1.854600879201269, 46.433944895109867 ], [ 1.883557129469119, 46.432728632230287 ], [ 1.884872641041452, 46.441017528769926 ], [ 1.899836509817789, 46.438559168762396 ], [ 1.899881584373771, 46.438584818241509 ], [ 1.909438497699707, 46.443753743261794 ], [ 1.921340317096016, 46.439994427924795 ], [ 1.926218696975162, 46.431916604087739 ], [ 1.944649303183079, 46.434156959047101 ], [ 1.954627003220916, 46.438072412998814 ], [ 1.978585675841634, 46.441613066880521 ], [ 1.990697642188225, 46.435215293448195 ], [ 1.993081706750818, 46.431165030099152 ], [ 2.003675592321127, 46.429236257101053 ], [ 2.019523158593027, 46.42972373392913 ], [ 2.02937948483439, 46.424672223850166 ], [ 2.045558025858488, 46.421133556473244 ], [ 2.063844995350532, 46.421550616100369 ], [ 2.074018657535366, 46.419950501580452 ], [ 2.079022219483862, 46.41280209813668 ], [ 2.088723303337043, 46.410372896423304 ], [ 2.10337746105391, 46.40958211526263 ], [ 2.117830266260586, 46.422035420602207 ], [ 2.126840302448549, 46.419248242071532 ], [ 2.140428340549632, 46.421197406514274 ], [ 2.168141239121184, 46.423979940918045 ], [ 2.18479981462345, 46.423148251797798 ], [ 2.197891520362383, 46.4283234314086 ], [ 2.21384292122476, 46.423208732720859 ], [ 2.233621855393153, 46.422462509008568 ], [ 2.25359625431115, 46.425663737852567 ], [ 2.281089687075233, 46.420473175513202 ], [ 2.282050847852391, 46.410851088209895 ], [ 2.284779367476806, 46.386312457322944 ], [ 2.287678043622613, 46.38226662275612 ], [ 2.298039095150832, 46.384120134910596 ], [ 2.309163009788603, 46.376534674067813 ], [ 2.331637085105768, 46.378056221536298 ], [ 2.336480114123134, 46.369131732102112 ], [ 2.323155807420781, 46.365826053083254 ], [ 2.316907418200615, 46.358382174417109 ], [ 2.305213431593552, 46.35572528495527 ], [ 2.30788392517544, 46.345109269953745 ], [ 2.301944205551216, 46.342452588253266 ], [ 2.31158693691248, 46.34182593549594 ], [ 2.312369827579988, 46.336023302778443 ], [ 2.321502235839259, 46.329167548720008 ], [ 2.330861485271325, 46.328762718288232 ], [ 2.335880559108488, 46.323295394823667 ], [ 2.354676615369279, 46.325844632648547 ], [ 2.361592085381029, 46.319694426396346 ], [ 2.362043742799669, 46.313396138266931 ], [ 2.370692141597441, 46.312727428305614 ], [ 2.376847281776239, 46.316900860336858 ], [ 2.378216643529635, 46.325402763607094 ], [ 2.385870992991168, 46.33203501790247 ], [ 2.388204070413285, 46.331606319202486 ], [ 2.398346627238801, 46.325213637603952 ], [ 2.408573898633441, 46.315092436993616 ], [ 2.420465676851892, 46.310129656549208 ], [ 2.419411951694076, 46.299828889384571 ], [ 2.414215147651039, 46.296908079634008 ], [ 2.42124418681003, 46.284563032288247 ], [ 2.425975000782699, 46.284527541341475 ], [ 2.430623934769306, 46.290490572848505 ], [ 2.44302638391609, 46.294995852221575 ], [ 2.46273981594377, 46.288159411643399 ], [ 2.469894150133273, 46.288182127835064 ], [ 2.479411855920711, 46.275575855498538 ], [ 2.476761517483723, 46.269849152225063 ], [ 2.488912447545952, 46.250003346662865 ], [ 2.506366707510509, 46.244281180566524 ], [ 2.515966007689316, 46.239571389135421 ], [ 2.515302210208916, 46.238615837502437 ], [ 2.516670754088802, 46.221176309519791 ], [ 2.526037945604059, 46.207032868748584 ], [ 2.521765691753661, 46.202561113113724 ], [ 2.528675478636834, 46.192769112027285 ], [ 2.528389741376583, 46.185134386402687 ], [ 2.543692438424229, 46.175603813742029 ], [ 2.550873004771813, 46.177277626096952 ], [ 2.559347328956738, 46.174002360244145 ], [ 2.561887655041684, 46.16381222392053 ], [ 2.559643014526346, 46.159774711258358 ], [ 2.565567174180131, 46.153473303876773 ], [ 2.566299252000953, 46.143146461322679 ], [ 2.559456281887135, 46.138646439717306 ], [ 2.561858091942356, 46.132622370741224 ], [ 2.554059510409684, 46.127505982370828 ], [ 2.550940091677387, 46.119046975400032 ], [ 2.547699828241503, 46.110285724974112 ], [ 2.551006864473556, 46.099636890211698 ], [ 2.552490469219809, 46.093422969302402 ], [ 2.550490893501637, 46.085652720832584 ], [ 2.557322772321938, 46.068774410764384 ], [ 2.56442914072354, 46.064714529958017 ], [ 2.571324243429266, 46.048298491648197 ], [ 2.583907102534706, 46.043588898490448 ], [ 2.602650372750098, 46.032800567050337 ], [ 2.599786052539491, 46.030212351158937 ], [ 2.602482948668126, 46.019115934669991 ], [ 2.598285734667336, 46.015253284455198 ], [ 2.599023587017873, 46.007649343141594 ], [ 2.593148776111368, 45.999260017718143 ], [ 2.593220114180913, 45.990308360851188 ], [ 2.596613431148237, 45.986674353621339 ], [ 2.607924486455118, 45.978700487803088 ], [ 2.611284871277637, 45.971991613391943 ], [ 2.606556007760661, 45.966502020412754 ], [ 2.589640397198528, 45.960660739877881 ], [ 2.569637305415326, 45.958815177512022 ], [ 2.563202639629243, 45.956150249922253 ], [ 2.568646928674139, 45.949261540581631 ], [ 2.551229220374005, 45.941227940149027 ], [ 2.553437307644271, 45.936020936341301 ], [ 2.544253360921246, 45.93241291037554 ], [ 2.543348131618195, 45.915819205775399 ], [ 2.557770481372569, 45.912800372222904 ], [ 2.553339851543809, 45.91174558054739 ], [ 2.543864826157607, 45.907480787901108 ], [ 2.541162333180708, 45.901285169689636 ], [ 2.532217303115194, 45.900695613950148 ], [ 2.514625959117667, 45.890262024060107 ], [ 2.510158479009583, 45.885376404468182 ], [ 2.500392292112383, 45.884940148862391 ], [ 2.503281762028402, 45.878229670969731 ], [ 2.492162308036836, 45.864163817251139 ], [ 2.479998014570629, 45.864757774034416 ], [ 2.479139732980982, 45.870609849574336 ], [ 2.465265642697019, 45.871351025862062 ], [ 2.461760266153731, 45.866884953809738 ], [ 2.443163478420051, 45.866255457109965 ], [ 2.442478591283026, 45.857497279405841 ], [ 2.449452851378141, 45.853954630830202 ], [ 2.447627062406585, 45.845812280353641 ], [ 2.434368570905228, 45.845514349545986 ], [ 2.432729115599945, 45.839040433843522 ], [ 2.423981280976591, 45.834328797443987 ], [ 2.403440726272122, 45.83866263721012 ], [ 2.388332963664561, 45.827535188776849 ], [ 2.389407592029344, 45.82389390543603 ], [ 2.413876467840541, 45.807365805807059 ], [ 2.413017071493687, 45.803055977561606 ], [ 2.424434644698855, 45.797276730292992 ], [ 2.430791940483171, 45.78839568408727 ], [ 2.433916045826129, 45.770173315993254 ], [ 2.444777056592116, 45.758192855842722 ], [ 2.454922370411024, 45.761314874352507 ], [ 2.459166110425852, 45.757433391032912 ], [ 2.468155490784045, 45.75654410542753 ], [ 2.474097413677413, 45.745745155780661 ], [ 2.484316914573488, 45.748565908834131 ], [ 2.492161056092592, 45.737865665083852 ], [ 2.500333624841225, 45.728759345375025 ], [ 2.512557052007014, 45.719786204373541 ], [ 2.518919221589637, 45.706210541795173 ], [ 2.519133224424543, 45.697411749820787 ], [ 2.526930889163201, 45.694869323104861 ], [ 2.52345170299632, 45.687338180559657 ], [ 2.528620446327797, 45.682375656590594 ], [ 2.514595574581676, 45.672079206684579 ], [ 2.512599285873318, 45.669623025707644 ], [ 2.51939681628842, 45.658927289975445 ], [ 2.524269105741332, 45.657117266212282 ], [ 2.518963612261782, 45.647004640302143 ], [ 2.513850501729809, 45.63947162161854 ], [ 2.501596080830891, 45.63861658589822 ], [ 2.488049782650478, 45.64257652246873 ], [ 2.482146411730787, 45.635350021963873 ], [ 2.483284751636882, 45.630696969370796 ], [ 2.47857788227499, 45.620626589700699 ], [ 2.478421072085519, 45.607974762016106 ], [ 2.465685492225897, 45.601112631137859 ], [ 2.466031341134657, 45.593442933079075 ], [ 2.474526131148431, 45.578722010639765 ], [ 2.481504052191658, 45.570954321006916 ], [ 2.491458162868491, 45.568202855479989 ], [ 2.490887768552955, 45.560507364606956 ], [ 2.496652222655162, 45.556860219710224 ], [ 2.508490198709326, 45.552758647205614 ], [ 2.516215956315331, 45.553835835971832 ], [ 2.517887467680856, 45.543202838629995 ], [ 2.514989561639163, 45.53709676271815 ], [ 2.519542671201976, 45.533639541792375 ], [ 2.511335095587875, 45.524588462245553 ], [ 2.520615683692533, 45.521854052565445 ], [ 2.507469251339408, 45.503898218241396 ], [ 2.508478440590029, 45.501139953096349 ], [ 2.514369509938091, 45.493011706638853 ], [ 2.507438527522373, 45.482388230140408 ], [ 2.508404947915298, 45.478343899452504 ], [ 2.509339247078443, 45.472268837986121 ], [ 2.503607545777567, 45.461581040582089 ], [ 2.496877236847727, 45.447256851460082 ], [ 2.496205156974821, 45.436298620079874 ], [ 2.491647428623062, 45.429503765264776 ], [ 2.492336363118815, 45.42338274763155 ], [ 2.487532911810201, 45.418166953267381 ], [ 2.497652924852761, 45.413662655295617 ], [ 2.518121490457136, 45.401902294254768 ], [ 2.522223232887739, 45.402660940448129 ], [ 2.522143874366577, 45.397019155684873 ], [ 2.528183391760475, 45.392002116013188 ], [ 2.5233595831599, 45.381480442152402 ], [ 2.511849258983666, 45.382811304788312 ], [ 2.485767974112902, 45.378946887759938 ], [ 2.480204405333856, 45.369687800051651 ], [ 2.473104986565395, 45.37458110324409 ], [ 2.475069739065041, 45.381106130637626 ], [ 2.462016603692383, 45.384884730926949 ], [ 2.441540069440423, 45.384521610728214 ], [ 2.437875993472113, 45.387858457855828 ], [ 2.43262227231829, 45.393013317465481 ], [ 2.423087332496806, 45.39702759179044 ], [ 2.414885907840095, 45.396261991334612 ], [ 2.398427869623389, 45.40001360519949 ], [ 2.395144062686752, 45.407427600238144 ], [ 2.380852706839119, 45.413544899224618 ], [ 2.369544959524767, 45.416182433337859 ], [ 2.362211753714782, 45.41500184273248 ], [ 2.355172504965759, 45.415069635080492 ], [ 2.349373380479823, 45.412082535652004 ], [ 2.355783546912265, 45.400399746131662 ], [ 2.363861783807742, 45.397504908640286 ], [ 2.369453296665538, 45.386265180501503 ], [ 2.363523237761336, 45.380286681403113 ], [ 2.364497028567189, 45.374680419547616 ], [ 2.367578495692615, 45.365476959253442 ], [ 2.350179576345593, 45.346367390539598 ], [ 2.358645705136396, 45.339184487942475 ], [ 2.359002623425126, 45.335797147993858 ], [ 2.350674526023991, 45.327687213854794 ], [ 2.339942362823283, 45.325869421124082 ], [ 2.31686987295328, 45.322702688896278 ], [ 2.30593313599455, 45.310421353254242 ], [ 2.29992557164104, 45.298996533879723 ], [ 2.288751688274706, 45.287061420448502 ], [ 2.276112743143279, 45.288531857452853 ], [ 2.269420390652892, 45.290298302841784 ], [ 2.261567034567383, 45.283564310915054 ], [ 2.258955390407885, 45.270846757162211 ], [ 2.244646111919442, 45.267232865227754 ], [ 2.237795573796629, 45.259600789318462 ], [ 2.24083103536882, 45.248012564184833 ], [ 2.230322654435656, 45.246857433602415 ], [ 2.221533136044726, 45.23783687382371 ], [ 2.20405052605672, 45.228102094990383 ], [ 2.202802283734079, 45.223156817529535 ], [ 2.191277166542611, 45.223075791739937 ], [ 2.195770390406741, 45.218359143851927 ], [ 2.18953054632732, 45.203843511935119 ], [ 2.197823574823992, 45.200321325334471 ], [ 2.201101992596521, 45.180029463302596 ], [ 2.207962198181117, 45.178938358916149 ], [ 2.222350843429644, 45.170216821867058 ], [ 2.233013652426532, 45.167315490225768 ], [ 2.23041628412426, 45.162095682927969 ], [ 2.207861718712066, 45.158735858236717 ], [ 2.212145902805976, 45.152763749062309 ], [ 2.208299602042134, 45.143553695360836 ], [ 2.201692434141516, 45.138459575015446 ], [ 2.187633833523491, 45.135845822862443 ], [ 2.179075405192197, 45.136302734185016 ], [ 2.181420947613142, 45.125734236680316 ], [ 2.18707549202944, 45.11449474719295 ], [ 2.180539902142907, 45.112603691542198 ], [ 2.180347822108267, 45.095172311964355 ], [ 2.174092570849088, 45.088066649045423 ], [ 2.172542892777392, 45.081377460111746 ], [ 2.164640506282457, 45.085006731574026 ], [ 2.140806560874569, 45.086779523200335 ], [ 2.138191463846981, 45.081364747523459 ], [ 2.130776851912865, 45.081187406129864 ], [ 2.124916190760998, 45.074459313731126 ], [ 2.105210276792576, 45.067270313749447 ], [ 2.102159782890177, 45.062259991016923 ], [ 2.10021025662958, 45.062055169103843 ], [ 2.095198616211745, 45.056044610139615 ], [ 2.099452310944213, 45.047730144030226 ], [ 2.107672903505864, 45.043041964766928 ], [ 2.111652479842032, 45.036457334716616 ], [ 2.114341806888735, 45.024683907592269 ], [ 2.122979343057062, 45.01974675921803 ], [ 2.127646616548443, 45.012145951815548 ], [ 2.141215221493134, 45.005438806232434 ], [ 2.141942352339857, 45.000145392815064 ], [ 2.133174395456815, 44.985600379909286 ], [ 2.113425083054466, 44.985309698882148 ], [ 2.107559540765423, 44.981480107704641 ], [ 2.092896130932057, 44.985849258647804 ], [ 2.089612395587051, 44.984603255222751 ], [ 2.073615473294943, 44.977702663894412 ], [ 2.062878147676085, 44.976619555477463 ], [ 2.053415904835649, 44.975926247670046 ], [ 2.045252728516384, 44.983732593351391 ], [ 2.03049377414948, 44.982007584249047 ], [ 2.017311445639563, 44.977821042005829 ], [ 2.006250986036563, 44.978131589353687 ], [ 1.986007026634184, 44.974839680870204 ], [ 1.966711368628054, 44.962344950607537 ], [ 1.956388472915484, 44.959902007043837 ], [ 1.950838524811814, 44.953265748434021 ], [ 1.942459496487478, 44.956999754591131 ], [ 1.940153792674871, 44.971832470954922 ], [ 1.926487023913925, 44.977843390825477 ], [ 1.907638613335303, 44.977837295621143 ], [ 1.889829182045524, 44.964062301492369 ], [ 1.887034719991306, 44.956346297339046 ], [ 1.87898820866644, 44.956023250559198 ], [ 1.851110159672788, 44.946227188561352 ], [ 1.844781469917443, 44.943040628686916 ], [ 1.842782282495484, 44.937129055776573 ], [ 1.829560912849565, 44.934208223379159 ], [ 1.823330528584561, 44.927243148187998 ], [ 1.804590432046626, 44.926088683162661 ], [ 1.800885803294183, 44.920381290806986 ], [ 1.800169264795483, 44.92028441165639 ], [ 1.802396410433497, 44.925611232045206 ], [ 1.798313011921433, 44.930438645233082 ], [ 1.790843008297355, 44.93202258789578 ], [ 1.785698293374022, 44.93690824966292 ], [ 1.786905193938078, 44.932103044940405 ], [ 1.774600312971427, 44.923560437978502 ], [ 1.774032935566914, 44.924525780446189 ], [ 1.767161553188432, 44.933651630216076 ], [ 1.7527603357983, 44.936792996087895 ], [ 1.753983673093301, 44.940847127798754 ], [ 1.750699856779004, 44.955873401836577 ], [ 1.740631396679533, 44.960566582367306 ], [ 1.723711260365576, 44.968344760330538 ], [ 1.713449602578536, 44.967826718251061 ], [ 1.711032650874585, 44.967296262783769 ], [ 1.708871030049772, 44.969615157623757 ], [ 1.703420040422913, 44.986564712989882 ], [ 1.692262432262517, 44.992601618421091 ], [ 1.684359886092044, 45.002551725420986 ], [ 1.671409792312605, 45.004301541496055 ], [ 1.664989348635942, 45.012245511415621 ], [ 1.656172983143914, 45.015140814607498 ], [ 1.651787061226862, 45.025247343023459 ], [ 1.635637886512165, 45.029251515574728 ], [ 1.632488766390407, 45.032101741222938 ], [ 1.625428091332834, 45.033536678286033 ], [ 1.60905876557787, 45.028947857845701 ], [ 1.608073833240117, 45.033524610250645 ], [ 1.593211342359625, 45.034823695707374 ], [ 1.577139643370406, 45.04064493520476 ], [ 1.56997214919671, 45.039547231950507 ], [ 1.551968597623306, 45.028367687687911 ], [ 1.544536113615639, 45.02904163211749 ], [ 1.540407015608393, 45.04635715000925 ], [ 1.526737795773906, 45.044160854696898 ], [ 1.514625952276473, 45.041282128253407 ], [ 1.482541358019539, 45.03018974676904 ], [ 1.47994415565985, 45.026592649855651 ], [ 1.476780964482483, 45.026682698323036 ], [ 1.4751233153914, 45.018026452347648 ], [ 1.464126558419617, 45.014274873874321 ], [ 1.455458382278751, 45.015031165434443 ], [ 1.448238541939882, 45.019410097788665 ], [ 1.431882985998266, 45.010255492578985 ], [ 1.409104974235212, 45.006861331244714 ], [ 1.41344820875067, 44.999228070624731 ], [ 1.411792286785819, 44.986630900584956 ], [ 1.417589566777677, 44.980637489357782 ], [ 1.412463652008818, 44.973550966084836 ], [ 1.421400950864048, 44.968621594624885 ], [ 1.419086812365699, 44.956217031242701 ], [ 1.433111496237296, 44.946107069479694 ], [ 1.433103841337775, 44.937215061535241 ], [ 1.44196421467645, 44.920906708539214 ], [ 1.4132442618626, 44.913226710441847 ], [ 1.410745294429288, 44.908879240161568 ], [ 1.42141497875424, 44.906328860509717 ], [ 1.417884691508674, 44.90061881238455 ], [ 1.431432361482655, 44.890815111685278 ], [ 1.439700508537443, 44.888962132488906 ], [ 1.44206437362752, 44.87837279651221 ], [ 1.431597953577191, 44.871743525466293 ], [ 1.41913470563195, 44.87073108783855 ], [ 1.411558633757183, 44.872766200929313 ], [ 1.409116666268433, 44.864911105032796 ], [ 1.405522889363234, 44.863668157370924 ], [ 1.402868810857283, 44.850805697595902 ], [ 1.402840492817954, 44.849308628996162 ], [ 1.392073302445073, 44.849509765814375 ], [ 1.377144954332163, 44.841824449609732 ], [ 1.372849104660061, 44.846934149924692 ], [ 1.365436902855037, 44.845215088066887 ], [ 1.361552778646785, 44.841069424797226 ], [ 1.36010205447885, 44.825295144233031 ], [ 1.365951149176555, 44.815182185319848 ], [ 1.364096000558674, 44.81163382124992 ], [ 1.356480407022392, 44.810289325508336 ], [ 1.339065669087204, 44.805587628123128 ], [ 1.325327807086827, 44.805990681000623 ], [ 1.301515786421454, 44.797929032507362 ], [ 1.293400429775331, 44.789823053129894 ], [ 1.302983152393068, 44.789207401653165 ], [ 1.30398110579118, 44.784044667498108 ], [ 1.297998134245937, 44.780645352103335 ], [ 1.298479600153905, 44.774219420615729 ], [ 1.308107920908607, 44.770862896935341 ], [ 1.316036086389644, 44.764721465969778 ], [ 1.322796218116792, 44.765098638439703 ], [ 1.316996750974964, 44.749429186950749 ], [ 1.315827996227518, 44.740474798613704 ], [ 1.300172194681751, 44.744447349007345 ], [ 1.295317464880269, 44.73602502253663 ], [ 1.300181309956002, 44.733856607117531 ], [ 1.298385402061555, 44.726150415668336 ], [ 1.289503921422955, 44.720959954311951 ], [ 1.287082313648964, 44.714662211833321 ], [ 1.278956465267591, 44.71648850218979 ], [ 1.270143723730156, 44.722442220892646 ], [ 1.26399466908248, 44.710944633880985 ], [ 1.247833894332768, 44.707746281922624 ], [ 1.243300273382715, 44.703910296702851 ], [ 1.243941968963173, 44.695886128833443 ], [ 1.23871917300943, 44.69224703412452 ], [ 1.229893510891018, 44.691685697497789 ], [ 1.224864879681643, 44.685771648671569 ], [ 1.224551345440364, 44.684265469116156 ], [ 1.18991636492628, 44.68206182859452 ], [ 1.181348630766969, 44.683267629008483 ], [ 1.16905595460728, 44.6803444417069 ], [ 1.158370741895404, 44.672184877249698 ], [ 1.147065429906367, 44.670811026339209 ], [ 1.149518769810699, 44.653981711388731 ], [ 1.146503966877139, 44.653086543110483 ], [ 1.15380144984037, 44.639554983588852 ], [ 1.15079010102189, 44.63342440378451 ], [ 1.127290616946069, 44.616775479064259 ], [ 1.119772283786214, 44.610205573611189 ], [ 1.107475552621996, 44.603909115394849 ], [ 1.094593226336713, 44.592343064931406 ], [ 1.10252706475429, 44.586442593888194 ], [ 1.103464693897667, 44.580966504438116 ], [ 1.103214345710049, 44.571734741034639 ], [ 1.087872921296007, 44.570761502700371 ], [ 1.075142053192362, 44.577325705485755 ], [ 1.069707448801021, 44.566109546947565 ], [ 1.056528259432095, 44.564697825846174 ], [ 1.042407025697868, 44.557997109908449 ], [ 1.041483350159289, 44.557538577633863 ], [ 1.0346037938537, 44.555410888179786 ], [ 1.021933994574171, 44.545377099068261 ], [ 1.013118499832357, 44.536207321903483 ], [ 1.010294579655367, 44.545637996089759 ], [ 0.994865432940216, 44.549955099753141 ], [ 0.981513351183313, 44.544440999014689 ], [ 0.988277865205922, 44.540341923565286 ], [ 0.987963556692464, 44.532767308383598 ], [ 0.99973684283694, 44.52702259480693 ], [ 1.006279909464595, 44.514622096068848 ], [ 1.016018207778886, 44.506532809670496 ], [ 1.017763502645679, 44.49200941553746 ], [ 1.009014212992491, 44.480037305113314 ], [ 1.023018612138426, 44.475459951604883 ], [ 1.025907083010733, 44.46700841571873 ], [ 1.02116021964304, 44.456299408679619 ], [ 1.023986878227634, 44.451467718619703 ], [ 1.020815154452528, 44.445181298442328 ], [ 1.031928582231855, 44.439897350211602 ], [ 1.033355738053114, 44.432180590353042 ], [ 1.04292080221474, 44.434495818760631 ], [ 1.047078839075552, 44.430871387589711 ], [ 1.057355928275256, 44.427868145863755 ], [ 1.061975308477254, 44.414292289942622 ], [ 1.061544515868277, 44.402040381292039 ], [ 1.050841528376741, 44.392023055586769 ], [ 1.060111882792102, 44.389017217425952 ], [ 1.064227037184897, 44.378621134698072 ], [ 1.05963079419193, 44.376528631141916 ], [ 1.058532039319021, 44.365550948843712 ], [ 1.049668357730433, 44.36268931545672 ], [ 1.028269913113291, 44.364254747330364 ], [ 1.005434774816841, 44.365267752011015 ], [ 0.996663987619196, 44.369149668712517 ], [ 0.991479548100626, 44.363910885959505 ], [ 0.977367348203019, 44.356457779154439 ], [ 0.968500099696827, 44.362066352822019 ], [ 0.950820056544371, 44.358344698338506 ], [ 0.946249590094787, 44.354520768508564 ], [ 0.942221443946838, 44.344559349128595 ], [ 0.941094127565034, 44.344469821547676 ], [ 0.936669164910138, 44.369842176767655 ], [ 0.925659135303004, 44.375888113260487 ], [ 0.919778711532236, 44.38438842659081 ], [ 0.910870500764995, 44.382968958271825 ], [ 0.898002874865005, 44.381301233132362 ], [ 0.893961345072893, 44.373089886444433 ], [ 0.886953716399275, 44.365916475697155 ], [ 0.893640618515731, 44.357783659054903 ], [ 0.891941640121409, 44.349948483732518 ], [ 0.895622452849847, 44.346263972729943 ], [ 0.888097338242845, 44.333163767297464 ], [ 0.88312004992236, 44.328708905612586 ], [ 0.873060804524706, 44.323786446727475 ], [ 0.87454922521589, 44.317177869621837 ], [ 0.869272913140402, 44.309166048535779 ], [ 0.883026980820743, 44.308265652325275 ], [ 0.89497951183989, 44.296938720176762 ], [ 0.916349323371972, 44.302341567502673 ], [ 0.923660866837252, 44.291859176937635 ], [ 0.925811990046301, 44.28651606526283 ], [ 0.940536855022635, 44.282102630676043 ], [ 0.945160807773073, 44.275872678389447 ], [ 0.950896255389611, 44.275096467512078 ], [ 0.940217863950166, 44.263449688862075 ], [ 0.927825575927445, 44.267293776954403 ], [ 0.933726046267552, 44.256500760933541 ], [ 0.93262236087673, 44.248590503187181 ], [ 0.924906280323668, 44.247106060331944 ], [ 0.918798368849351, 44.238191571961053 ], [ 0.929242609523383, 44.23036363380605 ], [ 0.924136901513986, 44.225334759583909 ], [ 0.92065393290872, 44.216431318209239 ], [ 0.904744763126278, 44.196390039253068 ], [ 0.902996846768041, 44.19020779706549 ], [ 0.888271355276465, 44.190314340659619 ], [ 0.875794632152054, 44.193296062381833 ], [ 0.861191379245601, 44.193121326166398 ], [ 0.859620078674432, 44.1929403162789 ], [ 0.853136802808286, 44.184016588808177 ], [ 0.85291320813457, 44.174968475245997 ], [ 0.86403605019508, 44.173618926862474 ], [ 0.87122682493023, 44.167749435343097 ], [ 0.883028811220529, 44.17548359959271 ], [ 0.88979433493891, 44.166835994369883 ], [ 0.885150284701218, 44.159259762857012 ], [ 0.890065720611378, 44.153699101561479 ], [ 0.888484130106158, 44.148806562893959 ], [ 0.894212026901232, 44.143827755861089 ], [ 0.892182148233181, 44.137333012261351 ], [ 0.882680451388201, 44.141994861664585 ], [ 0.878018649293991, 44.136581648515083 ], [ 0.879979987709081, 44.13219692116224 ], [ 0.868948973730908, 44.127955592338068 ], [ 0.85708049978729, 44.127537801761406 ], [ 0.849302207435446, 44.131748729557614 ], [ 0.832542220459351, 44.137240551806656 ], [ 0.81950011536505, 44.143806955811186 ], [ 0.795384298412197, 44.145617095338572 ], [ 0.787903817074614, 44.142793979429797 ], [ 0.797425273349172, 44.130476309746484 ], [ 0.792887499289902, 44.118619437661707 ], [ 0.798646568849834, 44.110588479237734 ], [ 0.788745328851672, 44.114024916578046 ], [ 0.782337846937999, 44.112611447628218 ], [ 0.774994324617554, 44.116860151988696 ], [ 0.763913784987899, 44.108611960653548 ], [ 0.755991569860608, 44.106915691189727 ], [ 0.748000138639378, 44.093186182013604 ], [ 0.748671858889931, 44.087040339351638 ], [ 0.73830016805943, 44.075621154442587 ], [ 0.7418903159119, 44.06521735680731 ], [ 0.716776626655421, 44.05735283895627 ], [ 0.707702499614198, 44.058395841660186 ], [ 0.700618724148482, 44.053555284768734 ], [ 0.69791240095682, 44.047154187698439 ], [ 0.685852847937862, 44.046244369367486 ], [ 0.679155412780623, 44.035926221496211 ], [ 0.679603677714612, 44.02948889061534 ], [ 0.661401642821447, 44.024421073754141 ], [ 0.653780001916617, 44.033622079216386 ], [ 0.65398291977851, 44.042602594069834 ], [ 0.644000611861104, 44.043745968079961 ], [ 0.631686983995166, 44.049547211253753 ], [ 0.627943864917963, 44.060372098840105 ], [ 0.619930108098735, 44.066100487202313 ], [ 0.605187038120574, 44.072860039570052 ], [ 0.60130672757413, 44.078070613292063 ], [ 0.58511490423505, 44.076688206856794 ], [ 0.572518261573531, 44.069073680973183 ], [ 0.566337941478956, 44.059950873162563 ], [ 0.558513441056907, 44.058179237527554 ], [ 0.555379342779017, 44.054689375854927 ], [ 0.54440884465092, 44.056522956206294 ], [ 0.538527220218864, 44.052926795737378 ], [ 0.532413531072933, 44.05746701571428 ], [ 0.520215878263883, 44.057599271375594 ], [ 0.511567124630333, 44.063409120375873 ], [ 0.504616102428706, 44.050710055372733 ], [ 0.502297328739659, 44.057290015508556 ], [ 0.488621882380135, 44.056299948642888 ], [ 0.485559320512402, 44.059203012321234 ], [ 0.475774891169251, 44.05505172562988 ], [ 0.459638587079617, 44.055532059867701 ], [ 0.450701816465053, 44.045721498218121 ], [ 0.450372613716528, 44.044318980604039 ], [ 0.444952666712453, 44.039185881994634 ], [ 0.44255461327666, 44.028709501670228 ], [ 0.433152485167266, 44.029327660144801 ], [ 0.424704299171544, 44.02617823778121 ], [ 0.416761569520237, 44.029239030011929 ], [ 0.409611256556478, 44.021445529939221 ], [ 0.396882758319807, 44.022283394843832 ], [ 0.381374088767872, 44.006411251284476 ], [ 0.370984173466474, 44.008244814390466 ], [ 0.364999854274535, 44.014919364272863 ], [ 0.357821457020963, 44.016474257700125 ], [ 0.334934277311343, 44.010453794096946 ], [ 0.327136040865576, 44.007154923027962 ], [ 0.316203666997443, 44.009996658891154 ], [ 0.314513401995815, 44.005832606675504 ], [ 0.319873768662126, 43.998501577024683 ], [ 0.317683148105433, 43.994527947395106 ], [ 0.305815541709177, 43.994025439612059 ], [ 0.302859040608627, 43.990972752333093 ], [ 0.28007813042752, 43.998651755693814 ], [ 0.273473779744717, 43.998028003859886 ], [ 0.267468495356722, 44.003383934831824 ], [ 0.258675547763809, 44.006335546188723 ], [ 0.253474095077867, 44.002891054685684 ], [ 0.229770732696868, 44.011230172826984 ], [ 0.235310055751276, 44.017239228818546 ], [ 0.233367495683035, 44.022573620099507 ], [ 0.225152172017113, 44.019001044068148 ], [ 0.218816751055123, 44.020855589275783 ], [ 0.205891235327828, 44.021105241276665 ], [ 0.203441454836167, 44.012562923339623 ], [ 0.193575611951813, 44.01381144746351 ], [ 0.190070018980664, 44.015006548072471 ], [ 0.183600084454732, 44.00846049734438 ], [ 0.180513699580853, 44.000406445550375 ], [ 0.166701304338745, 43.997000081521499 ], [ 0.166065613899185, 43.980986869255361 ], [ 0.161384555748312, 43.97430932138689 ], [ 0.156751093305609, 43.972574176411676 ], [ 0.138048460732947, 43.976798694662811 ], [ 0.141878649617018, 43.994498824342735 ], [ 0.127288227672072, 44.002289244614481 ], [ 0.119853800892897, 43.995667069459159 ], [ 0.117168239334182, 43.987917888492959 ], [ 0.105371984220634, 43.984406380096253 ], [ 0.088008699469712, 43.985500536160281 ], [ 0.075920133822081, 43.98293894638374 ], [ 0.067703136451801, 43.97452696086296 ], [ 0.06641880185101, 43.964807479566304 ], [ 0.056102961338126, 43.961459013429597 ], [ 0.055235039969194, 43.954510049602646 ], [ 0.068834740142151, 43.93906421287852 ], [ 0.07481889252283, 43.914729123441376 ], [ 0.069564620520632, 43.904242554740669 ], [ 0.060621896116468, 43.901164446333205 ], [ 0.058573924146353, 43.896773972387976 ], [ 0.041670276560148, 43.90397827233209 ], [ 0.033182807354578, 43.899980821079104 ], [ 0.017654027601951, 43.911683989099615 ], [ 0.004107885405136, 43.916521233927774 ], [ -0.006807678910611, 43.923765510534984 ], [ -0.015319437635331, 43.924074764413071 ], [ -0.020198016481116, 43.929988443105437 ], [ -0.010596687237891, 43.934977253152354 ], [ -0.007565508552336, 43.939462954675029 ], [ 0.005512663877494, 43.943496766601143 ], [ 0.005512026157891, 43.956920376699259 ], [ -0.001087173850213, 43.960571444527226 ], [ -0.018900180894493, 43.971040507511312 ], [ -0.036164948567139, 43.983735934755821 ], [ -0.040574992517491, 43.969464194428838 ], [ -0.046699686839211, 43.960887006532865 ], [ -0.05831104131923, 43.961362388029023 ], [ -0.068155290962026, 43.952422164358666 ], [ -0.070327193790498, 43.946406079255802 ], [ -0.081395107049094, 43.942640441867283 ], [ -0.088884490894155, 43.949162173820817 ], [ -0.098692923772919, 43.942416776279138 ], [ -0.102755536906722, 43.927119158089177 ], [ -0.124868600090438, 43.944359531149566 ], [ -0.13529726329673, 43.936130290657225 ], [ -0.152976494449515, 43.939838286912909 ], [ -0.153717311827662, 43.932407940448321 ], [ -0.165025590976763, 43.927544073437197 ], [ -0.176127671035175, 43.936533885462929 ], [ -0.180725334214621, 43.930560927741517 ], [ -0.189954207305115, 43.927800421816144 ], [ -0.200379856817062, 43.914668644674876 ], [ -0.208735162311896, 43.911921273607931 ], [ -0.217962452159071, 43.907021012813487 ], [ -0.221100630982025, 43.912737019939449 ], [ -0.22912935516769, 43.911350537049415 ], [ -0.230858616194032, 43.903143570947691 ], [ -0.240298889660963, 43.897948624529363 ], [ -0.234011315852312, 43.890985438698095 ], [ -0.215290036988781, 43.888933877752997 ], [ -0.211466075304722, 43.885182583395718 ], [ -0.201259081989303, 43.885485214109409 ], [ -0.195206831097133, 43.881190797104807 ], [ -0.185677508890095, 43.866915726203473 ], [ -0.192014032008271, 43.870433990390957 ], [ -0.197642515930671, 43.863186377025698 ], [ -0.204237714658262, 43.860393534477467 ], [ -0.208736054350754, 43.857598042583092 ], [ -0.200798970888614, 43.851076366620873 ], [ -0.193712658069725, 43.840552939043619 ], [ -0.189496429367758, 43.830627944034184 ], [ -0.197719997563252, 43.830872480871832 ], [ -0.197154918239177, 43.822464507719708 ], [ -0.192652105850496, 43.812160905982005 ], [ -0.194705093088702, 43.808282993543472 ], [ -0.212500821706739, 43.80922336888014 ], [ -0.215852077271937, 43.812575761460515 ], [ -0.227150216764394, 43.808612208414637 ], [ -0.223471980732722, 43.800638768835036 ], [ -0.217485224565973, 43.798395722792186 ], [ -0.222071234403869, 43.787238314379543 ], [ -0.214678656670869, 43.783070696723676 ], [ -0.211702648928675, 43.76808761709453 ], [ -0.20721506392761, 43.756231935977276 ], [ -0.213989488878169, 43.755573766685224 ], [ -0.218056696749295, 43.749686167557741 ], [ -0.206120728284969, 43.749919453575593 ], [ -0.19519914903534, 43.745159413094406 ], [ -0.193967021610792, 43.736951613188253 ], [ -0.203491854848243, 43.728952783609614 ], [ -0.222249655766773, 43.719048204345533 ], [ -0.229916153309041, 43.714518796222059 ], [ -0.243034099964658, 43.712507517770064 ], [ -0.245410388513923, 43.704906825358165 ], [ -0.238646622657285, 43.693068529202868 ], [ -0.244834153705453, 43.687468024204378 ], [ -0.256820079545344, 43.68319040829514 ], [ -0.258098556408188, 43.673728461603659 ], [ -0.239741866084967, 43.6712285662366 ], [ -0.243073164332214, 43.664041805613543 ], [ -0.242403601572821, 43.65512642773696 ], [ -0.255476938160077, 43.652553591067274 ], [ -0.262019335850372, 43.647867226564067 ], [ -0.263654230726319, 43.635961387591657 ], [ -0.282123313189674, 43.642937406639064 ], [ -0.281479538889387, 43.623918969401927 ], [ -0.277648653537387, 43.615956668694544 ], [ -0.247201089158014, 43.615838234569146 ], [ -0.247989689937266, 43.605559396748191 ], [ -0.25392322389826, 43.596865477259044 ], [ -0.242522194184386, 43.58482800867359 ], [ -0.232971933865157, 43.588494240592802 ], [ -0.210813782462465, 43.593172522040945 ], [ -0.205009381825286, 43.583995930589737 ], [ -0.190556996173219, 43.587832677968535 ], [ -0.176558606976895, 43.596835587729537 ], [ -0.162377655112917, 43.581751341724889 ], [ -0.157827134647308, 43.581444369592148 ], [ -0.151057367745264, 43.585677883756397 ], [ -0.136441837483072, 43.581023370198785 ], [ -0.128804440125094, 43.581208632080006 ], [ -0.121544432966844, 43.58687349472148 ], [ -0.105823287463336, 43.581430894573892 ], [ -0.097053138760749, 43.582201893939171 ], [ -0.096550055259929, 43.575543061395642 ], [ -0.091609161675645, 43.570500973530336 ], [ -0.09329991408097, 43.563660829576136 ], [ -0.089646489064689, 43.559970485900081 ], [ -0.088764581907107, 43.557065600986121 ], [ -0.095147063810735, 43.546549571624233 ], [ -0.087104176614978, 43.54233154632621 ], [ -0.080612921667882, 43.546871358367923 ], [ -0.065804633430986, 43.54843520364026 ], [ -0.063808463018841, 43.541464809949559 ], [ -0.056174185273693, 43.533029097563563 ], [ -0.04873351823355, 43.529759354434695 ], [ -0.043915354816104, 43.523562247131224 ], [ -0.043849977271042, 43.515768573842998 ], [ -0.039996232786712, 43.512568685289118 ], [ -0.043863813203021, 43.506668078585562 ], [ -0.046741983573899, 43.498288513530909 ], [ -0.04974210046786, 43.491896177685462 ], [ -0.034129285682488, 43.488413223483825 ], [ -0.033969275605793, 43.474749441090687 ], [ -0.026333121169994, 43.474712652572599 ], [ -0.018909313176093, 43.470056066601771 ], [ -0.021117979783075, 43.464873389781907 ], [ -0.03207737340791, 43.466071743217306 ], [ -0.064999333418709, 43.463590594528867 ], [ -0.061463405950621, 43.453178970869125 ], [ -0.066824403955865, 43.443698855368872 ], [ -0.069597512964757, 43.432962973696895 ], [ -0.058147337169617, 43.427940751797344 ], [ -0.056963286142625, 43.423861491739274 ], [ -0.067137813264104, 43.410399310201058 ], [ -0.052790396075829, 43.411915838293496 ], [ -0.044193290922147, 43.409502906523194 ], [ -0.037951314264353, 43.418774989604181 ], [ -0.032287789773258, 43.433715138808154 ], [ -0.024838580607377, 43.430011577023215 ], [ -0.016446359031037, 43.443923266107006 ], [ -0.002456093692595, 43.445169959653747 ], [ -0.001079863894095, 43.439398377175984 ], [ -0.004700892407203, 43.431540913895411 ], [ 0.009650610427504, 43.422196915994142 ], [ 0.006647299956137, 43.413544939904959 ], [ -0.001473589283495, 43.404637698217179 ], [ -0.004088672545515, 43.398176719559174 ], [ -0.000391173905343, 43.396240139127158 ], [ -0.004293230290205, 43.393368030036982 ], [ 0.000682787711315, 43.385606112961923 ], [ -0.004654384998742, 43.377962371920177 ], [ -0.004223899949762, 43.372716751131023 ], [ 0.004584105796453, 43.371479136364002 ], [ 0.005507767821761, 43.363329445065055 ], [ 0.012087083537789, 43.359996784647969 ], [ 0.021138776298073, 43.349852210923835 ], [ 0.029793991601401, 43.346114815709171 ], [ 0.025674986994544, 43.340363438122488 ], [ 0.024019074713141, 43.338562424032915 ], [ 0.012743236388381, 43.327701667251389 ], [ 0.010034387727305, 43.325247476329331 ], [ -0.001946019986745, 43.332012025594011 ], [ -0.018520972754523, 43.33156944662408 ], [ -0.025558142650631, 43.329791009599987 ], [ -0.027922888182055, 43.32356261861316 ], [ -0.028961665805468, 43.316652964529261 ], [ -0.034364455153653, 43.309560578767638 ], [ -0.04495807055396, 43.303781070238742 ], [ -0.044040124978355, 43.289784003919998 ], [ -0.041020148203134, 43.283602586350163 ], [ -0.024548059008009, 43.28012927710629 ], [ -0.016857304597768, 43.271655542204613 ], [ -0.025721805634618, 43.261358608584345 ], [ -0.023606628743159, 43.255596277785394 ], [ -0.034219580904849, 43.246700803117278 ], [ -0.045645715670585, 43.233351479859799 ], [ -0.047037180299626, 43.223913367951504 ], [ -0.049769131288628, 43.21732969018484 ], [ -0.061545853505722, 43.221140668892971 ], [ -0.074106812845638, 43.222473253386376 ], [ -0.06968770679908, 43.197962839889094 ], [ -0.070990500199481, 43.188011278876765 ], [ -0.068271905341119, 43.177270501048518 ], [ -0.095354996878786, 43.176952903958501 ], [ -0.097936162455031, 43.166737497867921 ], [ -0.106511361225077, 43.171769361257155 ], [ -0.112420083046021, 43.18019925992057 ], [ -0.120510062527409, 43.17707768852857 ], [ -0.125204231492466, 43.167289121043495 ], [ -0.129274430856614, 43.157224139627068 ], [ -0.134751056921985, 43.15180892441019 ], [ -0.138530428591969, 43.149205477152414 ], [ -0.142794171713238, 43.140595359545543 ], [ -0.140875204391775, 43.135933553020706 ], [ -0.146620975657983, 43.128091168948842 ], [ -0.157113154683172, 43.122428301656988 ], [ -0.165958012306785, 43.122262370243931 ], [ -0.175344768186357, 43.110171507005468 ], [ -0.185073065287625, 43.11438960382074 ], [ -0.194039315787596, 43.115108008316376 ], [ -0.191901718265919, 43.104787970729809 ], [ -0.198266341616736, 43.101717745833923 ], [ -0.195407395880008, 43.095130640158096 ], [ -0.186647768507142, 43.092087553603911 ], [ -0.192795919792914, 43.075548901460031 ], [ -0.199186914307645, 43.068884466591754 ], [ -0.19604433246722, 43.059801874345773 ], [ -0.185663054338677, 43.056793599590662 ], [ -0.181956061395672, 43.052529590765339 ], [ -0.189945255385506, 43.0522417607026 ], [ -0.20004552822919, 43.042808360305266 ], [ -0.209877870359967, 43.041569456656489 ], [ -0.214239992114079, 43.036212229431428 ], [ -0.22392460045132, 43.033710849519792 ], [ -0.238545352230575, 43.03984445364982 ], [ -0.26066245179072, 43.038622842169978 ], [ -0.260444428865948, 43.038020053409667 ], [ -0.256137732203235, 43.029761209269012 ], [ -0.255924088932292, 43.02290777906726 ], [ -0.259447109558376, 43.013747605935528 ], [ -0.264782955864254, 43.01011487506711 ], [ -0.275809154590949, 43.005986423896537 ], [ -0.287576001274521, 43.005512990158536 ], [ -0.289600067451084, 42.99632109761955 ], [ -0.293258306446473, 42.992702218729661 ], [ -0.287173008820247, 42.967078716780989 ], [ -0.290942752489424, 42.960834561439938 ], [ -0.283583849801586, 42.956167702149955 ], [ -0.279275287665145, 42.942348024398541 ], [ -0.28159219915593, 42.933563651336449 ], [ -0.290036538134595, 42.929087564674155 ], [ -0.29777949713226, 42.930973352480706 ], [ -0.30782893534569, 42.926599537815491 ], [ -0.315082273264656, 42.917557813135609 ], [ -0.326875094428037, 42.916869033420248 ], [ -0.325285247528783, 42.904389265510567 ], [ -0.316245620406506, 42.896588155844675 ], [ -0.315868501930729, 42.882234983463469 ], [ -0.307069988496841, 42.869969884028208 ], [ -0.311118827515009, 42.861816735493122 ], [ -0.309969360967124, 42.855131731214968 ], [ -0.313252392017203, 42.849402544386002 ], [ -0.32442406970443, 42.834644868962179 ], [ -0.333706855384221, 42.837817228386648 ], [ -0.348276434671448, 42.835004319516592 ], [ -0.355674457204943, 42.83031702775893 ], [ -0.364495190859867, 42.816394471099748 ], [ -0.383072171224466, 42.807063373231401 ], [ -0.383518659891895, 42.801023679949502 ], [ -0.390642182782765, 42.800277422741374 ], [ -0.407053641944185, 42.80554586664833 ], [ -0.410926559810451, 42.808762688285547 ], [ -0.42878769080915, 42.799493908128568 ], [ -0.443932375795051, 42.796074126625193 ], [ -0.453141374819469, 42.804138277035335 ], [ -0.461087015435404, 42.804085370327961 ], [ -0.478131066642791, 42.809432571208433 ], [ -0.483416425988591, 42.815826037165394 ], [ -0.492288725083902, 42.816760539132275 ], [ -0.498669333278803, 42.82130400725751 ], [ -0.501230567453683, 42.827809942517995 ], [ -0.513212465982559, 42.822356716563682 ], [ -0.525053782795874, 42.812103827570517 ], [ -0.522912897756584, 42.799076173520689 ], [ -0.529655416397674, 42.791659047569567 ], [ -0.543592571157155, 42.793224191560725 ], [ -0.553584028941614, 42.779318194908384 ], [ -0.567624647960414, 42.780811881525018 ], [ -0.570701617041668, 42.790601388992521 ], [ -0.564752938620582, 42.798281991908347 ], [ -0.569175273176164, 42.806940522683888 ], [ -0.590986357979246, 42.802545701426425 ], [ -0.598207590073904, 42.804963331109455 ], [ -0.598478141094617, 42.815707179449788 ], [ -0.601481626001192, 42.820963011572296 ], [ -0.602282010110691, 42.83158211270387 ], [ -0.615372662915483, 42.83581867129714 ], [ -0.623879743882261, 42.841273621270986 ], [ -0.636146676784795, 42.85331319918815 ], [ -0.648743549042552, 42.855179049141739 ], [ -0.661661125267865, 42.86409369143454 ], [ -0.662706852465631, 42.870736636352653 ], [ -0.678698211342443, 42.88454533864364 ], [ -0.695047828508024, 42.879077256511124 ], [ -0.704738196602237, 42.884455117652628 ], [ -0.718052855525358, 42.886465758245691 ], [ -0.731972158370182, 42.896109615589943 ], [ -0.733521427139382, 42.911107436285576 ], [ -0.724776706497339, 42.920549980694155 ], [ -0.733276152559056, 42.9324897524844 ], [ -0.730743851649594, 42.93868179385742 ], [ -0.730422270750427, 42.945300299771027 ], [ -0.74058345935363, 42.948841648626583 ], [ -0.744779186799182, 42.952303026098384 ], [ -0.751736974463044, 42.967409058967377 ], [ -0.767382757445974, 42.96919707686542 ], [ -0.772232059027289, 42.965605613390558 ], [ -0.783825033716331, 42.964465058592324 ], [ -0.805220387009091, 42.956532615989325 ], [ -0.810505261250059, 42.951301472676377 ], [ -0.83932188986608, 42.952754014132466 ], [ -0.863859087569388, 42.950790981113336 ], [ -0.873169529460552, 42.954348033992986 ], [ -0.897078430083374, 42.956165551349422 ], [ -0.899728626959393, 42.961957157385896 ], [ -0.914088643653031, 42.963919164778581 ], [ -0.92123931206175, 42.955320470408047 ], [ -0.934051259815568, 42.952673854511161 ], [ -0.945185798396037, 42.953437808946013 ], [ -0.958033118082864, 42.960266834064271 ], [ -0.974941916899659, 42.963393768697841 ], [ -0.981394390734546, 42.970705208948516 ], [ -1.000079851185355, 42.977616588062851 ], [ -1.00617359926182, 42.98880418014128 ], [ -1.017381276540393, 42.994480405011558 ], [ -1.026500370581124, 42.991913092677308 ], [ -1.033204097536921, 42.994692856146528 ], [ -1.072343077399434, 42.997984414666924 ], [ -1.08636631726238, 43.00283566358415 ], [ -1.08351843627944, 43.011325356859309 ], [ -1.0933964705179, 43.011836740648462 ], [ -1.105768076184766, 43.016582878676907 ], [ -1.11496093201587, 43.023961126876785 ], [ -1.12214633897699, 43.017168344890898 ], [ -1.136672870133943, 43.009318309962119 ], [ -1.144511124695299, 43.013488746622798 ], [ -1.144431150803946, 43.023994627612822 ], [ -1.164943113346586, 43.035228023423571 ], [ -1.173962396553093, 43.037632470689005 ], [ -1.180965889194901, 43.032621290193077 ], [ -1.211838970117125, 43.049675540496004 ], [ -1.21257883424855, 43.051454203656569 ], [ -1.229749664278808, 43.055508044664741 ], [ -1.247600108516109, 43.042636429107439 ], [ -1.263603962606953, 43.044016225039776 ], [ -1.269918008485545, 43.053978769405191 ], [ -1.288489219274039, 43.063842343670437 ], [ -1.308742136127261, 43.070183181610496 ], [ -1.305847028049929, 43.080258580504925 ], [ -1.297113586172673, 43.095351074697177 ], [ -1.282697399152135, 43.108691904415586 ], [ -1.269983862394561, 43.118271003863249 ], [ -1.278635676822309, 43.118708541164651 ], [ -1.292402252367676, 43.115528632698194 ], [ -1.303812776319212, 43.115483014074591 ], [ -1.321122973941465, 43.11272604719634 ], [ -1.332369774050384, 43.10784403654673 ], [ -1.334061173071841, 43.102659518823877 ], [ -1.344838070312393, 43.094443234150695 ], [ -1.346114077066062, 43.090472426428541 ], [ -1.340231709595275, 43.081106670171067 ], [ -1.344247259834087, 43.073169220041457 ], [ -1.342959554412017, 43.05437017302679 ], [ -1.353893041501255, 43.028297456217366 ], [ -1.36554346869923, 43.030726351532593 ], [ -1.441248125860445, 43.04627244194505 ], [ -1.456068744452657, 43.063236213533088 ], [ -1.471613669707191, 43.08079093959519 ], [ -1.473213591860994, 43.086729539016893 ], [ -1.469963809650566, 43.093293986985096 ], [ -1.463366902127717, 43.098010787736548 ], [ -1.451730314774949, 43.101747464243388 ], [ -1.440757594550164, 43.107630104237344 ], [ -1.443363637881373, 43.111621463613048 ], [ -1.427233733720448, 43.11675505169211 ] ], [ [ -0.134000190082312, 43.258859174467261 ], [ -0.126188537726143, 43.25290635798185 ], [ -0.124142427572032, 43.246372257375697 ], [ -0.12165723747577, 43.241067971106993 ], [ -0.104953917393649, 43.24305936176475 ], [ -0.103195047005719, 43.242959598136608 ], [ -0.104132373838765, 43.249761749371977 ], [ -0.094412544487881, 43.255330479092152 ], [ -0.084571707689092, 43.257703264173912 ], [ -0.079818793704459, 43.263081828339999 ], [ -0.079439659734744, 43.271692516874396 ], [ -0.084799181979052, 43.277203855919765 ], [ -0.096047475520987, 43.285517185089077 ], [ -0.089139255290324, 43.301180347722749 ], [ -0.092244620046905, 43.300681912010511 ], [ -0.111263862251318, 43.31022528369482 ], [ -0.120033525921251, 43.306203917046595 ], [ -0.122300741690968, 43.301724399171455 ], [ -0.129667946956232, 43.289639414607528 ], [ -0.137454027448748, 43.285603649438031 ], [ -0.137249219393476, 43.281907706273856 ], [ -0.140535023866094, 43.271784211301913 ], [ -0.134000190082312, 43.258859174467261 ] ], [ [ -0.103117344682182, 43.358744498812293 ], [ -0.090241713603129, 43.359222060490183 ], [ -0.087543844464064, 43.350879570182165 ], [ -0.087619796001397, 43.333748604216133 ], [ -0.092957715054497, 43.333061266580728 ], [ -0.108573933104428, 43.337929596123686 ], [ -0.115434122066338, 43.332111631533316 ], [ -0.115061268155873, 43.322182322364924 ], [ -0.110626637179091, 43.312397978502197 ], [ -0.09788523628452, 43.313757832048175 ], [ -0.092954778111312, 43.310149433471963 ], [ -0.07534329534735, 43.307155416447685 ], [ -0.075195350420838, 43.307155125099648 ], [ -0.070451318316245, 43.310201431397061 ], [ -0.069535963045339, 43.319286715126694 ], [ -0.068283066856197, 43.328198872951077 ], [ -0.064641260782654, 43.33345799217269 ], [ -0.065233286039853, 43.341038590202693 ], [ -0.06306176289095, 43.347521780353084 ], [ -0.06504112645684, 43.354952425295117 ], [ -0.078377991956602, 43.365197991627319 ], [ -0.078660963152207, 43.365205243655609 ], [ -0.084955077574123, 43.371346036959281 ], [ -0.093014047464206, 43.374059034656291 ], [ -0.107349523001635, 43.370955414816457 ], [ -0.103117344682182, 43.358744498812293 ] ] ], [ [ [ -1.188673965418902, 44.700041739827064 ], [ -1.176002587512255, 44.704548984878919 ], [ -1.170271832756393, 44.702480664224574 ], [ -1.166303823054781, 44.69597681342691 ], [ -1.173210178611361, 44.692825187470213 ], [ -1.184207004744619, 44.693415815202279 ], [ -1.188673965418902, 44.700041739827064 ] ] ], [ [ [ -1.268274648912692, 45.881099924759994 ], [ -1.280313682251413, 45.887445832186444 ], [ -1.293145137537848, 45.899911802084794 ], [ -1.300708218488496, 45.899932596168128 ], [ -1.31633790007028, 45.909973773394846 ], [ -1.328437833216424, 45.915541604957994 ], [ -1.342909132099901, 45.919899743664985 ], [ -1.374914999836043, 45.944137974415213 ], [ -1.375797434350797, 45.945708267792767 ], [ -1.385025096056139, 45.951948069652985 ], [ -1.390850623517792, 45.973149054433684 ], [ -1.395497664943039, 45.977076703055978 ], [ -1.389062486926468, 45.988524338844051 ], [ -1.387310334720597, 45.996790410151405 ], [ -1.394740833599026, 46.011037866647982 ], [ -1.399881240225411, 46.016120578752513 ], [ -1.41075335265875, 46.040874035281021 ], [ -1.410727045628344, 46.047982015127253 ], [ -1.391234712331181, 46.042228558173981 ], [ -1.373814961416287, 46.039698162068973 ], [ -1.369168607202955, 46.029230887405987 ], [ -1.356537628383693, 46.023639832177984 ], [ -1.345366543492727, 46.015457230293798 ], [ -1.335721601140709, 46.013633687176309 ], [ -1.32365346723722, 46.001959088683577 ], [ -1.314601321996089, 45.993797450596347 ], [ -1.304485765389032, 45.990261462325861 ], [ -1.288470805315204, 45.98763552687204 ], [ -1.261140133264611, 45.990293875634968 ], [ -1.247610956748621, 45.990439937701666 ], [ -1.234466123939841, 45.982304205361757 ], [ -1.234236809578981, 45.970169298452284 ], [ -1.244369812601934, 45.964272409661987 ], [ -1.241522262976924, 45.95472822362931 ], [ -1.228662918432463, 45.940443907083676 ], [ -1.228958985958085, 45.932874967869218 ], [ -1.23285882379198, 45.926127934406573 ], [ -1.21746815243849, 45.905495154242566 ], [ -1.201967579270004, 45.900621412300538 ], [ -1.196100754308758, 45.891190546263388 ], [ -1.188370201739822, 45.886395992594935 ], [ -1.193506942735069, 45.880595546063105 ], [ -1.192782906212456, 45.874389437519092 ], [ -1.198337091548231, 45.868904162401016 ], [ -1.202582395130072, 45.855290056815797 ], [ -1.208241893928638, 45.850985197361268 ], [ -1.203485345058276, 45.845976334664364 ], [ -1.202180837215375, 45.838392339259521 ], [ -1.195441069266806, 45.829116839984316 ], [ -1.204941731574374, 45.824857653217784 ], [ -1.218670595082274, 45.812342537269892 ], [ -1.235366182077348, 45.804711859696191 ], [ -1.242478121746901, 45.814013496592828 ], [ -1.246282004354496, 45.825935490274645 ], [ -1.250011255250859, 45.846007071020153 ], [ -1.25912615563727, 45.868334848304571 ], [ -1.268274648912692, 45.881099924759994 ] ] ], [ [ [ -1.47441238820584, 46.202959628279118 ], [ -1.489220454251561, 46.199976250814387 ], [ -1.505275480166122, 46.193237113833 ], [ -1.516514151363131, 46.19930560614214 ], [ -1.534938090929996, 46.202362530401828 ], [ -1.543413408566402, 46.219874859760679 ], [ -1.561260611709136, 46.237803003354571 ], [ -1.562679747850814, 46.24417630393166 ], [ -1.542357238263142, 46.242964299399553 ], [ -1.523506399952211, 46.251254528795101 ], [ -1.51319821657036, 46.257790226479095 ], [ -1.500467923934897, 46.258007947500111 ], [ -1.489033340989856, 46.253367583050959 ], [ -1.482088625984753, 46.247362292166457 ], [ -1.48174776488015, 46.240406497339926 ], [ -1.474229192039032, 46.233011021122522 ], [ -1.481049421716484, 46.228749488387557 ], [ -1.492547809907899, 46.229820739462205 ], [ -1.494933133660539, 46.23498655383387 ], [ -1.508431947769795, 46.226696064348289 ], [ -1.514819017435085, 46.235075121615949 ], [ -1.51591067154901, 46.230614879207685 ], [ -1.511957088058588, 46.22072864450768 ], [ -1.477125496015034, 46.207419218600492 ], [ -1.475379274836712, 46.209927743211303 ], [ -1.466945609913868, 46.21666871555842 ], [ -1.465453244351778, 46.223270829564996 ], [ -1.457810218924647, 46.228525128776454 ], [ -1.414650244949946, 46.230562356810182 ], [ -1.420383201315826, 46.218578838892562 ], [ -1.43754731166829, 46.217155871371176 ], [ -1.440945510135102, 46.214215474494814 ], [ -1.425795603479904, 46.205070573750895 ], [ -1.400492592001763, 46.203254917400145 ], [ -1.374180828200249, 46.205874552239301 ], [ -1.35454740935404, 46.205990236754666 ], [ -1.342332104896755, 46.200221490782759 ], [ -1.32654270769455, 46.189713285551555 ], [ -1.318370371362796, 46.186755147086224 ], [ -1.307752204494421, 46.19067549192571 ], [ -1.294149334671488, 46.18796476810568 ], [ -1.287114861476395, 46.180471302060333 ], [ -1.284565010188011, 46.173181689025697 ], [ -1.281469422555151, 46.164745678494945 ], [ -1.266919817725654, 46.156105867163191 ], [ -1.283954764014907, 46.145447812386784 ], [ -1.304934767807241, 46.143071229668287 ], [ -1.323796454301115, 46.145702688702741 ], [ -1.329946871001121, 46.149567975739743 ], [ -1.353601293212974, 46.155687646716771 ], [ -1.363588614684364, 46.162223238194663 ], [ -1.370597126814389, 46.167282758754276 ], [ -1.392761349287115, 46.177422167538687 ], [ -1.412478525654973, 46.184385106700681 ], [ -1.430844182963801, 46.189986971837314 ], [ -1.443342601944132, 46.195835523456964 ], [ -1.463131916308259, 46.202765709091928 ], [ -1.47441238820584, 46.202959628279118 ] ] ], [ [ [ -1.120519222743427, 45.960744827592819 ], [ -1.113121127862492, 45.96187070093756 ], [ -1.106302050589856, 45.954733418622993 ], [ -1.116603500444937, 45.952233609268866 ], [ -1.120519222743427, 45.960744827592819 ] ] ], [ [ [ -1.171420726331431, 46.018726530111984 ], [ -1.170540594757951, 46.013149166242947 ], [ -1.179203320705084, 46.012083094372109 ], [ -1.175195634341721, 46.023845521805789 ], [ -1.16828210930949, 46.025777451240195 ], [ -1.157819951230999, 46.022356685740696 ], [ -1.156556551855609, 46.018163079541331 ], [ -1.171420726331431, 46.018726530111984 ] ] ] ] } },
{ "type": "Feature", "properties": { "insee_reg": "76" }, "geometry": { "type": "MultiPolygon", "coordinates": [ [ [ [ 0.070488979492213, 42.703752716978769 ], [ 0.05866148608086, 42.697439702968914 ], [ 0.047855618688664, 42.695851005804002 ], [ 0.024281534280855, 42.70253445000499 ], [ 0.015331911085954, 42.699783910629385 ], [ 0.015041585499045, 42.695192526341202 ], [ 0.004847534100477, 42.687072702443423 ], [ -0.002537226076818, 42.684900663895924 ], [ -0.016678703065577, 42.685176725069738 ], [ -0.032241564664567, 42.69086945304997 ], [ -0.048701237989192, 42.694456921030088 ], [ -0.056304101725314, 42.692250618646455 ], [ -0.061889400465758, 42.694967489917161 ], [ -0.068361195795072, 42.717965071728045 ], [ -0.083754172686466, 42.718134546844368 ], [ -0.087682563628126, 42.721337076246222 ], [ -0.106549434487393, 42.721019713376748 ], [ -0.111856194735373, 42.726417451170548 ], [ -0.109158670551256, 42.734566363195135 ], [ -0.117676748261565, 42.738492074123243 ], [ -0.118067631558621, 42.744441217608589 ], [ -0.147321428027, 42.774013398320541 ], [ -0.154525797552493, 42.781149952844785 ], [ -0.154423978420916, 42.792984737556118 ], [ -0.162013163480005, 42.796802529137196 ], [ -0.167334890847098, 42.790994877714446 ], [ -0.179426695558311, 42.785392136026452 ], [ -0.195373015425057, 42.792236744869797 ], [ -0.198144692668721, 42.795663739765359 ], [ -0.212034304033469, 42.796159943106289 ], [ -0.228196181901397, 42.804887855220564 ], [ -0.238903178126155, 42.808669485095564 ], [ -0.238731393306146, 42.817802000120196 ], [ -0.24338805334813, 42.823368765404254 ], [ -0.254827571995281, 42.819261112710379 ], [ -0.274792873446579, 42.828376435355594 ], [ -0.275205044120973, 42.833778154425879 ], [ -0.282457321708052, 42.83753705375176 ], [ -0.297622223635016, 42.838755673430391 ], [ -0.308058803821906, 42.842511259716417 ], [ -0.313252392017203, 42.849402544386002 ], [ -0.309969360967124, 42.855131731214968 ], [ -0.311118827515009, 42.861816735493122 ], [ -0.307069988496841, 42.869969884028208 ], [ -0.315868501930729, 42.882234983463469 ], [ -0.316245620406506, 42.896588155844675 ], [ -0.325285247528783, 42.904389265510567 ], [ -0.326875094428037, 42.916869033420248 ], [ -0.315082273264656, 42.917557813135609 ], [ -0.30782893534569, 42.926599537815491 ], [ -0.29777949713226, 42.930973352480706 ], [ -0.290036538134595, 42.929087564674155 ], [ -0.28159219915593, 42.933563651336449 ], [ -0.279275287665145, 42.942348024398541 ], [ -0.283583849801586, 42.956167702149955 ], [ -0.290942752489424, 42.960834561439938 ], [ -0.287173008820247, 42.967078716780989 ], [ -0.293258306446473, 42.992702218729661 ], [ -0.289600067451084, 42.99632109761955 ], [ -0.287576001274521, 43.005512990158536 ], [ -0.275809154590949, 43.005986423896537 ], [ -0.264782955864254, 43.01011487506711 ], [ -0.259447109558376, 43.013747605935528 ], [ -0.255924088932292, 43.02290777906726 ], [ -0.256137732203235, 43.029761209269012 ], [ -0.260444428865948, 43.038020053409667 ], [ -0.26066245179072, 43.038622842169978 ], [ -0.238545352230575, 43.03984445364982 ], [ -0.22392460045132, 43.033710849519792 ], [ -0.214239992114079, 43.036212229431428 ], [ -0.209877870359967, 43.041569456656489 ], [ -0.20004552822919, 43.042808360305266 ], [ -0.189945255385506, 43.0522417607026 ], [ -0.181956061395672, 43.052529590765339 ], [ -0.185663054338677, 43.056793599590662 ], [ -0.19604433246722, 43.059801874345773 ], [ -0.199186914307645, 43.068884466591754 ], [ -0.192795919792914, 43.075548901460031 ], [ -0.186647768507142, 43.092087553603911 ], [ -0.195407395880008, 43.095130640158096 ], [ -0.198266341616736, 43.101717745833923 ], [ -0.191901718265919, 43.104787970729809 ], [ -0.194039315787596, 43.115108008316376 ], [ -0.185073065287625, 43.11438960382074 ], [ -0.175344768186357, 43.110171507005468 ], [ -0.165958012306785, 43.122262370243931 ], [ -0.157113154683172, 43.122428301656988 ], [ -0.146620975657983, 43.128091168948842 ], [ -0.140875204391775, 43.135933553020706 ], [ -0.142794171713238, 43.140595359545543 ], [ -0.138530428591969, 43.149205477152414 ], [ -0.134751056921985, 43.15180892441019 ], [ -0.129274430856614, 43.157224139627068 ], [ -0.125204231492466, 43.167289121043495 ], [ -0.120510062527409, 43.17707768852857 ], [ -0.112420083046021, 43.18019925992057 ], [ -0.106511361225077, 43.171769361257155 ], [ -0.097936162455031, 43.166737497867921 ], [ -0.095354996878786, 43.176952903958501 ], [ -0.068271905341119, 43.177270501048518 ], [ -0.070990500199481, 43.188011278876765 ], [ -0.06968770679908, 43.197962839889094 ], [ -0.074106812845638, 43.222473253386376 ], [ -0.061545853505722, 43.221140668892971 ], [ -0.049769131288628, 43.21732969018484 ], [ -0.047037180299626, 43.223913367951504 ], [ -0.045645715670585, 43.233351479859799 ], [ -0.034219580904849, 43.246700803117278 ], [ -0.023606628743159, 43.255596277785394 ], [ -0.025721805634618, 43.261358608584345 ], [ -0.016857304597768, 43.271655542204613 ], [ -0.024548059008009, 43.28012927710629 ], [ -0.041020148203134, 43.283602586350163 ], [ -0.044040124978355, 43.289784003919998 ], [ -0.04495807055396, 43.303781070238742 ], [ -0.034364455153653, 43.309560578767638 ], [ -0.028961665805468, 43.316652964529261 ], [ -0.027922888182055, 43.32356261861316 ], [ -0.025558142650631, 43.329791009599987 ], [ -0.018520972754523, 43.33156944662408 ], [ -0.001946019986745, 43.332012025594011 ], [ 0.010034387727305, 43.325247476329331 ], [ 0.012743236388381, 43.327701667251389 ], [ 0.024019074713141, 43.338562424032915 ], [ 0.025674986994544, 43.340363438122488 ], [ 0.029793991601401, 43.346114815709171 ], [ 0.021138776298073, 43.349852210923835 ], [ 0.012087083537789, 43.359996784647969 ], [ 0.005507767821761, 43.363329445065055 ], [ 0.004584105796453, 43.371479136364002 ], [ -0.004223899949762, 43.372716751131023 ], [ -0.004654384998742, 43.377962371920177 ], [ 0.000682787711315, 43.385606112961923 ], [ -0.004293230290205, 43.393368030036982 ], [ -0.000391173905343, 43.396240139127158 ], [ -0.004088672545515, 43.398176719559174 ], [ -0.001473589283495, 43.404637698217179 ], [ 0.006647299956137, 43.413544939904959 ], [ 0.009650610427504, 43.422196915994142 ], [ -0.004700892407203, 43.431540913895411 ], [ -0.001079863894095, 43.439398377175984 ], [ -0.002456093692595, 43.445169959653747 ], [ -0.016446359031037, 43.443923266107006 ], [ -0.024838580607377, 43.430011577023215 ], [ -0.032287789773258, 43.433715138808154 ], [ -0.037951314264353, 43.418774989604181 ], [ -0.044193290922147, 43.409502906523194 ], [ -0.052790396075829, 43.411915838293496 ], [ -0.067137813264104, 43.410399310201058 ], [ -0.056963286142625, 43.423861491739274 ], [ -0.058147337169617, 43.427940751797344 ], [ -0.069597512964757, 43.432962973696895 ], [ -0.066824403955865, 43.443698855368872 ], [ -0.061463405950621, 43.453178970869125 ], [ -0.064999333418709, 43.463590594528867 ], [ -0.03207737340791, 43.466071743217306 ], [ -0.021117979783075, 43.464873389781907 ], [ -0.018909313176093, 43.470056066601771 ], [ -0.026333121169994, 43.474712652572599 ], [ -0.033969275605793, 43.474749441090687 ], [ -0.034129285682488, 43.488413223483825 ], [ -0.04974210046786, 43.491896177685462 ], [ -0.046741983573899, 43.498288513530909 ], [ -0.043863813203021, 43.506668078585562 ], [ -0.039996232786712, 43.512568685289118 ], [ -0.043849977271042, 43.515768573842998 ], [ -0.043915354816104, 43.523562247131224 ], [ -0.04873351823355, 43.529759354434695 ], [ -0.056174185273693, 43.533029097563563 ], [ -0.063808463018841, 43.541464809949559 ], [ -0.065804633430986, 43.54843520364026 ], [ -0.080612921667882, 43.546871358367923 ], [ -0.087104176614978, 43.54233154632621 ], [ -0.095147063810735, 43.546549571624233 ], [ -0.088764581907107, 43.557065600986121 ], [ -0.089646489064689, 43.559970485900081 ], [ -0.09329991408097, 43.563660829576136 ], [ -0.091609161675645, 43.570500973530336 ], [ -0.096550055259929, 43.575543061395642 ], [ -0.097053138760749, 43.582201893939171 ], [ -0.105823287463336, 43.581430894573892 ], [ -0.121544432966844, 43.58687349472148 ], [ -0.128804440125094, 43.581208632080006 ], [ -0.136441837483072, 43.581023370198785 ], [ -0.151057367745264, 43.585677883756397 ], [ -0.157827134647308, 43.581444369592148 ], [ -0.162377655112917, 43.581751341724889 ], [ -0.176558606976895, 43.596835587729537 ], [ -0.190556996173219, 43.587832677968535 ], [ -0.205009381825286, 43.583995930589737 ], [ -0.210813782462465, 43.593172522040945 ], [ -0.232971933865157, 43.588494240592802 ], [ -0.242522194184386, 43.58482800867359 ], [ -0.25392322389826, 43.596865477259044 ], [ -0.247989689937266, 43.605559396748191 ], [ -0.247201089158014, 43.615838234569146 ], [ -0.277648653537387, 43.615956668694544 ], [ -0.281479538889387, 43.623918969401927 ], [ -0.282123313189674, 43.642937406639064 ], [ -0.263654230726319, 43.635961387591657 ], [ -0.262019335850372, 43.647867226564067 ], [ -0.255476938160077, 43.652553591067274 ], [ -0.242403601572821, 43.65512642773696 ], [ -0.243073164332214, 43.664041805613543 ], [ -0.239741866084967, 43.6712285662366 ], [ -0.258098556408188, 43.673728461603659 ], [ -0.256820079545344, 43.68319040829514 ], [ -0.244834153705453, 43.687468024204378 ], [ -0.238646622657285, 43.693068529202868 ], [ -0.245410388513923, 43.704906825358165 ], [ -0.243034099964658, 43.712507517770064 ], [ -0.229916153309041, 43.714518796222059 ], [ -0.222249655766773, 43.719048204345533 ], [ -0.203491854848243, 43.728952783609614 ], [ -0.193967021610792, 43.736951613188253 ], [ -0.19519914903534, 43.745159413094406 ], [ -0.206120728284969, 43.749919453575593 ], [ -0.218056696749295, 43.749686167557741 ], [ -0.213989488878169, 43.755573766685224 ], [ -0.20721506392761, 43.756231935977276 ], [ -0.211702648928675, 43.76808761709453 ], [ -0.214678656670869, 43.783070696723676 ], [ -0.222071234403869, 43.787238314379543 ], [ -0.217485224565973, 43.798395722792186 ], [ -0.223471980732722, 43.800638768835036 ], [ -0.227150216764394, 43.808612208414637 ], [ -0.215852077271937, 43.812575761460515 ], [ -0.212500821706739, 43.80922336888014 ], [ -0.194705093088702, 43.808282993543472 ], [ -0.192652105850496, 43.812160905982005 ], [ -0.197154918239177, 43.822464507719708 ], [ -0.197719997563252, 43.830872480871832 ], [ -0.189496429367758, 43.830627944034184 ], [ -0.193712658069725, 43.840552939043619 ], [ -0.200798970888614, 43.851076366620873 ], [ -0.208736054350754, 43.857598042583092 ], [ -0.204237714658262, 43.860393534477467 ], [ -0.197642515930671, 43.863186377025698 ], [ -0.192014032008271, 43.870433990390957 ], [ -0.185677508890095, 43.866915726203473 ], [ -0.195206831097133, 43.881190797104807 ], [ -0.201259081989303, 43.885485214109409 ], [ -0.211466075304722, 43.885182583395718 ], [ -0.215290036988781, 43.888933877752997 ], [ -0.234011315852312, 43.890985438698095 ], [ -0.240298889660963, 43.897948624529363 ], [ -0.230858616194032, 43.903143570947691 ], [ -0.22912935516769, 43.911350537049415 ], [ -0.221100630982025, 43.912737019939449 ], [ -0.217962452159071, 43.907021012813487 ], [ -0.208735162311896, 43.911921273607931 ], [ -0.200379856817062, 43.914668644674876 ], [ -0.189954207305115, 43.927800421816144 ], [ -0.180725334214621, 43.930560927741517 ], [ -0.176127671035175, 43.936533885462929 ], [ -0.165025590976763, 43.927544073437197 ], [ -0.153717311827662, 43.932407940448321 ], [ -0.152976494449515, 43.939838286912909 ], [ -0.13529726329673, 43.936130290657225 ], [ -0.124868600090438, 43.944359531149566 ], [ -0.102755536906722, 43.927119158089177 ], [ -0.098692923772919, 43.942416776279138 ], [ -0.088884490894155, 43.949162173820817 ], [ -0.081395107049094, 43.942640441867283 ], [ -0.070327193790498, 43.946406079255802 ], [ -0.068155290962026, 43.952422164358666 ], [ -0.05831104131923, 43.961362388029023 ], [ -0.046699686839211, 43.960887006532865 ], [ -0.040574992517491, 43.969464194428838 ], [ -0.036164948567139, 43.983735934755821 ], [ -0.018900180894493, 43.971040507511312 ], [ -0.001087173850213, 43.960571444527226 ], [ 0.005512026157891, 43.956920376699259 ], [ 0.005512663877494, 43.943496766601143 ], [ -0.007565508552336, 43.939462954675029 ], [ -0.010596687237891, 43.934977253152354 ], [ -0.020198016481116, 43.929988443105437 ], [ -0.015319437635331, 43.924074764413071 ], [ -0.006807678910611, 43.923765510534984 ], [ 0.004107885405136, 43.916521233927774 ], [ 0.017654027601951, 43.911683989099615 ], [ 0.033182807354578, 43.899980821079104 ], [ 0.041670276560148, 43.90397827233209 ], [ 0.058573924146353, 43.896773972387976 ], [ 0.060621896116468, 43.901164446333205 ], [ 0.069564620520632, 43.904242554740669 ], [ 0.07481889252283, 43.914729123441376 ], [ 0.068834740142151, 43.93906421287852 ], [ 0.055235039969194, 43.954510049602646 ], [ 0.056102961338126, 43.961459013429597 ], [ 0.06641880185101, 43.964807479566304 ], [ 0.067703136451801, 43.97452696086296 ], [ 0.075920133822081, 43.98293894638374 ], [ 0.088008699469712, 43.985500536160281 ], [ 0.105371984220634, 43.984406380096253 ], [ 0.117168239334182, 43.987917888492959 ], [ 0.119853800892897, 43.995667069459159 ], [ 0.127288227672072, 44.002289244614481 ], [ 0.141878649617018, 43.994498824342735 ], [ 0.138048460732947, 43.976798694662811 ], [ 0.156751093305609, 43.972574176411676 ], [ 0.161384555748312, 43.97430932138689 ], [ 0.166065613899185, 43.980986869255361 ], [ 0.166701304338745, 43.997000081521499 ], [ 0.180513699580853, 44.000406445550375 ], [ 0.183600084454732, 44.00846049734438 ], [ 0.190070018980664, 44.015006548072471 ], [ 0.193575611951813, 44.01381144746351 ], [ 0.203441454836167, 44.012562923339623 ], [ 0.205891235327828, 44.021105241276665 ], [ 0.218816751055123, 44.020855589275783 ], [ 0.225152172017113, 44.019001044068148 ], [ 0.233367495683035, 44.022573620099507 ], [ 0.235310055751276, 44.017239228818546 ], [ 0.229770732696868, 44.011230172826984 ], [ 0.253474095077867, 44.002891054685684 ], [ 0.258675547763809, 44.006335546188723 ], [ 0.267468495356722, 44.003383934831824 ], [ 0.273473779744717, 43.998028003859886 ], [ 0.28007813042752, 43.998651755693814 ], [ 0.302859040608627, 43.990972752333093 ], [ 0.305815541709177, 43.994025439612059 ], [ 0.317683148105433, 43.994527947395106 ], [ 0.319873768662126, 43.998501577024683 ], [ 0.314513401995815, 44.005832606675504 ], [ 0.316203666997443, 44.009996658891154 ], [ 0.327136040865576, 44.007154923027962 ], [ 0.334934277311343, 44.010453794096946 ], [ 0.357821457020963, 44.016474257700125 ], [ 0.364999854274535, 44.014919364272863 ], [ 0.370984173466474, 44.008244814390466 ], [ 0.381374088767872, 44.006411251284476 ], [ 0.396882758319807, 44.022283394843832 ], [ 0.409611256556478, 44.021445529939221 ], [ 0.416761569520237, 44.029239030011929 ], [ 0.424704299171544, 44.02617823778121 ], [ 0.433152485167266, 44.029327660144801 ], [ 0.44255461327666, 44.028709501670228 ], [ 0.444952666712453, 44.039185881994634 ], [ 0.450372613716528, 44.044318980604039 ], [ 0.450701816465053, 44.045721498218121 ], [ 0.459638587079617, 44.055532059867701 ], [ 0.475774891169251, 44.05505172562988 ], [ 0.485559320512402, 44.059203012321234 ], [ 0.488621882380135, 44.056299948642888 ], [ 0.502297328739659, 44.057290015508556 ], [ 0.504616102428706, 44.050710055372733 ], [ 0.511567124630333, 44.063409120375873 ], [ 0.520215878263883, 44.057599271375594 ], [ 0.532413531072933, 44.05746701571428 ], [ 0.538527220218864, 44.052926795737378 ], [ 0.54440884465092, 44.056522956206294 ], [ 0.555379342779017, 44.054689375854927 ], [ 0.558513441056907, 44.058179237527554 ], [ 0.566337941478956, 44.059950873162563 ], [ 0.572518261573531, 44.069073680973183 ], [ 0.58511490423505, 44.076688206856794 ], [ 0.60130672757413, 44.078070613292063 ], [ 0.605187038120574, 44.072860039570052 ], [ 0.619930108098735, 44.066100487202313 ], [ 0.627943864917963, 44.060372098840105 ], [ 0.631686983995166, 44.049547211253753 ], [ 0.644000611861104, 44.043745968079961 ], [ 0.65398291977851, 44.042602594069834 ], [ 0.653780001916617, 44.033622079216386 ], [ 0.661401642821447, 44.024421073754141 ], [ 0.679603677714612, 44.02948889061534 ], [ 0.679155412780623, 44.035926221496211 ], [ 0.685852847937862, 44.046244369367486 ], [ 0.69791240095682, 44.047154187698439 ], [ 0.700618724148482, 44.053555284768734 ], [ 0.707702499614198, 44.058395841660186 ], [ 0.716776626655421, 44.05735283895627 ], [ 0.7418903159119, 44.06521735680731 ], [ 0.73830016805943, 44.075621154442587 ], [ 0.748671858889931, 44.087040339351638 ], [ 0.748000138639378, 44.093186182013604 ], [ 0.755991569860608, 44.106915691189727 ], [ 0.763913784987899, 44.108611960653548 ], [ 0.774994324617554, 44.116860151988696 ], [ 0.782337846937999, 44.112611447628218 ], [ 0.788745328851672, 44.114024916578046 ], [ 0.798646568849834, 44.110588479237734 ], [ 0.792887499289902, 44.118619437661707 ], [ 0.797425273349172, 44.130476309746484 ], [ 0.787903817074614, 44.142793979429797 ], [ 0.795384298412197, 44.145617095338572 ], [ 0.81950011536505, 44.143806955811186 ], [ 0.832542220459351, 44.137240551806656 ], [ 0.849302207435446, 44.131748729557614 ], [ 0.85708049978729, 44.127537801761406 ], [ 0.868948973730908, 44.127955592338068 ], [ 0.879979987709081, 44.13219692116224 ], [ 0.878018649293991, 44.136581648515083 ], [ 0.882680451388201, 44.141994861664585 ], [ 0.892182148233181, 44.137333012261351 ], [ 0.894212026901232, 44.143827755861089 ], [ 0.888484130106158, 44.148806562893959 ], [ 0.890065720611378, 44.153699101561479 ], [ 0.885150284701218, 44.159259762857012 ], [ 0.88979433493891, 44.166835994369883 ], [ 0.883028811220529, 44.17548359959271 ], [ 0.87122682493023, 44.167749435343097 ], [ 0.86403605019508, 44.173618926862474 ], [ 0.85291320813457, 44.174968475245997 ], [ 0.853136802808286, 44.184016588808177 ], [ 0.859620078674432, 44.1929403162789 ], [ 0.861191379245601, 44.193121326166398 ], [ 0.875794632152054, 44.193296062381833 ], [ 0.888271355276465, 44.190314340659619 ], [ 0.902996846768041, 44.19020779706549 ], [ 0.904744763126278, 44.196390039253068 ], [ 0.92065393290872, 44.216431318209239 ], [ 0.924136901513986, 44.225334759583909 ], [ 0.929242609523383, 44.23036363380605 ], [ 0.918798368849351, 44.238191571961053 ], [ 0.924906280323668, 44.247106060331944 ], [ 0.93262236087673, 44.248590503187181 ], [ 0.933726046267552, 44.256500760933541 ], [ 0.927825575927445, 44.267293776954403 ], [ 0.940217863950166, 44.263449688862075 ], [ 0.950896255389611, 44.275096467512078 ], [ 0.945160807773073, 44.275872678389447 ], [ 0.940536855022635, 44.282102630676043 ], [ 0.925811990046301, 44.28651606526283 ], [ 0.923660866837252, 44.291859176937635 ], [ 0.916349323371972, 44.302341567502673 ], [ 0.89497951183989, 44.296938720176762 ], [ 0.883026980820743, 44.308265652325275 ], [ 0.869272913140402, 44.309166048535779 ], [ 0.87454922521589, 44.317177869621837 ], [ 0.873060804524706, 44.323786446727475 ], [ 0.88312004992236, 44.328708905612586 ], [ 0.888097338242845, 44.333163767297464 ], [ 0.895622452849847, 44.346263972729943 ], [ 0.891941640121409, 44.349948483732518 ], [ 0.893640618515731, 44.357783659054903 ], [ 0.886953716399275, 44.365916475697155 ], [ 0.893961345072893, 44.373089886444433 ], [ 0.898002874865005, 44.381301233132362 ], [ 0.910870500764995, 44.382968958271825 ], [ 0.919778711532236, 44.38438842659081 ], [ 0.925659135303004, 44.375888113260487 ], [ 0.936669164910138, 44.369842176767655 ], [ 0.941094127565034, 44.344469821547676 ], [ 0.942221443946838, 44.344559349128595 ], [ 0.946249590094787, 44.354520768508564 ], [ 0.950820056544371, 44.358344698338506 ], [ 0.968500099696827, 44.362066352822019 ], [ 0.977367348203019, 44.356457779154439 ], [ 0.991479548100626, 44.363910885959505 ], [ 0.996663987619196, 44.369149668712517 ], [ 1.005434774816841, 44.365267752011015 ], [ 1.028269913113291, 44.364254747330364 ], [ 1.049668357730433, 44.36268931545672 ], [ 1.058532039319021, 44.365550948843712 ], [ 1.05963079419193, 44.376528631141916 ], [ 1.064227037184897, 44.378621134698072 ], [ 1.060111882792102, 44.389017217425952 ], [ 1.050841528376741, 44.392023055586769 ], [ 1.061544515868277, 44.402040381292039 ], [ 1.061975308477254, 44.414292289942622 ], [ 1.057355928275256, 44.427868145863755 ], [ 1.047078839075552, 44.430871387589711 ], [ 1.04292080221474, 44.434495818760631 ], [ 1.033355738053114, 44.432180590353042 ], [ 1.031928582231855, 44.439897350211602 ], [ 1.020815154452528, 44.445181298442328 ], [ 1.023986878227634, 44.451467718619703 ], [ 1.02116021964304, 44.456299408679619 ], [ 1.025907083010733, 44.46700841571873 ], [ 1.023018612138426, 44.475459951604883 ], [ 1.009014212992491, 44.480037305113314 ], [ 1.017763502645679, 44.49200941553746 ], [ 1.016018207778886, 44.506532809670496 ], [ 1.006279909464595, 44.514622096068848 ], [ 0.99973684283694, 44.52702259480693 ], [ 0.987963556692464, 44.532767308383598 ], [ 0.988277865205922, 44.540341923565286 ], [ 0.981513351183313, 44.544440999014689 ], [ 0.994865432940216, 44.549955099753141 ], [ 1.010294579655367, 44.545637996089759 ], [ 1.013118499832357, 44.536207321903483 ], [ 1.021933994574171, 44.545377099068261 ], [ 1.0346037938537, 44.555410888179786 ], [ 1.041483350159289, 44.557538577633863 ], [ 1.042407025697868, 44.557997109908449 ], [ 1.056528259432095, 44.564697825846174 ], [ 1.069707448801021, 44.566109546947565 ], [ 1.075142053192362, 44.577325705485755 ], [ 1.087872921296007, 44.570761502700371 ], [ 1.103214345710049, 44.571734741034639 ], [ 1.103464693897667, 44.580966504438116 ], [ 1.10252706475429, 44.586442593888194 ], [ 1.094593226336713, 44.592343064931406 ], [ 1.107475552621996, 44.603909115394849 ], [ 1.119772283786214, 44.610205573611189 ], [ 1.127290616946069, 44.616775479064259 ], [ 1.15079010102189, 44.63342440378451 ], [ 1.15380144984037, 44.639554983588852 ], [ 1.146503966877139, 44.653086543110483 ], [ 1.149518769810699, 44.653981711388731 ], [ 1.147065429906367, 44.670811026339209 ], [ 1.158370741895404, 44.672184877249698 ], [ 1.16905595460728, 44.6803444417069 ], [ 1.181348630766969, 44.683267629008483 ], [ 1.18991636492628, 44.68206182859452 ], [ 1.224551345440364, 44.684265469116156 ], [ 1.224864879681643, 44.685771648671569 ], [ 1.229893510891018, 44.691685697497789 ], [ 1.23871917300943, 44.69224703412452 ], [ 1.243941968963173, 44.695886128833443 ], [ 1.243300273382715, 44.703910296702851 ], [ 1.247833894332768, 44.707746281922624 ], [ 1.26399466908248, 44.710944633880985 ], [ 1.270143723730156, 44.722442220892646 ], [ 1.278956465267591, 44.71648850218979 ], [ 1.287082313648964, 44.714662211833321 ], [ 1.289503921422955, 44.720959954311951 ], [ 1.298385402061555, 44.726150415668336 ], [ 1.300181309956002, 44.733856607117531 ], [ 1.295317464880269, 44.73602502253663 ], [ 1.300172194681751, 44.744447349007345 ], [ 1.315827996227518, 44.740474798613704 ], [ 1.316996750974964, 44.749429186950749 ], [ 1.322796218116792, 44.765098638439703 ], [ 1.316036086389644, 44.764721465969778 ], [ 1.308107920908607, 44.770862896935341 ], [ 1.298479600153905, 44.774219420615729 ], [ 1.297998134245937, 44.780645352103335 ], [ 1.30398110579118, 44.784044667498108 ], [ 1.302983152393068, 44.789207401653165 ], [ 1.293400429775331, 44.789823053129894 ], [ 1.301515786421454, 44.797929032507362 ], [ 1.325327807086827, 44.805990681000623 ], [ 1.339065669087204, 44.805587628123128 ], [ 1.356480407022392, 44.810289325508336 ], [ 1.364096000558674, 44.81163382124992 ], [ 1.365951149176555, 44.815182185319848 ], [ 1.36010205447885, 44.825295144233031 ], [ 1.361552778646785, 44.841069424797226 ], [ 1.365436902855037, 44.845215088066887 ], [ 1.372849104660061, 44.846934149924692 ], [ 1.377144954332163, 44.841824449609732 ], [ 1.392073302445073, 44.849509765814375 ], [ 1.402840492817954, 44.849308628996162 ], [ 1.402868810857283, 44.850805697595902 ], [ 1.405522889363234, 44.863668157370924 ], [ 1.409116666268433, 44.864911105032796 ], [ 1.411558633757183, 44.872766200929313 ], [ 1.41913470563195, 44.87073108783855 ], [ 1.431597953577191, 44.871743525466293 ], [ 1.44206437362752, 44.87837279651221 ], [ 1.439700508537443, 44.888962132488906 ], [ 1.431432361482655, 44.890815111685278 ], [ 1.417884691508674, 44.90061881238455 ], [ 1.42141497875424, 44.906328860509717 ], [ 1.410745294429288, 44.908879240161568 ], [ 1.4132442618626, 44.913226710441847 ], [ 1.44196421467645, 44.920906708539214 ], [ 1.433103841337775, 44.937215061535241 ], [ 1.433111496237296, 44.946107069479694 ], [ 1.419086812365699, 44.956217031242701 ], [ 1.421400950864048, 44.968621594624885 ], [ 1.412463652008818, 44.973550966084836 ], [ 1.417589566777677, 44.980637489357782 ], [ 1.411792286785819, 44.986630900584956 ], [ 1.41344820875067, 44.999228070624731 ], [ 1.409104974235212, 45.006861331244714 ], [ 1.431882985998266, 45.010255492578985 ], [ 1.448238541939882, 45.019410097788665 ], [ 1.455458382278751, 45.015031165434443 ], [ 1.464126558419617, 45.014274873874321 ], [ 1.4751233153914, 45.018026452347648 ], [ 1.476780964482483, 45.026682698323036 ], [ 1.47994415565985, 45.026592649855651 ], [ 1.482541358019539, 45.03018974676904 ], [ 1.514625952276473, 45.041282128253407 ], [ 1.526737795773906, 45.044160854696898 ], [ 1.540407015608393, 45.04635715000925 ], [ 1.544536113615639, 45.02904163211749 ], [ 1.551968597623306, 45.028367687687911 ], [ 1.56997214919671, 45.039547231950507 ], [ 1.577139643370406, 45.04064493520476 ], [ 1.593211342359625, 45.034823695707374 ], [ 1.608073833240117, 45.033524610250645 ], [ 1.60905876557787, 45.028947857845701 ], [ 1.625428091332834, 45.033536678286033 ], [ 1.632488766390407, 45.032101741222938 ], [ 1.635637886512165, 45.029251515574728 ], [ 1.651787061226862, 45.025247343023459 ], [ 1.656172983143914, 45.015140814607498 ], [ 1.664989348635942, 45.012245511415621 ], [ 1.671409792312605, 45.004301541496055 ], [ 1.684359886092044, 45.002551725420986 ], [ 1.692262432262517, 44.992601618421091 ], [ 1.703420040422913, 44.986564712989882 ], [ 1.708871030049772, 44.969615157623757 ], [ 1.711032650874585, 44.967296262783769 ], [ 1.713449602578536, 44.967826718251061 ], [ 1.723711260365576, 44.968344760330538 ], [ 1.740631396679533, 44.960566582367306 ], [ 1.750699856779004, 44.955873401836577 ], [ 1.753983673093301, 44.940847127798754 ], [ 1.7527603357983, 44.936792996087895 ], [ 1.767161553188432, 44.933651630216076 ], [ 1.774032935566914, 44.924525780446189 ], [ 1.774600312971427, 44.923560437978502 ], [ 1.786905193938078, 44.932103044940405 ], [ 1.785698293374022, 44.93690824966292 ], [ 1.790843008297355, 44.93202258789578 ], [ 1.798313011921433, 44.930438645233082 ], [ 1.802396410433497, 44.925611232045206 ], [ 1.800169264795483, 44.92028441165639 ], [ 1.800885803294183, 44.920381290806986 ], [ 1.804590432046626, 44.926088683162661 ], [ 1.823330528584561, 44.927243148187998 ], [ 1.829560912849565, 44.934208223379159 ], [ 1.842782282495484, 44.937129055776573 ], [ 1.844781469917443, 44.943040628686916 ], [ 1.851110159672788, 44.946227188561352 ], [ 1.87898820866644, 44.956023250559198 ], [ 1.887034719991306, 44.956346297339046 ], [ 1.889829182045524, 44.964062301492369 ], [ 1.907638613335303, 44.977837295621143 ], [ 1.926487023913925, 44.977843390825477 ], [ 1.940153792674871, 44.971832470954922 ], [ 1.942459496487478, 44.956999754591131 ], [ 1.950838524811814, 44.953265748434021 ], [ 1.956388472915484, 44.959902007043837 ], [ 1.966711368628054, 44.962344950607537 ], [ 1.986007026634184, 44.974839680870204 ], [ 2.006250986036563, 44.978131589353687 ], [ 2.017311445639563, 44.977821042005829 ], [ 2.03049377414948, 44.982007584249047 ], [ 2.045252728516384, 44.983732593351391 ], [ 2.053415904835649, 44.975926247670046 ], [ 2.062878147676085, 44.976619555477463 ], [ 2.067177282324053, 44.973428543488907 ], [ 2.070476227124193, 44.962674424372999 ], [ 2.080612494186494, 44.954006548600397 ], [ 2.076214470299579, 44.94155597128583 ], [ 2.076959719488966, 44.934868438432623 ], [ 2.082120266145487, 44.932860016602319 ], [ 2.101998368184262, 44.919515276136941 ], [ 2.108059322026435, 44.910623917721324 ], [ 2.100934497893359, 44.905714194603476 ], [ 2.086360331716808, 44.902517705224753 ], [ 2.083632704629946, 44.886298716286191 ], [ 2.089674819710401, 44.882121007754911 ], [ 2.09077817159144, 44.875693073006616 ], [ 2.102092211836258, 44.866699213730982 ], [ 2.117104206935, 44.848359757162562 ], [ 2.122777024394053, 44.847633102712102 ], [ 2.127670103492647, 44.840627037847206 ], [ 2.135104744647501, 44.827165973482714 ], [ 2.139739063765716, 44.823954330490864 ], [ 2.153565861339841, 44.816560539149116 ], [ 2.164769274362758, 44.813868703178059 ], [ 2.166451011361345, 44.799153982357979 ], [ 2.171528260629341, 44.790404446351857 ], [ 2.168578284384469, 44.781950451065697 ], [ 2.169832407924202, 44.777837088785304 ], [ 2.163256779726765, 44.771024135246421 ], [ 2.150865333922691, 44.769997127804039 ], [ 2.149072333587488, 44.769712368764822 ], [ 2.147319618641542, 44.763102854083286 ], [ 2.153625157539086, 44.752817781788806 ], [ 2.151498604428826, 44.744439922024767 ], [ 2.152821682861535, 44.736025451832802 ], [ 2.147617124095634, 44.726287859291133 ], [ 2.149222368352193, 44.722191015739433 ], [ 2.137751969108856, 44.712040935212173 ], [ 2.13111854519237, 44.708575874787279 ], [ 2.130088934010914, 44.699218627349715 ], [ 2.138475540418406, 44.693056561405719 ], [ 2.14734823621982, 44.695180731905985 ], [ 2.153075327098601, 44.699864138877572 ], [ 2.159626918772773, 44.697412926806173 ], [ 2.162285179509262, 44.691397221604845 ], [ 2.174401104673682, 44.677505206832535 ], [ 2.179257805459382, 44.674484719818167 ], [ 2.166311245107485, 44.661312496766676 ], [ 2.174866457541846, 44.651591037517491 ], [ 2.169151022156058, 44.646841383361689 ], [ 2.169582431087561, 44.63810344045762 ], [ 2.176676814074596, 44.635501456524423 ], [ 2.186334020264407, 44.628606320858033 ], [ 2.197568367624664, 44.623395506951958 ], [ 2.207793407780032, 44.615766235076357 ], [ 2.220695075526398, 44.622091638896414 ], [ 2.211913869824977, 44.631370979775845 ], [ 2.208415277813399, 44.64384231026245 ], [ 2.21587021397231, 44.650687382002282 ], [ 2.234277161407014, 44.655487162357332 ], [ 2.250907726884938, 44.651997977602711 ], [ 2.264020270403216, 44.660466097916789 ], [ 2.270363840869797, 44.660585542963133 ], [ 2.293631158009285, 44.66714495988932 ], [ 2.305441232656471, 44.662314835183849 ], [ 2.324238313527511, 44.669183557705338 ], [ 2.332407618499695, 44.664483120956575 ], [ 2.337733222365553, 44.656590636567614 ], [ 2.333058315093731, 44.648836147947712 ], [ 2.346628413956492, 44.643960986379113 ], [ 2.349104727543188, 44.640940681615994 ], [ 2.36663650532353, 44.641499822305583 ], [ 2.375345992164138, 44.645969811199784 ], [ 2.380067708739872, 44.651464784275937 ], [ 2.397535952952796, 44.646380097843846 ], [ 2.405383240580665, 44.647280543488364 ], [ 2.416604576619285, 44.642800119686477 ], [ 2.423612880333481, 44.644334050700785 ], [ 2.435681117595362, 44.639065663442381 ], [ 2.448493759923547, 44.648722891315202 ], [ 2.46773146046779, 44.642861722302023 ], [ 2.472168700524853, 44.652191081562933 ], [ 2.47963932795741, 44.648608210637505 ], [ 2.487168180522745, 44.656679363421944 ], [ 2.487631168567004, 44.668741842165424 ], [ 2.494807503151731, 44.677715685743927 ], [ 2.50031448413493, 44.690470928778829 ], [ 2.514138355082101, 44.693090225371932 ], [ 2.518941526165035, 44.699070305667362 ], [ 2.519366552653722, 44.702514914752498 ], [ 2.536411064848001, 44.712014690222354 ], [ 2.556978150169117, 44.721196484737135 ], [ 2.547106852995362, 44.724823519327828 ], [ 2.552074147653601, 44.731432194327617 ], [ 2.554442249975034, 44.739096206409599 ], [ 2.554602449677549, 44.744870571931422 ], [ 2.549938418161412, 44.754964997155341 ], [ 2.553422364676585, 44.757306418320539 ], [ 2.559902916424794, 44.761881662668813 ], [ 2.564783344563996, 44.772330270756989 ], [ 2.564296377196576, 44.778086836893493 ], [ 2.57396033038286, 44.785064112561734 ], [ 2.586531376759776, 44.783899864510921 ], [ 2.600462980626423, 44.793647465539308 ], [ 2.601643068219733, 44.808403630503044 ], [ 2.598140719617869, 44.820828225683876 ], [ 2.610193225034969, 44.826198521298053 ], [ 2.611444711165591, 44.830917083226396 ], [ 2.602682349716753, 44.843163111304236 ], [ 2.611629892966354, 44.84769199668316 ], [ 2.620945465346454, 44.859229712412208 ], [ 2.628983683281249, 44.872468578912034 ], [ 2.650961164350355, 44.86954347282613 ], [ 2.656227053880254, 44.872415805950446 ], [ 2.659352081823664, 44.888050126806803 ], [ 2.664765231639624, 44.889743953873399 ], [ 2.676156263361314, 44.903871001526426 ], [ 2.681866672984094, 44.907345770159274 ], [ 2.70032102920714, 44.904058554268211 ], [ 2.706355540714632, 44.907141278930972 ], [ 2.71669434753132, 44.928882075952039 ], [ 2.737691400890224, 44.940414131777516 ], [ 2.738402891763098, 44.941435020458172 ], [ 2.760321069677878, 44.930057936842395 ], [ 2.761785858317567, 44.924781376037494 ], [ 2.771793441443233, 44.918093808130394 ], [ 2.775806306700214, 44.909619725889414 ], [ 2.771723130339399, 44.902050243888517 ], [ 2.77841371401609, 44.887505126223125 ], [ 2.771112430265039, 44.876601525726315 ], [ 2.767223326120199, 44.865706483540436 ], [ 2.775791031621647, 44.857635452245667 ], [ 2.781415656119148, 44.857825836769557 ], [ 2.790778977225549, 44.867701708361281 ], [ 2.798746577149644, 44.86903543666368 ], [ 2.807318981881538, 44.874285235980487 ], [ 2.813586978232897, 44.869246812901629 ], [ 2.831702545908879, 44.872526882326731 ], [ 2.850718585406979, 44.87177167702982 ], [ 2.854732696806701, 44.874057567124467 ], [ 2.859754814552768, 44.874418758034743 ], [ 2.86137930661274, 44.867773577452056 ], [ 2.856110275591874, 44.865182898255277 ], [ 2.856683680569648, 44.84884971865069 ], [ 2.862215585047121, 44.835506585942412 ], [ 2.8704011324582, 44.829423014009954 ], [ 2.872127893219061, 44.818405010235885 ], [ 2.875598755808373, 44.815616147566843 ], [ 2.879132943715432, 44.803805115842877 ], [ 2.894311325420459, 44.786084348268872 ], [ 2.905059671914351, 44.783864892511517 ], [ 2.911562131819325, 44.790566817541624 ], [ 2.920189595565986, 44.794308778537967 ], [ 2.933317068820823, 44.781149434030681 ], [ 2.937437661812552, 44.774689392805548 ], [ 2.93565041012143, 44.766963707464093 ], [ 2.930734354601011, 44.761764164822985 ], [ 2.917716621354552, 44.766525098565957 ], [ 2.91198723261975, 44.760495834379036 ], [ 2.920121782701693, 44.754821963174322 ], [ 2.927040850328164, 44.757705012106854 ], [ 2.933676303138577, 44.749872027214032 ], [ 2.932200833478511, 44.738182515242514 ], [ 2.925893083104221, 44.726379167870569 ], [ 2.930886472226787, 44.713031936093095 ], [ 2.935090011771774, 44.705004788970562 ], [ 2.933843334144057, 44.696995990638037 ], [ 2.942399933297995, 44.685871455018741 ], [ 2.939377554020943, 44.677627764841155 ], [ 2.94517370541745, 44.67683314014787 ], [ 2.954502859750126, 44.667893105724154 ], [ 2.956026873770711, 44.659757034641466 ], [ 2.961871866861736, 44.654552925303179 ], [ 2.969998873027557, 44.648582130234217 ], [ 2.98167572665401, 44.644673011341624 ], [ 2.984937794636612, 44.650367708157383 ], [ 2.983903039961201, 44.656855819718253 ], [ 2.999394365996113, 44.675526009632364 ], [ 3.002547929625007, 44.686175403758853 ], [ 3.009481054435597, 44.700151950754638 ], [ 3.013578126486885, 44.704065075668062 ], [ 3.016710615901181, 44.714366668724821 ], [ 3.026305114993274, 44.716943242747696 ], [ 3.039104775213563, 44.715149681112457 ], [ 3.034348210005315, 44.729220161838299 ], [ 3.028789611314456, 44.733387422567461 ], [ 3.030002585496977, 44.746099339792821 ], [ 3.03710748785752, 44.757579666798904 ], [ 3.042240284849624, 44.75945406754164 ], [ 3.049285538640445, 44.76299206645195 ], [ 3.042759025241752, 44.771955552720087 ], [ 3.049930191395017, 44.781688528995183 ], [ 3.045924694034715, 44.797778007104299 ], [ 3.047943111923998, 44.8040676848101 ], [ 3.056501215527346, 44.809498894911037 ], [ 3.063266402538665, 44.819669800680437 ], [ 3.077297935577233, 44.8245874961871 ], [ 3.071270675928168, 44.834251152786521 ], [ 3.093834444456062, 44.833269213997724 ], [ 3.099010283190086, 44.8330279299919 ], [ 3.100281056134203, 44.843906391546291 ], [ 3.093165209673197, 44.854694996375613 ], [ 3.104895400859768, 44.866409630580918 ], [ 3.103019551115838, 44.874910602286469 ], [ 3.106888127407572, 44.877716014039748 ], [ 3.103031005679156, 44.884602786259066 ], [ 3.121651051949105, 44.89377108534962 ], [ 3.128146161713511, 44.903648713813631 ], [ 3.142461228262985, 44.902933509550685 ], [ 3.153460058279022, 44.889503665634443 ], [ 3.164144856957228, 44.879604394775946 ], [ 3.163599578526552, 44.875867872242814 ], [ 3.173393163613071, 44.872737825786857 ], [ 3.181289564023102, 44.864672559410899 ], [ 3.192132597191004, 44.862769912891736 ], [ 3.192322894428878, 44.869541950152197 ], [ 3.199407978412858, 44.874884693808866 ], [ 3.210786667419106, 44.873309684913799 ], [ 3.225667028411517, 44.882163251607906 ], [ 3.234362470984069, 44.88924268730019 ], [ 3.227196986903606, 44.896910548819818 ], [ 3.229054973211464, 44.905840028948376 ], [ 3.226675112269558, 44.909773154027079 ], [ 3.243918851446364, 44.916121964495467 ], [ 3.249902973958499, 44.916260829284383 ], [ 3.243468984500677, 44.931592018231768 ], [ 3.248565779219036, 44.939350864624579 ], [ 3.256169465647366, 44.941602521391943 ], [ 3.263244971616088, 44.942746563633001 ], [ 3.261995664029779, 44.932856321560877 ], [ 3.274745744100687, 44.926637354159318 ], [ 3.285627166391541, 44.926305602470038 ], [ 3.305633863885745, 44.941141710781999 ], [ 3.315415386650319, 44.944030679292325 ], [ 3.337942051270548, 44.955906998939248 ], [ 3.354642145085263, 44.954864586822218 ], [ 3.361347631062466, 44.971408091766705 ], [ 3.372733894832508, 44.975754461614741 ], [ 3.370282650547813, 44.970305458804816 ], [ 3.376113757134546, 44.964683752802465 ], [ 3.371577220014719, 44.960478943360044 ], [ 3.389149865172494, 44.951297153762589 ], [ 3.397003625725455, 44.958642557268931 ], [ 3.404435326142532, 44.957127458747557 ], [ 3.412482283314624, 44.945013980527669 ], [ 3.416055155989991, 44.927947649559798 ], [ 3.410666729177451, 44.917655789930969 ], [ 3.419382846065172, 44.908373796106318 ], [ 3.418043673199786, 44.900895933697534 ], [ 3.420716968351255, 44.894852528151127 ], [ 3.427163141329616, 44.890526011539784 ], [ 3.435964381841726, 44.880215134063825 ], [ 3.438730473575433, 44.860654861972691 ], [ 3.441852248562511, 44.854222084779224 ], [ 3.458716253732203, 44.839358259007767 ], [ 3.456163800656258, 44.829064339420043 ], [ 3.464782362814449, 44.827990477788823 ], [ 3.478504975973193, 44.809766863724505 ], [ 3.491302366035873, 44.808220858298277 ], [ 3.494124161158994, 44.814713280896839 ], [ 3.507303930693234, 44.824202834184057 ], [ 3.530937595487476, 44.827579300569411 ], [ 3.54496940407163, 44.82806858616528 ], [ 3.56168640941261, 44.824904224751947 ], [ 3.564266606326619, 44.832776403691682 ], [ 3.574723540006436, 44.834802552996187 ], [ 3.582603882901831, 44.826236921577063 ], [ 3.590192183158971, 44.827431200024392 ], [ 3.586356686677911, 44.837182556013111 ], [ 3.594595377475227, 44.841214632531525 ], [ 3.591915609801382, 44.847272156645353 ], [ 3.597889994407494, 44.856841577769089 ], [ 3.594380531015233, 44.867555834577928 ], [ 3.595943862619601, 44.876833829069803 ], [ 3.608247710348198, 44.879099976134903 ], [ 3.614911976665072, 44.874194982242606 ], [ 3.62626064693701, 44.880039788230441 ], [ 3.64402986105806, 44.877120901634953 ], [ 3.654831401623921, 44.874615925107435 ], [ 3.666805021032285, 44.857442133177827 ], [ 3.673858377404364, 44.854060077109992 ], [ 3.672054795715594, 44.843284624846966 ], [ 3.657637819296444, 44.836056445241042 ], [ 3.666306350229659, 44.828640685397858 ], [ 3.674015426906579, 44.830440764256323 ], [ 3.683587027085341, 44.829079387342347 ], [ 3.696380960954221, 44.830805958183419 ], [ 3.710659542853433, 44.836504779953863 ], [ 3.717511160447114, 44.831606816404864 ], [ 3.72830960415557, 44.833883723387167 ], [ 3.735462363283248, 44.840050895266629 ], [ 3.745115430068899, 44.836896432878333 ], [ 3.749736127874527, 44.824049463297904 ], [ 3.759549938510681, 44.816108105357067 ], [ 3.762910217598439, 44.809813104829665 ], [ 3.758482703971458, 44.806482413552025 ], [ 3.764246982307959, 44.800500454527139 ], [ 3.771038942500407, 44.803527279963113 ], [ 3.774813635854436, 44.79652856810457 ], [ 3.782908336022834, 44.795568652758043 ], [ 3.796592324308623, 44.78679621054804 ], [ 3.80196757612135, 44.780286571698241 ], [ 3.806020763305902, 44.768048324003814 ], [ 3.816289682148802, 44.768563807799325 ], [ 3.819328638465862, 44.772680333230852 ], [ 3.828711096254273, 44.774731835821839 ], [ 3.841757473188124, 44.772301598566301 ], [ 3.842616761040743, 44.767393504970677 ], [ 3.829821239914956, 44.75479231033372 ], [ 3.83520650726066, 44.748314319306481 ], [ 3.847723889896935, 44.745326419624739 ], [ 3.862609483584125, 44.74395733127956 ], [ 3.87680586246639, 44.73910101447197 ], [ 3.878044975909475, 44.732453786760601 ], [ 3.866695750182219, 44.728411454467619 ], [ 3.861681963978929, 44.71910945588246 ], [ 3.861461480719588, 44.71089011438837 ], [ 3.86767674887405, 44.708642943869314 ], [ 3.869504518443831, 44.697169943588996 ], [ 3.884439639660397, 44.693928342342019 ], [ 3.877652866841856, 44.68989301415197 ], [ 3.86934242535339, 44.678409979489757 ], [ 3.877754903300297, 44.674978123069273 ], [ 3.877735054888284, 44.669411518336808 ], [ 3.883633735418201, 44.66524914889343 ], [ 3.88238051466093, 44.659418704950149 ], [ 3.890906441873263, 44.656370280526758 ], [ 3.894783716743032, 44.650078997953585 ], [ 3.895407489930327, 44.642422972135542 ], [ 3.892339060389451, 44.622810853420795 ], [ 3.893644363247406, 44.613537850362192 ], [ 3.904562070684721, 44.612820629065723 ], [ 3.907951822768145, 44.607605218060201 ], [ 3.903485762715512, 44.597168478170957 ], [ 3.905822232394834, 44.592400215487842 ], [ 3.915121273813993, 44.590334811162819 ], [ 3.915589277149239, 44.582683714260234 ], [ 3.923447903710048, 44.571772321006776 ], [ 3.936313959209301, 44.573834650931268 ], [ 3.94859256781163, 44.572963731650091 ], [ 3.955190600425202, 44.566225691734552 ], [ 3.960618475430964, 44.553418597340873 ], [ 3.965669749272478, 44.538019017955484 ], [ 3.972312537886357, 44.527509171065404 ], [ 3.979828156795146, 44.5200188848995 ], [ 3.976792337666679, 44.516997408516445 ], [ 3.988815190227361, 44.503545334520894 ], [ 3.987067578294881, 44.487255034530939 ], [ 3.984875980623739, 44.483744626864393 ], [ 3.987927999389199, 44.472516076098437 ], [ 3.996980589265398, 44.465884197356687 ], [ 3.998370477759245, 44.459659736013322 ], [ 4.015326743895534, 44.453654004231282 ], [ 4.023199110505851, 44.445689433395422 ], [ 4.037174777385367, 44.446084566703085 ], [ 4.045250152842738, 44.435387780635132 ], [ 4.045414589143405, 44.429599297606252 ], [ 4.036672474797053, 44.421009648970895 ], [ 4.057270682929238, 44.413653206692366 ], [ 4.068431153609823, 44.405046151026212 ], [ 4.057698716185449, 44.394351158922582 ], [ 4.047797477807965, 44.397351831219396 ], [ 4.040217591811732, 44.391636869041029 ], [ 4.043766135820635, 44.384510223196799 ], [ 4.053133424828731, 44.37889529906667 ], [ 4.050561965762342, 44.374052237379068 ], [ 4.056863622770593, 44.36132099525517 ], [ 4.053274311828969, 44.359003077646712 ], [ 4.054662787316235, 44.352299213077679 ], [ 4.050706636943235, 44.347280439499706 ], [ 4.053732195089935, 44.33808534273345 ], [ 4.035685441498519, 44.329677562453782 ], [ 4.046922070940764, 44.318989067383129 ], [ 4.051680937797117, 44.316975780015547 ], [ 4.059893756263888, 44.320260168002442 ], [ 4.073712348461765, 44.329799076887049 ], [ 4.085586583717892, 44.328613056322318 ], [ 4.093147227996935, 44.33443740932055 ], [ 4.104099881942678, 44.334136277779272 ], [ 4.109415585814361, 44.330876155389525 ], [ 4.114811169074597, 44.328264935479417 ], [ 4.127126193493665, 44.33756944293021 ], [ 4.140574971786035, 44.326212926845237 ], [ 4.142918554178643, 44.313199087611835 ], [ 4.163895019051268, 44.312050929184814 ], [ 4.177794711103817, 44.317613156875446 ], [ 4.177751173759883, 44.31286215430071 ], [ 4.186486542965878, 44.299806623947525 ], [ 4.214695718403821, 44.290906699845195 ], [ 4.216225467604972, 44.289010092269137 ], [ 4.233983138552743, 44.275003462909133 ], [ 4.249287766444273, 44.265816508821267 ], [ 4.25854560868667, 44.264337103254618 ], [ 4.26296519673613, 44.268495884475307 ], [ 4.277891905587555, 44.275460400872241 ], [ 4.280522189648925, 44.283630097267292 ], [ 4.288496621700378, 44.291757065882983 ], [ 4.290741892387288, 44.308849955632873 ], [ 4.288210407427306, 44.314801543496117 ], [ 4.303524405948788, 44.314763324941048 ], [ 4.32175211401048, 44.324013869142703 ], [ 4.330018720275078, 44.333885647607659 ], [ 4.325776411732131, 44.338325704117423 ], [ 4.344673950094385, 44.339799675093602 ], [ 4.368013889235778, 44.339370577634639 ], [ 4.383070060082836, 44.343958361207044 ], [ 4.387733333319753, 44.347138892790163 ], [ 4.395831588871331, 44.343663054208108 ], [ 4.403259681353668, 44.333579819177835 ], [ 4.401385001412549, 44.328021927542721 ], [ 4.390781280888776, 44.30305130637425 ], [ 4.393181269309681, 44.29450073501723 ], [ 4.399295893824759, 44.289126774618694 ], [ 4.433546381696362, 44.286760625309356 ], [ 4.440349291698552, 44.283602643831529 ], [ 4.453259567715908, 44.297913730978522 ], [ 4.448403734782055, 44.296604881697249 ], [ 4.450752427238067, 44.334169215654811 ], [ 4.457616371224318, 44.341635623871682 ], [ 4.464921556973881, 44.341688945606386 ], [ 4.47498958811854, 44.342045092503554 ], [ 4.479407273697799, 44.337210538720079 ], [ 4.503424569866081, 44.339857761089206 ], [ 4.512142246344856, 44.335399662507108 ], [ 4.512868766019414, 44.328031418347827 ], [ 4.524745640882, 44.329729264269389 ], [ 4.532211088428816, 44.322770528721065 ], [ 4.549298191950109, 44.324638789558428 ], [ 4.54774004220948, 44.322876299646566 ], [ 4.545029772832757, 44.32025037466498 ], [ 4.559748876903774, 44.302068730582114 ], [ 4.569997425074441, 44.299343460339053 ], [ 4.577977391928592, 44.299998975132681 ], [ 4.588047560150215, 44.294304432171934 ], [ 4.599652060854647, 44.291842169705966 ], [ 4.605642538721765, 44.290963450046746 ], [ 4.612228633460132, 44.286131382106838 ], [ 4.616389077866081, 44.278193423943705 ], [ 4.629125370449139, 44.284227442816999 ], [ 4.638060040334413, 44.282964739014417 ], [ 4.641229531038982, 44.27438783352094 ], [ 4.649453594448593, 44.270338407323408 ], [ 4.651575976261648, 44.259098505150938 ], [ 4.660957785578281, 44.247755376109374 ], [ 4.673361148161997, 44.239634471534444 ], [ 4.678178128558796, 44.229528838296041 ], [ 4.673130290657746, 44.218548365033669 ], [ 4.674044526372358, 44.214739668889472 ], [ 4.683594522033137, 44.212464407724795 ], [ 4.694201908209577, 44.215448659983409 ], [ 4.708049929639364, 44.213052622075942 ], [ 4.709208035322933, 44.206198587152215 ], [ 4.704248536513124, 44.197502291675555 ], [ 4.705803163420666, 44.192722771760003 ], [ 4.722470686762946, 44.187319001432279 ], [ 4.715860716916633, 44.165947043533521 ], [ 4.716680699639789, 44.162618464026558 ], [ 4.718122937700697, 44.152325464770101 ], [ 4.717448165606264, 44.141580429729629 ], [ 4.711535412517381, 44.133710898798618 ], [ 4.710312378562768, 44.11835886483459 ], [ 4.706074147849789, 44.107799184909673 ], [ 4.707750698819864, 44.103339315318131 ], [ 4.71745722035358, 44.093750237497019 ], [ 4.719677521292674, 44.086082189041491 ], [ 4.726923439494778, 44.078283673506952 ], [ 4.737865352455494, 44.08380196790165 ], [ 4.752223926149282, 44.088252729063015 ], [ 4.760248111177412, 44.087216612399772 ], [ 4.760540349011049, 44.078979970099887 ], [ 4.759656723708896, 44.074998847103892 ], [ 4.78503725071041, 44.067387826273134 ], [ 4.787912597643298, 44.065038061030272 ], [ 4.787214782415369, 44.055378046605483 ], [ 4.795685506282756, 44.048043732186819 ], [ 4.807769566965788, 44.040356552602496 ], [ 4.816051885719325, 44.032156819331782 ], [ 4.820508645457374, 44.01664360589357 ], [ 4.836854260711587, 44.015051525592611 ], [ 4.843702094087692, 44.008631034620315 ], [ 4.844318768356009, 44.002827598659565 ], [ 4.845568850662445, 43.996639891561024 ], [ 4.842737417015672, 43.986939927781606 ], [ 4.830180053940317, 43.985527722099974 ], [ 4.813546242287702, 43.988302987344603 ], [ 4.810003407583072, 43.976468004734599 ], [ 4.814024843101129, 43.964162956962106 ], [ 4.798244579798252, 43.957231080458769 ], [ 4.791902996159775, 43.952398547129704 ], [ 4.778930912794874, 43.937878859874345 ], [ 4.768780405143839, 43.933814601084038 ], [ 4.761466164697157, 43.934911273087856 ], [ 4.749850253839286, 43.932148960427448 ], [ 4.739283576648984, 43.924134242078864 ], [ 4.73543942718559, 43.916656491095416 ], [ 4.723389200373816, 43.906065201998068 ], [ 4.709332730525991, 43.898038064190217 ], [ 4.69286997783172, 43.88453321322428 ], [ 4.667412766917573, 43.876350420466565 ], [ 4.662359515662282, 43.870839538515213 ], [ 4.658117195123006, 43.875444290610005 ], [ 4.648510901822116, 43.869021639448754 ], [ 4.642076441900599, 43.867525443067109 ], [ 4.647594333691486, 43.860668014463847 ], [ 4.64303956494625, 43.85459794603377 ], [ 4.662276715348286, 43.852732254856463 ], [ 4.666667435587652, 43.847229498011238 ], [ 4.665719804422325, 43.844075589874862 ], [ 4.652795824277149, 43.840296415268867 ], [ 4.642952041013975, 43.832263238521591 ], [ 4.644466013569126, 43.825418608921289 ], [ 4.651480504276688, 43.818235184965744 ], [ 4.655257500744275, 43.807303955952968 ], [ 4.651571749340681, 43.782497041967645 ], [ 4.634227545207558, 43.766791448258537 ], [ 4.6283043008422, 43.757878716256855 ], [ 4.625624199590828, 43.748774274380182 ], [ 4.61419813039099, 43.731215311361936 ], [ 4.612301676848063, 43.724739804295638 ], [ 4.615246368029211, 43.708231142036183 ], [ 4.623333149304255, 43.699035955871672 ], [ 4.627914255140808, 43.689256387860219 ], [ 4.602463801463736, 43.685804694190487 ], [ 4.59300106270964, 43.687589759615911 ], [ 4.58205631718319, 43.696361561833974 ], [ 4.559425180206613, 43.699065135453409 ], [ 4.540451971869328, 43.707456050394981 ], [ 4.522460933086669, 43.702122937561747 ], [ 4.495524758656665, 43.701484846523066 ], [ 4.486027444068468, 43.698856495961579 ], [ 4.475909301570333, 43.685481039096558 ], [ 4.478534989377387, 43.674534148081428 ], [ 4.475807679022106, 43.671328608560287 ], [ 4.459069167550093, 43.668386567466349 ], [ 4.450803855405433, 43.663893854094638 ], [ 4.440558758639883, 43.648885710305549 ], [ 4.434727777551038, 43.634085934441408 ], [ 4.426308075525803, 43.625001262085171 ], [ 4.42687018340737, 43.621303291614176 ], [ 4.438185881726668, 43.611555558328064 ], [ 4.453905473036636, 43.611305871379379 ], [ 4.462393436335838, 43.61495636211756 ], [ 4.469608085991569, 43.614119291366187 ], [ 4.475253774457128, 43.60723484167292 ], [ 4.465621478025803, 43.597219495506025 ], [ 4.461924918321208, 43.590594638738402 ], [ 4.448904131790392, 43.583449251998132 ], [ 4.426140604203901, 43.585434249715284 ], [ 4.407106760702839, 43.575896142365345 ], [ 4.416732186754349, 43.571101459697658 ], [ 4.414599239778516, 43.565257494778471 ], [ 4.405953140830208, 43.559572747310114 ], [ 4.388768069583398, 43.562548458854366 ], [ 4.382414223434521, 43.553425617550253 ], [ 4.365045925691664, 43.547154657788766 ], [ 4.3536276633313, 43.547335442291654 ], [ 4.348916434516475, 43.542587034982823 ], [ 4.334310622190364, 43.535394167071566 ], [ 4.318614849243999, 43.542677733931143 ], [ 4.316199867315988, 43.547901006235229 ], [ 4.323010004244997, 43.553040999487337 ], [ 4.318487401651862, 43.557279477218344 ], [ 4.313895948539036, 43.555618205892799 ], [ 4.308069899144108, 43.544991968939136 ], [ 4.318253142191801, 43.532631702055795 ], [ 4.320402769740645, 43.525476996397501 ], [ 4.308680872552228, 43.524355626587258 ], [ 4.297502081406612, 43.5151738860527 ], [ 4.275609446547952, 43.508864774721538 ], [ 4.25844860912468, 43.507459931783693 ], [ 4.244191723969689, 43.50144805788365 ], [ 4.238030621278707, 43.497075290056038 ], [ 4.239385531156351, 43.493474079410326 ], [ 4.230721975582642, 43.47952684414949 ], [ 4.230213234693135, 43.46048585707824 ], [ 4.190316338573891, 43.466637725244148 ], [ 4.147498806456651, 43.477662806493775 ], [ 4.1305247454151, 43.486297263189911 ], [ 4.121635016431889, 43.494680197499399 ], [ 4.112886504601687, 43.507616631951194 ], [ 4.129657553409633, 43.512098841276206 ], [ 4.140860572554552, 43.518046287672824 ], [ 4.135448850785419, 43.523565785268723 ], [ 4.138926693524407, 43.531579953266487 ], [ 4.128763942743761, 43.542512722961078 ], [ 4.11620446706456, 43.549366959599354 ], [ 4.101276661247304, 43.554688899914424 ], [ 4.089986804370144, 43.556250649557796 ], [ 4.055034365126776, 43.557550638947639 ], [ 4.037465445548025, 43.556351324751347 ], [ 4.013715353899175, 43.553217588362969 ], [ 3.982593449195479, 43.544875530474883 ], [ 3.969350079580326, 43.540403845244768 ], [ 3.936620884954036, 43.528751944180115 ], [ 3.914170485082519, 43.518939675745699 ], [ 3.907427041642802, 43.517142752572376 ], [ 3.891549986082567, 43.509537285159837 ], [ 3.852655675299518, 43.487440724176309 ], [ 3.830427736886676, 43.470715255987464 ], [ 3.829869612133729, 43.470220178848365 ], [ 3.826131826354525, 43.466553537422101 ], [ 3.804323599599057, 43.446297513968709 ], [ 3.797139788148546, 43.441169165100902 ], [ 3.776482141676012, 43.431530394627075 ], [ 3.752851702585467, 43.425751986727072 ], [ 3.746202620659593, 43.420566289382982 ], [ 3.74052387334923, 43.422023167522951 ], [ 3.725032147471531, 43.416065879108217 ], [ 3.721742606432156, 43.409044247654201 ], [ 3.709201864349041, 43.402399323766318 ], [ 3.700162333239165, 43.400370008715363 ], [ 3.691870047661731, 43.392192254797166 ], [ 3.682021356704558, 43.39331634177352 ], [ 3.661449407565606, 43.392561398240559 ], [ 3.65185910072626, 43.388666457739006 ], [ 3.628928526642323, 43.374838604647159 ], [ 3.604318389459505, 43.356996832259846 ], [ 3.56637344874937, 43.326050105147537 ], [ 3.539530246864673, 43.302220273300712 ], [ 3.530207230270283, 43.293374898073566 ], [ 3.517824347138234, 43.277905551582755 ], [ 3.511436283666462, 43.284650376626949 ], [ 3.49818439224791, 43.279083651352572 ], [ 3.496994101202181, 43.274832376224282 ], [ 3.482204617008898, 43.273683168655722 ], [ 3.469444971248788, 43.275910900049738 ], [ 3.453626703960386, 43.281826536798278 ], [ 3.443327015723203, 43.283274401125333 ], [ 3.435139203122797, 43.289048732767945 ], [ 3.429082569313875, 43.289822288449315 ], [ 3.406179477110516, 43.288359017659751 ], [ 3.388779944852628, 43.284595339700736 ], [ 3.365053423963905, 43.277040794487512 ], [ 3.344943193317409, 43.269397658168636 ], [ 3.312357396004808, 43.254461744388301 ], [ 3.297656139268324, 43.246230202665117 ], [ 3.28356908091786, 43.240952766852359 ], [ 3.271444457284903, 43.233842571157687 ], [ 3.240059247354151, 43.212777367974439 ], [ 3.230939946984732, 43.208085645539903 ], [ 3.199449687671174, 43.183498659075354 ], [ 3.187868108693704, 43.173587362595228 ], [ 3.181167815950568, 43.171245788820485 ], [ 3.179098517350173, 43.167343722685082 ], [ 3.159330157695413, 43.149024713823145 ], [ 3.151715403953583, 43.138397832100338 ], [ 3.137374589302361, 43.124893878259101 ], [ 3.123730156840255, 43.1095498420217 ], [ 3.102051270693355, 43.082055719627292 ], [ 3.085101008475958, 43.056885469650553 ], [ 3.063695461341678, 43.019278503995942 ], [ 3.067465154530769, 43.014611232612033 ], [ 3.061590124082604, 43.009277084381509 ], [ 3.049814535005691, 42.98081271996427 ], [ 3.04353474856082, 42.959820763890121 ], [ 3.038929118328689, 42.935311985990218 ], [ 3.040046638058601, 42.930113663109552 ], [ 3.054213230953904, 42.925970719542313 ], [ 3.060531853385782, 42.91711928984072 ], [ 3.051474503401579, 42.885917612852744 ], [ 3.050249475356037, 42.870712785533335 ], [ 3.045888368241797, 42.853373867674541 ], [ 3.043651244707282, 42.838049344950349 ], [ 3.039383676491392, 42.80801757154385 ], [ 3.036910753681419, 42.796605966314445 ], [ 3.040661186339699, 42.794184912037075 ], [ 3.039005457001328, 42.779435469432485 ], [ 3.037979215119952, 42.753744207433286 ], [ 3.038654369892577, 42.743386743137272 ], [ 3.037973616446857, 42.730207500459201 ], [ 3.035129277546144, 42.721758508519891 ], [ 3.040208417673654, 42.718549565966676 ], [ 3.036415644533966, 42.688408447690598 ], [ 3.034314004605423, 42.66057903147945 ], [ 3.035853723549514, 42.640746181818791 ], [ 3.036285674017587, 42.628453391293824 ], [ 3.040201509065088, 42.618481686849407 ], [ 3.043559401728811, 42.599816653255623 ], [ 3.044415071700694, 42.593691331134764 ], [ 3.046934238861588, 42.564053038915311 ], [ 3.052679050444458, 42.540919782499103 ], [ 3.060526446356769, 42.535405894404477 ], [ 3.075772529576994, 42.533223383769652 ], [ 3.086179817761705, 42.527623998137102 ], [ 3.099046319925123, 42.523639478910951 ], [ 3.122831474290162, 42.521637975219477 ], [ 3.134053212227552, 42.516916700289009 ], [ 3.133074254541334, 42.510716141070894 ], [ 3.124285975679799, 42.502718142586545 ], [ 3.133008167146171, 42.495030798700249 ], [ 3.130604770844121, 42.481664181809812 ], [ 3.15507326571727, 42.477671724135277 ], [ 3.154886782115769, 42.470537393109673 ], [ 3.162529045447034, 42.465350162829345 ], [ 3.157340684383439, 42.460170427112509 ], [ 3.161218629658906, 42.459474286496743 ], [ 3.17465923681954, 42.442282649578722 ], [ 3.173956629144941, 42.435369672481791 ], [ 3.153441718495959, 42.435776903728403 ], [ 3.144832938811394, 42.433151670193581 ], [ 3.138413492034573, 42.435509838543382 ], [ 3.125658587369585, 42.434852385078315 ], [ 3.120874775929671, 42.438183732531037 ], [ 3.107618746885433, 42.433805169309721 ], [ 3.098884439574894, 42.425154889596783 ], [ 3.085866895273289, 42.42556077095071 ], [ 3.070046316022199, 42.435917357475248 ], [ 3.067045764388188, 42.442582616518187 ], [ 3.058275772862193, 42.445775182916094 ], [ 3.04730955493195, 42.456947421545166 ], [ 3.040442294222381, 42.474217116211868 ], [ 3.031820184082672, 42.474920282177607 ], [ 3.013021245169945, 42.466399971897062 ], [ 3.00002307064339, 42.473250373290419 ], [ 2.989087439417699, 42.474033657590127 ], [ 2.979837050240399, 42.467431692193863 ], [ 2.967414000350493, 42.465499590320022 ], [ 2.960055716923834, 42.47397909471028 ], [ 2.947122537358988, 42.48214272672233 ], [ 2.93279267736619, 42.474395076460162 ], [ 2.918465447644954, 42.456166286747099 ], [ 2.904635578067313, 42.456920667039654 ], [ 2.891469808190112, 42.462013774612366 ], [ 2.886759814297602, 42.459940528312174 ], [ 2.870479674217074, 42.467430460281221 ], [ 2.863387338200902, 42.463543774656387 ], [ 2.861614404085067, 42.455005627030388 ], [ 2.856752745315652, 42.454063466454656 ], [ 2.844122827479044, 42.45809703823231 ], [ 2.839087460365905, 42.459411826445432 ], [ 2.832164988560188, 42.451964658906654 ], [ 2.83313469572015, 42.44732884826503 ], [ 2.827495220952877, 42.439297401124627 ], [ 2.818626513797176, 42.440515935567021 ], [ 2.80095840512593, 42.424400982818611 ], [ 2.800662169279081, 42.418408648701472 ], [ 2.783433862568065, 42.417347640100182 ], [ 2.778562428479984, 42.412452370494307 ], [ 2.770470192560917, 42.411625383754213 ], [ 2.759794096585261, 42.418601215921832 ], [ 2.753222495439995, 42.426402683080291 ], [ 2.727356464574828, 42.422789148714621 ], [ 2.724159917430335, 42.422736879185663 ], [ 2.716597437369731, 42.421354365220289 ], [ 2.702956576650247, 42.411302167534402 ], [ 2.693487808989002, 42.406736161645156 ], [ 2.67403192230285, 42.404807914708755 ], [ 2.671379183739734, 42.387793739203047 ], [ 2.659032095856127, 42.379948612737238 ], [ 2.662793313234182, 42.372267585587736 ], [ 2.660880337422673, 42.366021046707068 ], [ 2.673947361399782, 42.359035887237127 ], [ 2.676059154008037, 42.354311043185938 ], [ 2.675504680733801, 42.342405732517193 ], [ 2.65470227852239, 42.341412730535652 ], [ 2.650738937360043, 42.344129422779844 ], [ 2.634478567228333, 42.34389506816408 ], [ 2.610203403707831, 42.346809113002607 ], [ 2.587443353515015, 42.357046968998432 ], [ 2.561920370911529, 42.357229028576363 ], [ 2.554011296596583, 42.354110585208304 ], [ 2.5539530416986, 42.346325816389779 ], [ 2.541712413110649, 42.333563086494273 ], [ 2.526225893574311, 42.333457521242714 ], [ 2.511179684006304, 42.337496949647466 ], [ 2.500200065397587, 42.343200948421902 ], [ 2.480923769197799, 42.341030663990011 ], [ 2.476030515407404, 42.347789946525502 ], [ 2.466288565062617, 42.360568492958627 ], [ 2.456852787594005, 42.363273860261394 ], [ 2.454778758124569, 42.36981569042468 ], [ 2.447490035970977, 42.368936818525341 ], [ 2.432854028422261, 42.37792190130147 ], [ 2.43581314392523, 42.388248229321071 ], [ 2.432501044230262, 42.393576089667413 ], [ 2.414091897328926, 42.391304799935924 ], [ 2.391417995298898, 42.396774843276418 ], [ 2.387536711294642, 42.400198828522427 ], [ 2.372334967009836, 42.400398885657566 ], [ 2.349128076928912, 42.406876201044255 ], [ 2.343983512083627, 42.41688509805244 ], [ 2.331362404445645, 42.415490691657027 ], [ 2.324431112126657, 42.417670810081873 ], [ 2.318605276244969, 42.425097181151685 ], [ 2.305866695190115, 42.428389424052369 ], [ 2.298613903877406, 42.423273081809491 ], [ 2.29077715988603, 42.423099868302202 ], [ 2.272684887082671, 42.433755728082261 ], [ 2.267482095197816, 42.433611333353682 ], [ 2.257007453178374, 42.438668899945348 ], [ 2.2464147356884, 42.428918715196488 ], [ 2.223652373412293, 42.42566851395501 ], [ 2.201356765198241, 42.416403313516803 ], [ 2.184259861969158, 42.419469392102904 ], [ 2.180264429231708, 42.418198251154664 ], [ 2.168154390473552, 42.424184593099966 ], [ 2.156981548418975, 42.423400147216 ], [ 2.142254846347434, 42.416194767920437 ], [ 2.132807821160347, 42.414418482092529 ], [ 2.125200717187635, 42.40937279825981 ], [ 2.121376191783263, 42.397091216697937 ], [ 2.114835226035704, 42.394488723175868 ], [ 2.116198440657338, 42.383155275306414 ], [ 2.089481267895367, 42.373771591646097 ], [ 2.086897657139855, 42.363840378577315 ], [ 2.072773845846015, 42.365505255121363 ], [ 2.058848195585452, 42.357731058701432 ], [ 2.033244291023795, 42.358055329706666 ], [ 2.023354461125902, 42.355604648638007 ], [ 2.016062473837968, 42.347092725103558 ], [ 2.003324061675818, 42.355896299191421 ], [ 1.998185509830645, 42.356112333107475 ], [ 1.986414131127086, 42.361927157444093 ], [ 1.979173222991498, 42.371602716455079 ], [ 1.972476187357408, 42.373227307312099 ], [ 1.964524456708046, 42.382299191727682 ], [ 1.960964722440202, 42.390902947449163 ], [ 1.96073962785095, 42.404126411640171 ], [ 1.955724500678993, 42.409887986872612 ], [ 1.958571282504795, 42.424144086048486 ], [ 1.944604195134495, 42.428068089174083 ], [ 1.940694925976261, 42.433743891417294 ], [ 1.942896153357292, 42.444493825816544 ], [ 1.933929585497688, 42.454311095709414 ], [ 1.91629590204479, 42.44623591931785 ], [ 1.90025188884102, 42.449850874365126 ], [ 1.891167637664788, 42.447717024905728 ], [ 1.884131621959767, 42.450485255834145 ], [ 1.881137844261086, 42.459827496314766 ], [ 1.864952500293121, 42.466222627658823 ], [ 1.859521669969738, 42.462468051575584 ], [ 1.847477163118521, 42.468326729408787 ], [ 1.843057332144082, 42.476910148288404 ], [ 1.823420753915975, 42.486627597549891 ], [ 1.816720541915059, 42.483156118423068 ], [ 1.804304032156711, 42.49038780384231 ], [ 1.791946416543684, 42.485513447569936 ], [ 1.761906974893862, 42.487580216756704 ], [ 1.746792367960976, 42.495575025179726 ], [ 1.73040873386262, 42.492387533467998 ], [ 1.725900322034118, 42.502707817382245 ], [ 1.725420691535611, 42.515224971541009 ], [ 1.728883413363231, 42.524700109135068 ], [ 1.734890633294758, 42.533717197651264 ], [ 1.733491219299337, 42.538770483686427 ], [ 1.739026978803343, 42.555697408027477 ], [ 1.748206020687209, 42.563134791878745 ], [ 1.755238035501359, 42.565094285397137 ], [ 1.769650754997909, 42.564771268660451 ], [ 1.786138558272723, 42.573673935496096 ], [ 1.781178891937271, 42.582531168661802 ], [ 1.772595030956459, 42.580462958577058 ], [ 1.752386698970381, 42.582577363670055 ], [ 1.742204907106696, 42.587744785486308 ], [ 1.727607505104739, 42.588286756534501 ], [ 1.726289674526205, 42.600550432419077 ], [ 1.737567592106906, 42.611595252264195 ], [ 1.736170868357795, 42.615157331603292 ], [ 1.722727955310178, 42.616530599032096 ], [ 1.713645780696786, 42.614619805232692 ], [ 1.699653567950716, 42.622425999682982 ], [ 1.683440334172686, 42.624994286204135 ], [ 1.673524639699848, 42.620702310610511 ], [ 1.65691838970539, 42.621006598333295 ], [ 1.653438955408208, 42.6263767099123 ], [ 1.637248497505704, 42.630330250377433 ], [ 1.627662708941556, 42.626401438857187 ], [ 1.600510716177079, 42.62565114084456 ], [ 1.594418111398098, 42.632608220579712 ], [ 1.580623469171402, 42.636754697987499 ], [ 1.574749278490694, 42.647933628720317 ], [ 1.568374241488388, 42.648512098065105 ], [ 1.562295543807991, 42.65356503867396 ], [ 1.552789413783403, 42.653927812166039 ], [ 1.549248206076251, 42.655879693734498 ], [ 1.53318323860258, 42.649773435372339 ], [ 1.52217058834901, 42.649321499393949 ], [ 1.518750642038773, 42.645417459597624 ], [ 1.499645195574624, 42.645668186645501 ], [ 1.493896287732266, 42.653245151649514 ], [ 1.478511157735734, 42.650594998979308 ], [ 1.477069727220445, 42.640631788049049 ], [ 1.46988903727837, 42.635559313522108 ], [ 1.470904192622354, 42.624622359227487 ], [ 1.477486329643765, 42.61451668136867 ], [ 1.469067653733636, 42.606504222655261 ], [ 1.456991084610188, 42.60232646138244 ], [ 1.43793451890316, 42.602849006588066 ], [ 1.429110320891811, 42.614404774371145 ], [ 1.427925816627798, 42.620860762433814 ], [ 1.420428794078524, 42.624924406489335 ], [ 1.413615935395214, 42.647752946500773 ], [ 1.413700170797939, 42.655578494767788 ], [ 1.40321831213346, 42.658901723914916 ], [ 1.40131855113382, 42.664776044612751 ], [ 1.390224117513175, 42.668264265595731 ], [ 1.386768463329351, 42.678027702090873 ], [ 1.389651043074298, 42.686353428835453 ], [ 1.376977634646234, 42.695411102442428 ], [ 1.364942481688617, 42.694710833302253 ], [ 1.35092587019993, 42.703075076735772 ], [ 1.352462636946535, 42.711290493416875 ], [ 1.357377685172708, 42.719699017085667 ], [ 1.343364466194855, 42.718907559704128 ], [ 1.335250662232008, 42.724052624822647 ], [ 1.325357188798551, 42.72431024715538 ], [ 1.316941832667694, 42.718961329896722 ], [ 1.309340958426706, 42.717618502391055 ], [ 1.29674471726706, 42.719493607214091 ], [ 1.278155294409081, 42.714066505432505 ], [ 1.276003861868166, 42.718189482807396 ], [ 1.253123937494675, 42.714468607596913 ], [ 1.250322268599375, 42.720038316484228 ], [ 1.24070412581987, 42.724950312703761 ], [ 1.229337926389953, 42.727800969494652 ], [ 1.216821798404857, 42.720126870745176 ], [ 1.209975429962445, 42.720965043131464 ], [ 1.178268061916541, 42.713029474672652 ], [ 1.176309398114581, 42.70937084488147 ], [ 1.166040240296568, 42.708938196464544 ], [ 1.15295961164624, 42.716445984750308 ], [ 1.151264695665232, 42.7196211619219 ], [ 1.133112256892014, 42.728538252634458 ], [ 1.135060562819195, 42.735921031373941 ], [ 1.130558339460138, 42.739458965403088 ], [ 1.132805287103585, 42.750352009601009 ], [ 1.128948793609635, 42.754606327729405 ], [ 1.119331599073869, 42.7634400852331 ], [ 1.109908836711269, 42.765711687056523 ], [ 1.108374568527452, 42.771938261185085 ], [ 1.095659879625646, 42.774390647425129 ], [ 1.087388947796124, 42.778382524235091 ], [ 1.078681264328934, 42.788314861250349 ], [ 1.073435886874299, 42.78257671857574 ], [ 1.065053916577867, 42.783254105561319 ], [ 1.043786508351017, 42.781104227015 ], [ 1.038518044570915, 42.787030647719668 ], [ 1.028121859204546, 42.786427941470443 ], [ 1.011257356032115, 42.787861303558543 ], [ 1.005568592078633, 42.790828168038672 ], [ 0.994753457762506, 42.786885511073649 ], [ 0.982914279370284, 42.786913413642232 ], [ 0.97438758678666, 42.797298948928258 ], [ 0.959975025793819, 42.805926966013125 ], [ 0.947036195027775, 42.80155761963757 ], [ 0.938597910308184, 42.796254209226412 ], [ 0.93333234431817, 42.789659423652473 ], [ 0.923950018837584, 42.790152727003992 ], [ 0.916667067756862, 42.795686317080097 ], [ 0.907476679804715, 42.796888938880912 ], [ 0.906397682404624, 42.801073935936827 ], [ 0.879949406329953, 42.815002189202382 ], [ 0.870949460019245, 42.815635242739731 ], [ 0.860998918513337, 42.82117531711895 ], [ 0.858069651586076, 42.825723371058345 ], [ 0.843753763583196, 42.8292649552481 ], [ 0.833152520203999, 42.828357749564702 ], [ 0.81638454982454, 42.836692982802056 ], [ 0.801509189757027, 42.840597298578508 ], [ 0.788692858700877, 42.836184153562186 ], [ 0.777091909337352, 42.836216035966999 ], [ 0.762798026525645, 42.840281810773973 ], [ 0.761618455254252, 42.842786824618521 ], [ 0.735949895812363, 42.848978004342761 ], [ 0.734512505254457, 42.854359641822313 ], [ 0.708389907542488, 42.861435390002818 ], [ 0.69151337866635, 42.855087595784447 ], [ 0.678022379456311, 42.855249890154191 ], [ 0.677733979109551, 42.847845202016877 ], [ 0.659468473242426, 42.83888841627293 ], [ 0.659171556143078, 42.835335670491467 ], [ 0.662401172433308, 42.828465647131821 ], [ 0.670108651595948, 42.824282905848712 ], [ 0.664975192832615, 42.815234678921911 ], [ 0.670817802163621, 42.804548744799746 ], [ 0.659995144436349, 42.798348837201928 ], [ 0.652491725598477, 42.787562574453545 ], [ 0.644822707897237, 42.7829837152116 ], [ 0.651630677019702, 42.777674543380094 ], [ 0.66681008074565, 42.775405498751915 ], [ 0.664400327943661, 42.77143633185473 ], [ 0.650551766648698, 42.765177598854073 ], [ 0.646043833499302, 42.755806964069755 ], [ 0.639279193446122, 42.754864694510985 ], [ 0.647315159852925, 42.751446009202709 ], [ 0.659769432354754, 42.752219881412834 ], [ 0.667143011959822, 42.741141954216694 ], [ 0.66722654641991, 42.736531900095756 ], [ 0.679896056694341, 42.723231659391523 ], [ 0.674637077783352, 42.718702776130066 ], [ 0.6826650620483, 42.708900490155052 ], [ 0.673948562504924, 42.698995084496687 ], [ 0.675930976898623, 42.69081864394019 ], [ 0.638498433160633, 42.6926409226621 ], [ 0.605635708954064, 42.699240769287428 ], [ 0.596943975120035, 42.705421752448657 ], [ 0.594051870331004, 42.704130730208838 ], [ 0.589463347090149, 42.695006197541062 ], [ 0.575705893317775, 42.695439319750427 ], [ 0.571786555794111, 42.69801304904346 ], [ 0.545148759243108, 42.70125173433297 ], [ 0.536013227049204, 42.700089182845474 ], [ 0.529642697809221, 42.702635551209241 ], [ 0.526441200016497, 42.702549012034446 ], [ 0.516299702329031, 42.691292031354251 ], [ 0.499172500723687, 42.691849331712 ], [ 0.477757356520708, 42.699978832730082 ], [ 0.467118448698418, 42.694576671499092 ], [ 0.440195725444805, 42.691136566692734 ], [ 0.422171967545004, 42.690487966458335 ], [ 0.415808847405563, 42.694943009702797 ], [ 0.402317563717272, 42.695947733441677 ], [ 0.395887613195398, 42.701139508506124 ], [ 0.392786435526381, 42.713249952715508 ], [ 0.385211669487304, 42.711382919551944 ], [ 0.375323780622167, 42.714186085457754 ], [ 0.369425764682212, 42.719926581230304 ], [ 0.360205773353969, 42.724175239821122 ], [ 0.345354692504793, 42.710570040065413 ], [ 0.34028990424052, 42.710699794498908 ], [ 0.325316060472034, 42.705196996793418 ], [ 0.326441943918615, 42.697680030716768 ], [ 0.315699739621761, 42.684500752821933 ], [ 0.295201732122157, 42.673225144066848 ], [ 0.283941959947967, 42.680333754399641 ], [ 0.270783193799877, 42.691136231757945 ], [ 0.268780050948132, 42.700042790280392 ], [ 0.260848780190345, 42.711465313477667 ], [ 0.260185950831854, 42.715983506767621 ], [ 0.253377730277419, 42.718344266765655 ], [ 0.224892675420291, 42.717920858995733 ], [ 0.206243212193726, 42.729361949950501 ], [ 0.179304369953874, 42.736575670564889 ], [ 0.162074125269474, 42.726894755464194 ], [ 0.141392023763161, 42.721900818188111 ], [ 0.136731688355394, 42.722451948075019 ], [ 0.13156597343884, 42.714637320531509 ], [ 0.106977198760725, 42.710372162250323 ], [ 0.090164739502752, 42.717121363141906 ], [ 0.076444411409721, 42.71405279231076 ], [ 0.070488979492213, 42.703752716978769 ] ], [ [ 1.956559856228781, 42.457936641638867 ], [ 1.959901216920384, 42.453276696765343 ], [ 1.980941491757727, 42.447751720419305 ], [ 2.003019714800528, 42.446959037020875 ], [ 2.009432878980333, 42.448494890791963 ], [ 2.010528734381209, 42.455897157143525 ], [ 2.00287218740148, 42.458315947077168 ], [ 1.991831715854334, 42.46261435728794 ], [ 1.986660351130895, 42.471394125316479 ], [ 1.99273965145814, 42.484332283150088 ], [ 1.998422748182001, 42.485318039552538 ], [ 1.989632544338394, 42.493689249298448 ], [ 1.980698695983655, 42.495037271522534 ], [ 1.978119056348551, 42.485973225917917 ], [ 1.970548254024715, 42.480533483587507 ], [ 1.963083499923307, 42.478709958645275 ], [ 1.960234967038598, 42.470416101907283 ], [ 1.956559856228781, 42.457936641638867 ] ] ], [ [ [ -0.134000190082312, 43.258859174467261 ], [ -0.140535023866094, 43.271784211301913 ], [ -0.137249219393476, 43.281907706273856 ], [ -0.137454027448748, 43.285603649438031 ], [ -0.129667946956232, 43.289639414607528 ], [ -0.122300741690968, 43.301724399171455 ], [ -0.120033525921251, 43.306203917046595 ], [ -0.111263862251318, 43.31022528369482 ], [ -0.092244620046905, 43.300681912010511 ], [ -0.089139255290324, 43.301180347722749 ], [ -0.096047475520987, 43.285517185089077 ], [ -0.084799181979052, 43.277203855919765 ], [ -0.079439659734744, 43.271692516874396 ], [ -0.079818793704459, 43.263081828339999 ], [ -0.084571707689092, 43.257703264173912 ], [ -0.094412544487881, 43.255330479092152 ], [ -0.104132373838765, 43.249761749371977 ], [ -0.103195047005719, 43.242959598136608 ], [ -0.104953917393649, 43.24305936176475 ], [ -0.12165723747577, 43.241067971106993 ], [ -0.124142427572032, 43.246372257375697 ], [ -0.126188537726143, 43.25290635798185 ], [ -0.134000190082312, 43.258859174467261 ] ] ], [ [ [ -0.103117344682182, 43.358744498812293 ], [ -0.107349523001635, 43.370955414816457 ], [ -0.093014047464206, 43.374059034656291 ], [ -0.084955077574123, 43.371346036959281 ], [ -0.078660963152207, 43.365205243655609 ], [ -0.078377991956602, 43.365197991627319 ], [ -0.06504112645684, 43.354952425295117 ], [ -0.06306176289095, 43.347521780353084 ], [ -0.065233286039853, 43.341038590202693 ], [ -0.064641260782654, 43.33345799217269 ], [ -0.068283066856197, 43.328198872951077 ], [ -0.069535963045339, 43.319286715126694 ], [ -0.070451318316245, 43.310201431397061 ], [ -0.075195350420838, 43.307155125099648 ], [ -0.07534329534735, 43.307155416447685 ], [ -0.092954778111312, 43.310149433471963 ], [ -0.09788523628452, 43.313757832048175 ], [ -0.110626637179091, 43.312397978502197 ], [ -0.115061268155873, 43.322182322364924 ], [ -0.115434122066338, 43.332111631533316 ], [ -0.108573933104428, 43.337929596123686 ], [ -0.092957715054497, 43.333061266580728 ], [ -0.087619796001397, 43.333748604216133 ], [ -0.087543844464064, 43.350879570182165 ], [ -0.090241713603129, 43.359222060490183 ], [ -0.103117344682182, 43.358744498812293 ] ] ] ] } },
{ "type": "Feature", "properties": { "insee_reg": "84" }, "geometry": { "type": "MultiPolygon", "coordinates": [ [ [ [ 2.179257805459382, 44.674484719818167 ], [ 2.174401104673682, 44.677505206832535 ], [ 2.162285179509262, 44.691397221604845 ], [ 2.159626918772773, 44.697412926806173 ], [ 2.153075327098601, 44.699864138877572 ], [ 2.14734823621982, 44.695180731905985 ], [ 2.138475540418406, 44.693056561405719 ], [ 2.130088934010914, 44.699218627349715 ], [ 2.13111854519237, 44.708575874787279 ], [ 2.137751969108856, 44.712040935212173 ], [ 2.149222368352193, 44.722191015739433 ], [ 2.147617124095634, 44.726287859291133 ], [ 2.152821682861535, 44.736025451832802 ], [ 2.151498604428826, 44.744439922024767 ], [ 2.153625157539086, 44.752817781788806 ], [ 2.147319618641542, 44.763102854083286 ], [ 2.149072333587488, 44.769712368764822 ], [ 2.150865333922691, 44.769997127804039 ], [ 2.163256779726765, 44.771024135246421 ], [ 2.169832407924202, 44.777837088785304 ], [ 2.168578284384469, 44.781950451065697 ], [ 2.171528260629341, 44.790404446351857 ], [ 2.166451011361345, 44.799153982357979 ], [ 2.164769274362758, 44.813868703178059 ], [ 2.153565861339841, 44.816560539149116 ], [ 2.139739063765716, 44.823954330490864 ], [ 2.135104744647501, 44.827165973482714 ], [ 2.127670103492647, 44.840627037847206 ], [ 2.122777024394053, 44.847633102712102 ], [ 2.117104206935, 44.848359757162562 ], [ 2.102092211836258, 44.866699213730982 ], [ 2.09077817159144, 44.875693073006616 ], [ 2.089674819710401, 44.882121007754911 ], [ 2.083632704629946, 44.886298716286191 ], [ 2.086360331716808, 44.902517705224753 ], [ 2.100934497893359, 44.905714194603476 ], [ 2.108059322026435, 44.910623917721324 ], [ 2.101998368184262, 44.919515276136941 ], [ 2.082120266145487, 44.932860016602319 ], [ 2.076959719488966, 44.934868438432623 ], [ 2.076214470299579, 44.94155597128583 ], [ 2.080612494186494, 44.954006548600397 ], [ 2.070476227124193, 44.962674424372999 ], [ 2.067177282324053, 44.973428543488907 ], [ 2.062878147676085, 44.976619555477463 ], [ 2.073615473294943, 44.977702663894412 ], [ 2.089612395587051, 44.984603255222751 ], [ 2.092896130932057, 44.985849258647804 ], [ 2.107559540765423, 44.981480107704641 ], [ 2.113425083054466, 44.985309698882148 ], [ 2.133174395456815, 44.985600379909286 ], [ 2.141942352339857, 45.000145392815064 ], [ 2.141215221493134, 45.005438806232434 ], [ 2.127646616548443, 45.012145951815548 ], [ 2.122979343057062, 45.01974675921803 ], [ 2.114341806888735, 45.024683907592269 ], [ 2.111652479842032, 45.036457334716616 ], [ 2.107672903505864, 45.043041964766928 ], [ 2.099452310944213, 45.047730144030226 ], [ 2.095198616211745, 45.056044610139615 ], [ 2.10021025662958, 45.062055169103843 ], [ 2.102159782890177, 45.062259991016923 ], [ 2.105210276792576, 45.067270313749447 ], [ 2.124916190760998, 45.074459313731126 ], [ 2.130776851912865, 45.081187406129864 ], [ 2.138191463846981, 45.081364747523459 ], [ 2.140806560874569, 45.086779523200335 ], [ 2.164640506282457, 45.085006731574026 ], [ 2.172542892777392, 45.081377460111746 ], [ 2.174092570849088, 45.088066649045423 ], [ 2.180347822108267, 45.095172311964355 ], [ 2.180539902142907, 45.112603691542198 ], [ 2.18707549202944, 45.11449474719295 ], [ 2.181420947613142, 45.125734236680316 ], [ 2.179075405192197, 45.136302734185016 ], [ 2.187633833523491, 45.135845822862443 ], [ 2.201692434141516, 45.138459575015446 ], [ 2.208299602042134, 45.143553695360836 ], [ 2.212145902805976, 45.152763749062309 ], [ 2.207861718712066, 45.158735858236717 ], [ 2.23041628412426, 45.162095682927969 ], [ 2.233013652426532, 45.167315490225768 ], [ 2.222350843429644, 45.170216821867058 ], [ 2.207962198181117, 45.178938358916149 ], [ 2.201101992596521, 45.180029463302596 ], [ 2.197823574823992, 45.200321325334471 ], [ 2.18953054632732, 45.203843511935119 ], [ 2.195770390406741, 45.218359143851927 ], [ 2.191277166542611, 45.223075791739937 ], [ 2.202802283734079, 45.223156817529535 ], [ 2.20405052605672, 45.228102094990383 ], [ 2.221533136044726, 45.23783687382371 ], [ 2.230322654435656, 45.246857433602415 ], [ 2.24083103536882, 45.248012564184833 ], [ 2.237795573796629, 45.259600789318462 ], [ 2.244646111919442, 45.267232865227754 ], [ 2.258955390407885, 45.270846757162211 ], [ 2.261567034567383, 45.283564310915054 ], [ 2.269420390652892, 45.290298302841784 ], [ 2.276112743143279, 45.288531857452853 ], [ 2.288751688274706, 45.287061420448502 ], [ 2.29992557164104, 45.298996533879723 ], [ 2.30593313599455, 45.310421353254242 ], [ 2.31686987295328, 45.322702688896278 ], [ 2.339942362823283, 45.325869421124082 ], [ 2.350674526023991, 45.327687213854794 ], [ 2.359002623425126, 45.335797147993858 ], [ 2.358645705136396, 45.339184487942475 ], [ 2.350179576345593, 45.346367390539598 ], [ 2.367578495692615, 45.365476959253442 ], [ 2.364497028567189, 45.374680419547616 ], [ 2.363523237761336, 45.380286681403113 ], [ 2.369453296665538, 45.386265180501503 ], [ 2.363861783807742, 45.397504908640286 ], [ 2.355783546912265, 45.400399746131662 ], [ 2.349373380479823, 45.412082535652004 ], [ 2.355172504965759, 45.415069635080492 ], [ 2.362211753714782, 45.41500184273248 ], [ 2.369544959524767, 45.416182433337859 ], [ 2.380852706839119, 45.413544899224618 ], [ 2.395144062686752, 45.407427600238144 ], [ 2.398427869623389, 45.40001360519949 ], [ 2.414885907840095, 45.396261991334612 ], [ 2.423087332496806, 45.39702759179044 ], [ 2.43262227231829, 45.393013317465481 ], [ 2.437875993472113, 45.387858457855828 ], [ 2.441540069440423, 45.384521610728214 ], [ 2.462016603692383, 45.384884730926949 ], [ 2.475069739065041, 45.381106130637626 ], [ 2.473104986565395, 45.37458110324409 ], [ 2.480204405333856, 45.369687800051651 ], [ 2.485767974112902, 45.378946887759938 ], [ 2.511849258983666, 45.382811304788312 ], [ 2.5233595831599, 45.381480442152402 ], [ 2.528183391760475, 45.392002116013188 ], [ 2.522143874366577, 45.397019155684873 ], [ 2.522223232887739, 45.402660940448129 ], [ 2.518121490457136, 45.401902294254768 ], [ 2.497652924852761, 45.413662655295617 ], [ 2.487532911810201, 45.418166953267381 ], [ 2.492336363118815, 45.42338274763155 ], [ 2.491647428623062, 45.429503765264776 ], [ 2.496205156974821, 45.436298620079874 ], [ 2.496877236847727, 45.447256851460082 ], [ 2.503607545777567, 45.461581040582089 ], [ 2.509339247078443, 45.472268837986121 ], [ 2.508404947915298, 45.478343899452504 ], [ 2.507438527522373, 45.482388230140408 ], [ 2.514369509938091, 45.493011706638853 ], [ 2.508478440590029, 45.501139953096349 ], [ 2.507469251339408, 45.503898218241396 ], [ 2.520615683692533, 45.521854052565445 ], [ 2.511335095587875, 45.524588462245553 ], [ 2.519542671201976, 45.533639541792375 ], [ 2.514989561639163, 45.53709676271815 ], [ 2.517887467680856, 45.543202838629995 ], [ 2.516215956315331, 45.553835835971832 ], [ 2.508490198709326, 45.552758647205614 ], [ 2.496652222655162, 45.556860219710224 ], [ 2.490887768552955, 45.560507364606956 ], [ 2.491458162868491, 45.568202855479989 ], [ 2.481504052191658, 45.570954321006916 ], [ 2.474526131148431, 45.578722010639765 ], [ 2.466031341134657, 45.593442933079075 ], [ 2.465685492225897, 45.601112631137859 ], [ 2.478421072085519, 45.607974762016106 ], [ 2.47857788227499, 45.620626589700699 ], [ 2.483284751636882, 45.630696969370796 ], [ 2.482146411730787, 45.635350021963873 ], [ 2.488049782650478, 45.64257652246873 ], [ 2.501596080830891, 45.63861658589822 ], [ 2.513850501729809, 45.63947162161854 ], [ 2.518963612261782, 45.647004640302143 ], [ 2.524269105741332, 45.657117266212282 ], [ 2.51939681628842, 45.658927289975445 ], [ 2.512599285873318, 45.669623025707644 ], [ 2.514595574581676, 45.672079206684579 ], [ 2.528620446327797, 45.682375656590594 ], [ 2.52345170299632, 45.687338180559657 ], [ 2.526930889163201, 45.694869323104861 ], [ 2.519133224424543, 45.697411749820787 ], [ 2.518919221589637, 45.706210541795173 ], [ 2.512557052007014, 45.719786204373541 ], [ 2.500333624841225, 45.728759345375025 ], [ 2.492161056092592, 45.737865665083852 ], [ 2.484316914573488, 45.748565908834131 ], [ 2.474097413677413, 45.745745155780661 ], [ 2.468155490784045, 45.75654410542753 ], [ 2.459166110425852, 45.757433391032912 ], [ 2.454922370411024, 45.761314874352507 ], [ 2.444777056592116, 45.758192855842722 ], [ 2.433916045826129, 45.770173315993254 ], [ 2.430791940483171, 45.78839568408727 ], [ 2.424434644698855, 45.797276730292992 ], [ 2.413017071493687, 45.803055977561606 ], [ 2.413876467840541, 45.807365805807059 ], [ 2.389407592029344, 45.82389390543603 ], [ 2.388332963664561, 45.827535188776849 ], [ 2.403440726272122, 45.83866263721012 ], [ 2.423981280976591, 45.834328797443987 ], [ 2.432729115599945, 45.839040433843522 ], [ 2.434368570905228, 45.845514349545986 ], [ 2.447627062406585, 45.845812280353641 ], [ 2.449452851378141, 45.853954630830202 ], [ 2.442478591283026, 45.857497279405841 ], [ 2.443163478420051, 45.866255457109965 ], [ 2.461760266153731, 45.866884953809738 ], [ 2.465265642697019, 45.871351025862062 ], [ 2.479139732980982, 45.870609849574336 ], [ 2.479998014570629, 45.864757774034416 ], [ 2.492162308036836, 45.864163817251139 ], [ 2.503281762028402, 45.878229670969731 ], [ 2.500392292112383, 45.884940148862391 ], [ 2.510158479009583, 45.885376404468182 ], [ 2.514625959117667, 45.890262024060107 ], [ 2.532217303115194, 45.900695613950148 ], [ 2.541162333180708, 45.901285169689636 ], [ 2.543864826157607, 45.907480787901108 ], [ 2.553339851543809, 45.91174558054739 ], [ 2.557770481372569, 45.912800372222904 ], [ 2.543348131618195, 45.915819205775399 ], [ 2.544253360921246, 45.93241291037554 ], [ 2.553437307644271, 45.936020936341301 ], [ 2.551229220374005, 45.941227940149027 ], [ 2.568646928674139, 45.949261540581631 ], [ 2.563202639629243, 45.956150249922253 ], [ 2.569637305415326, 45.958815177512022 ], [ 2.589640397198528, 45.960660739877881 ], [ 2.606556007760661, 45.966502020412754 ], [ 2.611284871277637, 45.971991613391943 ], [ 2.607924486455118, 45.978700487803088 ], [ 2.596613431148237, 45.986674353621339 ], [ 2.593220114180913, 45.990308360851188 ], [ 2.593148776111368, 45.999260017718143 ], [ 2.599023587017873, 46.007649343141594 ], [ 2.598285734667336, 46.015253284455198 ], [ 2.602482948668126, 46.019115934669991 ], [ 2.599786052539491, 46.030212351158937 ], [ 2.602650372750098, 46.032800567050337 ], [ 2.583907102534706, 46.043588898490448 ], [ 2.571324243429266, 46.048298491648197 ], [ 2.56442914072354, 46.064714529958017 ], [ 2.557322772321938, 46.068774410764384 ], [ 2.550490893501637, 46.085652720832584 ], [ 2.552490469219809, 46.093422969302402 ], [ 2.551006864473556, 46.099636890211698 ], [ 2.547699828241503, 46.110285724974112 ], [ 2.550940091677387, 46.119046975400032 ], [ 2.554059510409684, 46.127505982370828 ], [ 2.561858091942356, 46.132622370741224 ], [ 2.559456281887135, 46.138646439717306 ], [ 2.566299252000953, 46.143146461322679 ], [ 2.565567174180131, 46.153473303876773 ], [ 2.559643014526346, 46.159774711258358 ], [ 2.561887655041684, 46.16381222392053 ], [ 2.559347328956738, 46.174002360244145 ], [ 2.550873004771813, 46.177277626096952 ], [ 2.543692438424229, 46.175603813742029 ], [ 2.528389741376583, 46.185134386402687 ], [ 2.528675478636834, 46.192769112027285 ], [ 2.521765691753661, 46.202561113113724 ], [ 2.526037945604059, 46.207032868748584 ], [ 2.516670754088802, 46.221176309519791 ], [ 2.515302210208916, 46.238615837502437 ], [ 2.515966007689316, 46.239571389135421 ], [ 2.506366707510509, 46.244281180566524 ], [ 2.488912447545952, 46.250003346662865 ], [ 2.476761517483723, 46.269849152225063 ], [ 2.479411855920711, 46.275575855498538 ], [ 2.469894150133273, 46.288182127835064 ], [ 2.46273981594377, 46.288159411643399 ], [ 2.44302638391609, 46.294995852221575 ], [ 2.430623934769306, 46.290490572848505 ], [ 2.425975000782699, 46.284527541341475 ], [ 2.42124418681003, 46.284563032288247 ], [ 2.414215147651039, 46.296908079634008 ], [ 2.419411951694076, 46.299828889384571 ], [ 2.420465676851892, 46.310129656549208 ], [ 2.408573898633441, 46.315092436993616 ], [ 2.398346627238801, 46.325213637603952 ], [ 2.388204070413285, 46.331606319202486 ], [ 2.385870992991168, 46.33203501790247 ], [ 2.378216643529635, 46.325402763607094 ], [ 2.376847281776239, 46.316900860336858 ], [ 2.370692141597441, 46.312727428305614 ], [ 2.362043742799669, 46.313396138266931 ], [ 2.361592085381029, 46.319694426396346 ], [ 2.354676615369279, 46.325844632648547 ], [ 2.335880559108488, 46.323295394823667 ], [ 2.330861485271325, 46.328762718288232 ], [ 2.321502235839259, 46.329167548720008 ], [ 2.312369827579988, 46.336023302778443 ], [ 2.31158693691248, 46.34182593549594 ], [ 2.301944205551216, 46.342452588253266 ], [ 2.30788392517544, 46.345109269953745 ], [ 2.305213431593552, 46.35572528495527 ], [ 2.316907418200615, 46.358382174417109 ], [ 2.323155807420781, 46.365826053083254 ], [ 2.336480114123134, 46.369131732102112 ], [ 2.331637085105768, 46.378056221536298 ], [ 2.309163009788603, 46.376534674067813 ], [ 2.298039095150832, 46.384120134910596 ], [ 2.287678043622613, 46.38226662275612 ], [ 2.284779367476806, 46.386312457322944 ], [ 2.282050847852391, 46.410851088209895 ], [ 2.281089687075233, 46.420473175513202 ], [ 2.276785797688652, 46.424928676963916 ], [ 2.28479394911444, 46.440374905349955 ], [ 2.283352278992204, 46.449480678636917 ], [ 2.296591938287259, 46.463282864162636 ], [ 2.300760979425126, 46.472408803438633 ], [ 2.305368572604699, 46.475458941138584 ], [ 2.316746325308434, 46.468677515167776 ], [ 2.321065455069445, 46.468770793725305 ], [ 2.329720709168449, 46.478715529491744 ], [ 2.329531210547142, 46.481830997604746 ], [ 2.323681008986822, 46.48906795005788 ], [ 2.334639038893194, 46.501029427916457 ], [ 2.344606410363698, 46.505527260531437 ], [ 2.351614356884101, 46.512255065889086 ], [ 2.368302899735047, 46.518433877371805 ], [ 2.384068611831028, 46.518292939421244 ], [ 2.417060978197253, 46.52066568990459 ], [ 2.423100699397915, 46.525969463433263 ], [ 2.441717412794277, 46.524957855369756 ], [ 2.446056140265314, 46.520111914684499 ], [ 2.457536126405356, 46.525156423459585 ], [ 2.470137628621459, 46.526044813585585 ], [ 2.482850770007235, 46.532670978499432 ], [ 2.496934710221247, 46.533626129316623 ], [ 2.495994463278659, 46.522991116246452 ], [ 2.506287173117911, 46.52141156455319 ], [ 2.513722145719687, 46.528939766845951 ], [ 2.520243648028063, 46.531225658252502 ], [ 2.536649373699507, 46.519704337505537 ], [ 2.553091715376988, 46.529437102250263 ], [ 2.57249506210791, 46.533908188262629 ], [ 2.575366389485262, 46.538159133444154 ], [ 2.58352724683636, 46.542756239804369 ], [ 2.614892752109683, 46.553287932802135 ], [ 2.603010217921969, 46.564511987599602 ], [ 2.608129877797108, 46.572938026643016 ], [ 2.60231418066762, 46.580808607227375 ], [ 2.603497763075179, 46.58594976441038 ], [ 2.594172534540825, 46.597185289162603 ], [ 2.581522782485248, 46.593216529613031 ], [ 2.577762646598401, 46.6078106656581 ], [ 2.568510814492999, 46.609141271439924 ], [ 2.588731029494083, 46.616994562272019 ], [ 2.584287547048915, 46.625774944442 ], [ 2.591724054175764, 46.629814037348559 ], [ 2.596527424274834, 46.638647240673201 ], [ 2.593001283806323, 46.646556823155834 ], [ 2.567382874622761, 46.652409512354772 ], [ 2.570601249809149, 46.659160472567386 ], [ 2.584897797658576, 46.664328475977271 ], [ 2.607282916356043, 46.669736061693321 ], [ 2.607143546831519, 46.660605203733184 ], [ 2.617168537305784, 46.661087521070542 ], [ 2.623812632056659, 46.656697388280335 ], [ 2.628260505542494, 46.659141258924684 ], [ 2.632062976477561, 46.675071327564666 ], [ 2.625122394253214, 46.673282214826578 ], [ 2.620225886709563, 46.683980308882738 ], [ 2.628197593261445, 46.690331913619531 ], [ 2.639598714161588, 46.691539740836319 ], [ 2.648083655947984, 46.689083604386965 ], [ 2.657949679536791, 46.698246434203753 ], [ 2.677819396508189, 46.704535747053818 ], [ 2.671445343011976, 46.708835193651637 ], [ 2.686210682420918, 46.714490614752656 ], [ 2.705386855922614, 46.733024247339131 ], [ 2.704836921516585, 46.739031287540527 ], [ 2.714215262189365, 46.744343118501646 ], [ 2.71849352897905, 46.741749696277843 ], [ 2.728854206796533, 46.748488074440893 ], [ 2.734530763391851, 46.74621879655907 ], [ 2.739729471390156, 46.741342370843284 ], [ 2.744049288978209, 46.728793144186071 ], [ 2.756630084954102, 46.724805557128619 ], [ 2.758521147449744, 46.717661166389 ], [ 2.770230908179187, 46.723447843456746 ], [ 2.774728805189493, 46.718942085152229 ], [ 2.785643965064462, 46.722535820568758 ], [ 2.785211847507481, 46.727182038885395 ], [ 2.795093176753648, 46.734341250956703 ], [ 2.805746093773707, 46.733038863170265 ], [ 2.814926092530239, 46.735340162551459 ], [ 2.827520629796806, 46.735337257495871 ], [ 2.83496734571368, 46.727924326738226 ], [ 2.845401834027578, 46.726674673436868 ], [ 2.84459118701867, 46.742274052372466 ], [ 2.861198059564865, 46.754485902070769 ], [ 2.877015758291452, 46.761468535866783 ], [ 2.876169144053143, 46.768445733304553 ], [ 2.899132444133215, 46.775649764626792 ], [ 2.911881486197636, 46.780672758090553 ], [ 2.908487667442812, 46.787907488929292 ], [ 2.92298749849236, 46.794219075496351 ], [ 2.937816155064851, 46.795713700523102 ], [ 2.939962574638258, 46.793160425678266 ], [ 2.953031199447271, 46.791028072220691 ], [ 2.953552951583156, 46.797159061707987 ], [ 2.959612794560297, 46.80428704936876 ], [ 2.97766921021885, 46.80383277399411 ], [ 2.996486279969096, 46.796707388368283 ], [ 3.01621389550231, 46.799924300246481 ], [ 3.028131590263093, 46.793295113037175 ], [ 3.032062944145858, 46.794909389202921 ], [ 3.035930434239605, 46.788827887068393 ], [ 3.037567166500299, 46.772848932121846 ], [ 3.048884800517801, 46.758351840493759 ], [ 3.063730689166844, 46.747561341799745 ], [ 3.083535902235303, 46.737861187200785 ], [ 3.104613819467627, 46.733155502948676 ], [ 3.129556382905756, 46.72743498895057 ], [ 3.14188008337979, 46.713694559166939 ], [ 3.147032433766862, 46.710228689618866 ], [ 3.14886198434512, 46.708636201533757 ], [ 3.166115041247885, 46.691375871150179 ], [ 3.178914203992324, 46.688662578339574 ], [ 3.198075841686713, 46.679734052699736 ], [ 3.204371871510196, 46.678856804956915 ], [ 3.22773249722914, 46.690213039509914 ], [ 3.234127336545504, 46.697518776256793 ], [ 3.262300104295448, 46.709785468286675 ], [ 3.269608688926793, 46.716731454789233 ], [ 3.283054718299495, 46.715143172088418 ], [ 3.30063207793828, 46.716504039699814 ], [ 3.30282597452394, 46.703778964649949 ], [ 3.311823664896179, 46.69499287674158 ], [ 3.313601766513643, 46.689038039256651 ], [ 3.330846470646565, 46.687525524786864 ], [ 3.335353927895582, 46.685371229808013 ], [ 3.349378692857142, 46.685145695351267 ], [ 3.357484674259815, 46.688782758025248 ], [ 3.365641589422028, 46.689715108960975 ], [ 3.375421515129074, 46.699567495483677 ], [ 3.378956248815781, 46.712480549476503 ], [ 3.390080703396788, 46.714844713223364 ], [ 3.418444759259026, 46.710653307368318 ], [ 3.421979502323149, 46.713732424623167 ], [ 3.43436354924751, 46.712411234450911 ], [ 3.428345522018264, 46.700765230784128 ], [ 3.433200254707049, 46.693431932841499 ], [ 3.445966720365324, 46.693222753685752 ], [ 3.453119190059538, 46.690035124688549 ], [ 3.454595126589571, 46.67563497696041 ], [ 3.445510194374103, 46.670901921613677 ], [ 3.442078669180943, 46.662001794302121 ], [ 3.451855900947031, 46.658498810613324 ], [ 3.455306049186663, 46.652436024045393 ], [ 3.486609808330627, 46.654077722042395 ], [ 3.486221843681593, 46.6608506725021 ], [ 3.49288528112421, 46.663158868289472 ], [ 3.503495709212708, 46.672563783639262 ], [ 3.513365711779103, 46.677434627824297 ], [ 3.513935400522756, 46.683585662796425 ], [ 3.527336536561627, 46.686885283025319 ], [ 3.537064134063288, 46.686664579044809 ], [ 3.539699416867709, 46.679949351477973 ], [ 3.546916838395079, 46.678210640040447 ], [ 3.554092512205782, 46.684740413473378 ], [ 3.558061433118639, 46.691412338527982 ], [ 3.548104788382531, 46.706234677376401 ], [ 3.55031519140062, 46.715885751282791 ], [ 3.547701789472923, 46.722606463044109 ], [ 3.568858716648264, 46.715426187250976 ], [ 3.577315430604238, 46.722771131635405 ], [ 3.577180946182098, 46.715046084897637 ], [ 3.59792348167745, 46.724347675780621 ], [ 3.594693633597107, 46.730839466863088 ], [ 3.584433301677902, 46.739952279170943 ], [ 3.584955123055275, 46.744499493095347 ], [ 3.576492622270044, 46.748125979869783 ], [ 3.584840452998594, 46.754037409913977 ], [ 3.592503844910335, 46.762976296124101 ], [ 3.601901112783358, 46.751374067758434 ], [ 3.623052691083079, 46.75397879851424 ], [ 3.629400257056988, 46.749585210745749 ], [ 3.623149611081006, 46.74165406529297 ], [ 3.625109030944075, 46.735963481817258 ], [ 3.635284390733986, 46.728402511500207 ], [ 3.638078931963993, 46.722728665806173 ], [ 3.637640605350998, 46.707478547582895 ], [ 3.650019950525204, 46.705537091170306 ], [ 3.655315661049251, 46.687724080173432 ], [ 3.659147486610395, 46.684746861681788 ], [ 3.672909497728137, 46.682202444085092 ], [ 3.668982035933015, 46.673509949807624 ], [ 3.688513832571104, 46.665524411190702 ], [ 3.696957552809802, 46.660583034433429 ], [ 3.699362649246762, 46.654885604781221 ], [ 3.699614718561747, 46.651913454484749 ], [ 3.704287950182228, 46.645428548778654 ], [ 3.710324451304031, 46.634102213528045 ], [ 3.716307110065468, 46.631086248624953 ], [ 3.724374359424537, 46.625847065780071 ], [ 3.713232282097491, 46.613011461267227 ], [ 3.719716301923525, 46.605016174680685 ], [ 3.730746101427337, 46.604926543163501 ], [ 3.737498233639569, 46.600974327794567 ], [ 3.73388808189449, 46.595125531491867 ], [ 3.739027088892946, 46.58377712781968 ], [ 3.740481012924341, 46.575927288368199 ], [ 3.742953506432698, 46.566015017302966 ], [ 3.740979957335995, 46.560199005304334 ], [ 3.73427212688641, 46.55435849549221 ], [ 3.733934617412665, 46.546069033613939 ], [ 3.741892422946139, 46.539111018403887 ], [ 3.756117242404272, 46.53616426866374 ], [ 3.768658604574639, 46.539319754710263 ], [ 3.777616737039186, 46.536182261839706 ], [ 3.780669007656742, 46.52835964248554 ], [ 3.793520319129858, 46.527734532590628 ], [ 3.80175638393207, 46.51990225578934 ], [ 3.811348403255393, 46.520518095515243 ], [ 3.817772983099613, 46.525202643154365 ], [ 3.834411928975609, 46.531318420279945 ], [ 3.841662049110991, 46.530270265322542 ], [ 3.846463017637052, 46.524356398474275 ], [ 3.839755687366644, 46.517562051917309 ], [ 3.845041009979328, 46.513082765039456 ], [ 3.845818752125375, 46.512937438503933 ], [ 3.855325637037268, 46.515402544766594 ], [ 3.863605528784628, 46.51290446916785 ], [ 3.860317835984507, 46.499963815083802 ], [ 3.860852476083243, 46.492694525491252 ], [ 3.867998928369723, 46.488271237374008 ], [ 3.877837298846505, 46.486666150198324 ], [ 3.889799598950229, 46.481354310707438 ], [ 3.898216682215369, 46.48514086158216 ], [ 3.900218582846496, 46.489451165169164 ], [ 3.909705559841045, 46.495271709488158 ], [ 3.916505201087896, 46.496181851843481 ], [ 3.935969127404131, 46.490929061786176 ], [ 3.949807921786756, 46.492497088560476 ], [ 3.958121887315456, 46.490595161307056 ], [ 3.952086724212333, 46.48142338354539 ], [ 3.956597805050705, 46.476923647162799 ], [ 3.965067659659634, 46.478086155790599 ], [ 3.972622989376569, 46.479844766406622 ], [ 3.978696225883187, 46.474389790030365 ], [ 3.995230190273722, 46.467303951496604 ], [ 4.00152662580722, 46.458658805850696 ], [ 3.997345932012223, 46.451576700733099 ], [ 4.005479830676435, 46.443578929440207 ], [ 3.988142298569362, 46.435461575759142 ], [ 3.9953099770825, 46.425099055154632 ], [ 3.986618700716545, 46.421715544951745 ], [ 3.984329095329916, 46.416711243044766 ], [ 3.988855992113567, 46.40971460672823 ], [ 3.977569935902667, 46.397865355637279 ], [ 3.981868594404615, 46.385159734775328 ], [ 3.984261520637656, 46.378286038662836 ], [ 3.991604306264091, 46.369630419663281 ], [ 3.987419795323363, 46.351086800559337 ], [ 3.989209024794397, 46.344243393521289 ], [ 3.984818151458408, 46.329680030863649 ], [ 3.994355811175065, 46.327654752987485 ], [ 4.004697739447264, 46.327557755516857 ], [ 3.984017714894416, 46.318716536021668 ], [ 3.96905073403516, 46.321987677473153 ], [ 3.958985996193984, 46.319003775224253 ], [ 3.947151627624851, 46.321540503725885 ], [ 3.949358818345174, 46.313534364064061 ], [ 3.947784418777406, 46.305623628625604 ], [ 3.947501732414719, 46.303406150400988 ], [ 3.943016443910914, 46.299265764297829 ], [ 3.930008083058357, 46.295970473019381 ], [ 3.915549130466096, 46.296881874537419 ], [ 3.897226506339501, 46.292603341464279 ], [ 3.891238685031669, 46.285246164224311 ], [ 3.899526016197585, 46.275930712492745 ], [ 3.905074979660125, 46.272921276038801 ], [ 3.908743335885844, 46.260697876931872 ], [ 3.905736505306797, 46.253012332470007 ], [ 3.908074101847911, 46.242261079883043 ], [ 3.896757365587546, 46.237168220792334 ], [ 3.898553218989171, 46.225755926928869 ], [ 3.890130972164007, 46.214487049888824 ], [ 3.899036423839821, 46.209890889665381 ], [ 3.909450896727037, 46.207920550962925 ], [ 3.920639225312907, 46.203184623037387 ], [ 3.934588744018045, 46.20632991158547 ], [ 3.965164283859633, 46.20285866545332 ], [ 3.972710207422757, 46.202788966357161 ], [ 3.972783541664099, 46.186820649018799 ], [ 3.978137282593134, 46.186023649720191 ], [ 3.979714990652799, 46.178171642024857 ], [ 3.988531027093324, 46.16985432635974 ], [ 3.993401199770729, 46.173092588189519 ], [ 4.002691761719518, 46.170472331275796 ], [ 4.018399954626799, 46.172384133278648 ], [ 4.031184687940228, 46.172153583149495 ], [ 4.049822029258054, 46.180932766639714 ], [ 4.060176188188763, 46.188533802163413 ], [ 4.068820420326618, 46.186371652038929 ], [ 4.075752261960369, 46.190608280733642 ], [ 4.083577193981613, 46.191159866196742 ], [ 4.09460023808575, 46.192823893538524 ], [ 4.103829318440152, 46.198553259452133 ], [ 4.122809031008765, 46.185982717479291 ], [ 4.133292124629806, 46.180582397839032 ], [ 4.133239445046661, 46.177342644769233 ], [ 4.134022152805623, 46.177326733066693 ], [ 4.143243220799616, 46.176065406762973 ], [ 4.166088976045433, 46.172928033271681 ], [ 4.187000465673831, 46.174567663503119 ], [ 4.184958425113475, 46.179896127544218 ], [ 4.184983714463318, 46.19000764224046 ], [ 4.207827981825696, 46.19494022176066 ], [ 4.219643043353788, 46.185003049585042 ], [ 4.224895710745101, 46.177749032144796 ], [ 4.226613137961973, 46.178486108979214 ], [ 4.232951496168008, 46.179636035262121 ], [ 4.242284865604707, 46.188788935161 ], [ 4.258059100805846, 46.184591592299007 ], [ 4.263427111540266, 46.176261846596063 ], [ 4.248663306193716, 46.16714434098936 ], [ 4.24994878845897, 46.158140432225359 ], [ 4.282301768597711, 46.156907219216002 ], [ 4.287388162884481, 46.160650256100674 ], [ 4.288985752858414, 46.170064187761525 ], [ 4.303221033560394, 46.174460712988839 ], [ 4.311826248256139, 46.171197872890858 ], [ 4.315303897456332, 46.17064162726831 ], [ 4.326750199505666, 46.185001223281077 ], [ 4.336486197930748, 46.181041552898776 ], [ 4.346510199351962, 46.187443704932626 ], [ 4.357247091473573, 46.182470699316895 ], [ 4.370720233611616, 46.184345329161204 ], [ 4.374161250582651, 46.186869652358887 ], [ 4.362767890341763, 46.199945985266801 ], [ 4.373617274480655, 46.204599527814572 ], [ 4.376188001062594, 46.211722968042459 ], [ 4.389416420761225, 46.213049054579628 ], [ 4.38733512413655, 46.220004742143551 ], [ 4.386170667068816, 46.225777506237193 ], [ 4.386769130082659, 46.233017502400379 ], [ 4.392572976658588, 46.23552238810376 ], [ 4.38541668593008, 46.246818853438334 ], [ 4.388152053653293, 46.247749182900471 ], [ 4.392643197649162, 46.251356232260733 ], [ 4.389282731851757, 46.2579853269729 ], [ 4.396946241578126, 46.266857199545598 ], [ 4.396290108673645, 46.274737555349269 ], [ 4.39725337147326, 46.283168131546255 ], [ 4.407532435196449, 46.292619632030394 ], [ 4.406075411042376, 46.29618696503583 ], [ 4.422682227517972, 46.29495134533331 ], [ 4.427168579751511, 46.302771161934565 ], [ 4.43819246068528, 46.298042940534216 ], [ 4.439895176185966, 46.293125631426243 ], [ 4.458891671679773, 46.296935825355746 ], [ 4.471085114295818, 46.285930887305184 ], [ 4.480596364937667, 46.284610684746653 ], [ 4.488689384353614, 46.287998745179173 ], [ 4.491931649589418, 46.28121684912184 ], [ 4.500165648521691, 46.274715031021671 ], [ 4.503969726540196, 46.267238160053644 ], [ 4.521236611789231, 46.270791448416858 ], [ 4.53736092945197, 46.26997502566131 ], [ 4.546356271947801, 46.27412678658537 ], [ 4.548285137908582, 46.284096888589467 ], [ 4.557753633320355, 46.294536903402062 ], [ 4.569876529770609, 46.293323898829364 ], [ 4.571447981075757, 46.290403923221859 ], [ 4.572631763034661, 46.27607707301329 ], [ 4.591008089964924, 46.268246322144101 ], [ 4.599507373903107, 46.268355091843347 ], [ 4.618334145551643, 46.264951093123699 ], [ 4.62199464467305, 46.270200327431454 ], [ 4.616868191984861, 46.280834459699769 ], [ 4.626917735124636, 46.288365908377877 ], [ 4.636069787076265, 46.290253197890578 ], [ 4.635259815317923, 46.30019290020671 ], [ 4.638977781976318, 46.301543608131162 ], [ 4.651852412931454, 46.304311842814577 ], [ 4.662996883007043, 46.295479803698719 ], [ 4.683203841724149, 46.302843257388183 ], [ 4.693506181907495, 46.302448279953872 ], [ 4.693874924255079, 46.294839237203483 ], [ 4.701258233679183, 46.28674011853208 ], [ 4.707483718145392, 46.284777119686048 ], [ 4.710130487814832, 46.27838755254016 ], [ 4.707707285321971, 46.269707062427216 ], [ 4.700735233328645, 46.267441724875638 ], [ 4.694867111883903, 46.271578722624753 ], [ 4.679897004874138, 46.26785381083009 ], [ 4.680243670391361, 46.258709471451894 ], [ 4.688261631470835, 46.249306565997877 ], [ 4.698312755409551, 46.252942603737907 ], [ 4.709527674298029, 46.248310874921074 ], [ 4.720777248400354, 46.244304369449566 ], [ 4.736860429880386, 46.232513965615105 ], [ 4.732442023952426, 46.226674557778324 ], [ 4.71998854462263, 46.228612688012284 ], [ 4.720523945950745, 46.221650322735393 ], [ 4.727951404885566, 46.219173398998379 ], [ 4.735756564795071, 46.211886782771771 ], [ 4.727390704985313, 46.207807001317512 ], [ 4.721114126066469, 46.197926951250764 ], [ 4.72452231077042, 46.184219811396062 ], [ 4.727815207683198, 46.179088953819267 ], [ 4.751925227883628, 46.172481572649474 ], [ 4.762684590111864, 46.17634766991393 ], [ 4.775491861901333, 46.177176020919823 ], [ 4.780448097674888, 46.17691473867383 ], [ 4.77984188345068, 46.188239897019649 ], [ 4.793040361312076, 46.201571136765345 ], [ 4.792767747202037, 46.207594014811825 ], [ 4.795393450203793, 46.220067126073843 ], [ 4.798075669167673, 46.224576069484073 ], [ 4.801091317540878, 46.229778631530387 ], [ 4.808361373545379, 46.237979616665264 ], [ 4.811214639068267, 46.254473192852871 ], [ 4.81155667608116, 46.261162770354922 ], [ 4.816637957627449, 46.265619597439105 ], [ 4.826487364006567, 46.276362484478142 ], [ 4.833134647268022, 46.299804947683775 ], [ 4.841102892026683, 46.311994667201667 ], [ 4.851683371587985, 46.326314890861966 ], [ 4.852930358793134, 46.343165996723862 ], [ 4.85119217364198, 46.352328412601082 ], [ 4.858681705029296, 46.368078116213738 ], [ 4.865725133340629, 46.375706586605105 ], [ 4.874086620989132, 46.384935196875212 ], [ 4.888006208243478, 46.402689499100077 ], [ 4.888466428317462, 46.403309686764381 ], [ 4.888737322587687, 46.417430296471096 ], [ 4.891363505527965, 46.427975668607495 ], [ 4.891139971443854, 46.438406080261018 ], [ 4.892494315668724, 46.442596297492273 ], [ 4.894183834943115, 46.445474901723451 ], [ 4.912229926781639, 46.459171381060841 ], [ 4.91427158620271, 46.462457242534363 ], [ 4.9160252313323, 46.473420229308495 ], [ 4.914540636974949, 46.48011493036158 ], [ 4.914451037028985, 46.481388244428011 ], [ 4.915476399231568, 46.488827199582282 ], [ 4.927057089475295, 46.499321372733981 ], [ 4.929267067672652, 46.504162390249611 ], [ 4.93348462650837, 46.512482239069314 ], [ 4.935700398983657, 46.514332658129732 ], [ 4.943003861576247, 46.514949189291926 ], [ 4.944358490228358, 46.50475521892281 ], [ 4.948675789374308, 46.501421097728752 ], [ 4.962134641646657, 46.508420137351763 ], [ 4.965789307669374, 46.513645533224718 ], [ 4.979941975050067, 46.515281187616992 ], [ 4.992215631831415, 46.512176665014209 ], [ 5.010413800356232, 46.511205123983153 ], [ 5.014401924345981, 46.50036296137813 ], [ 5.026140038215287, 46.495903103860641 ], [ 5.028721322760557, 46.491769728002872 ], [ 5.040541229530789, 46.491456645528118 ], [ 5.054704511236233, 46.484113969270751 ], [ 5.071415475905583, 46.48589757376412 ], [ 5.085582670099049, 46.490426596751966 ], [ 5.095696769583121, 46.499252882874572 ], [ 5.107432455364679, 46.49186339689205 ], [ 5.116235755078424, 46.49629289512027 ], [ 5.134123044159453, 46.501480322526206 ], [ 5.134935707115064, 46.509074023144564 ], [ 5.146546800711035, 46.506946071562069 ], [ 5.165568024208197, 46.509738328062909 ], [ 5.165751435502513, 46.517703211739892 ], [ 5.182558065996792, 46.509456710234602 ], [ 5.19367253590004, 46.50912960735986 ], [ 5.203590121810467, 46.504823143962199 ], [ 5.206079138432772, 46.486478952026914 ], [ 5.214607199320889, 46.46866449747634 ], [ 5.225210318911043, 46.468567474531923 ], [ 5.236144757879586, 46.457757679597243 ], [ 5.248001078200664, 46.459148239558843 ], [ 5.273736549527691, 46.448488317001498 ], [ 5.283784364350121, 46.445583527502194 ], [ 5.292067239773136, 46.449951497127834 ], [ 5.306645620114281, 46.44543934840334 ], [ 5.31062664168305, 46.446940749239232 ], [ 5.314496041927135, 46.445621030883984 ], [ 5.320072961124394, 46.427700807257494 ], [ 5.309014096215315, 46.424540541208444 ], [ 5.307495373917193, 46.416903251511513 ], [ 5.314358955553182, 46.41639403795709 ], [ 5.309117182809066, 46.410347417986678 ], [ 5.334785860143216, 46.397618553184465 ], [ 5.339160304824399, 46.402074689289279 ], [ 5.353346201007874, 46.397235437595967 ], [ 5.351645388126761, 46.393902176101037 ], [ 5.367013625093339, 46.388480036632295 ], [ 5.375657070841293, 46.380343850130458 ], [ 5.364913272310736, 46.372863772122308 ], [ 5.362724612398385, 46.369443487850575 ], [ 5.377177709896482, 46.364016233312235 ], [ 5.375441561100256, 46.35826338534887 ], [ 5.373518749245427, 46.352188283605344 ], [ 5.379464434827506, 46.346331145330936 ], [ 5.392933586078812, 46.340531269674031 ], [ 5.40197866176229, 46.339042828806313 ], [ 5.401691116383081, 46.332793122657236 ], [ 5.403894631253503, 46.329221482692866 ], [ 5.404055056314228, 46.314766918026166 ], [ 5.410233554846624, 46.3091066830644 ], [ 5.413521622255614, 46.316716287092802 ], [ 5.417259702975691, 46.345312486157077 ], [ 5.423658482009662, 46.347683797846692 ], [ 5.425681745274151, 46.339775042919015 ], [ 5.431336204828705, 46.332932957239109 ], [ 5.437146947817779, 46.315126839461925 ], [ 5.444303391004635, 46.318712269842266 ], [ 5.454003539145936, 46.317905539320058 ], [ 5.465178306170181, 46.323540931601407 ], [ 5.468895997552031, 46.316999985415663 ], [ 5.475300549933495, 46.315382606408285 ], [ 5.465954921193304, 46.291824584352668 ], [ 5.458911345462169, 46.290705711228746 ], [ 5.457148714151757, 46.27443183311027 ], [ 5.472208567415782, 46.267340764350656 ], [ 5.499589113395677, 46.268200455562877 ], [ 5.511348787755415, 46.264469397987796 ], [ 5.541732752906199, 46.26978707954531 ], [ 5.558750777623363, 46.283026348730957 ], [ 5.564991759684422, 46.293554078758007 ], [ 5.57715664394163, 46.294425426731507 ], [ 5.587037601677846, 46.292533698745856 ], [ 5.596805804781894, 46.296632368690091 ], [ 5.604579305634249, 46.309396297827547 ], [ 5.606263220747459, 46.313904047220234 ], [ 5.611066092425009, 46.32430472368997 ], [ 5.618165439519029, 46.329167401898552 ], [ 5.630515124966502, 46.330204692985063 ], [ 5.637458265137247, 46.336441111507483 ], [ 5.643367138893512, 46.344849957424621 ], [ 5.649754486918149, 46.340303969670146 ], [ 5.649901069675902, 46.334149581879167 ], [ 5.643734956398192, 46.325178519815303 ], [ 5.652724036200458, 46.323246008099957 ], [ 5.669381724285519, 46.323802074662638 ], [ 5.683321537289505, 46.315872036120005 ], [ 5.684528166948918, 46.310996257829331 ], [ 5.714595090198946, 46.309022250561149 ], [ 5.719293976188084, 46.293462363325972 ], [ 5.715650170389559, 46.282899398571821 ], [ 5.725178302665053, 46.260686969644496 ], [ 5.733356564746289, 46.263774137237334 ], [ 5.743929292346821, 46.266843580070521 ], [ 5.751347937721567, 46.265918428262424 ], [ 5.765579082201772, 46.26807836003556 ], [ 5.818200107833205, 46.262986869717949 ], [ 5.826245698352314, 46.261804287914181 ], [ 5.852895361042215, 46.261419526344504 ], [ 5.863533541705873, 46.271297478344685 ], [ 5.869210604394355, 46.265276807524153 ], [ 5.875673636316276, 46.267589832777198 ], [ 5.888754279794788, 46.279224006473228 ], [ 5.89461880672657, 46.286636007146882 ], [ 5.909131502744077, 46.28384306102032 ], [ 5.916188556741346, 46.292910394610871 ], [ 5.918065387652754, 46.309089139702294 ], [ 5.926039046786288, 46.313809035832627 ], [ 5.941406981247941, 46.309401517547556 ], [ 5.966751097548999, 46.342546524685091 ], [ 5.975201909751437, 46.350292020435937 ], [ 5.979802154257791, 46.35418449232251 ], [ 5.9840706875327, 46.363883231415201 ], [ 5.994035132800895, 46.366740738728261 ], [ 6.014725308408664, 46.376425072748425 ], [ 6.035859843887129, 46.391718868690226 ], [ 6.052753528920602, 46.411749915878019 ], [ 6.060147193152211, 46.41791119839808 ], [ 6.063857350782005, 46.416389647447431 ], [ 6.097630830947409, 46.409037282113026 ], [ 6.105682022181962, 46.399418411214654 ], [ 6.112980142578865, 46.399941319877428 ], [ 6.134696469691057, 46.38870376900271 ], [ 6.149671822342453, 46.377523857507668 ], [ 6.157033789525368, 46.377727603740965 ], [ 6.165723982628257, 46.372090339127382 ], [ 6.169927030178398, 46.366083359627055 ], [ 6.161469010842315, 46.359916168787827 ], [ 6.157697639696549, 46.349907553231645 ], [ 6.149407807175825, 46.342706647850754 ], [ 6.137989911326338, 46.338770758059546 ], [ 6.137883680380996, 46.333271061817825 ], [ 6.124357937134411, 46.317281886404452 ], [ 6.119209551253329, 46.307764178397974 ], [ 6.120865732624422, 46.29713536375727 ], [ 6.102388312388397, 46.28494011224344 ], [ 6.103267294877868, 46.278665620791827 ], [ 6.115425478096809, 46.265942277501026 ], [ 6.12253464980069, 46.258178387609341 ], [ 6.12446761759572, 46.251253790834106 ], [ 6.108827662393149, 46.239870511309043 ], [ 6.101450699957742, 46.237646838761954 ], [ 6.088056548118407, 46.247125714032649 ], [ 6.067286148833613, 46.241781446109606 ], [ 6.060410216236696, 46.245008959174605 ], [ 6.046110909207283, 46.231393384168875 ], [ 6.041740646252956, 46.233531634435302 ], [ 6.033653285426041, 46.238551651514442 ], [ 6.025495455814029, 46.233225113858225 ], [ 6.016434611622954, 46.231984320132618 ], [ 6.007108067394407, 46.223838137777271 ], [ 5.99018562503385, 46.22171887972361 ], [ 5.974613729052159, 46.214966095121412 ], [ 5.969254875904442, 46.206672594687035 ], [ 5.971527049821055, 46.20159037332521 ], [ 5.964455827839405, 46.198046184353494 ], [ 5.964001279653867, 46.196911816347949 ], [ 5.992222943382097, 46.186547346487288 ], [ 5.99462549482991, 46.181316963182745 ], [ 5.982861067654265, 46.173750555068928 ], [ 5.973050348042989, 46.156037494656744 ], [ 5.964193214951, 46.144531900824042 ], [ 5.965139296449799, 46.136562903728958 ], [ 5.955901239896737, 46.132355877744729 ], [ 5.9573824183998, 46.128550621094774 ], [ 5.97296533188097, 46.131622820318711 ], [ 5.979727662209064, 46.135903407556107 ], [ 5.982926885628344, 46.141318091281839 ], [ 5.994101346791524, 46.14456903056103 ], [ 6.003228448603879, 46.141776868322246 ], [ 6.017178889145428, 46.142838029600412 ], [ 6.029652611819731, 46.139614085914488 ], [ 6.034284137302308, 46.136045294343958 ], [ 6.046903019758785, 46.141758600494263 ], [ 6.052262780612493, 46.151342663394239 ], [ 6.074913741261107, 46.148841828396343 ], [ 6.091810973679034, 46.151946261436898 ], [ 6.098555245542133, 46.143824839482086 ], [ 6.120158966762385, 46.142756483132828 ], [ 6.126558166086046, 46.140523021038739 ], [ 6.136440933114237, 46.141589612745015 ], [ 6.14725744497811, 46.146675875775159 ], [ 6.148640991413797, 46.150088225008105 ], [ 6.175436043374843, 46.158405590269453 ], [ 6.188775704296145, 46.166387940794849 ], [ 6.186701059539923, 46.177670849393955 ], [ 6.201623086301705, 46.186732197715905 ], [ 6.206979814789692, 46.192348991664737 ], [ 6.213896535445268, 46.193852403554196 ], [ 6.217332515086697, 46.197934189792683 ], [ 6.230081027201662, 46.203500010262729 ], [ 6.243343356934814, 46.20478422981413 ], [ 6.267384673685272, 46.21373728468275 ], [ 6.27635155045679, 46.215340303735694 ], [ 6.294637769173467, 46.225134024856501 ], [ 6.310282566905567, 46.243974972630234 ], [ 6.308532352385881, 46.255189034101683 ], [ 6.295606202222956, 46.255883264256845 ], [ 6.294860989326054, 46.264592124671154 ], [ 6.277938422397981, 46.251343050981248 ], [ 6.266785660597842, 46.247692957334344 ], [ 6.261671225498106, 46.254561230773028 ], [ 6.249849517051443, 46.262196899921904 ], [ 6.238372907874325, 46.281649230890721 ], [ 6.251468110870732, 46.288066752282255 ], [ 6.252310264451716, 46.291692718225413 ], [ 6.247487448310434, 46.302739872425214 ], [ 6.262133434799637, 46.327813768112982 ], [ 6.26936989567012, 46.336698067847038 ], [ 6.280578759247751, 46.351232056669183 ], [ 6.291408946136095, 46.359272594762054 ], [ 6.315506130601732, 46.368830575457899 ], [ 6.342805335293131, 46.370307282057944 ], [ 6.348881141581083, 46.367512557567906 ], [ 6.35201185428822, 46.358910657927268 ], [ 6.362575880613386, 46.34795710371737 ], [ 6.385776748069965, 46.340478852708678 ], [ 6.391483445817396, 46.341007642384533 ], [ 6.399019331443077, 46.349769999537664 ], [ 6.404366984488555, 46.351328263310862 ], [ 6.413103681583266, 46.359854720797451 ], [ 6.430112064338199, 46.359874112308219 ], [ 6.443093558790987, 46.364018172160904 ], [ 6.477302555546308, 46.375185675854219 ], [ 6.482471332028549, 46.382336899337119 ], [ 6.482762267188706, 46.3918002160596 ], [ 6.491559223633074, 46.397975848462579 ], [ 6.51316937030966, 46.404908881047938 ], [ 6.521637553779028, 46.403921265272544 ], [ 6.540982890593735, 46.395508392657668 ], [ 6.54847615104531, 46.394882497807956 ], [ 6.568003710877381, 46.39833668286969 ], [ 6.588613925115344, 46.402303395251586 ], [ 6.614070872140697, 46.40323843361945 ], [ 6.619119453399354, 46.403799485539636 ], [ 6.638283754615467, 46.405430737187757 ], [ 6.660834590770578, 46.404569491825242 ], [ 6.677750888009633, 46.407407514534853 ], [ 6.712130188635863, 46.407642455599841 ], [ 6.722880572292773, 46.407933937666428 ], [ 6.735623218214948, 46.404999525730929 ], [ 6.757526551414131, 46.402670006541761 ], [ 6.760243330222041, 46.400472797037601 ], [ 6.790004256307649, 46.393042839706311 ], [ 6.803751259252198, 46.394352073907186 ], [ 6.801961186458385, 46.385842017125555 ], [ 6.806208134373941, 46.379918017171221 ], [ 6.800973201236669, 46.375336300896997 ], [ 6.790792024828799, 46.366822528653131 ], [ 6.780707924421442, 46.366531825378111 ], [ 6.771443608680511, 46.361024098707411 ], [ 6.770579108029547, 46.355441790357979 ], [ 6.775146032290142, 46.34714463600185 ], [ 6.7790828582916, 46.344625145735847 ], [ 6.786343853142757, 46.332092919733711 ], [ 6.794417829655328, 46.332670764902488 ], [ 6.800371187629095, 46.320043088105734 ], [ 6.807036825455179, 46.320749014014588 ], [ 6.825347930364384, 46.311962115331561 ], [ 6.828102230406086, 46.302505318796754 ], [ 6.845669154312135, 46.290831460481584 ], [ 6.85118157084735, 46.29051074038594 ], [ 6.854858719036568, 46.292512111572215 ], [ 6.86436674320519, 46.283100210122171 ], [ 6.858902364409182, 46.273878828232625 ], [ 6.860185588004604, 46.266231586142723 ], [ 6.851981732533553, 46.252142536906703 ], [ 6.839795814416595, 46.248220865576052 ], [ 6.837150889260787, 46.240799370243167 ], [ 6.830651645100624, 46.234392168688309 ], [ 6.821206034389789, 46.23231552713478 ], [ 6.821732346506083, 46.223365407693869 ], [ 6.80987819515749, 46.213836555224361 ], [ 6.80329764819215, 46.203284586260956 ], [ 6.807074451826598, 46.195956686210778 ], [ 6.812595289018414, 46.181545344181984 ], [ 6.806809450786552, 46.178034998843032 ], [ 6.805340833638301, 46.172583965517575 ], [ 6.791718541897063, 46.162932580269512 ], [ 6.790493248827255, 46.154518088574569 ], [ 6.796537973690672, 46.138680003372734 ], [ 6.807903236743186, 46.136168945519636 ], [ 6.815114581520599, 46.12926619268427 ], [ 6.818666685447028, 46.131099458718602 ], [ 6.838189787637558, 46.132948957610118 ], [ 6.844359331315176, 46.128353162332949 ], [ 6.882430211677082, 46.12287999437649 ], [ 6.890476173681619, 46.125541754073289 ], [ 6.89701563846351, 46.11901436336246 ], [ 6.892973024682865, 46.112689692006661 ], [ 6.892990205804947, 46.104764176362004 ], [ 6.882541004800646, 46.095222990509107 ], [ 6.891646952185418, 46.085071888911301 ], [ 6.888243686327072, 46.078547585815876 ], [ 6.890963238539375, 46.074510752501205 ], [ 6.880286001151556, 46.069281520837094 ], [ 6.871726873024114, 46.051150517862176 ], [ 6.8757484680063, 46.047531149676416 ], [ 6.891272212636625, 46.042694020577677 ], [ 6.894798957258848, 46.048100472922542 ], [ 6.908607707625738, 46.05016838017638 ], [ 6.924588803085924, 46.065244407235852 ], [ 6.938022350502483, 46.063012206775944 ], [ 6.934784839182922, 46.056745759667045 ], [ 6.943150570925638, 46.050860462370728 ], [ 6.950140100301912, 46.05159257105646 ], [ 6.954524341728795, 46.041675089083029 ], [ 6.962885396501398, 46.030435384530101 ], [ 6.981319760617925, 46.019571573216744 ], [ 6.98550365056327, 46.004164144540809 ], [ 7.010663395598028, 45.997166023201324 ], [ 7.012211075506942, 45.987260585444069 ], [ 7.019929508467101, 45.983777690638242 ], [ 7.021477015404555, 45.97637416912756 ], [ 7.010148111946002, 45.973230912733626 ], [ 7.015378831293805, 45.962494205152346 ], [ 7.022415803299604, 45.958546496113321 ], [ 7.034907816048666, 45.956142270485927 ], [ 7.038542985726409, 45.947633304681972 ], [ 7.035731361047256, 45.938304904859983 ], [ 7.04265565523162, 45.929681009402827 ], [ 7.043735093009454, 45.923161167931205 ], [ 7.027341391279144, 45.918945023535244 ], [ 7.018358376262044, 45.91435247114341 ], [ 7.01430317929221, 45.906586325034652 ], [ 7.004108157267138, 45.900005280417247 ], [ 7.00495152369017, 45.883771805095606 ], [ 6.998445648914178, 45.878572541808651 ], [ 6.996920511658926, 45.872122036353282 ], [ 6.98775429277379, 45.868939559267638 ], [ 6.97655873684162, 45.868704068412981 ], [ 6.957534509203843, 45.861012449080519 ], [ 6.952145382710857, 45.861388727126155 ], [ 6.942600756767438, 45.847888882862563 ], [ 6.922143514812905, 45.847915315688418 ], [ 6.91228504418618, 45.840834518242296 ], [ 6.8930576142775, 45.843036460003233 ], [ 6.881861325032146, 45.849810617741639 ], [ 6.874808295554822, 45.842286711799986 ], [ 6.870137757380345, 45.828029857657675 ], [ 6.861470554574543, 45.832474856192896 ], [ 6.853794878228364, 45.837081836161971 ], [ 6.84050661813994, 45.84072353617767 ], [ 6.830935778287613, 45.837180177195599 ], [ 6.818076109648369, 45.835909251255437 ], [ 6.818043362835787, 45.832157226998063 ], [ 6.806538243292318, 45.816985268197449 ], [ 6.80815850222363, 45.813448855020823 ], [ 6.812721587569827, 45.79565700479732 ], [ 6.805609566077937, 45.793073566691149 ], [ 6.802350269226971, 45.778575021060526 ], [ 6.806169933010452, 45.770381913589475 ], [ 6.805587090564843, 45.747700929895117 ], [ 6.816993764739559, 45.740062275879907 ], [ 6.808592213633633, 45.725115110892538 ], [ 6.819302904391622, 45.718540872892866 ], [ 6.819927558188728, 45.714636753972393 ], [ 6.83048097990623, 45.701996568802677 ], [ 6.841632843136025, 45.699020191091719 ], [ 6.846226317666101, 45.69053572095897 ], [ 6.85779001072667, 45.685153531815288 ], [ 6.865297760114268, 45.684743622796937 ], [ 6.876567852923949, 45.678627493444843 ], [ 6.887959351705065, 45.679029764865177 ], [ 6.893357429799263, 45.675722805094431 ], [ 6.900335234829462, 45.680930376452373 ], [ 6.90695949307258, 45.675634622071399 ], [ 6.902187668994407, 45.663835250285977 ], [ 6.914899312752222, 45.66116226972553 ], [ 6.914695119885706, 45.651862261842368 ], [ 6.930456706776161, 45.64587875648413 ], [ 6.961588140301655, 45.654862207729231 ], [ 6.970214455322198, 45.654227220806931 ], [ 6.9746346437316, 45.646621929192627 ], [ 6.990195366719839, 45.64337423545598 ], [ 7.002279364665091, 45.636668594143245 ], [ 6.996562787352554, 45.629803066894659 ], [ 6.988722546433192, 45.626578606534068 ], [ 6.983345970607397, 45.616971226274792 ], [ 6.985017979513447, 45.607606286240255 ], [ 6.979623198893647, 45.597085234596115 ], [ 6.978077341770781, 45.587579178009342 ], [ 6.98071092819873, 45.583324026005165 ], [ 6.995363843174147, 45.57575048331271 ], [ 6.996810532195757, 45.569090980418558 ], [ 6.990596243918328, 45.564458471882766 ], [ 6.989802779561979, 45.556610971695527 ], [ 6.996070074189703, 45.544457811181559 ], [ 6.991649210890704, 45.537982723399331 ], [ 6.991263740917036, 45.53040025962931 ], [ 6.997243316377357, 45.526864095375501 ], [ 7.005180655510287, 45.51767846102387 ], [ 6.999857847941162, 45.504869575076583 ], [ 7.00928697064529, 45.500055541742093 ], [ 7.021952813447878, 45.496442853049217 ], [ 7.044734830077801, 45.497389171121185 ], [ 7.05377589273352, 45.49531452056155 ], [ 7.061329363758922, 45.489511432750398 ], [ 7.04944517254017, 45.485109161086761 ], [ 7.045929587811935, 45.479524095099315 ], [ 7.048631075989059, 45.472456853460216 ], [ 7.059959893040062, 45.471319604732955 ], [ 7.070024444649322, 45.474354898422689 ], [ 7.105034854813613, 45.468407062074867 ], [ 7.09859512731649, 45.458631332897056 ], [ 7.106857108550652, 45.448089474403076 ], [ 7.114736319672384, 45.441377790044072 ], [ 7.113099754184125, 45.43429203699101 ], [ 7.135641088944453, 45.425979173010781 ], [ 7.152064599235307, 45.423178763589206 ], [ 7.162239212997354, 45.413880595084976 ], [ 7.184567759301852, 45.40732540955748 ], [ 7.185564599205883, 45.403258367628318 ], [ 7.178313729512811, 45.396711262549474 ], [ 7.179659821446613, 45.390817906193547 ], [ 7.174104420454793, 45.385909745762675 ], [ 7.164234498228851, 45.383584812351224 ], [ 7.157763901131244, 45.369164574630751 ], [ 7.163481325007284, 45.360389469647494 ], [ 7.147126238498779, 45.352120539980561 ], [ 7.138749943602041, 45.351330640202207 ], [ 7.131529681352412, 45.340551013316166 ], [ 7.134575373149805, 45.331314386166447 ], [ 7.126229477886291, 45.326941103470453 ], [ 7.116575986080552, 45.328769272127012 ], [ 7.109974165553782, 45.326784960862767 ], [ 7.109174600516866, 45.319003239007678 ], [ 7.117888676260095, 45.311597385229803 ], [ 7.122051787792674, 45.294958803918803 ], [ 7.136293479230541, 45.280788571572245 ], [ 7.130289429027375, 45.273107537746363 ], [ 7.133732579166344, 45.265953504987962 ], [ 7.131564020512896, 45.261401868733174 ], [ 7.137555770101963, 45.256828647497237 ], [ 7.12517630239677, 45.244000571522442 ], [ 7.110296354149349, 45.2466419652227 ], [ 7.104444273977674, 45.236574830007754 ], [ 7.097030512588651, 45.233805870896092 ], [ 7.089144982799467, 45.226456296932717 ], [ 7.081175920785581, 45.224559648335656 ], [ 7.082885121777957, 45.217288629831536 ], [ 7.076550329339502, 45.210592085188473 ], [ 7.066613080932089, 45.210422645689725 ], [ 7.051087167776644, 45.225570795972182 ], [ 7.042750604048837, 45.225586280884343 ], [ 7.027499683894173, 45.215720460620346 ], [ 7.007024079003357, 45.216754888967671 ], [ 6.994212068027, 45.211095072223657 ], [ 6.985715099055683, 45.211508809521611 ], [ 6.975407204791109, 45.208026740999621 ], [ 6.965879997353407, 45.208205204303958 ], [ 6.96045370732771, 45.202913730321036 ], [ 6.965733088273367, 45.195198256856486 ], [ 6.954355048614686, 45.191864231492858 ], [ 6.953311180684087, 45.179976467094392 ], [ 6.942827861037326, 45.176062468368691 ], [ 6.941392048208191, 45.171217863638581 ], [ 6.931666385830624, 45.171401539222906 ], [ 6.921573471306825, 45.166903037637852 ], [ 6.893718981083977, 45.168583926913385 ], [ 6.891832911272784, 45.162206681185516 ], [ 6.885180804151206, 45.15449368353319 ], [ 6.889994766351423, 45.146289851687712 ], [ 6.898272134635614, 45.14170235950305 ], [ 6.892681742680375, 45.136719472623852 ], [ 6.873520975811097, 45.135902167284669 ], [ 6.866551534656799, 45.131634893373082 ], [ 6.850394937750083, 45.127419050034412 ], [ 6.846470093980867, 45.135591216371253 ], [ 6.833700682802607, 45.136481837386782 ], [ 6.830348024686858, 45.140375136338463 ], [ 6.796785709234207, 45.153059971126048 ], [ 6.78728404669443, 45.153356945533275 ], [ 6.781561150367716, 45.15732371112415 ], [ 6.769341708734309, 45.159742195734147 ], [ 6.754444191397762, 45.149959405408772 ], [ 6.752742891209133, 45.145002941353674 ], [ 6.740480396220302, 45.136809155616412 ], [ 6.723526753831393, 45.139581553282127 ], [ 6.711440796537739, 45.144862949604168 ], [ 6.691186955951719, 45.139233666485637 ], [ 6.680415126074222, 45.14030007832288 ], [ 6.673830691057691, 45.131571030316721 ], [ 6.672809557732965, 45.12452434342984 ], [ 6.658162686707453, 45.121304996707153 ], [ 6.64876100174148, 45.114784447237533 ], [ 6.632926418493853, 45.115866019474986 ], [ 6.629914851434582, 45.109367146333419 ], [ 6.615494611950275, 45.121505691190286 ], [ 6.592695416097063, 45.118952157589149 ], [ 6.57682865582587, 45.122978578334468 ], [ 6.563901218547421, 45.113818852022419 ], [ 6.561307925846558, 45.105305893573977 ], [ 6.539161848417915, 45.099084980406545 ], [ 6.529710987499355, 45.098569116880945 ], [ 6.510423958615894, 45.108998029294952 ], [ 6.507355575191464, 45.105230821234102 ], [ 6.49382114703101, 45.099947298206779 ], [ 6.480452529663611, 45.090826632892799 ], [ 6.484895769408191, 45.086932118736932 ], [ 6.489605436807124, 45.067668673765191 ], [ 6.487086839826483, 45.05640420839552 ], [ 6.474109039591629, 45.056195271364089 ], [ 6.453529591866937, 45.051837207647814 ], [ 6.443398658826325, 45.055077367749035 ], [ 6.438589972210731, 45.06258734762055 ], [ 6.431731978118314, 45.06368754636987 ], [ 6.422773522282601, 45.060081655599305 ], [ 6.403784763464175, 45.064761642284694 ], [ 6.396346499123703, 45.061053120438672 ], [ 6.384026500216784, 45.063962453605633 ], [ 6.379440914410799, 45.067498399064817 ], [ 6.364878932699327, 45.070172557666844 ], [ 6.374667243647994, 45.083163901302569 ], [ 6.362776212527653, 45.105060733258469 ], [ 6.345986734974773, 45.115278465686004 ], [ 6.339927523159727, 45.116118988370346 ], [ 6.33423622975125, 45.122935784614263 ], [ 6.332292128392409, 45.118726711189986 ], [ 6.317320234288878, 45.111988063891225 ], [ 6.301915599458511, 45.10895431704926 ], [ 6.286281076154269, 45.11016082211534 ], [ 6.269631078774209, 45.119687517696569 ], [ 6.260569800056645, 45.12684420381057 ], [ 6.254493675558555, 45.1207901682452 ], [ 6.245831087491692, 45.120383095891995 ], [ 6.240156250691169, 45.112802719958729 ], [ 6.228758058539616, 45.108395233947441 ], [ 6.230422732568018, 45.097104207620887 ], [ 6.234844621677039, 45.092079952573037 ], [ 6.240261859621344, 45.067918534318466 ], [ 6.219761340413156, 45.065263610961772 ], [ 6.215403177717932, 45.048158921382083 ], [ 6.208495224281518, 45.040883356647363 ], [ 6.209885992978571, 45.029522392861836 ], [ 6.202555613398229, 45.022649854145655 ], [ 6.203923320526895, 45.012471073927401 ], [ 6.204915240014618, 45.012466835200208 ], [ 6.226011863698318, 45.004740904274435 ], [ 6.251760947600208, 44.996700081435442 ], [ 6.285183475659733, 45.000114641662684 ], [ 6.30639579754201, 45.004751617841876 ], [ 6.318202161563707, 45.003859362038156 ], [ 6.321246992240075, 44.997264736135861 ], [ 6.317113234481268, 44.988803571616828 ], [ 6.315426473580197, 44.979038385235931 ], [ 6.322691161904324, 44.972031241820936 ], [ 6.329545526278858, 44.969235313993522 ], [ 6.323609772921841, 44.961280830296602 ], [ 6.322918010831826, 44.953019839293738 ], [ 6.329004611489238, 44.947315364075493 ], [ 6.35816594906163, 44.941575199433274 ], [ 6.358963814864445, 44.93663788204492 ], [ 6.352993124467191, 44.924507362963347 ], [ 6.356113924949158, 44.921016613925978 ], [ 6.358906308574993, 44.907180394781726 ], [ 6.356407419006241, 44.900281850617375 ], [ 6.359303137592439, 44.888062837464346 ], [ 6.350777913716454, 44.88120407255564 ], [ 6.350390010393324, 44.873689353400195 ], [ 6.353916098424134, 44.864959723936458 ], [ 6.353952089031231, 44.853476191194879 ], [ 6.336316551836191, 44.848370410528375 ], [ 6.324094174644554, 44.852207583605868 ], [ 6.317353940427759, 44.861906354087274 ], [ 6.308674990326619, 44.86575828699705 ], [ 6.303911252796198, 44.873044366507258 ], [ 6.288594953904825, 44.874061567796197 ], [ 6.281464388800387, 44.86993103578628 ], [ 6.270836518964489, 44.87097648218149 ], [ 6.258372630510489, 44.863737785567963 ], [ 6.249983797878782, 44.851904557792068 ], [ 6.225430368317632, 44.852195789258339 ], [ 6.196375940210527, 44.858978334429032 ], [ 6.187673102020024, 44.853770912059169 ], [ 6.16966398605356, 44.852389229448576 ], [ 6.158541246971874, 44.85856510423708 ], [ 6.14376776710288, 44.858417893242724 ], [ 6.132900749707981, 44.864500955343054 ], [ 6.118330135656587, 44.852772547162822 ], [ 6.110680935282982, 44.843156104140093 ], [ 6.100705886949326, 44.842578492309897 ], [ 6.097325029993785, 44.838227287853897 ], [ 6.078984772358927, 44.828558231416004 ], [ 6.073302428279247, 44.827795910065205 ], [ 6.066942743525464, 44.821419848295804 ], [ 6.056498584211233, 44.815813872065611 ], [ 6.048036124837343, 44.820589641464188 ], [ 6.030215701162597, 44.838097758921258 ], [ 6.015767197188255, 44.835412842578926 ], [ 6.009409442411302, 44.830381439594042 ], [ 6.005522217942606, 44.820819337910848 ], [ 5.996165725866351, 44.817874076149948 ], [ 5.979184398994509, 44.818588383147393 ], [ 5.949511727324044, 44.80436274650387 ], [ 5.954540710430987, 44.799497946144797 ], [ 5.97768651711345, 44.790927669743802 ], [ 5.980335194169802, 44.781251383162491 ], [ 5.953165667394291, 44.771310697038921 ], [ 5.951121489008564, 44.759618739986642 ], [ 5.938163509070463, 44.762680393401787 ], [ 5.925357165232047, 44.757257886267929 ], [ 5.919005540271464, 44.751428916278414 ], [ 5.910865189654959, 44.757716228834873 ], [ 5.899403027137494, 44.758230348751106 ], [ 5.891435234687169, 44.755391732630152 ], [ 5.885532804206798, 44.747351912367186 ], [ 5.866990968432877, 44.751691976827878 ], [ 5.850839066039292, 44.750778254362693 ], [ 5.839074525749123, 44.757726271760518 ], [ 5.827098194050942, 44.759688387435325 ], [ 5.829306856721988, 44.741612561543853 ], [ 5.81754073914982, 44.730749822929681 ], [ 5.811170327977671, 44.712746696657682 ], [ 5.801469951314518, 44.706777613147182 ], [ 5.812158467732122, 44.705620105758513 ], [ 5.827144615466906, 44.700451110171556 ], [ 5.830442466654745, 44.690550993624612 ], [ 5.827067303846313, 44.686487016133889 ], [ 5.799343982227348, 44.674012536068837 ], [ 5.80063760234146, 44.668646793676999 ], [ 5.792516070564558, 44.660841881471129 ], [ 5.790210615058057, 44.653565472168573 ], [ 5.780353163209072, 44.65288050637399 ], [ 5.764128952718354, 44.655790647627498 ], [ 5.75502374706698, 44.663055086722856 ], [ 5.748561285655061, 44.654960774564088 ], [ 5.753374663223045, 44.649665827103256 ], [ 5.734631193579793, 44.646022380441813 ], [ 5.738661935362442, 44.640787096692463 ], [ 5.720215382129891, 44.639892212199975 ], [ 5.714601579025836, 44.64365231538973 ], [ 5.686695291528655, 44.648497424026175 ], [ 5.679914928457712, 44.652389433476266 ], [ 5.668489674822444, 44.648480691007819 ], [ 5.651545562434246, 44.655210879591067 ], [ 5.641677891748075, 44.651412466465167 ], [ 5.640120545698172, 44.647988887611056 ], [ 5.643144619165143, 44.622153725194465 ], [ 5.649466576028604, 44.619374815855259 ], [ 5.646192670462506, 44.609382716658615 ], [ 5.636572114010265, 44.60454142649273 ], [ 5.627479036854516, 44.594965971025054 ], [ 5.626322716095408, 44.586621017973293 ], [ 5.617864944662903, 44.584009679783129 ], [ 5.615983012319139, 44.574737919253074 ], [ 5.607144857970523, 44.568344552693631 ], [ 5.60664470526089, 44.566818811594985 ], [ 5.600269055199425, 44.55560646685413 ], [ 5.59705284153199, 44.543394531773899 ], [ 5.603505914466881, 44.541227589426455 ], [ 5.614839653089768, 44.532829721508797 ], [ 5.6272328843724, 44.534664679462026 ], [ 5.64703344651823, 44.519638378915992 ], [ 5.662628861918891, 44.505632310536541 ], [ 5.664706285578013, 44.501883744249248 ], [ 5.649322891829327, 44.499417965036415 ], [ 5.635188364894678, 44.502516396881163 ], [ 5.62627737008046, 44.498124492293861 ], [ 5.616875330890175, 44.473211116667571 ], [ 5.603641503707077, 44.465497490125081 ], [ 5.579378663884249, 44.471781876633656 ], [ 5.57032728521085, 44.476902916216112 ], [ 5.564435981757325, 44.475511653835532 ], [ 5.556111205945005, 44.476267908894116 ], [ 5.545441733979286, 44.482617747968057 ], [ 5.511096476010052, 44.491569829637548 ], [ 5.479862163733956, 44.491328242023023 ], [ 5.470891551654652, 44.500176793053626 ], [ 5.458203717313176, 44.499157962047072 ], [ 5.458972423982238, 44.488514057030891 ], [ 5.46772466575809, 44.473541608075507 ], [ 5.459113650325117, 44.468688630785529 ], [ 5.46394536205687, 44.452144082223292 ], [ 5.464428956511577, 44.447892179607209 ], [ 5.480817231366984, 44.441895455657239 ], [ 5.498287298943732, 44.43744332633667 ], [ 5.493593050117499, 44.428310923517294 ], [ 5.485826718331579, 44.429077269951179 ], [ 5.476790206898987, 44.419641384303134 ], [ 5.463454640287273, 44.426768988634272 ], [ 5.438603904916836, 44.43358843185591 ], [ 5.434182823501433, 44.433607851074235 ], [ 5.418362894281695, 44.424903321595963 ], [ 5.42299721768694, 44.416206072982654 ], [ 5.433323704847211, 44.411710417236499 ], [ 5.437008014409099, 44.401246744979083 ], [ 5.443076915584844, 44.391558630696487 ], [ 5.440585705657993, 44.387671952859087 ], [ 5.443964753755167, 44.379512293716715 ], [ 5.429686247608189, 44.375486655628833 ], [ 5.434927379811187, 44.369006337593461 ], [ 5.444366186470398, 44.367665938480492 ], [ 5.462279663609126, 44.367381846766293 ], [ 5.467247070461196, 44.360540396551336 ], [ 5.469003923999925, 44.351629197367004 ], [ 5.482522228883986, 44.349892118747341 ], [ 5.483746340773279, 44.344977834711869 ], [ 5.492828300109733, 44.337124495766119 ], [ 5.502287134404829, 44.344083005613975 ], [ 5.521556292511725, 44.351074826841142 ], [ 5.528963932660306, 44.343028900196316 ], [ 5.539864786780453, 44.342639033699442 ], [ 5.53736692281998, 44.333523019080886 ], [ 5.547846420148293, 44.329998890709462 ], [ 5.560787320353392, 44.335881969641221 ], [ 5.571234817745764, 44.333442484949742 ], [ 5.584818785556593, 44.332113541253356 ], [ 5.587822533435812, 44.332137465247591 ], [ 5.617786966144487, 44.332309090244344 ], [ 5.623642844332074, 44.335257851846642 ], [ 5.628353058249363, 44.327943815330116 ], [ 5.616129452718848, 44.316875563033499 ], [ 5.61150280642919, 44.31643437125846 ], [ 5.608313430198816, 44.306118616511341 ], [ 5.616151545145224, 44.309446611115497 ], [ 5.626950103201375, 44.301256300961803 ], [ 5.633817557949713, 44.301012695190188 ], [ 5.639576761137742, 44.295957062888512 ], [ 5.633050582124694, 44.290521591302991 ], [ 5.633194347642295, 44.282062146892692 ], [ 5.647625325460972, 44.272579368089957 ], [ 5.646801023602259, 44.267245007704403 ], [ 5.657826779901059, 44.27256539640922 ], [ 5.675606312766383, 44.2758867705817 ], [ 5.68725446003186, 44.266626670413991 ], [ 5.674165370183658, 44.256468134402176 ], [ 5.67269898554797, 44.245611636739596 ], [ 5.673038495733969, 44.240052825295962 ], [ 5.682647488883338, 44.234465150465169 ], [ 5.681144889144414, 44.230792191749444 ], [ 5.676063494630107, 44.212549019512402 ], [ 5.686712929456839, 44.196429043150168 ], [ 5.67582020262364, 44.191500569479366 ], [ 5.671897184068151, 44.189687815046348 ], [ 5.651698413345002, 44.189618648221405 ], [ 5.652426499546548, 44.185456527185757 ], [ 5.643300802515971, 44.170626264747163 ], [ 5.647019954138763, 44.166366873568002 ], [ 5.662389235258443, 44.167039477190613 ], [ 5.682898041828302, 44.16361450396284 ], [ 5.677704466906624, 44.14890159831387 ], [ 5.678862465787285, 44.146137338006049 ], [ 5.667455684240057, 44.149088415608858 ], [ 5.655312915049265, 44.147501907063202 ], [ 5.645053019921949, 44.148680232305914 ], [ 5.631309182941476, 44.150422167511216 ], [ 5.631641473349295, 44.158651681841526 ], [ 5.639711686842899, 44.16757060002643 ], [ 5.632074247658312, 44.173693472851262 ], [ 5.616230753677271, 44.177884680737741 ], [ 5.609326324575084, 44.190703107233404 ], [ 5.601999043737762, 44.19165703748677 ], [ 5.596812686063147, 44.18778228895637 ], [ 5.576233441427946, 44.188068481692191 ], [ 5.56835432565674, 44.179977107721669 ], [ 5.5645235740919, 44.170908124154423 ], [ 5.572493627322293, 44.16394301185332 ], [ 5.583251777244172, 44.157814898463286 ], [ 5.578627678948282, 44.152037766064424 ], [ 5.569489308825002, 44.148134143984429 ], [ 5.551331132510607, 44.149791971631366 ], [ 5.542786949958286, 44.133986291459507 ], [ 5.534449241298788, 44.130194608806633 ], [ 5.511499164466781, 44.124308608211358 ], [ 5.504396450228613, 44.11620453612899 ], [ 5.498888750843398, 44.116053832509834 ], [ 5.494471791610699, 44.115492612976148 ], [ 5.473102574676362, 44.118704614730838 ], [ 5.454733760917291, 44.119165383582299 ], [ 5.450632419276122, 44.121251758813585 ], [ 5.447750333442313, 44.136916226333433 ], [ 5.436540073350061, 44.140170925244917 ], [ 5.435980872211441, 44.152508386679109 ], [ 5.423661898802851, 44.149238872630661 ], [ 5.416927306810944, 44.155094840731302 ], [ 5.409051971220376, 44.153195237173634 ], [ 5.392186220777557, 44.152488442695244 ], [ 5.383201645083959, 44.155363024279438 ], [ 5.383574633771172, 44.172874696532787 ], [ 5.386510993065561, 44.177697793407475 ], [ 5.386044029012777, 44.186182476434801 ], [ 5.381415749736949, 44.191723822743313 ], [ 5.38316938904211, 44.199095931431096 ], [ 5.384679641297207, 44.201109054340989 ], [ 5.376630313776298, 44.205255783544693 ], [ 5.355216229919255, 44.214554904483364 ], [ 5.334662073023714, 44.203429088720547 ], [ 5.318734507538462, 44.209965696087728 ], [ 5.303271684211003, 44.205701572748332 ], [ 5.292556338910599, 44.214360672215854 ], [ 5.280634673326928, 44.219722816058351 ], [ 5.256735561879806, 44.230029154144724 ], [ 5.248288219087121, 44.231066014190354 ], [ 5.240512953471153, 44.230861171345651 ], [ 5.238228958051171, 44.213433419192086 ], [ 5.230774909975497, 44.211940942497506 ], [ 5.215504465764125, 44.215134388658008 ], [ 5.207029770713811, 44.213913028234728 ], [ 5.188699135497503, 44.220166276437325 ], [ 5.181426721148678, 44.218954972059819 ], [ 5.168240251559499, 44.225126706590245 ], [ 5.154812599144479, 44.230462345731702 ], [ 5.151909550999569, 44.238253151906441 ], [ 5.161850518100123, 44.245815222740632 ], [ 5.159935271441125, 44.256973452832547 ], [ 5.160714626679158, 44.266712741770327 ], [ 5.147541306539038, 44.269576951434267 ], [ 5.148289502166824, 44.280001307862314 ], [ 5.154498656493986, 44.285010569319333 ], [ 5.16826851107059, 44.290024590974134 ], [ 5.170118127978427, 44.298882039383201 ], [ 5.174130931143523, 44.308214523173859 ], [ 5.168918444865204, 44.314030114749002 ], [ 5.166385081019034, 44.314851770321461 ], [ 5.150590711429418, 44.309583403855704 ], [ 5.150017293996356, 44.302136026313633 ], [ 5.142125039659158, 44.296388457922532 ], [ 5.13221206528053, 44.293068507363074 ], [ 5.107788335688771, 44.280839668146136 ], [ 5.086509971109004, 44.283991192443104 ], [ 5.076662527575242, 44.283950808140652 ], [ 5.07080152112762, 44.28913897234974 ], [ 5.067230624606419, 44.301085702178682 ], [ 5.060539369016325, 44.308205065081744 ], [ 5.045670633052171, 44.301527748624089 ], [ 5.02927869774707, 44.297939000509452 ], [ 5.01701971415978, 44.292692744177501 ], [ 5.004667814400237, 44.286454610023803 ], [ 4.989469671584552, 44.285964529475727 ], [ 4.980944821120407, 44.284672459426808 ], [ 4.971285254061075, 44.279823682897955 ], [ 4.95999479975665, 44.274260371726321 ], [ 4.942746430530165, 44.268973441656001 ], [ 4.933020532875084, 44.262221000496382 ], [ 4.922368259009861, 44.259708568940702 ], [ 4.901710922661104, 44.260226583557163 ], [ 4.901101768540464, 44.264144767085092 ], [ 4.880134161915424, 44.261740553788925 ], [ 4.867592670985564, 44.255801365599282 ], [ 4.865948613971697, 44.249502446961451 ], [ 4.856999168584842, 44.245842899497674 ], [ 4.841341358634983, 44.238935216845874 ], [ 4.825589878865121, 44.228566028170555 ], [ 4.814164739208364, 44.23219019738454 ], [ 4.812102322432094, 44.24203528794235 ], [ 4.812691882595075, 44.257396309366314 ], [ 4.804034791138465, 44.269163272042235 ], [ 4.803493729408472, 44.278078484626619 ], [ 4.804579969287194, 44.303829992664795 ], [ 4.790691733867841, 44.307601829744939 ], [ 4.787484833135319, 44.313582943255454 ], [ 4.779628728720388, 44.319381799869156 ], [ 4.771626809588002, 44.317517588771139 ], [ 4.762931694430296, 44.325523839942711 ], [ 4.751089965834433, 44.325149389775916 ], [ 4.721535354326588, 44.32652354281997 ], [ 4.713128748686902, 44.320531487975607 ], [ 4.678616746676131, 44.320710755860496 ], [ 4.650612479689276, 44.32980492919166 ], [ 4.649174641043603, 44.311817915832812 ], [ 4.653168619894466, 44.303871911404002 ], [ 4.653153762330664, 44.294805805069046 ], [ 4.652886851834503, 44.290981625097466 ], [ 4.649453594448593, 44.270338407323408 ], [ 4.641229531038982, 44.27438783352094 ], [ 4.638060040334413, 44.282964739014417 ], [ 4.629125370449139, 44.284227442816999 ], [ 4.616389077866081, 44.278193423943705 ], [ 4.612228633460132, 44.286131382106838 ], [ 4.605642538721765, 44.290963450046746 ], [ 4.599652060854647, 44.291842169705966 ], [ 4.588047560150215, 44.294304432171934 ], [ 4.577977391928592, 44.299998975132681 ], [ 4.569997425074441, 44.299343460339053 ], [ 4.559748876903774, 44.302068730582114 ], [ 4.545029772832757, 44.32025037466498 ], [ 4.54774004220948, 44.322876299646566 ], [ 4.549298191950109, 44.324638789558428 ], [ 4.532211088428816, 44.322770528721065 ], [ 4.524745640882, 44.329729264269389 ], [ 4.512868766019414, 44.328031418347827 ], [ 4.512142246344856, 44.335399662507108 ], [ 4.503424569866081, 44.339857761089206 ], [ 4.479407273697799, 44.337210538720079 ], [ 4.47498958811854, 44.342045092503554 ], [ 4.464921556973881, 44.341688945606386 ], [ 4.457616371224318, 44.341635623871682 ], [ 4.450752427238067, 44.334169215654811 ], [ 4.448403734782055, 44.296604881697249 ], [ 4.453259567715908, 44.297913730978522 ], [ 4.440349291698552, 44.283602643831529 ], [ 4.433546381696362, 44.286760625309356 ], [ 4.399295893824759, 44.289126774618694 ], [ 4.393181269309681, 44.29450073501723 ], [ 4.390781280888776, 44.30305130637425 ], [ 4.401385001412549, 44.328021927542721 ], [ 4.403259681353668, 44.333579819177835 ], [ 4.395831588871331, 44.343663054208108 ], [ 4.387733333319753, 44.347138892790163 ], [ 4.383070060082836, 44.343958361207044 ], [ 4.368013889235778, 44.339370577634639 ], [ 4.344673950094385, 44.339799675093602 ], [ 4.325776411732131, 44.338325704117423 ], [ 4.330018720275078, 44.333885647607659 ], [ 4.32175211401048, 44.324013869142703 ], [ 4.303524405948788, 44.314763324941048 ], [ 4.288210407427306, 44.314801543496117 ], [ 4.290741892387288, 44.308849955632873 ], [ 4.288496621700378, 44.291757065882983 ], [ 4.280522189648925, 44.283630097267292 ], [ 4.277891905587555, 44.275460400872241 ], [ 4.26296519673613, 44.268495884475307 ], [ 4.25854560868667, 44.264337103254618 ], [ 4.249287766444273, 44.265816508821267 ], [ 4.233983138552743, 44.275003462909133 ], [ 4.216225467604972, 44.289010092269137 ], [ 4.214695718403821, 44.290906699845195 ], [ 4.186486542965878, 44.299806623947525 ], [ 4.177751173759883, 44.31286215430071 ], [ 4.177794711103817, 44.317613156875446 ], [ 4.163895019051268, 44.312050929184814 ], [ 4.142918554178643, 44.313199087611835 ], [ 4.140574971786035, 44.326212926845237 ], [ 4.127126193493665, 44.33756944293021 ], [ 4.114811169074597, 44.328264935479417 ], [ 4.109415585814361, 44.330876155389525 ], [ 4.104099881942678, 44.334136277779272 ], [ 4.093147227996935, 44.33443740932055 ], [ 4.085586583717892, 44.328613056322318 ], [ 4.073712348461765, 44.329799076887049 ], [ 4.059893756263888, 44.320260168002442 ], [ 4.051680937797117, 44.316975780015547 ], [ 4.046922070940764, 44.318989067383129 ], [ 4.035685441498519, 44.329677562453782 ], [ 4.053732195089935, 44.33808534273345 ], [ 4.050706636943235, 44.347280439499706 ], [ 4.054662787316235, 44.352299213077679 ], [ 4.053274311828969, 44.359003077646712 ], [ 4.056863622770593, 44.36132099525517 ], [ 4.050561965762342, 44.374052237379068 ], [ 4.053133424828731, 44.37889529906667 ], [ 4.043766135820635, 44.384510223196799 ], [ 4.040217591811732, 44.391636869041029 ], [ 4.047797477807965, 44.397351831219396 ], [ 4.057698716185449, 44.394351158922582 ], [ 4.068431153609823, 44.405046151026212 ], [ 4.057270682929238, 44.413653206692366 ], [ 4.036672474797053, 44.421009648970895 ], [ 4.045414589143405, 44.429599297606252 ], [ 4.045250152842738, 44.435387780635132 ], [ 4.037174777385367, 44.446084566703085 ], [ 4.023199110505851, 44.445689433395422 ], [ 4.015326743895534, 44.453654004231282 ], [ 3.998370477759245, 44.459659736013322 ], [ 3.996980589265398, 44.465884197356687 ], [ 3.987927999389199, 44.472516076098437 ], [ 3.984875980623739, 44.483744626864393 ], [ 3.987067578294881, 44.487255034530939 ], [ 3.988815190227361, 44.503545334520894 ], [ 3.976792337666679, 44.516997408516445 ], [ 3.979828156795146, 44.5200188848995 ], [ 3.972312537886357, 44.527509171065404 ], [ 3.965669749272478, 44.538019017955484 ], [ 3.960618475430964, 44.553418597340873 ], [ 3.955190600425202, 44.566225691734552 ], [ 3.94859256781163, 44.572963731650091 ], [ 3.936313959209301, 44.573834650931268 ], [ 3.923447903710048, 44.571772321006776 ], [ 3.915589277149239, 44.582683714260234 ], [ 3.915121273813993, 44.590334811162819 ], [ 3.905822232394834, 44.592400215487842 ], [ 3.903485762715512, 44.597168478170957 ], [ 3.907951822768145, 44.607605218060201 ], [ 3.904562070684721, 44.612820629065723 ], [ 3.893644363247406, 44.613537850362192 ], [ 3.892339060389451, 44.622810853420795 ], [ 3.895407489930327, 44.642422972135542 ], [ 3.894783716743032, 44.650078997953585 ], [ 3.890906441873263, 44.656370280526758 ], [ 3.88238051466093, 44.659418704950149 ], [ 3.883633735418201, 44.66524914889343 ], [ 3.877735054888284, 44.669411518336808 ], [ 3.877754903300297, 44.674978123069273 ], [ 3.86934242535339, 44.678409979489757 ], [ 3.877652866841856, 44.68989301415197 ], [ 3.884439639660397, 44.693928342342019 ], [ 3.869504518443831, 44.697169943588996 ], [ 3.86767674887405, 44.708642943869314 ], [ 3.861461480719588, 44.71089011438837 ], [ 3.861681963978929, 44.71910945588246 ], [ 3.866695750182219, 44.728411454467619 ], [ 3.878044975909475, 44.732453786760601 ], [ 3.87680586246639, 44.73910101447197 ], [ 3.862609483584125, 44.74395733127956 ], [ 3.847723889896935, 44.745326419624739 ], [ 3.83520650726066, 44.748314319306481 ], [ 3.829821239914956, 44.75479231033372 ], [ 3.842616761040743, 44.767393504970677 ], [ 3.841757473188124, 44.772301598566301 ], [ 3.828711096254273, 44.774731835821839 ], [ 3.819328638465862, 44.772680333230852 ], [ 3.816289682148802, 44.768563807799325 ], [ 3.806020763305902, 44.768048324003814 ], [ 3.80196757612135, 44.780286571698241 ], [ 3.796592324308623, 44.78679621054804 ], [ 3.782908336022834, 44.795568652758043 ], [ 3.774813635854436, 44.79652856810457 ], [ 3.771038942500407, 44.803527279963113 ], [ 3.764246982307959, 44.800500454527139 ], [ 3.758482703971458, 44.806482413552025 ], [ 3.762910217598439, 44.809813104829665 ], [ 3.759549938510681, 44.816108105357067 ], [ 3.749736127874527, 44.824049463297904 ], [ 3.745115430068899, 44.836896432878333 ], [ 3.735462363283248, 44.840050895266629 ], [ 3.72830960415557, 44.833883723387167 ], [ 3.717511160447114, 44.831606816404864 ], [ 3.710659542853433, 44.836504779953863 ], [ 3.696380960954221, 44.830805958183419 ], [ 3.683587027085341, 44.829079387342347 ], [ 3.674015426906579, 44.830440764256323 ], [ 3.666306350229659, 44.828640685397858 ], [ 3.657637819296444, 44.836056445241042 ], [ 3.672054795715594, 44.843284624846966 ], [ 3.673858377404364, 44.854060077109992 ], [ 3.666805021032285, 44.857442133177827 ], [ 3.654831401623921, 44.874615925107435 ], [ 3.64402986105806, 44.877120901634953 ], [ 3.62626064693701, 44.880039788230441 ], [ 3.614911976665072, 44.874194982242606 ], [ 3.608247710348198, 44.879099976134903 ], [ 3.595943862619601, 44.876833829069803 ], [ 3.594380531015233, 44.867555834577928 ], [ 3.597889994407494, 44.856841577769089 ], [ 3.591915609801382, 44.847272156645353 ], [ 3.594595377475227, 44.841214632531525 ], [ 3.586356686677911, 44.837182556013111 ], [ 3.590192183158971, 44.827431200024392 ], [ 3.582603882901831, 44.826236921577063 ], [ 3.574723540006436, 44.834802552996187 ], [ 3.564266606326619, 44.832776403691682 ], [ 3.56168640941261, 44.824904224751947 ], [ 3.54496940407163, 44.82806858616528 ], [ 3.530937595487476, 44.827579300569411 ], [ 3.507303930693234, 44.824202834184057 ], [ 3.494124161158994, 44.814713280896839 ], [ 3.491302366035873, 44.808220858298277 ], [ 3.478504975973193, 44.809766863724505 ], [ 3.464782362814449, 44.827990477788823 ], [ 3.456163800656258, 44.829064339420043 ], [ 3.458716253732203, 44.839358259007767 ], [ 3.441852248562511, 44.854222084779224 ], [ 3.438730473575433, 44.860654861972691 ], [ 3.435964381841726, 44.880215134063825 ], [ 3.427163141329616, 44.890526011539784 ], [ 3.420716968351255, 44.894852528151127 ], [ 3.418043673199786, 44.900895933697534 ], [ 3.419382846065172, 44.908373796106318 ], [ 3.410666729177451, 44.917655789930969 ], [ 3.416055155989991, 44.927947649559798 ], [ 3.412482283314624, 44.945013980527669 ], [ 3.404435326142532, 44.957127458747557 ], [ 3.397003625725455, 44.958642557268931 ], [ 3.389149865172494, 44.951297153762589 ], [ 3.371577220014719, 44.960478943360044 ], [ 3.376113757134546, 44.964683752802465 ], [ 3.370282650547813, 44.970305458804816 ], [ 3.372733894832508, 44.975754461614741 ], [ 3.361347631062466, 44.971408091766705 ], [ 3.354642145085263, 44.954864586822218 ], [ 3.337942051270548, 44.955906998939248 ], [ 3.315415386650319, 44.944030679292325 ], [ 3.305633863885745, 44.941141710781999 ], [ 3.285627166391541, 44.926305602470038 ], [ 3.274745744100687, 44.926637354159318 ], [ 3.261995664029779, 44.932856321560877 ], [ 3.263244971616088, 44.942746563633001 ], [ 3.256169465647366, 44.941602521391943 ], [ 3.248565779219036, 44.939350864624579 ], [ 3.243468984500677, 44.931592018231768 ], [ 3.249902973958499, 44.916260829284383 ], [ 3.243918851446364, 44.916121964495467 ], [ 3.226675112269558, 44.909773154027079 ], [ 3.229054973211464, 44.905840028948376 ], [ 3.227196986903606, 44.896910548819818 ], [ 3.234362470984069, 44.88924268730019 ], [ 3.225667028411517, 44.882163251607906 ], [ 3.210786667419106, 44.873309684913799 ], [ 3.199407978412858, 44.874884693808866 ], [ 3.192322894428878, 44.869541950152197 ], [ 3.192132597191004, 44.862769912891736 ], [ 3.181289564023102, 44.864672559410899 ], [ 3.173393163613071, 44.872737825786857 ], [ 3.163599578526552, 44.875867872242814 ], [ 3.164144856957228, 44.879604394775946 ], [ 3.153460058279022, 44.889503665634443 ], [ 3.142461228262985, 44.902933509550685 ], [ 3.128146161713511, 44.903648713813631 ], [ 3.121651051949105, 44.89377108534962 ], [ 3.103031005679156, 44.884602786259066 ], [ 3.106888127407572, 44.877716014039748 ], [ 3.103019551115838, 44.874910602286469 ], [ 3.104895400859768, 44.866409630580918 ], [ 3.093165209673197, 44.854694996375613 ], [ 3.100281056134203, 44.843906391546291 ], [ 3.099010283190086, 44.8330279299919 ], [ 3.093834444456062, 44.833269213997724 ], [ 3.071270675928168, 44.834251152786521 ], [ 3.077297935577233, 44.8245874961871 ], [ 3.063266402538665, 44.819669800680437 ], [ 3.056501215527346, 44.809498894911037 ], [ 3.047943111923998, 44.8040676848101 ], [ 3.045924694034715, 44.797778007104299 ], [ 3.049930191395017, 44.781688528995183 ], [ 3.042759025241752, 44.771955552720087 ], [ 3.049285538640445, 44.76299206645195 ], [ 3.042240284849624, 44.75945406754164 ], [ 3.03710748785752, 44.757579666798904 ], [ 3.030002585496977, 44.746099339792821 ], [ 3.028789611314456, 44.733387422567461 ], [ 3.034348210005315, 44.729220161838299 ], [ 3.039104775213563, 44.715149681112457 ], [ 3.026305114993274, 44.716943242747696 ], [ 3.016710615901181, 44.714366668724821 ], [ 3.013578126486885, 44.704065075668062 ], [ 3.009481054435597, 44.700151950754638 ], [ 3.002547929625007, 44.686175403758853 ], [ 2.999394365996113, 44.675526009632364 ], [ 2.983903039961201, 44.656855819718253 ], [ 2.984937794636612, 44.650367708157383 ], [ 2.98167572665401, 44.644673011341624 ], [ 2.969998873027557, 44.648582130234217 ], [ 2.961871866861736, 44.654552925303179 ], [ 2.956026873770711, 44.659757034641466 ], [ 2.954502859750126, 44.667893105724154 ], [ 2.94517370541745, 44.67683314014787 ], [ 2.939377554020943, 44.677627764841155 ], [ 2.942399933297995, 44.685871455018741 ], [ 2.933843334144057, 44.696995990638037 ], [ 2.935090011771774, 44.705004788970562 ], [ 2.930886472226787, 44.713031936093095 ], [ 2.925893083104221, 44.726379167870569 ], [ 2.932200833478511, 44.738182515242514 ], [ 2.933676303138577, 44.749872027214032 ], [ 2.927040850328164, 44.757705012106854 ], [ 2.920121782701693, 44.754821963174322 ], [ 2.91198723261975, 44.760495834379036 ], [ 2.917716621354552, 44.766525098565957 ], [ 2.930734354601011, 44.761764164822985 ], [ 2.93565041012143, 44.766963707464093 ], [ 2.937437661812552, 44.774689392805548 ], [ 2.933317068820823, 44.781149434030681 ], [ 2.920189595565986, 44.794308778537967 ], [ 2.911562131819325, 44.790566817541624 ], [ 2.905059671914351, 44.783864892511517 ], [ 2.894311325420459, 44.786084348268872 ], [ 2.879132943715432, 44.803805115842877 ], [ 2.875598755808373, 44.815616147566843 ], [ 2.872127893219061, 44.818405010235885 ], [ 2.8704011324582, 44.829423014009954 ], [ 2.862215585047121, 44.835506585942412 ], [ 2.856683680569648, 44.84884971865069 ], [ 2.856110275591874, 44.865182898255277 ], [ 2.86137930661274, 44.867773577452056 ], [ 2.859754814552768, 44.874418758034743 ], [ 2.854732696806701, 44.874057567124467 ], [ 2.850718585406979, 44.87177167702982 ], [ 2.831702545908879, 44.872526882326731 ], [ 2.813586978232897, 44.869246812901629 ], [ 2.807318981881538, 44.874285235980487 ], [ 2.798746577149644, 44.86903543666368 ], [ 2.790778977225549, 44.867701708361281 ], [ 2.781415656119148, 44.857825836769557 ], [ 2.775791031621647, 44.857635452245667 ], [ 2.767223326120199, 44.865706483540436 ], [ 2.771112430265039, 44.876601525726315 ], [ 2.77841371401609, 44.887505126223125 ], [ 2.771723130339399, 44.902050243888517 ], [ 2.775806306700214, 44.909619725889414 ], [ 2.771793441443233, 44.918093808130394 ], [ 2.761785858317567, 44.924781376037494 ], [ 2.760321069677878, 44.930057936842395 ], [ 2.738402891763098, 44.941435020458172 ], [ 2.737691400890224, 44.940414131777516 ], [ 2.71669434753132, 44.928882075952039 ], [ 2.706355540714632, 44.907141278930972 ], [ 2.70032102920714, 44.904058554268211 ], [ 2.681866672984094, 44.907345770159274 ], [ 2.676156263361314, 44.903871001526426 ], [ 2.664765231639624, 44.889743953873399 ], [ 2.659352081823664, 44.888050126806803 ], [ 2.656227053880254, 44.872415805950446 ], [ 2.650961164350355, 44.86954347282613 ], [ 2.628983683281249, 44.872468578912034 ], [ 2.620945465346454, 44.859229712412208 ], [ 2.611629892966354, 44.84769199668316 ], [ 2.602682349716753, 44.843163111304236 ], [ 2.611444711165591, 44.830917083226396 ], [ 2.610193225034969, 44.826198521298053 ], [ 2.598140719617869, 44.820828225683876 ], [ 2.601643068219733, 44.808403630503044 ], [ 2.600462980626423, 44.793647465539308 ], [ 2.586531376759776, 44.783899864510921 ], [ 2.57396033038286, 44.785064112561734 ], [ 2.564296377196576, 44.778086836893493 ], [ 2.564783344563996, 44.772330270756989 ], [ 2.559902916424794, 44.761881662668813 ], [ 2.553422364676585, 44.757306418320539 ], [ 2.549938418161412, 44.754964997155341 ], [ 2.554602449677549, 44.744870571931422 ], [ 2.554442249975034, 44.739096206409599 ], [ 2.552074147653601, 44.731432194327617 ], [ 2.547106852995362, 44.724823519327828 ], [ 2.556978150169117, 44.721196484737135 ], [ 2.536411064848001, 44.712014690222354 ], [ 2.519366552653722, 44.702514914752498 ], [ 2.518941526165035, 44.699070305667362 ], [ 2.514138355082101, 44.693090225371932 ], [ 2.50031448413493, 44.690470928778829 ], [ 2.494807503151731, 44.677715685743927 ], [ 2.487631168567004, 44.668741842165424 ], [ 2.487168180522745, 44.656679363421944 ], [ 2.47963932795741, 44.648608210637505 ], [ 2.472168700524853, 44.652191081562933 ], [ 2.46773146046779, 44.642861722302023 ], [ 2.448493759923547, 44.648722891315202 ], [ 2.435681117595362, 44.639065663442381 ], [ 2.423612880333481, 44.644334050700785 ], [ 2.416604576619285, 44.642800119686477 ], [ 2.405383240580665, 44.647280543488364 ], [ 2.397535952952796, 44.646380097843846 ], [ 2.380067708739872, 44.651464784275937 ], [ 2.375345992164138, 44.645969811199784 ], [ 2.36663650532353, 44.641499822305583 ], [ 2.349104727543188, 44.640940681615994 ], [ 2.346628413956492, 44.643960986379113 ], [ 2.333058315093731, 44.648836147947712 ], [ 2.337733222365553, 44.656590636567614 ], [ 2.332407618499695, 44.664483120956575 ], [ 2.324238313527511, 44.669183557705338 ], [ 2.305441232656471, 44.662314835183849 ], [ 2.293631158009285, 44.66714495988932 ], [ 2.270363840869797, 44.660585542963133 ], [ 2.264020270403216, 44.660466097916789 ], [ 2.250907726884938, 44.651997977602711 ], [ 2.234277161407014, 44.655487162357332 ], [ 2.21587021397231, 44.650687382002282 ], [ 2.208415277813399, 44.64384231026245 ], [ 2.211913869824977, 44.631370979775845 ], [ 2.220695075526398, 44.622091638896414 ], [ 2.207793407780032, 44.615766235076357 ], [ 2.197568367624664, 44.623395506951958 ], [ 2.186334020264407, 44.628606320858033 ], [ 2.176676814074596, 44.635501456524423 ], [ 2.169582431087561, 44.63810344045762 ], [ 2.169151022156058, 44.646841383361689 ], [ 2.174866457541846, 44.651591037517491 ], [ 2.166311245107485, 44.661312496766676 ], [ 2.179257805459382, 44.674484719818167 ] ], [ [ 4.946112663659514, 44.414948386512492 ], [ 4.928040815882059, 44.411523035532369 ], [ 4.91821635593419, 44.407720011305784 ], [ 4.90955143780718, 44.396437701261462 ], [ 4.911752495573227, 44.38753561085511 ], [ 4.906968286165854, 44.374599254590663 ], [ 4.892878338434073, 44.364966629815974 ], [ 4.885280083961891, 44.358084610945433 ], [ 4.870550622572083, 44.348720510303117 ], [ 4.869258911303137, 44.344902231955473 ], [ 4.87980842076739, 44.345310445704733 ], [ 4.895360507060351, 44.338170773365931 ], [ 4.881700089392797, 44.324820918218471 ], [ 4.891678211538563, 44.313292090697765 ], [ 4.889276926851719, 44.304042199168748 ], [ 4.921910126718246, 44.30865296458667 ], [ 4.94434847483945, 44.305952487097997 ], [ 4.951048095101076, 44.301035511079952 ], [ 4.959385205492833, 44.298950443342534 ], [ 4.979939987633298, 44.29750164026639 ], [ 4.987133211629078, 44.292725690079536 ], [ 4.990979002277817, 44.311817950094465 ], [ 5.000805257426085, 44.319870401955654 ], [ 5.013781011896981, 44.325787123272676 ], [ 5.009021842630519, 44.333886263586322 ], [ 5.022949539238878, 44.345651943476589 ], [ 5.021711738117773, 44.357063599913388 ], [ 5.027356883398639, 44.362951369066863 ], [ 5.045142875529089, 44.362914009856432 ], [ 5.054695572246159, 44.364799928896915 ], [ 5.057621653613405, 44.370157971780721 ], [ 5.070316112301511, 44.376447445051909 ], [ 5.071004403887834, 44.383182673989282 ], [ 5.062884197147442, 44.38408163631081 ], [ 5.045307900932569, 44.382011641248042 ], [ 5.042990692784157, 44.387145033302417 ], [ 5.035424453897043, 44.390729482398065 ], [ 5.020142624093672, 44.391399944444935 ], [ 5.015145981390501, 44.394793521430849 ], [ 5.01331949442133, 44.405515498427256 ], [ 5.017627470990232, 44.40726191376222 ], [ 5.018552290505624, 44.415757155935147 ], [ 5.010542844170145, 44.41087270288056 ], [ 5.001276761650865, 44.412647903753026 ], [ 4.988856455451441, 44.423242684048184 ], [ 4.977798022883654, 44.423748839055875 ], [ 4.972537421689846, 44.431545765050565 ], [ 4.95933086450931, 44.419753021658643 ], [ 4.951927053475799, 44.420015932137453 ], [ 4.946112663659514, 44.414948386512492 ] ] ] ] } },
{ "type": "Feature", "properties": { "insee_reg": "93" }, "geometry": { "type": "MultiPolygon", "coordinates": [ [ [ [ 4.877474181729528, 43.356315992472858 ], [ 4.884985226291525, 43.355360220209334 ], [ 4.867939639977517, 43.342263360579899 ], [ 4.862496253506601, 43.333830312689379 ], [ 4.851672996931205, 43.335481092325949 ], [ 4.841560700238686, 43.333744294759605 ], [ 4.833887631484592, 43.329229747050718 ], [ 4.822795277406296, 43.336242477811993 ], [ 4.794084114923348, 43.345142212087012 ], [ 4.774551248654257, 43.34844282326695 ], [ 4.742369076832861, 43.351022019896646 ], [ 4.720382003846066, 43.351123741280468 ], [ 4.705909484100737, 43.347989420786085 ], [ 4.693683862638679, 43.348467652225551 ], [ 4.680343608508314, 43.345780115330463 ], [ 4.659369649676048, 43.346390905304915 ], [ 4.648599386631167, 43.349597782177767 ], [ 4.615423110677476, 43.353539048380775 ], [ 4.599955219311819, 43.356898357047676 ], [ 4.580896379152611, 43.363470719181443 ], [ 4.558716973979923, 43.375119916768114 ], [ 4.552515070525581, 43.381440128518179 ], [ 4.552542851114292, 43.38860212631635 ], [ 4.563286545356505, 43.395912304667391 ], [ 4.582079834331457, 43.397535228722646 ], [ 4.595191574187205, 43.406284353620173 ], [ 4.585961555800053, 43.42609914419198 ], [ 4.57213378825562, 43.437976062936961 ], [ 4.561427806199427, 43.443534406122644 ], [ 4.539405655561112, 43.450818746514102 ], [ 4.519474078462562, 43.454774973781674 ], [ 4.487566377271929, 43.457826237907781 ], [ 4.464352772000455, 43.458670556066984 ], [ 4.451717443115644, 43.458042384312783 ], [ 4.438591713622545, 43.45399363528918 ], [ 4.427611094788772, 43.448317925481952 ], [ 4.411317014424335, 43.449413169109242 ], [ 4.401909041017774, 43.447514311369098 ], [ 4.395847412505163, 43.450508836768329 ], [ 4.381345654208552, 43.453150223539147 ], [ 4.348484962904668, 43.45524490294806 ], [ 4.294271331461379, 43.457594776997745 ], [ 4.239772031640831, 43.460565002166149 ], [ 4.230213234693135, 43.46048585707824 ], [ 4.230721975582642, 43.47952684414949 ], [ 4.239385531156351, 43.493474079410326 ], [ 4.238030621278707, 43.497075290056038 ], [ 4.244191723969689, 43.50144805788365 ], [ 4.25844860912468, 43.507459931783693 ], [ 4.275609446547952, 43.508864774721538 ], [ 4.297502081406612, 43.5151738860527 ], [ 4.308680872552228, 43.524355626587258 ], [ 4.320402769740645, 43.525476996397501 ], [ 4.318253142191801, 43.532631702055795 ], [ 4.308069899144108, 43.544991968939136 ], [ 4.313895948539036, 43.555618205892799 ], [ 4.318487401651862, 43.557279477218344 ], [ 4.323010004244997, 43.553040999487337 ], [ 4.316199867315988, 43.547901006235229 ], [ 4.318614849243999, 43.542677733931143 ], [ 4.334310622190364, 43.535394167071566 ], [ 4.348916434516475, 43.542587034982823 ], [ 4.3536276633313, 43.547335442291654 ], [ 4.365045925691664, 43.547154657788766 ], [ 4.382414223434521, 43.553425617550253 ], [ 4.388768069583398, 43.562548458854366 ], [ 4.405953140830208, 43.559572747310114 ], [ 4.414599239778516, 43.565257494778471 ], [ 4.416732186754349, 43.571101459697658 ], [ 4.407106760702839, 43.575896142365345 ], [ 4.426140604203901, 43.585434249715284 ], [ 4.448904131790392, 43.583449251998132 ], [ 4.461924918321208, 43.590594638738402 ], [ 4.465621478025803, 43.597219495506025 ], [ 4.475253774457128, 43.60723484167292 ], [ 4.469608085991569, 43.614119291366187 ], [ 4.462393436335838, 43.61495636211756 ], [ 4.453905473036636, 43.611305871379379 ], [ 4.438185881726668, 43.611555558328064 ], [ 4.42687018340737, 43.621303291614176 ], [ 4.426308075525803, 43.625001262085171 ], [ 4.434727777551038, 43.634085934441408 ], [ 4.440558758639883, 43.648885710305549 ], [ 4.450803855405433, 43.663893854094638 ], [ 4.459069167550093, 43.668386567466349 ], [ 4.475807679022106, 43.671328608560287 ], [ 4.478534989377387, 43.674534148081428 ], [ 4.475909301570333, 43.685481039096558 ], [ 4.486027444068468, 43.698856495961579 ], [ 4.495524758656665, 43.701484846523066 ], [ 4.522460933086669, 43.702122937561747 ], [ 4.540451971869328, 43.707456050394981 ], [ 4.559425180206613, 43.699065135453409 ], [ 4.58205631718319, 43.696361561833974 ], [ 4.59300106270964, 43.687589759615911 ], [ 4.602463801463736, 43.685804694190487 ], [ 4.627914255140808, 43.689256387860219 ], [ 4.623333149304255, 43.699035955871672 ], [ 4.615246368029211, 43.708231142036183 ], [ 4.612301676848063, 43.724739804295638 ], [ 4.61419813039099, 43.731215311361936 ], [ 4.625624199590828, 43.748774274380182 ], [ 4.6283043008422, 43.757878716256855 ], [ 4.634227545207558, 43.766791448258537 ], [ 4.651571749340681, 43.782497041967645 ], [ 4.655257500744275, 43.807303955952968 ], [ 4.651480504276688, 43.818235184965744 ], [ 4.644466013569126, 43.825418608921289 ], [ 4.642952041013975, 43.832263238521591 ], [ 4.652795824277149, 43.840296415268867 ], [ 4.665719804422325, 43.844075589874862 ], [ 4.666667435587652, 43.847229498011238 ], [ 4.662276715348286, 43.852732254856463 ], [ 4.64303956494625, 43.85459794603377 ], [ 4.647594333691486, 43.860668014463847 ], [ 4.642076441900599, 43.867525443067109 ], [ 4.648510901822116, 43.869021639448754 ], [ 4.658117195123006, 43.875444290610005 ], [ 4.662359515662282, 43.870839538515213 ], [ 4.667412766917573, 43.876350420466565 ], [ 4.69286997783172, 43.88453321322428 ], [ 4.709332730525991, 43.898038064190217 ], [ 4.723389200373816, 43.906065201998068 ], [ 4.73543942718559, 43.916656491095416 ], [ 4.739283576648984, 43.924134242078864 ], [ 4.749850253839286, 43.932148960427448 ], [ 4.761466164697157, 43.934911273087856 ], [ 4.768780405143839, 43.933814601084038 ], [ 4.778930912794874, 43.937878859874345 ], [ 4.791902996159775, 43.952398547129704 ], [ 4.798244579798252, 43.957231080458769 ], [ 4.814024843101129, 43.964162956962106 ], [ 4.810003407583072, 43.976468004734599 ], [ 4.813546242287702, 43.988302987344603 ], [ 4.830180053940317, 43.985527722099974 ], [ 4.842737417015672, 43.986939927781606 ], [ 4.845568850662445, 43.996639891561024 ], [ 4.844318768356009, 44.002827598659565 ], [ 4.843702094087692, 44.008631034620315 ], [ 4.836854260711587, 44.015051525592611 ], [ 4.820508645457374, 44.01664360589357 ], [ 4.816051885719325, 44.032156819331782 ], [ 4.807769566965788, 44.040356552602496 ], [ 4.795685506282756, 44.048043732186819 ], [ 4.787214782415369, 44.055378046605483 ], [ 4.787912597643298, 44.065038061030272 ], [ 4.78503725071041, 44.067387826273134 ], [ 4.759656723708896, 44.074998847103892 ], [ 4.760540349011049, 44.078979970099887 ], [ 4.760248111177412, 44.087216612399772 ], [ 4.752223926149282, 44.088252729063015 ], [ 4.737865352455494, 44.08380196790165 ], [ 4.726923439494778, 44.078283673506952 ], [ 4.719677521292674, 44.086082189041491 ], [ 4.71745722035358, 44.093750237497019 ], [ 4.707750698819864, 44.103339315318131 ], [ 4.706074147849789, 44.107799184909673 ], [ 4.710312378562768, 44.11835886483459 ], [ 4.711535412517381, 44.133710898798618 ], [ 4.717448165606264, 44.141580429729629 ], [ 4.718122937700697, 44.152325464770101 ], [ 4.716680699639789, 44.162618464026558 ], [ 4.715860716916633, 44.165947043533521 ], [ 4.722470686762946, 44.187319001432279 ], [ 4.705803163420666, 44.192722771760003 ], [ 4.704248536513124, 44.197502291675555 ], [ 4.709208035322933, 44.206198587152215 ], [ 4.708049929639364, 44.213052622075942 ], [ 4.694201908209577, 44.215448659983409 ], [ 4.683594522033137, 44.212464407724795 ], [ 4.674044526372358, 44.214739668889472 ], [ 4.673130290657746, 44.218548365033669 ], [ 4.678178128558796, 44.229528838296041 ], [ 4.673361148161997, 44.239634471534444 ], [ 4.660957785578281, 44.247755376109374 ], [ 4.651575976261648, 44.259098505150938 ], [ 4.649453594448593, 44.270338407323408 ], [ 4.652886851834503, 44.290981625097466 ], [ 4.653153762330664, 44.294805805069046 ], [ 4.653168619894466, 44.303871911404002 ], [ 4.649174641043603, 44.311817915832812 ], [ 4.650612479689276, 44.32980492919166 ], [ 4.678616746676131, 44.320710755860496 ], [ 4.713128748686902, 44.320531487975607 ], [ 4.721535354326588, 44.32652354281997 ], [ 4.751089965834433, 44.325149389775916 ], [ 4.762931694430296, 44.325523839942711 ], [ 4.771626809588002, 44.317517588771139 ], [ 4.779628728720388, 44.319381799869156 ], [ 4.787484833135319, 44.313582943255454 ], [ 4.790691733867841, 44.307601829744939 ], [ 4.804579969287194, 44.303829992664795 ], [ 4.803493729408472, 44.278078484626619 ], [ 4.804034791138465, 44.269163272042235 ], [ 4.812691882595075, 44.257396309366314 ], [ 4.812102322432094, 44.24203528794235 ], [ 4.814164739208364, 44.23219019738454 ], [ 4.825589878865121, 44.228566028170555 ], [ 4.841341358634983, 44.238935216845874 ], [ 4.856999168584842, 44.245842899497674 ], [ 4.865948613971697, 44.249502446961451 ], [ 4.867592670985564, 44.255801365599282 ], [ 4.880134161915424, 44.261740553788925 ], [ 4.901101768540464, 44.264144767085092 ], [ 4.901710922661104, 44.260226583557163 ], [ 4.922368259009861, 44.259708568940702 ], [ 4.933020532875084, 44.262221000496382 ], [ 4.942746430530165, 44.268973441656001 ], [ 4.95999479975665, 44.274260371726321 ], [ 4.971285254061075, 44.279823682897955 ], [ 4.980944821120407, 44.284672459426808 ], [ 4.989469671584552, 44.285964529475727 ], [ 5.004667814400237, 44.286454610023803 ], [ 5.01701971415978, 44.292692744177501 ], [ 5.02927869774707, 44.297939000509452 ], [ 5.045670633052171, 44.301527748624089 ], [ 5.060539369016325, 44.308205065081744 ], [ 5.067230624606419, 44.301085702178682 ], [ 5.07080152112762, 44.28913897234974 ], [ 5.076662527575242, 44.283950808140652 ], [ 5.086509971109004, 44.283991192443104 ], [ 5.107788335688771, 44.280839668146136 ], [ 5.13221206528053, 44.293068507363074 ], [ 5.142125039659158, 44.296388457922532 ], [ 5.150017293996356, 44.302136026313633 ], [ 5.150590711429418, 44.309583403855704 ], [ 5.166385081019034, 44.314851770321461 ], [ 5.168918444865204, 44.314030114749002 ], [ 5.174130931143523, 44.308214523173859 ], [ 5.170118127978427, 44.298882039383201 ], [ 5.16826851107059, 44.290024590974134 ], [ 5.154498656493986, 44.285010569319333 ], [ 5.148289502166824, 44.280001307862314 ], [ 5.147541306539038, 44.269576951434267 ], [ 5.160714626679158, 44.266712741770327 ], [ 5.159935271441125, 44.256973452832547 ], [ 5.161850518100123, 44.245815222740632 ], [ 5.151909550999569, 44.238253151906441 ], [ 5.154812599144479, 44.230462345731702 ], [ 5.168240251559499, 44.225126706590245 ], [ 5.181426721148678, 44.218954972059819 ], [ 5.188699135497503, 44.220166276437325 ], [ 5.207029770713811, 44.213913028234728 ], [ 5.215504465764125, 44.215134388658008 ], [ 5.230774909975497, 44.211940942497506 ], [ 5.238228958051171, 44.213433419192086 ], [ 5.240512953471153, 44.230861171345651 ], [ 5.248288219087121, 44.231066014190354 ], [ 5.256735561879806, 44.230029154144724 ], [ 5.280634673326928, 44.219722816058351 ], [ 5.292556338910599, 44.214360672215854 ], [ 5.303271684211003, 44.205701572748332 ], [ 5.318734507538462, 44.209965696087728 ], [ 5.334662073023714, 44.203429088720547 ], [ 5.355216229919255, 44.214554904483364 ], [ 5.376630313776298, 44.205255783544693 ], [ 5.384679641297207, 44.201109054340989 ], [ 5.38316938904211, 44.199095931431096 ], [ 5.381415749736949, 44.191723822743313 ], [ 5.386044029012777, 44.186182476434801 ], [ 5.386510993065561, 44.177697793407475 ], [ 5.383574633771172, 44.172874696532787 ], [ 5.383201645083959, 44.155363024279438 ], [ 5.392186220777557, 44.152488442695244 ], [ 5.409051971220376, 44.153195237173634 ], [ 5.416927306810944, 44.155094840731302 ], [ 5.423661898802851, 44.149238872630661 ], [ 5.435980872211441, 44.152508386679109 ], [ 5.436540073350061, 44.140170925244917 ], [ 5.447750333442313, 44.136916226333433 ], [ 5.450632419276122, 44.121251758813585 ], [ 5.454733760917291, 44.119165383582299 ], [ 5.473102574676362, 44.118704614730838 ], [ 5.494471791610699, 44.115492612976148 ], [ 5.498888750843398, 44.116053832509834 ], [ 5.504396450228613, 44.11620453612899 ], [ 5.511499164466781, 44.124308608211358 ], [ 5.534449241298788, 44.130194608806633 ], [ 5.542786949958286, 44.133986291459507 ], [ 5.551331132510607, 44.149791971631366 ], [ 5.569489308825002, 44.148134143984429 ], [ 5.578627678948282, 44.152037766064424 ], [ 5.583251777244172, 44.157814898463286 ], [ 5.572493627322293, 44.16394301185332 ], [ 5.5645235740919, 44.170908124154423 ], [ 5.56835432565674, 44.179977107721669 ], [ 5.576233441427946, 44.188068481692191 ], [ 5.596812686063147, 44.18778228895637 ], [ 5.601999043737762, 44.19165703748677 ], [ 5.609326324575084, 44.190703107233404 ], [ 5.616230753677271, 44.177884680737741 ], [ 5.632074247658312, 44.173693472851262 ], [ 5.639711686842899, 44.16757060002643 ], [ 5.631641473349295, 44.158651681841526 ], [ 5.631309182941476, 44.150422167511216 ], [ 5.645053019921949, 44.148680232305914 ], [ 5.655312915049265, 44.147501907063202 ], [ 5.667455684240057, 44.149088415608858 ], [ 5.678862465787285, 44.146137338006049 ], [ 5.677704466906624, 44.14890159831387 ], [ 5.682898041828302, 44.16361450396284 ], [ 5.662389235258443, 44.167039477190613 ], [ 5.647019954138763, 44.166366873568002 ], [ 5.643300802515971, 44.170626264747163 ], [ 5.652426499546548, 44.185456527185757 ], [ 5.651698413345002, 44.189618648221405 ], [ 5.671897184068151, 44.189687815046348 ], [ 5.67582020262364, 44.191500569479366 ], [ 5.686712929456839, 44.196429043150168 ], [ 5.676063494630107, 44.212549019512402 ], [ 5.681144889144414, 44.230792191749444 ], [ 5.682647488883338, 44.234465150465169 ], [ 5.673038495733969, 44.240052825295962 ], [ 5.67269898554797, 44.245611636739596 ], [ 5.674165370183658, 44.256468134402176 ], [ 5.68725446003186, 44.266626670413991 ], [ 5.675606312766383, 44.2758867705817 ], [ 5.657826779901059, 44.27256539640922 ], [ 5.646801023602259, 44.267245007704403 ], [ 5.647625325460972, 44.272579368089957 ], [ 5.633194347642295, 44.282062146892692 ], [ 5.633050582124694, 44.290521591302991 ], [ 5.639576761137742, 44.295957062888512 ], [ 5.633817557949713, 44.301012695190188 ], [ 5.626950103201375, 44.301256300961803 ], [ 5.616151545145224, 44.309446611115497 ], [ 5.608313430198816, 44.306118616511341 ], [ 5.61150280642919, 44.31643437125846 ], [ 5.616129452718848, 44.316875563033499 ], [ 5.628353058249363, 44.327943815330116 ], [ 5.623642844332074, 44.335257851846642 ], [ 5.617786966144487, 44.332309090244344 ], [ 5.587822533435812, 44.332137465247591 ], [ 5.584818785556593, 44.332113541253356 ], [ 5.571234817745764, 44.333442484949742 ], [ 5.560787320353392, 44.335881969641221 ], [ 5.547846420148293, 44.329998890709462 ], [ 5.53736692281998, 44.333523019080886 ], [ 5.539864786780453, 44.342639033699442 ], [ 5.528963932660306, 44.343028900196316 ], [ 5.521556292511725, 44.351074826841142 ], [ 5.502287134404829, 44.344083005613975 ], [ 5.492828300109733, 44.337124495766119 ], [ 5.483746340773279, 44.344977834711869 ], [ 5.482522228883986, 44.349892118747341 ], [ 5.469003923999925, 44.351629197367004 ], [ 5.467247070461196, 44.360540396551336 ], [ 5.462279663609126, 44.367381846766293 ], [ 5.444366186470398, 44.367665938480492 ], [ 5.434927379811187, 44.369006337593461 ], [ 5.429686247608189, 44.375486655628833 ], [ 5.443964753755167, 44.379512293716715 ], [ 5.440585705657993, 44.387671952859087 ], [ 5.443076915584844, 44.391558630696487 ], [ 5.437008014409099, 44.401246744979083 ], [ 5.433323704847211, 44.411710417236499 ], [ 5.42299721768694, 44.416206072982654 ], [ 5.418362894281695, 44.424903321595963 ], [ 5.434182823501433, 44.433607851074235 ], [ 5.438603904916836, 44.43358843185591 ], [ 5.463454640287273, 44.426768988634272 ], [ 5.476790206898987, 44.419641384303134 ], [ 5.485826718331579, 44.429077269951179 ], [ 5.493593050117499, 44.428310923517294 ], [ 5.498287298943732, 44.43744332633667 ], [ 5.480817231366984, 44.441895455657239 ], [ 5.464428956511577, 44.447892179607209 ], [ 5.46394536205687, 44.452144082223292 ], [ 5.459113650325117, 44.468688630785529 ], [ 5.46772466575809, 44.473541608075507 ], [ 5.458972423982238, 44.488514057030891 ], [ 5.458203717313176, 44.499157962047072 ], [ 5.470891551654652, 44.500176793053626 ], [ 5.479862163733956, 44.491328242023023 ], [ 5.511096476010052, 44.491569829637548 ], [ 5.545441733979286, 44.482617747968057 ], [ 5.556111205945005, 44.476267908894116 ], [ 5.564435981757325, 44.475511653835532 ], [ 5.57032728521085, 44.476902916216112 ], [ 5.579378663884249, 44.471781876633656 ], [ 5.603641503707077, 44.465497490125081 ], [ 5.616875330890175, 44.473211116667571 ], [ 5.62627737008046, 44.498124492293861 ], [ 5.635188364894678, 44.502516396881163 ], [ 5.649322891829327, 44.499417965036415 ], [ 5.664706285578013, 44.501883744249248 ], [ 5.662628861918891, 44.505632310536541 ], [ 5.64703344651823, 44.519638378915992 ], [ 5.6272328843724, 44.534664679462026 ], [ 5.614839653089768, 44.532829721508797 ], [ 5.603505914466881, 44.541227589426455 ], [ 5.59705284153199, 44.543394531773899 ], [ 5.600269055199425, 44.55560646685413 ], [ 5.60664470526089, 44.566818811594985 ], [ 5.607144857970523, 44.568344552693631 ], [ 5.615983012319139, 44.574737919253074 ], [ 5.617864944662903, 44.584009679783129 ], [ 5.626322716095408, 44.586621017973293 ], [ 5.627479036854516, 44.594965971025054 ], [ 5.636572114010265, 44.60454142649273 ], [ 5.646192670462506, 44.609382716658615 ], [ 5.649466576028604, 44.619374815855259 ], [ 5.643144619165143, 44.622153725194465 ], [ 5.640120545698172, 44.647988887611056 ], [ 5.641677891748075, 44.651412466465167 ], [ 5.651545562434246, 44.655210879591067 ], [ 5.668489674822444, 44.648480691007819 ], [ 5.679914928457712, 44.652389433476266 ], [ 5.686695291528655, 44.648497424026175 ], [ 5.714601579025836, 44.64365231538973 ], [ 5.720215382129891, 44.639892212199975 ], [ 5.738661935362442, 44.640787096692463 ], [ 5.734631193579793, 44.646022380441813 ], [ 5.753374663223045, 44.649665827103256 ], [ 5.748561285655061, 44.654960774564088 ], [ 5.75502374706698, 44.663055086722856 ], [ 5.764128952718354, 44.655790647627498 ], [ 5.780353163209072, 44.65288050637399 ], [ 5.790210615058057, 44.653565472168573 ], [ 5.792516070564558, 44.660841881471129 ], [ 5.80063760234146, 44.668646793676999 ], [ 5.799343982227348, 44.674012536068837 ], [ 5.827067303846313, 44.686487016133889 ], [ 5.830442466654745, 44.690550993624612 ], [ 5.827144615466906, 44.700451110171556 ], [ 5.812158467732122, 44.705620105758513 ], [ 5.801469951314518, 44.706777613147182 ], [ 5.811170327977671, 44.712746696657682 ], [ 5.81754073914982, 44.730749822929681 ], [ 5.829306856721988, 44.741612561543853 ], [ 5.827098194050942, 44.759688387435325 ], [ 5.839074525749123, 44.757726271760518 ], [ 5.850839066039292, 44.750778254362693 ], [ 5.866990968432877, 44.751691976827878 ], [ 5.885532804206798, 44.747351912367186 ], [ 5.891435234687169, 44.755391732630152 ], [ 5.899403027137494, 44.758230348751106 ], [ 5.910865189654959, 44.757716228834873 ], [ 5.919005540271464, 44.751428916278414 ], [ 5.925357165232047, 44.757257886267929 ], [ 5.938163509070463, 44.762680393401787 ], [ 5.951121489008564, 44.759618739986642 ], [ 5.953165667394291, 44.771310697038921 ], [ 5.980335194169802, 44.781251383162491 ], [ 5.97768651711345, 44.790927669743802 ], [ 5.954540710430987, 44.799497946144797 ], [ 5.949511727324044, 44.80436274650387 ], [ 5.979184398994509, 44.818588383147393 ], [ 5.996165725866351, 44.817874076149948 ], [ 6.005522217942606, 44.820819337910848 ], [ 6.009409442411302, 44.830381439594042 ], [ 6.015767197188255, 44.835412842578926 ], [ 6.030215701162597, 44.838097758921258 ], [ 6.048036124837343, 44.820589641464188 ], [ 6.056498584211233, 44.815813872065611 ], [ 6.066942743525464, 44.821419848295804 ], [ 6.073302428279247, 44.827795910065205 ], [ 6.078984772358927, 44.828558231416004 ], [ 6.097325029993785, 44.838227287853897 ], [ 6.100705886949326, 44.842578492309897 ], [ 6.110680935282982, 44.843156104140093 ], [ 6.118330135656587, 44.852772547162822 ], [ 6.132900749707981, 44.864500955343054 ], [ 6.14376776710288, 44.858417893242724 ], [ 6.158541246971874, 44.85856510423708 ], [ 6.16966398605356, 44.852389229448576 ], [ 6.187673102020024, 44.853770912059169 ], [ 6.196375940210527, 44.858978334429032 ], [ 6.225430368317632, 44.852195789258339 ], [ 6.249983797878782, 44.851904557792068 ], [ 6.258372630510489, 44.863737785567963 ], [ 6.270836518964489, 44.87097648218149 ], [ 6.281464388800387, 44.86993103578628 ], [ 6.288594953904825, 44.874061567796197 ], [ 6.303911252796198, 44.873044366507258 ], [ 6.308674990326619, 44.86575828699705 ], [ 6.317353940427759, 44.861906354087274 ], [ 6.324094174644554, 44.852207583605868 ], [ 6.336316551836191, 44.848370410528375 ], [ 6.353952089031231, 44.853476191194879 ], [ 6.353916098424134, 44.864959723936458 ], [ 6.350390010393324, 44.873689353400195 ], [ 6.350777913716454, 44.88120407255564 ], [ 6.359303137592439, 44.888062837464346 ], [ 6.356407419006241, 44.900281850617375 ], [ 6.358906308574993, 44.907180394781726 ], [ 6.356113924949158, 44.921016613925978 ], [ 6.352993124467191, 44.924507362963347 ], [ 6.358963814864445, 44.93663788204492 ], [ 6.35816594906163, 44.941575199433274 ], [ 6.329004611489238, 44.947315364075493 ], [ 6.322918010831826, 44.953019839293738 ], [ 6.323609772921841, 44.961280830296602 ], [ 6.329545526278858, 44.969235313993522 ], [ 6.322691161904324, 44.972031241820936 ], [ 6.315426473580197, 44.979038385235931 ], [ 6.317113234481268, 44.988803571616828 ], [ 6.321246992240075, 44.997264736135861 ], [ 6.318202161563707, 45.003859362038156 ], [ 6.30639579754201, 45.004751617841876 ], [ 6.285183475659733, 45.000114641662684 ], [ 6.251760947600208, 44.996700081435442 ], [ 6.226011863698318, 45.004740904274435 ], [ 6.204915240014618, 45.012466835200208 ], [ 6.203923320526895, 45.012471073927401 ], [ 6.202555613398229, 45.022649854145655 ], [ 6.209885992978571, 45.029522392861836 ], [ 6.208495224281518, 45.040883356647363 ], [ 6.215403177717932, 45.048158921382083 ], [ 6.219761340413156, 45.065263610961772 ], [ 6.240261859621344, 45.067918534318466 ], [ 6.234844621677039, 45.092079952573037 ], [ 6.230422732568018, 45.097104207620887 ], [ 6.228758058539616, 45.108395233947441 ], [ 6.240156250691169, 45.112802719958729 ], [ 6.245831087491692, 45.120383095891995 ], [ 6.254493675558555, 45.1207901682452 ], [ 6.260569800056645, 45.12684420381057 ], [ 6.269631078774209, 45.119687517696569 ], [ 6.286281076154269, 45.11016082211534 ], [ 6.301915599458511, 45.10895431704926 ], [ 6.317320234288878, 45.111988063891225 ], [ 6.332292128392409, 45.118726711189986 ], [ 6.33423622975125, 45.122935784614263 ], [ 6.339927523159727, 45.116118988370346 ], [ 6.345986734974773, 45.115278465686004 ], [ 6.362776212527653, 45.105060733258469 ], [ 6.374667243647994, 45.083163901302569 ], [ 6.364878932699327, 45.070172557666844 ], [ 6.379440914410799, 45.067498399064817 ], [ 6.384026500216784, 45.063962453605633 ], [ 6.396346499123703, 45.061053120438672 ], [ 6.403784763464175, 45.064761642284694 ], [ 6.422773522282601, 45.060081655599305 ], [ 6.431731978118314, 45.06368754636987 ], [ 6.438589972210731, 45.06258734762055 ], [ 6.443398658826325, 45.055077367749035 ], [ 6.453529591866937, 45.051837207647814 ], [ 6.474109039591629, 45.056195271364089 ], [ 6.487086839826483, 45.05640420839552 ], [ 6.489605436807124, 45.067668673765191 ], [ 6.484895769408191, 45.086932118736932 ], [ 6.480452529663611, 45.090826632892799 ], [ 6.49382114703101, 45.099947298206779 ], [ 6.507355575191464, 45.105230821234102 ], [ 6.510423958615894, 45.108998029294952 ], [ 6.529710987499355, 45.098569116880945 ], [ 6.539161848417915, 45.099084980406545 ], [ 6.561307925846558, 45.105305893573977 ], [ 6.563901218547421, 45.113818852022419 ], [ 6.57682865582587, 45.122978578334468 ], [ 6.592695416097063, 45.118952157589149 ], [ 6.615494611950275, 45.121505691190286 ], [ 6.629914851434582, 45.109367146333419 ], [ 6.626832195189502, 45.104919307478937 ], [ 6.63321287045568, 45.094176425671392 ], [ 6.646948900053181, 45.084741960589675 ], [ 6.645036886826525, 45.075692760333112 ], [ 6.654862159270285, 45.070954984602906 ], [ 6.662093694933276, 45.071655712606848 ], [ 6.663605771366708, 45.059419581500222 ], [ 6.658770251810808, 45.052319982652357 ], [ 6.666160310837179, 45.048316374343244 ], [ 6.663917655062781, 45.03401450839921 ], [ 6.673300182388552, 45.019626909127382 ], [ 6.682832832029131, 45.022289847491578 ], [ 6.688294924820628, 45.020702781256311 ], [ 6.706857632312916, 45.021870555593317 ], [ 6.725762844598581, 45.021639267162151 ], [ 6.742743151782888, 45.016608331486069 ], [ 6.749866835870806, 45.004117592272486 ], [ 6.751161083258043, 44.995976747683194 ], [ 6.737202620612653, 44.99364342202928 ], [ 6.737895844553978, 44.989337655098602 ], [ 6.749398409245951, 44.985097847449673 ], [ 6.750134330267337, 44.978960726300777 ], [ 6.763421486702699, 44.971217646866606 ], [ 6.764912986089065, 44.95961041529219 ], [ 6.758540883944987, 44.94808468227933 ], [ 6.746801428830439, 44.939149243730789 ], [ 6.757701034837758, 44.937227120201044 ], [ 6.748450331350598, 44.921755730724797 ], [ 6.751797535444292, 44.917249424264355 ], [ 6.752346864860794, 44.905612219685679 ], [ 6.759992566983684, 44.9029279665803 ], [ 6.771425858098582, 44.903450551951693 ], [ 6.777002486421348, 44.900209802879736 ], [ 6.784669875340715, 44.889342115040577 ], [ 6.801610537088187, 44.891083351997658 ], [ 6.799786073959411, 44.885041623233498 ], [ 6.804582912171711, 44.877138866368483 ], [ 6.824725231308122, 44.868608799846321 ], [ 6.830066614512138, 44.868012603458283 ], [ 6.839617291363494, 44.859968286623484 ], [ 6.854104451486503, 44.858118305277742 ], [ 6.863478328892945, 44.85056018275035 ], [ 6.877052076249308, 44.851343117871508 ], [ 6.883371304390016, 44.848095970117754 ], [ 6.903126937334252, 44.848142559108339 ], [ 6.913229467780785, 44.845153460795707 ], [ 6.922340177489276, 44.851248998760319 ], [ 6.9313732157735, 44.863678436497906 ], [ 6.944311588321459, 44.859250938019365 ], [ 6.957395116141892, 44.852757736282904 ], [ 6.976549120935498, 44.845725373732094 ], [ 6.981185551997377, 44.846831014156649 ], [ 7.006605845269156, 44.839803431852317 ], [ 7.012074798538483, 44.825147560601806 ], [ 7.020153621041628, 44.824681798758057 ], [ 7.019472416162275, 44.812706735275711 ], [ 7.009345299664205, 44.80171845547985 ], [ 7.008825722563427, 44.7959641741217 ], [ 7.0009250392325, 44.792207526970778 ], [ 7.003206668873162, 44.786651361702049 ], [ 7.011513081351179, 44.783812336459782 ], [ 7.018990065149503, 44.776572884995531 ], [ 7.024245485902478, 44.763783885642709 ], [ 7.02122307982931, 44.751499303622452 ], [ 7.026463347879683, 44.744579344586079 ], [ 7.023502070529799, 44.740035421674399 ], [ 7.029432845312939, 44.729974713815665 ], [ 7.040218519857824, 44.719868106722686 ], [ 7.05419730439746, 44.714899002831466 ], [ 7.065754167855002, 44.713464365885343 ], [ 7.065020590349873, 44.708421368117989 ], [ 7.075647514551792, 44.689581441377854 ], [ 7.077111095857423, 44.681036420191482 ], [ 7.05957843256259, 44.680057919529844 ], [ 7.047354093846225, 44.683098643614834 ], [ 7.037191411587338, 44.689336835609211 ], [ 7.024120944599117, 44.6914916932691 ], [ 7.003765633522189, 44.687115642416138 ], [ 6.996046141127708, 44.690407442772056 ], [ 6.987107424451194, 44.690112560704051 ], [ 6.971187654492209, 44.677235205230446 ], [ 6.962717877891926, 44.677951007810023 ], [ 6.957529381302347, 44.670154834148533 ], [ 6.959502425894066, 44.662915286645273 ], [ 6.94841747492761, 44.654802539536234 ], [ 6.953938056409354, 44.641987406819688 ], [ 6.952778414133809, 44.638146579195549 ], [ 6.962266335058791, 44.626395067211291 ], [ 6.960004593015765, 44.62117145374588 ], [ 6.949700342810059, 44.619634818188082 ], [ 6.950273847455211, 44.60990278105352 ], [ 6.937983920193352, 44.603750796084661 ], [ 6.933787646343822, 44.596919228434913 ], [ 6.931086008187402, 44.581279398514944 ], [ 6.932874631589232, 44.573073685689877 ], [ 6.912540724772805, 44.568835300393935 ], [ 6.915794524629995, 44.559092612257544 ], [ 6.892283328081551, 44.554859798609414 ], [ 6.890369851183264, 44.552301704366734 ], [ 6.875904741592682, 44.550767468983324 ], [ 6.868453578884443, 44.536310506477911 ], [ 6.855467284694087, 44.531985542959987 ], [ 6.857744083162689, 44.521550886854051 ], [ 6.856220408457534, 44.516674077383485 ], [ 6.861231968601705, 44.503237029381445 ], [ 6.865424285001713, 44.495212802074917 ], [ 6.876846198618086, 44.488748649663648 ], [ 6.875829922101883, 44.482305878216771 ], [ 6.891690520561294, 44.471877690880341 ], [ 6.906362430451958, 44.467638820341513 ], [ 6.911198349981931, 44.452351461313022 ], [ 6.921182814617225, 44.445638657360384 ], [ 6.932128943067478, 44.442167712778364 ], [ 6.932983518328087, 44.425068237283412 ], [ 6.92235459771283, 44.423345595182575 ], [ 6.917951002292068, 44.427585265322676 ], [ 6.902830058608409, 44.420402780852058 ], [ 6.892486105652212, 44.419849699267267 ], [ 6.893926041152613, 44.410098324217536 ], [ 6.897359069029291, 44.406948529402676 ], [ 6.894365399196656, 44.397799323607074 ], [ 6.896720591190994, 44.37556459417474 ], [ 6.893999338887519, 44.369198920541002 ], [ 6.887918282725407, 44.367261839503385 ], [ 6.887427465725824, 44.361286755849108 ], [ 6.904781528873968, 44.358554896063779 ], [ 6.912310135644305, 44.353267279038604 ], [ 6.922002154834847, 44.351634105975641 ], [ 6.920916532777841, 44.345390101798088 ], [ 6.927542746101696, 44.332334903463924 ], [ 6.936962593899062, 44.328847993511182 ], [ 6.938314233048496, 44.324596066846674 ], [ 6.953363398591089, 44.318546289974314 ], [ 6.960189444685916, 44.311462552839906 ], [ 6.955743767410643, 44.297104191513711 ], [ 6.960116797793212, 44.293940014417281 ], [ 6.971005319759038, 44.292960201147984 ], [ 6.972324709101072, 44.284071950134759 ], [ 6.98137624957586, 44.287064481906491 ], [ 6.994024571522007, 44.28058020593194 ], [ 6.997102373874123, 44.273932158027257 ], [ 6.995409411523394, 44.268635693476796 ], [ 6.998439279805243, 44.259114306343541 ], [ 6.996529970380625, 44.251935833172936 ], [ 7.008447279568528, 44.235207229108049 ], [ 7.019285452866322, 44.23237374959853 ], [ 7.030330277772297, 44.231616226790635 ], [ 7.032839686426684, 44.225425985803703 ], [ 7.038896534987671, 44.223725987548143 ], [ 7.056042163997371, 44.2294916992984 ], [ 7.061362898010692, 44.226861386934807 ], [ 7.068684115420215, 44.232592779646865 ], [ 7.086376412444261, 44.229157477049917 ], [ 7.091230516672942, 44.221170339752 ], [ 7.113635937065646, 44.217862850403236 ], [ 7.12087060742989, 44.212472698211918 ], [ 7.143066034508283, 44.200192358777585 ], [ 7.156333308898083, 44.203822043774814 ], [ 7.167489932054719, 44.202438714751075 ], [ 7.17955593896198, 44.197621484283914 ], [ 7.186099678712541, 44.201357661769201 ], [ 7.193601772998367, 44.187190134189258 ], [ 7.20065813593153, 44.187140829469683 ], [ 7.204803717330103, 44.179131982125348 ], [ 7.213278877817519, 44.175210132253554 ], [ 7.220778364641238, 44.168269550575978 ], [ 7.229135152127968, 44.168526978528881 ], [ 7.23517045303076, 44.174595412821326 ], [ 7.241767652623508, 44.173163108433549 ], [ 7.248652119662714, 44.158486147318776 ], [ 7.259220754005414, 44.153592403428576 ], [ 7.262372148832379, 44.1481562293243 ], [ 7.272098997861134, 44.147638560727451 ], [ 7.280592664124609, 44.140858507213245 ], [ 7.287603913884961, 44.14515886338323 ], [ 7.295371127658254, 44.144161422968331 ], [ 7.31004585967867, 44.147722500569785 ], [ 7.316666837415671, 44.143633535688679 ], [ 7.344833601928708, 44.145052107464693 ], [ 7.346808359529518, 44.136487741597016 ], [ 7.354409376243269, 44.125067639532929 ], [ 7.357702658147499, 44.116200947113093 ], [ 7.367939082293328, 44.116591737664415 ], [ 7.386781452463369, 44.124204730467142 ], [ 7.393145135195301, 44.125436108866538 ], [ 7.406340898188056, 44.118160356688101 ], [ 7.409033828893119, 44.119838638111339 ], [ 7.422733117505181, 44.112498152989609 ], [ 7.427182563687197, 44.113045802978796 ], [ 7.426097700917595, 44.119856962582915 ], [ 7.430899555004611, 44.130548934681968 ], [ 7.443538663342985, 44.127847143122352 ], [ 7.448560801200934, 44.129280346384988 ], [ 7.460101232854485, 44.1257801362528 ], [ 7.473268510623139, 44.13359816751386 ], [ 7.483540086066389, 44.133612679025063 ], [ 7.494218969872773, 44.141148016626254 ], [ 7.503916414905864, 44.143470505021767 ], [ 7.515624272145013, 44.138030038670067 ], [ 7.526586818541076, 44.139710563565245 ], [ 7.530677876788666, 44.146567157310393 ], [ 7.554516671344617, 44.146683888386207 ], [ 7.565106819517455, 44.151590271818513 ], [ 7.578536645989689, 44.152272180554803 ], [ 7.588991635558971, 44.150351611274836 ], [ 7.595293845625358, 44.152764250253128 ], [ 7.603898329470143, 44.149785640423516 ], [ 7.619855650551099, 44.149514134378364 ], [ 7.628566998846643, 44.164044710569875 ], [ 7.629707933817384, 44.170540485201229 ], [ 7.636080907195019, 44.177112615501464 ], [ 7.645249275468744, 44.177971349883627 ], [ 7.670644263833861, 44.175770346998817 ], [ 7.680363641052304, 44.176376357546467 ], [ 7.6838919692689, 44.171673119111468 ], [ 7.679484567020977, 44.162932316823984 ], [ 7.671735129345546, 44.159036993791723 ], [ 7.670442459910203, 44.152990677609409 ], [ 7.677872935688137, 44.145774231252794 ], [ 7.676651705923445, 44.14210529859983 ], [ 7.666897191642748, 44.133411263127918 ], [ 7.674569819385286, 44.117967237176842 ], [ 7.690055174731137, 44.108213739879957 ], [ 7.701405736462529, 44.094033622205757 ], [ 7.71218903952854, 44.088408831604468 ], [ 7.715355729636199, 44.080844700461761 ], [ 7.713017240622372, 44.075041548879817 ], [ 7.714149381328851, 44.065375954800807 ], [ 7.703389582797937, 44.051696348195073 ], [ 7.703126549844543, 44.043404698968502 ], [ 7.691365853467701, 44.040222376071533 ], [ 7.676566612018211, 44.032275039983688 ], [ 7.665829746732189, 44.031365214035155 ], [ 7.66208351522038, 44.027631129477101 ], [ 7.663198349908705, 44.014901143961708 ], [ 7.670519845929218, 43.998405305876368 ], [ 7.66326515029041, 43.991746123001526 ], [ 7.663110263445902, 43.986469611308465 ], [ 7.655455988290744, 43.985248125955387 ], [ 7.655804648958643, 43.977172527167774 ], [ 7.652091641011226, 43.973564097026774 ], [ 7.643506137743736, 43.974048470465775 ], [ 7.632186377764278, 43.964767441644604 ], [ 7.611931441181119, 43.955919133126045 ], [ 7.59871280947617, 43.957444895096501 ], [ 7.587777414466467, 43.95501835125684 ], [ 7.571896467581995, 43.947178166273112 ], [ 7.571810432834775, 43.93492357266102 ], [ 7.568345506894861, 43.923085519627932 ], [ 7.558645305801541, 43.91824021780058 ], [ 7.56281506977412, 43.909757268630521 ], [ 7.559550053790519, 43.897398876496084 ], [ 7.531365851241854, 43.890610204672619 ], [ 7.509422053482611, 43.88127346212503 ], [ 7.501206023040686, 43.874975058374567 ], [ 7.495294459705107, 43.864407755819244 ], [ 7.49655442969104, 43.851115483950998 ], [ 7.49905848345195, 43.845464205284145 ], [ 7.506833136392999, 43.839903290499961 ], [ 7.510475921706936, 43.826381633840974 ], [ 7.518968886255762, 43.802412096991155 ], [ 7.530153024485029, 43.787937559805414 ], [ 7.529041001942421, 43.784205334653443 ], [ 7.514505211940795, 43.783015368413061 ], [ 7.488281431026309, 43.765102414991468 ], [ 7.482401969761257, 43.758068417441272 ], [ 7.488017830989111, 43.750070359577478 ], [ 7.474562458617902, 43.751167988384843 ], [ 7.462040031652715, 43.760465332394652 ], [ 7.452203992214191, 43.758059734582673 ], [ 7.446268599083061, 43.751629277399516 ], [ 7.436874401853836, 43.751908172717101 ], [ 7.428024522874927, 43.743915688234104 ], [ 7.412660507447881, 43.734927996129628 ], [ 7.41248321254425, 43.731598756750572 ], [ 7.415297999089696, 43.726071636295202 ], [ 7.405783803484725, 43.719606193828291 ], [ 7.395280422023009, 43.719449875467809 ], [ 7.383000888912078, 43.722821238011868 ], [ 7.372876878394176, 43.718138654188792 ], [ 7.360853590560916, 43.722551589091729 ], [ 7.348464950744575, 43.714399651820806 ], [ 7.342719538390956, 43.713838880206467 ], [ 7.336204781715236, 43.710698642093966 ], [ 7.329572865809682, 43.701960968833255 ], [ 7.333780553015308, 43.69386385664064 ], [ 7.335376960388047, 43.678489257574512 ], [ 7.327565932752139, 43.674435307713189 ], [ 7.320093966633988, 43.690788589442036 ], [ 7.32663379550423, 43.696816890823342 ], [ 7.324675975049977, 43.70060942876389 ], [ 7.318345701655815, 43.706069814122067 ], [ 7.307010793088305, 43.698369215628333 ], [ 7.308497544776568, 43.692907837581053 ], [ 7.306073267916855, 43.685792821929169 ], [ 7.293807018450749, 43.686506924616772 ], [ 7.285836831380514, 43.693933294133124 ], [ 7.266045197194807, 43.694450367818625 ], [ 7.245868173728243, 43.690258799785738 ], [ 7.230570024473216, 43.67853073497448 ], [ 7.230681423436567, 43.665823579310995 ], [ 7.220316310828855, 43.658391645591522 ], [ 7.213247446161978, 43.648175613189338 ], [ 7.206866154761404, 43.645971090271551 ], [ 7.201079405062183, 43.65291610099132 ], [ 7.19886538088892, 43.663664987653156 ], [ 7.193121108455704, 43.65780095599807 ], [ 7.178263938344377, 43.656132342397576 ], [ 7.167769536659652, 43.657409411310788 ], [ 7.156928589832511, 43.653387039987599 ], [ 7.144293236217312, 43.643114978634912 ], [ 7.134511283673659, 43.62781355888162 ], [ 7.130093194069181, 43.617885842387501 ], [ 7.127170960478781, 43.608752663098549 ], [ 7.125609869567659, 43.593832966854642 ], [ 7.130044706428627, 43.58991709302768 ], [ 7.12995572919226, 43.582761232788187 ], [ 7.125387639842562, 43.573617947740615 ], [ 7.129783831246752, 43.569772024286785 ], [ 7.13942365913124, 43.570105643536401 ], [ 7.135766893021494, 43.554586130959699 ], [ 7.141591786715439, 43.550260855205387 ], [ 7.136373008132608, 43.544899234520138 ], [ 7.120403321318284, 43.545462976301529 ], [ 7.121450340495224, 43.559816948877227 ], [ 7.113934515695793, 43.566408970708672 ], [ 7.104784356795171, 43.570135046278139 ], [ 7.087012528512073, 43.57004281060982 ], [ 7.068133567573225, 43.562320399136574 ], [ 7.057617315698476, 43.550825604628905 ], [ 7.047627465738313, 43.546435704169106 ], [ 7.036576326258511, 43.537815981800932 ], [ 7.032385694975578, 43.546135856265117 ], [ 7.016468716156758, 43.551048946148931 ], [ 7.01145704463358, 43.54764523757818 ], [ 6.988018591568281, 43.548678898882564 ], [ 6.968275132742312, 43.544386960392089 ], [ 6.951675004468237, 43.534658434600097 ], [ 6.93701298656958, 43.517236234504331 ], [ 6.93758506602502, 43.509820552431279 ], [ 6.946347254635744, 43.506046330838494 ], [ 6.953593680754792, 43.506300241797312 ], [ 6.954608736858008, 43.496616214404753 ], [ 6.945780973595538, 43.490888061410857 ], [ 6.947751860980715, 43.485719449009942 ], [ 6.933580168332627, 43.48461968501114 ], [ 6.933459342395497, 43.480307405908611 ], [ 6.923319735910692, 43.471094166378862 ], [ 6.924975229640958, 43.467680545213362 ], [ 6.920275951942642, 43.449395459992722 ], [ 6.90468152594506, 43.445445118060064 ], [ 6.897168109195265, 43.439218601865093 ], [ 6.889902910063144, 43.428214174413029 ], [ 6.871157869029731, 43.428596065890687 ], [ 6.865447198313997, 43.433970339211662 ], [ 6.856984016953734, 43.430962882345483 ], [ 6.859750581206132, 43.415486188512659 ], [ 6.852164819970416, 43.411144776255 ], [ 6.84499225827309, 43.415684518545078 ], [ 6.829673445061887, 43.418431649227394 ], [ 6.821944445197858, 43.415957694225874 ], [ 6.806386263766956, 43.414467682773449 ], [ 6.788771477155144, 43.40833783162644 ], [ 6.76344042426895, 43.424434854131462 ], [ 6.748734301691973, 43.420020273144694 ], [ 6.735598510202406, 43.408492107214528 ], [ 6.728185113153478, 43.392937920052574 ], [ 6.732266008437412, 43.39001156538361 ], [ 6.72164343002751, 43.379135883904524 ], [ 6.715056392552733, 43.368273948303276 ], [ 6.718994387329777, 43.357057527323278 ], [ 6.716318395828385, 43.347628387212502 ], [ 6.695501962742794, 43.340790502893178 ], [ 6.682322084183999, 43.341105148143285 ], [ 6.669283984437572, 43.333362326364913 ], [ 6.665154391156911, 43.324903013020091 ], [ 6.665857261943878, 43.318270027547591 ], [ 6.64459864698215, 43.306158250407627 ], [ 6.63889724319835, 43.307805668775906 ], [ 6.627626539237683, 43.303772100810967 ], [ 6.620588550965108, 43.296160206758877 ], [ 6.600834968562434, 43.285059949349403 ], [ 6.588269062437767, 43.281723113333399 ], [ 6.582761619682698, 43.275508049124078 ], [ 6.574844219155226, 43.272698013521143 ], [ 6.574350403442587, 43.267197194605608 ], [ 6.581024972493687, 43.268957080167837 ], [ 6.593554027714577, 43.26236269812636 ], [ 6.603141966771633, 43.26247268695365 ], [ 6.623715864849492, 43.26544552622331 ], [ 6.635607974359934, 43.272500090127039 ], [ 6.645887118701587, 43.273940137304869 ], [ 6.662930213270166, 43.264822018540542 ], [ 6.669603673956341, 43.268399191838178 ], [ 6.669406357986359, 43.276316956943269 ], [ 6.678967243982485, 43.278661734039353 ], [ 6.695682537462546, 43.266733496281418 ], [ 6.690390928202405, 43.255737200305639 ], [ 6.676539761165879, 43.244695017365494 ], [ 6.669805937947801, 43.246019183940732 ], [ 6.664326256510643, 43.241222003251202 ], [ 6.66234095874625, 43.225763178846229 ], [ 6.664926418548407, 43.211118263723954 ], [ 6.678445535414982, 43.201332790099478 ], [ 6.67307253425416, 43.197016256351624 ], [ 6.660795029855877, 43.196427874317408 ], [ 6.644207907754604, 43.18792569993569 ], [ 6.641275258021744, 43.17578599482507 ], [ 6.646730186817231, 43.167734526535149 ], [ 6.635065409489147, 43.17267115409701 ], [ 6.617785857590943, 43.162583350187042 ], [ 6.610411672056714, 43.168070086139068 ], [ 6.602036959553503, 43.18217339216163 ], [ 6.592203449746867, 43.185793353870061 ], [ 6.562332481545054, 43.189128918651278 ], [ 6.552371744586468, 43.187337053180954 ], [ 6.536109779386149, 43.178098731420171 ], [ 6.535656623479895, 43.166216004776068 ], [ 6.524612512999112, 43.166262529840836 ], [ 6.509702323317053, 43.156366975184135 ], [ 6.490655896773042, 43.152899723033286 ], [ 6.466383769599595, 43.157368129499382 ], [ 6.453676668769873, 43.155688172175928 ], [ 6.4483455485815, 43.152863492956143 ], [ 6.437240475833805, 43.14943689948219 ], [ 6.428292785299409, 43.151636844577254 ], [ 6.399237363674815, 43.147120247245581 ], [ 6.36958370392256, 43.137508351664557 ], [ 6.363893784801609, 43.125311125501433 ], [ 6.360187002343364, 43.12059693863695 ], [ 6.358672885236593, 43.108243258088443 ], [ 6.366701364599997, 43.103414859827154 ], [ 6.366409637276082, 43.096462426671287 ], [ 6.359403789506593, 43.089271411808575 ], [ 6.337223860517982, 43.08985131222169 ], [ 6.329066257410471, 43.093233884774044 ], [ 6.316438872635413, 43.106536223039157 ], [ 6.308280798797104, 43.108532637480259 ], [ 6.294147797033322, 43.108061992166043 ], [ 6.286433496968919, 43.110704805956253 ], [ 6.271650756828392, 43.121229032199871 ], [ 6.261382418595094, 43.121300918634397 ], [ 6.240288681065223, 43.113631336899154 ], [ 6.234086639723114, 43.113377527718917 ], [ 6.207090945180807, 43.116460273382657 ], [ 6.19781465465314, 43.114653938077822 ], [ 6.191446361966138, 43.110160130592355 ], [ 6.182065085422852, 43.108315097102576 ], [ 6.162800682726219, 43.091932771527617 ], [ 6.15489590255728, 43.07828736512144 ], [ 6.150727428938042, 43.065373944672295 ], [ 6.149539653116227, 43.050453449066836 ], [ 6.152267226728032, 43.036760532316286 ], [ 6.161887891440534, 43.034054266245242 ], [ 6.158093870641125, 43.02847264205765 ], [ 6.14870008591059, 43.026966748580584 ], [ 6.13743209555476, 43.03073248172516 ], [ 6.134299874725417, 43.036444786802683 ], [ 6.123764749543888, 43.032284106645648 ], [ 6.113033575846262, 43.035332281680759 ], [ 6.101557285901662, 43.027951087395778 ], [ 6.095297504301621, 43.029271761052328 ], [ 6.094002866801649, 43.040561593430482 ], [ 6.102180283687566, 43.041960664726659 ], [ 6.118011938838917, 43.038986435126191 ], [ 6.125791289352288, 43.040845297146333 ], [ 6.132072391767428, 43.048729225527801 ], [ 6.133022951520658, 43.05601931871319 ], [ 6.125932355098971, 43.078022371842522 ], [ 6.109575855998739, 43.08398937789228 ], [ 6.099883102726361, 43.083438071707612 ], [ 6.086579255344397, 43.087331550367779 ], [ 6.077084219541844, 43.087731115467712 ], [ 6.07433515787123, 43.083952738852069 ], [ 6.062850331652259, 43.083429461760524 ], [ 6.049834820964324, 43.079581139261784 ], [ 6.033254959630775, 43.077898344007714 ], [ 6.021209507539456, 43.078619555224485 ], [ 6.024754410732836, 43.092078690433539 ], [ 6.018628479163673, 43.098738325390642 ], [ 6.004053248649383, 43.103668717710669 ], [ 5.993022693502387, 43.105143185676283 ], [ 5.978717208618832, 43.106866434483948 ], [ 5.970435414867221, 43.104765769489227 ], [ 5.9563131375825, 43.108326994130039 ], [ 5.936485189531855, 43.106999923472657 ], [ 5.934444766206968, 43.118691407702869 ], [ 5.923170676277406, 43.123477450726234 ], [ 5.915450484192772, 43.117726484062636 ], [ 5.897416949596853, 43.112920734844742 ], [ 5.887430201764977, 43.116236379540283 ], [ 5.885357998137106, 43.11749974297846 ], [ 5.880491982057944, 43.105202349841285 ], [ 5.895280099783398, 43.102802417274745 ], [ 5.901552337663357, 43.104528206498834 ], [ 5.907887613935951, 43.099169575197827 ], [ 5.894583974911439, 43.081850649338975 ], [ 5.903745512296346, 43.079245035151864 ], [ 5.907997419892093, 43.078391369842521 ], [ 5.917690089095135, 43.0858288392742 ], [ 5.928502837906224, 43.082908136615629 ], [ 5.938120375733739, 43.084566805443487 ], [ 5.949130269954177, 43.079008720542468 ], [ 5.95137302077254, 43.072862149910442 ], [ 5.943984590589652, 43.066631970167769 ], [ 5.93613227232602, 43.071887446853616 ], [ 5.911198584566804, 43.066149297485552 ], [ 5.90309754742529, 43.073574431752938 ], [ 5.895366299509228, 43.07849327263397 ], [ 5.886906280687473, 43.077396528937108 ], [ 5.875260831894074, 43.068841365302582 ], [ 5.862664008167853, 43.057358461480248 ], [ 5.858524552842622, 43.047771240472848 ], [ 5.847545378888798, 43.049659751399794 ], [ 5.840967067348681, 43.048091272861484 ], [ 5.821081817248523, 43.054405611934833 ], [ 5.815361552102416, 43.063963604382742 ], [ 5.806439995596132, 43.067644328034888 ], [ 5.793444322762827, 43.069927143908266 ], [ 5.803869003393607, 43.07672630005937 ], [ 5.804920846609358, 43.085786853431088 ], [ 5.811888799428121, 43.093234298037387 ], [ 5.809891189351453, 43.101332339274265 ], [ 5.813437131947164, 43.106763052895587 ], [ 5.807226718586912, 43.115771160860753 ], [ 5.79122972065688, 43.112170110116203 ], [ 5.788100549558904, 43.116493705767901 ], [ 5.779870183015972, 43.116226679104734 ], [ 5.773371966821643, 43.125920566141396 ], [ 5.77970533405362, 43.133625189286207 ], [ 5.769975139856403, 43.139165030173437 ], [ 5.753455440165627, 43.134656335420665 ], [ 5.741186021545699, 43.133872911798342 ], [ 5.72605230709056, 43.136757825568253 ], [ 5.719325079389384, 43.147595308685482 ], [ 5.710236702308594, 43.144525739921299 ], [ 5.697212788012713, 43.143351245376614 ], [ 5.693132998917767, 43.152147966097807 ], [ 5.683930791485029, 43.157276955448154 ], [ 5.685098930877258, 43.161489503564731 ], [ 5.693890934320787, 43.165638763509989 ], [ 5.695561252603822, 43.169790103494414 ], [ 5.690305259872316, 43.177195141620764 ], [ 5.68302889079156, 43.18008269841782 ], [ 5.671930787136982, 43.179517603774528 ], [ 5.660037817763398, 43.181928352372424 ], [ 5.651183077346927, 43.188494902947028 ], [ 5.634823375322684, 43.188848030644401 ], [ 5.624842908345472, 43.187078076667461 ], [ 5.612642584251095, 43.180510138653659 ], [ 5.611083361813595, 43.173358031638607 ], [ 5.615696011850981, 43.169589685861624 ], [ 5.604675214299567, 43.160254767064004 ], [ 5.579591115651199, 43.171449312302713 ], [ 5.572161731668563, 43.173486064773407 ], [ 5.555964885368622, 43.188456673814692 ], [ 5.549386998157838, 43.193940077138983 ], [ 5.547538949188133, 43.201373318217591 ], [ 5.549679386310134, 43.207862825381319 ], [ 5.530938034527341, 43.212612142145112 ], [ 5.51800743984324, 43.205021072668671 ], [ 5.509924804045745, 43.197693888670564 ], [ 5.500286733430123, 43.197176112858422 ], [ 5.482779768216112, 43.205862551371389 ], [ 5.477984323368291, 43.204087400167268 ], [ 5.458707544884839, 43.211441670259028 ], [ 5.44758002870861, 43.208913812025322 ], [ 5.443707731454947, 43.204511812311374 ], [ 5.425394125387083, 43.210029365497647 ], [ 5.424862449513971, 43.203990220440716 ], [ 5.404211061868864, 43.213261617087454 ], [ 5.389501204280579, 43.212143935420883 ], [ 5.381556455361244, 43.209717898876548 ], [ 5.363270498870718, 43.207398571159224 ], [ 5.341607505620061, 43.2127707450109 ], [ 5.34989459670045, 43.231985479514961 ], [ 5.359639956926552, 43.235634478939254 ], [ 5.363461174764478, 43.243015787077489 ], [ 5.373419503228098, 43.245968723014329 ], [ 5.375057823411868, 43.259363405558041 ], [ 5.367997704157493, 43.26831359245903 ], [ 5.350324044696078, 43.280525774812389 ], [ 5.349557036869772, 43.285887276882818 ], [ 5.354399186514441, 43.293721319978303 ], [ 5.371079927285678, 43.293443921749521 ], [ 5.373751259725335, 43.295034921174754 ], [ 5.362035019242544, 43.294700351072329 ], [ 5.364654826625916, 43.312074619508863 ], [ 5.359159841086746, 43.31546159672277 ], [ 5.357248281802127, 43.322968633297194 ], [ 5.344864649011607, 43.336360570551427 ], [ 5.337797284884635, 43.33955283241125 ], [ 5.34112011478876, 43.345131099425132 ], [ 5.311411113066518, 43.361088759196321 ], [ 5.294122687723514, 43.359203157960565 ], [ 5.282248863106178, 43.353706108325547 ], [ 5.271326401501931, 43.345005557556185 ], [ 5.247900820615437, 43.334167153263905 ], [ 5.237189214676194, 43.331777617704567 ], [ 5.228910140256438, 43.328701571231065 ], [ 5.220622497639442, 43.330434380073086 ], [ 5.184748819789299, 43.332494285615319 ], [ 5.172397583007519, 43.333649332258062 ], [ 5.168746401127705, 43.32815926484713 ], [ 5.144283179957613, 43.326769894094276 ], [ 5.135288697374695, 43.32917606743257 ], [ 5.102858503130662, 43.32989435091509 ], [ 5.096794747050939, 43.328709932871895 ], [ 5.088336691685128, 43.332915063497808 ], [ 5.081761670701044, 43.328190466607587 ], [ 5.06156925688658, 43.330814436960736 ], [ 5.05383310183569, 43.324463531715992 ], [ 5.046852845472723, 43.329112420925284 ], [ 5.039576542722561, 43.32887644632968 ], [ 5.023490062475469, 43.338953200547557 ], [ 5.017981261489945, 43.347325210347364 ], [ 5.025285296908094, 43.355864622142342 ], [ 5.017275200649736, 43.357833869029044 ], [ 5.011009417882063, 43.3694026661327 ], [ 5.00040579718894, 43.375756349990958 ], [ 4.996767185400364, 43.383569057941671 ], [ 4.990451593050073, 43.386258225229945 ], [ 4.986115752911648, 43.392591357881344 ], [ 5.001264644552718, 43.39848222448235 ], [ 5.017929667766074, 43.401583622852712 ], [ 5.040733273459576, 43.400743142750038 ], [ 5.05702631019369, 43.404265865707572 ], [ 5.068415039435406, 43.399175702767522 ], [ 5.083124236177808, 43.399003478144358 ], [ 5.096830977489196, 43.400619778822758 ], [ 5.11535336915687, 43.403777408494214 ], [ 5.123071024569795, 43.3972033357146 ], [ 5.135178855768041, 43.399412213739808 ], [ 5.155756071589058, 43.408540546036399 ], [ 5.171659128619778, 43.4186751787052 ], [ 5.182901606717826, 43.426671496850503 ], [ 5.191645370551695, 43.435355444061706 ], [ 5.202583531183661, 43.442083477008268 ], [ 5.220307892478359, 43.449109954345907 ], [ 5.226597672046952, 43.45295630075374 ], [ 5.229935454353702, 43.465214512314645 ], [ 5.223385488740949, 43.47912598079732 ], [ 5.218584648565479, 43.488053781522517 ], [ 5.202742866095661, 43.491175920133287 ], [ 5.191034740537713, 43.486804034395597 ], [ 5.180943420540458, 43.478574188877765 ], [ 5.169054593340208, 43.471788029920575 ], [ 5.164296418922633, 43.47161493384008 ], [ 5.153501114404386, 43.459852570521996 ], [ 5.143431325889464, 43.46014670070241 ], [ 5.142310923530185, 43.464199086391353 ], [ 5.133577425523219, 43.471656030826999 ], [ 5.122400232398537, 43.487937983231816 ], [ 5.119134216256583, 43.498528503054779 ], [ 5.113199648076237, 43.506764331109927 ], [ 5.118044962619749, 43.513254442407117 ], [ 5.118315831306428, 43.518152540978768 ], [ 5.109192639748513, 43.525409088805155 ], [ 5.093288893159619, 43.525087980302729 ], [ 5.058702987582393, 43.527934127972834 ], [ 5.049218279745801, 43.522291451651625 ], [ 5.033479611198328, 43.536095059713034 ], [ 5.032430736380755, 43.545609971844392 ], [ 5.021993230743873, 43.555994147460673 ], [ 5.014146411072423, 43.555514507647793 ], [ 5.011707829494451, 43.545924959994068 ], [ 5.013902675874845, 43.538969398273579 ], [ 5.014058598173128, 43.524047880533608 ], [ 5.008573928902619, 43.521418039706873 ], [ 4.999271992850701, 43.508234779039782 ], [ 4.998047867708074, 43.498029841601728 ], [ 5.003350722895505, 43.486124206610796 ], [ 5.000477463263823, 43.474241768756762 ], [ 5.006315656890655, 43.469824802989905 ], [ 5.037685964542243, 43.470720084524316 ], [ 5.048799956580239, 43.46652006240469 ], [ 5.053836732232489, 43.45898729721381 ], [ 5.054294746693559, 43.443033791821911 ], [ 5.061166507108671, 43.419200081796838 ], [ 5.05772856058303, 43.40647358345619 ], [ 5.039441870880324, 43.402682540007746 ], [ 5.004537164114962, 43.403820336221862 ], [ 4.989015403068723, 43.404940809005353 ], [ 4.977363951886562, 43.40749940665961 ], [ 4.971428065169313, 43.413916094981261 ], [ 4.972158490710068, 43.421938247039215 ], [ 4.966141883946983, 43.426558982106243 ], [ 4.942795422131253, 43.429121162577452 ], [ 4.932582285397752, 43.433160034224827 ], [ 4.918918425930256, 43.431050534709485 ], [ 4.910403712709807, 43.427722848410447 ], [ 4.906176236158918, 43.420240754561284 ], [ 4.891021566641272, 43.414714624180078 ], [ 4.882190798269497, 43.419526351978881 ], [ 4.872557058785969, 43.432640277204349 ], [ 4.867178082297485, 43.432944600421365 ], [ 4.86392142699706, 43.445549949277847 ], [ 4.858093951678535, 43.442255564955779 ], [ 4.875957575191288, 43.412750264114919 ], [ 4.866299700335534, 43.404762312238219 ], [ 4.831595414459405, 43.427220370428557 ], [ 4.824043924745133, 43.424532931081401 ], [ 4.859787024131307, 43.401642874668759 ], [ 4.853260385728667, 43.398489108316667 ], [ 4.845115623953184, 43.402002768165907 ], [ 4.841202470079885, 43.403752158664105 ], [ 4.836333761187121, 43.398846808529775 ], [ 4.838894793386065, 43.394528028602942 ], [ 4.835832358702403, 43.387806665782485 ], [ 4.853481842615645, 43.388042232532413 ], [ 4.841326155429383, 43.375672236332008 ], [ 4.858188185655787, 43.367406744844665 ], [ 4.868158585587349, 43.367193685123937 ], [ 4.877474181729528, 43.356315992472858 ] ] ], [ [ [ 4.87980842076739, 44.345310445704733 ], [ 4.869258911303137, 44.344902231955473 ], [ 4.870550622572083, 44.348720510303117 ], [ 4.885280083961891, 44.358084610945433 ], [ 4.892878338434073, 44.364966629815974 ], [ 4.906968286165854, 44.374599254590663 ], [ 4.911752495573227, 44.38753561085511 ], [ 4.90955143780718, 44.396437701261462 ], [ 4.91821635593419, 44.407720011305784 ], [ 4.928040815882059, 44.411523035532369 ], [ 4.946112663659514, 44.414948386512492 ], [ 4.951927053475799, 44.420015932137453 ], [ 4.95933086450931, 44.419753021658643 ], [ 4.972537421689846, 44.431545765050565 ], [ 4.977798022883654, 44.423748839055875 ], [ 4.988856455451441, 44.423242684048184 ], [ 5.001276761650865, 44.412647903753026 ], [ 5.010542844170145, 44.41087270288056 ], [ 5.018552290505624, 44.415757155935147 ], [ 5.017627470990232, 44.40726191376222 ], [ 5.01331949442133, 44.405515498427256 ], [ 5.015145981390501, 44.394793521430849 ], [ 5.020142624093672, 44.391399944444935 ], [ 5.035424453897043, 44.390729482398065 ], [ 5.042990692784157, 44.387145033302417 ], [ 5.045307900932569, 44.382011641248042 ], [ 5.062884197147442, 44.38408163631081 ], [ 5.071004403887834, 44.383182673989282 ], [ 5.070316112301511, 44.376447445051909 ], [ 5.057621653613405, 44.370157971780721 ], [ 5.054695572246159, 44.364799928896915 ], [ 5.045142875529089, 44.362914009856432 ], [ 5.027356883398639, 44.362951369066863 ], [ 5.021711738117773, 44.357063599913388 ], [ 5.022949539238878, 44.345651943476589 ], [ 5.009021842630519, 44.333886263586322 ], [ 5.013781011896981, 44.325787123272676 ], [ 5.000805257426085, 44.319870401955654 ], [ 4.990979002277817, 44.311817950094465 ], [ 4.987133211629078, 44.292725690079536 ], [ 4.979939987633298, 44.29750164026639 ], [ 4.959385205492833, 44.298950443342534 ], [ 4.951048095101076, 44.301035511079952 ], [ 4.94434847483945, 44.305952487097997 ], [ 4.921910126718246, 44.30865296458667 ], [ 4.889276926851719, 44.304042199168748 ], [ 4.891678211538563, 44.313292090697765 ], [ 4.881700089392797, 44.324820918218471 ], [ 4.895360507060351, 44.338170773365931 ], [ 4.87980842076739, 44.345310445704733 ] ] ], [ [ [ 5.308862472882796, 43.281450318759013 ], [ 5.308202638076727, 43.272904237432563 ], [ 5.304509509964785, 43.273038875807828 ], [ 5.289632064666244, 43.26054302575411 ], [ 5.28568281256396, 43.265879487509956 ], [ 5.295338052718161, 43.270013288436452 ], [ 5.308862472882796, 43.281450318759013 ] ] ], [ [ [ 5.355720892926557, 43.315336792264425 ], [ 5.339431253659401, 43.334637771595872 ], [ 5.333530592308743, 43.33768660666103 ], [ 5.328125046687472, 43.342109535373808 ], [ 5.318355609647745, 43.347480799722959 ], [ 5.328252711427822, 43.342156286523959 ], [ 5.333870920516981, 43.337808860767147 ], [ 5.340564222242315, 43.334240662514986 ], [ 5.356617489259707, 43.315440548308075 ], [ 5.355720892926557, 43.315336792264425 ] ] ], [ [ [ 5.792049876166234, 43.077534717245221 ], [ 5.780595092316367, 43.069835898786103 ], [ 5.777115200135825, 43.07886771191103 ], [ 5.792049876166234, 43.077534717245221 ] ] ], [ [ [ 6.239211226924763, 43.022642789236066 ], [ 6.247628259474278, 43.01866156818123 ], [ 6.252302698312044, 43.005349790815714 ], [ 6.249672072881778, 42.998968340350608 ], [ 6.231033324220039, 42.995620949557939 ], [ 6.208954942745126, 42.985474014985961 ], [ 6.205714532109333, 42.98228092680182 ], [ 6.195660481926915, 42.983586580080392 ], [ 6.193248953595459, 42.990769709594971 ], [ 6.164822615246371, 42.997958450419297 ], [ 6.159874207060941, 43.001746560050222 ], [ 6.168530948949844, 43.001347801581403 ], [ 6.1699098608935, 43.006422276888209 ], [ 6.177711599268625, 43.008466511961892 ], [ 6.192800689662944, 43.004817061028561 ], [ 6.199360271242362, 43.000547401592584 ], [ 6.212372450817706, 43.003109928497274 ], [ 6.219032995162124, 43.012071943440276 ], [ 6.227916156332342, 43.0099667601608 ], [ 6.234041996085201, 43.011976272535065 ], [ 6.239211226924763, 43.022642789236066 ] ] ], [ [ [ 6.368891887024085, 43.002070604194095 ], [ 6.376693141351553, 43.005433767613475 ], [ 6.383185105041701, 43.013727384554173 ], [ 6.392269911377316, 43.012279948802657 ], [ 6.407970034860025, 43.017947164578167 ], [ 6.417569583880154, 43.007093115793936 ], [ 6.402867025486016, 42.994616596141427 ], [ 6.394805646793124, 42.993387979356584 ], [ 6.390064126656488, 42.997545170289193 ], [ 6.377824461329728, 42.998165365457936 ], [ 6.368891887024085, 43.002070604194095 ] ] ], [ [ [ 6.507093827324369, 43.043735848333867 ], [ 6.488258886638802, 43.042773625997249 ], [ 6.473038261795847, 43.020848253116299 ], [ 6.459436950980166, 43.01370494419465 ], [ 6.450495727774658, 43.017481453970312 ], [ 6.43811990100219, 43.003560929096693 ], [ 6.432376952706721, 43.009970208645001 ], [ 6.433779530722234, 43.02034353726895 ], [ 6.437736599786202, 43.023966520510534 ], [ 6.453137339229509, 43.025982089966327 ], [ 6.461258424108977, 43.03209019771338 ], [ 6.46336551019477, 43.039229686470662 ], [ 6.473366925472787, 43.04712741669654 ], [ 6.485631278014741, 43.047546428167209 ], [ 6.508445519246384, 43.052204737526871 ], [ 6.507093827324369, 43.043735848333867 ] ] ], [ [ [ 7.047526892838596, 43.515473595501476 ], [ 7.036492891497987, 43.51761290931443 ], [ 7.031258082481103, 43.52223825596203 ], [ 7.04429252843861, 43.524440194025892 ], [ 7.061321269526728, 43.520186518577219 ], [ 7.061582536645757, 43.516284826423401 ], [ 7.047526892838596, 43.515473595501476 ] ] ] ] } },
{ "type": "Feature", "properties": { "insee_reg": "94" }, "geometry": { "type": "MultiPolygon", "coordinates": [ [ [ [ 8.797824788370452, 41.710697217061266 ], [ 8.788112870003879, 41.708527708824967 ], [ 8.771641188611163, 41.713162828348416 ], [ 8.778237764987805, 41.721437877933695 ], [ 8.784237888801597, 41.735079583107698 ], [ 8.772687016750304, 41.741655824188236 ], [ 8.729791564213537, 41.729139299370779 ], [ 8.723200397791484, 41.724465015277701 ], [ 8.707210746699612, 41.721850402348068 ], [ 8.702917730718296, 41.725215107744546 ], [ 8.707774675576433, 41.736216194463879 ], [ 8.694806225707671, 41.741852632781722 ], [ 8.68214584553553, 41.739857918666523 ], [ 8.672423083866901, 41.743639468541055 ], [ 8.658946709506861, 41.741341075437091 ], [ 8.660907135162903, 41.749473287751904 ], [ 8.671945966774276, 41.752815133615719 ], [ 8.683938578245705, 41.746927307242743 ], [ 8.702850819619021, 41.757158197937805 ], [ 8.70806136856849, 41.757337776100627 ], [ 8.7282796914435, 41.773915778877452 ], [ 8.728858757922582, 41.782023687785802 ], [ 8.724413713039644, 41.790005900147364 ], [ 8.709167608354445, 41.798242467855232 ], [ 8.71759587821979, 41.804065167038907 ], [ 8.721239140833609, 41.798008100311463 ], [ 8.740873308492375, 41.798387148242426 ], [ 8.741191613650214, 41.8052802025706 ], [ 8.747976672215639, 41.810798506409739 ], [ 8.758103090046644, 41.808972056244691 ], [ 8.771999353699085, 41.811980849040005 ], [ 8.773225319164787, 41.822203672959738 ], [ 8.781656291660559, 41.827581376707421 ], [ 8.78244915667055, 41.833675997583534 ], [ 8.774467934701018, 41.834239677290661 ], [ 8.763821438630725, 41.844053430631064 ], [ 8.782256261176121, 41.847302292681029 ], [ 8.789594021102614, 41.853242314438667 ], [ 8.790679045334317, 41.865019929830524 ], [ 8.787802313433827, 41.86843758100926 ], [ 8.785702654009077, 41.877513228382256 ], [ 8.780645528347348, 41.882732835447804 ], [ 8.792204302757826, 41.885229695875744 ], [ 8.803170629179455, 41.891233075107621 ], [ 8.79822923253972, 41.904764036837172 ], [ 8.782692719641158, 41.92310777956051 ], [ 8.770513031644208, 41.927647705253115 ], [ 8.764821971569738, 41.923163912592528 ], [ 8.758254482179115, 41.925924745454303 ], [ 8.755379939213583, 41.932547187459996 ], [ 8.745117007680935, 41.933317018980802 ], [ 8.740440994263839, 41.930914185402983 ], [ 8.740130699376124, 41.918406226470232 ], [ 8.723512959212773, 41.912201154789685 ], [ 8.717767667753074, 41.907886559600009 ], [ 8.705640192274373, 41.907091069873722 ], [ 8.687828881139742, 41.909147861497559 ], [ 8.675953025199961, 41.904328325724116 ], [ 8.664255318964072, 41.907594040373532 ], [ 8.641982428496982, 41.910084145515732 ], [ 8.629669900834259, 41.906203388197667 ], [ 8.624749956111453, 41.902204883447347 ], [ 8.614456520633004, 41.901377838517234 ], [ 8.610590215047909, 41.913409511649498 ], [ 8.620761192877868, 41.924970193795048 ], [ 8.623514981077594, 41.934809957682234 ], [ 8.620231157463227, 41.94018612569144 ], [ 8.609785663337256, 41.939629324285328 ], [ 8.607795918063553, 41.946460206983787 ], [ 8.597818581587392, 41.960397682326622 ], [ 8.596374013662622, 41.966384404965304 ], [ 8.622787002818777, 41.970563238025129 ], [ 8.631586807412141, 41.967851713086453 ], [ 8.649017028783494, 41.968807052257198 ], [ 8.663318723515935, 41.976661196967243 ], [ 8.668625407535295, 41.981998998629301 ], [ 8.669441654156254, 41.990128594174038 ], [ 8.659562368479154, 41.991617509898099 ], [ 8.654549217877625, 42.001864385512683 ], [ 8.656859108378624, 42.003944918979215 ], [ 8.657713256454887, 42.010386477995731 ], [ 8.674097984989507, 42.020618411187201 ], [ 8.68088525426159, 42.021411407327371 ], [ 8.685294265254461, 42.026640441175715 ], [ 8.700476272123755, 42.025669778143332 ], [ 8.713624742378334, 42.028863262910711 ], [ 8.726435152864592, 42.034597680882854 ], [ 8.727591523719116, 42.043250781468174 ], [ 8.738121971979322, 42.0402340494933 ], [ 8.744616092656376, 42.043950663805489 ], [ 8.74738237606639, 42.049743428649471 ], [ 8.743569967612737, 42.057234156404867 ], [ 8.743869551826439, 42.059358389375241 ], [ 8.736067065136696, 42.065830328794647 ], [ 8.730705734651309, 42.063681321065232 ], [ 8.72087064838834, 42.066473064893785 ], [ 8.717318823384742, 42.077554880846044 ], [ 8.709344429667535, 42.087025819101555 ], [ 8.710475175974507, 42.095879117316926 ], [ 8.701553860706834, 42.111206850873877 ], [ 8.690424068766504, 42.115165129140841 ], [ 8.686034994802101, 42.108878493769581 ], [ 8.677307728960566, 42.105419963994223 ], [ 8.663896047384508, 42.105919504813535 ], [ 8.651181762118439, 42.116880557423649 ], [ 8.646345340052473, 42.121394282614219 ], [ 8.636975116493817, 42.120467478937179 ], [ 8.625046414837024, 42.122561239055834 ], [ 8.618141108684958, 42.126864550717997 ], [ 8.611908441835123, 42.134566683773031 ], [ 8.596217645131395, 42.129827961007415 ], [ 8.58615076702424, 42.129440606839722 ], [ 8.584847884388012, 42.135167430153942 ], [ 8.594152203886146, 42.143566807395281 ], [ 8.583921897429599, 42.152118704406902 ], [ 8.573392702865775, 42.152344349768263 ], [ 8.593760893761367, 42.167811579866445 ], [ 8.585138474845664, 42.171584282912498 ], [ 8.567573764090808, 42.169301505093735 ], [ 8.568306715887248, 42.176816670807852 ], [ 8.582436618868012, 42.178135429903648 ], [ 8.582310720817361, 42.183224796835724 ], [ 8.577683702651161, 42.18904391242684 ], [ 8.581391760621299, 42.196385545017904 ], [ 8.581559309562889, 42.206186563668062 ], [ 8.574118102418344, 42.207372600702847 ], [ 8.567786559404803, 42.220356536384635 ], [ 8.574305228628853, 42.225342091966311 ], [ 8.569701707518277, 42.230954266954157 ], [ 8.558171676566507, 42.230336525747099 ], [ 8.554019254606782, 42.226775657532727 ], [ 8.540251450416187, 42.235142440889788 ], [ 8.546427997765083, 42.239789055992262 ], [ 8.558131157715504, 42.235659403188862 ], [ 8.562712375775632, 42.238313008503631 ], [ 8.573143038444233, 42.238444849409326 ], [ 8.579307208379991, 42.243768777996813 ], [ 8.592656576412994, 42.244893031214524 ], [ 8.598568942216708, 42.248190419374886 ], [ 8.615758992277637, 42.251601203616502 ], [ 8.639377953326093, 42.252832523710943 ], [ 8.643902930824368, 42.257502367385811 ], [ 8.665254286359476, 42.259128903244495 ], [ 8.674679588701821, 42.263129525973184 ], [ 8.68899699962078, 42.26325408060692 ], [ 8.69071136956396, 42.274939778752668 ], [ 8.687154569904747, 42.281989252233856 ], [ 8.678070306218633, 42.281220387965242 ], [ 8.675008827439695, 42.293697910599448 ], [ 8.661913854270566, 42.299333895791285 ], [ 8.660447221332733, 42.302466666428543 ], [ 8.648644014075417, 42.303019491585253 ], [ 8.641748399011643, 42.299935982483113 ], [ 8.625791021684128, 42.312646496475928 ], [ 8.605720068262702, 42.308628676897911 ], [ 8.601675943957426, 42.321631151894834 ], [ 8.620078705629815, 42.328060275992627 ], [ 8.628310062276801, 42.332295574500144 ], [ 8.628808741855716, 42.340064250090684 ], [ 8.619432434809825, 42.340684884699442 ], [ 8.614968228733584, 42.34992517813356 ], [ 8.608080978811731, 42.348561515068738 ], [ 8.600566811330637, 42.353254908781032 ], [ 8.589923820959267, 42.352606016435203 ], [ 8.572788482987685, 42.338372242809143 ], [ 8.563376794606803, 42.332912466586073 ], [ 8.557033682265409, 42.334299491993299 ], [ 8.556488382145083, 42.361667524578777 ], [ 8.54802245322456, 42.366440050407988 ], [ 8.553767338090493, 42.371212885228992 ], [ 8.56902064818194, 42.369614822413126 ], [ 8.578500705843352, 42.375927064914137 ], [ 8.573305391699195, 42.38153379543602 ], [ 8.593971142897363, 42.382099337156085 ], [ 8.608007361841809, 42.386311450523429 ], [ 8.608105098078726, 42.393852981198634 ], [ 8.602800172356586, 42.400739455291969 ], [ 8.611844829174343, 42.403299359368823 ], [ 8.605579814552314, 42.41402314808537 ], [ 8.629795485670204, 42.420820391885542 ], [ 8.65116250271773, 42.414105822531369 ], [ 8.656751909185376, 42.417070049294743 ], [ 8.663709118226821, 42.433405861164388 ], [ 8.649189651265816, 42.441704261748811 ], [ 8.650797176342682, 42.444384644729972 ], [ 8.66828997923794, 42.445630835365399 ], [ 8.667716457272043, 42.457546434462969 ], [ 8.679404400219912, 42.467320897863253 ], [ 8.67512057751844, 42.476468768576957 ], [ 8.655617509982614, 42.475857159967369 ], [ 8.651209492836113, 42.480083559284559 ], [ 8.666305247267575, 42.495828957761596 ], [ 8.664543383202167, 42.503156947206072 ], [ 8.666982893537886, 42.515992650882374 ], [ 8.679807046899869, 42.517974886636502 ], [ 8.68346967285645, 42.514965814210015 ], [ 8.694522288172562, 42.520185360384879 ], [ 8.70017090540048, 42.526942283143008 ], [ 8.706277547441639, 42.52366101290999 ], [ 8.717652465397544, 42.524373517998512 ], [ 8.717491734420983, 42.529071666070102 ], [ 8.710179969940617, 42.53553941640552 ], [ 8.714582603730326, 42.539188139592284 ], [ 8.722594912237565, 42.554208933902579 ], [ 8.71887343244876, 42.562537815013471 ], [ 8.711011359689138, 42.569441636387062 ], [ 8.712703963724785, 42.575473838823712 ], [ 8.724128902409038, 42.580227972601897 ], [ 8.727355304978415, 42.562206954150376 ], [ 8.756763321233517, 42.570222054985663 ], [ 8.756617476186957, 42.562031883105817 ], [ 8.765365515665291, 42.55634384130579 ], [ 8.77740665161094, 42.555950719211069 ], [ 8.787614851812506, 42.558021015003106 ], [ 8.796607353492577, 42.564997950080368 ], [ 8.805463501970761, 42.573007538727474 ], [ 8.801449942689054, 42.583897058324837 ], [ 8.811252688050949, 42.59453503141512 ], [ 8.807369568194526, 42.599787394679559 ], [ 8.810945022973479, 42.604632755489547 ], [ 8.826661764627518, 42.606382674990662 ], [ 8.834268477924311, 42.601684989307351 ], [ 8.84797487298491, 42.609271559752358 ], [ 8.867488381443085, 42.60816963923525 ], [ 8.875511705775404, 42.615162052797842 ], [ 8.880579169945447, 42.62012440508915 ], [ 8.880043718845947, 42.629070990328387 ], [ 8.902906830371148, 42.627008394443784 ], [ 8.911914434110397, 42.629040515742844 ], [ 8.918122390744312, 42.636925143632901 ], [ 8.924260893061611, 42.63807765948858 ], [ 8.933255716343227, 42.638042399097841 ], [ 8.948340438319862, 42.633635227767016 ], [ 8.962316342649292, 42.634144751109616 ], [ 8.971127632266828, 42.638809472176106 ], [ 8.979870071768659, 42.639450720642088 ], [ 8.98575603929554, 42.641371316580937 ], [ 9.000276743605239, 42.641630861030293 ], [ 9.013462583162196, 42.640504754769161 ], [ 9.017763175258365, 42.64245795547486 ], [ 9.027902764918975, 42.652409394649624 ], [ 9.040498792085801, 42.652898535171978 ], [ 9.05952015267432, 42.660617792746464 ], [ 9.054075746778844, 42.680968372211609 ], [ 9.059687265396594, 42.683917168516409 ], [ 9.05714757220599, 42.692318475372197 ], [ 9.061814857080416, 42.693738216908976 ], [ 9.068117683997265, 42.691676082369192 ], [ 9.075907297606486, 42.699715339656798 ], [ 9.080656894596276, 42.700894285243976 ], [ 9.08612962579245, 42.715096017106006 ], [ 9.100351883532687, 42.715674790684076 ], [ 9.105376307885386, 42.723339141917592 ], [ 9.124764256427163, 42.731660371034913 ], [ 9.135012830006152, 42.72848255623024 ], [ 9.14295501335579, 42.733857802804145 ], [ 9.148249611179514, 42.731220296522295 ], [ 9.163348929845666, 42.736763072053606 ], [ 9.18834336956628, 42.727023433435448 ], [ 9.201151236242289, 42.725108626351279 ], [ 9.213315516324526, 42.732944196434524 ], [ 9.220811498802737, 42.735456608466606 ], [ 9.233631076030186, 42.719912665293506 ], [ 9.256175385638112, 42.716236646584555 ], [ 9.25490312623303, 42.711928590495887 ], [ 9.258113805830645, 42.701845428837572 ], [ 9.269268669938109, 42.701051608656613 ], [ 9.269508126685244, 42.695597045593352 ], [ 9.279697739131885, 42.688947363972204 ], [ 9.278836304653082, 42.68380193248678 ], [ 9.287319819892225, 42.674481862943189 ], [ 9.301120486229687, 42.678334188956924 ], [ 9.300735188904516, 42.683610810550576 ], [ 9.313584198399564, 42.68861107092242 ], [ 9.321563605822886, 42.696203725248232 ], [ 9.322542862015771, 42.716963855591736 ], [ 9.329507258490386, 42.719033887598144 ], [ 9.334515737923358, 42.722492211740501 ], [ 9.34521050374109, 42.736605125380109 ], [ 9.343911228864728, 42.739744683852948 ], [ 9.345763317635608, 42.743098612904198 ], [ 9.338686377550102, 42.759103190072288 ], [ 9.339886600620936, 42.760666562459889 ], [ 9.341773068259414, 42.769699821814221 ], [ 9.339836669326608, 42.784144949147539 ], [ 9.342975416947917, 42.795797852291265 ], [ 9.338133037780322, 42.804385854820396 ], [ 9.332266434994386, 42.811124494238662 ], [ 9.326255527876429, 42.812237743270174 ], [ 9.320373090969447, 42.824608345071312 ], [ 9.310534850122362, 42.82994820295125 ], [ 9.315337895795373, 42.836756342786458 ], [ 9.315521285026888, 42.842514465186333 ], [ 9.340467416391574, 42.865914731853174 ], [ 9.33217537741686, 42.870424282142615 ], [ 9.327261595266991, 42.877677352236113 ], [ 9.328771124511453, 42.889050899612705 ], [ 9.32111434891684, 42.893438021490574 ], [ 9.326449074656059, 42.901279626664099 ], [ 9.333089776293431, 42.906235489357016 ], [ 9.354399497569593, 42.916299495761955 ], [ 9.359741240188477, 42.923159780827888 ], [ 9.350273564281682, 42.933748085761671 ], [ 9.35734328252115, 42.939325320392165 ], [ 9.359336003833704, 42.945113132513285 ], [ 9.348579072687365, 42.951641003575084 ], [ 9.349911653182962, 42.960798220383261 ], [ 9.350363430939243, 42.972751363278597 ], [ 9.343116743394432, 42.977794935644631 ], [ 9.343688752816538, 42.99768090759774 ], [ 9.358124147114399, 43.007214680423893 ], [ 9.373964582798596, 43.004508709333763 ], [ 9.383282704336413, 43.010205267255643 ], [ 9.404543229404425, 43.005694361856172 ], [ 9.414803818166066, 43.006954063278492 ], [ 9.418334477331252, 43.011026404318699 ], [ 9.427097972248044, 43.010143913309335 ], [ 9.429937314534424, 43.003202735182221 ], [ 9.441964144902391, 43.00045950565746 ], [ 9.453580215859068, 42.988018530181108 ], [ 9.463679975156083, 42.98587308991354 ], [ 9.455484576806896, 42.972075985492587 ], [ 9.455320716220971, 42.956764259557964 ], [ 9.456047327676007, 42.950911369117932 ], [ 9.465126461586431, 42.942964490311979 ], [ 9.468776165400589, 42.936586034068405 ], [ 9.464632912320948, 42.931815418074066 ], [ 9.470804211184674, 42.925219867828361 ], [ 9.472183700174766, 42.909815374518985 ], [ 9.469176232844898, 42.90478165238914 ], [ 9.474497620275686, 42.900197840935775 ], [ 9.473747506160423, 42.885503322383023 ], [ 9.477452908833243, 42.881924655051598 ], [ 9.472521087665402, 42.874767201930091 ], [ 9.478807193387873, 42.871839146344854 ], [ 9.482226762529498, 42.864684704084858 ], [ 9.480097164331758, 42.860359955903974 ], [ 9.485400389142379, 42.852544651964386 ], [ 9.484099386084482, 42.841198973567714 ], [ 9.487125628773111, 42.826879995657158 ], [ 9.487053847216528, 42.819586969056168 ], [ 9.492700802460336, 42.807132802067301 ], [ 9.491086948383487, 42.797572302939251 ], [ 9.483678861354225, 42.782644135200087 ], [ 9.479206583423471, 42.780555878732571 ], [ 9.465508185028972, 42.75799213450513 ], [ 9.468055366017889, 42.752690269426502 ], [ 9.463828066006235, 42.749631387846406 ], [ 9.461391105812556, 42.740184259421355 ], [ 9.462319605288158, 42.735142829741783 ], [ 9.456315260844752, 42.717624440286748 ], [ 9.454608194542828, 42.708393293191051 ], [ 9.452211040660114, 42.691399789002332 ], [ 9.446494261077623, 42.686494800243352 ], [ 9.447055042818583, 42.670406487095136 ], [ 9.449697646458956, 42.662271590614552 ], [ 9.454074167644581, 42.652742754426249 ], [ 9.46302765642813, 42.639244471713297 ], [ 9.474493837508701, 42.625080530923626 ], [ 9.485822647847064, 42.613370877465968 ], [ 9.510872957278165, 42.589206991440491 ], [ 9.522687075377483, 42.574097706974626 ], [ 9.527502972215411, 42.564895879672711 ], [ 9.533479617281966, 42.545442948524801 ], [ 9.534326735134394, 42.523282813410177 ], [ 9.529880891703684, 42.495523499685532 ], [ 9.531371001459522, 42.483844090872999 ], [ 9.536222858823441, 42.470367228129618 ], [ 9.541532227891624, 42.45875261384213 ], [ 9.541439146650633, 42.43859744846263 ], [ 9.543371428324173, 42.428615653269404 ], [ 9.538185012677246, 42.411640792693504 ], [ 9.535363328101502, 42.393958889119382 ], [ 9.532701600249748, 42.377920683349394 ], [ 9.532455652974246, 42.368879886074573 ], [ 9.534975561969819, 42.359191061463797 ], [ 9.537620149662905, 42.344701088452794 ], [ 9.541358944825012, 42.337242361059538 ], [ 9.543408681981074, 42.328405850302822 ], [ 9.549767165057224, 42.315676313825449 ], [ 9.553481208812615, 42.299223675239006 ], [ 9.560093606942253, 42.282502608453001 ], [ 9.555342402004872, 42.252837984436745 ], [ 9.553279354770627, 42.241448695423564 ], [ 9.552864498906933, 42.221317805720361 ], [ 9.555893939389339, 42.213396914647177 ], [ 9.555744544010441, 42.201431727836692 ], [ 9.559070594331265, 42.196833451248644 ], [ 9.555085874943796, 42.174998373648314 ], [ 9.554403063207904, 42.156689839519451 ], [ 9.555828180135689, 42.142386314776282 ], [ 9.55510410038579, 42.125365895889118 ], [ 9.549606647757361, 42.10491400267555 ], [ 9.535735888183227, 42.091938106847039 ], [ 9.497306205103033, 42.048481753653995 ], [ 9.46846382857283, 42.01443861429766 ], [ 9.456021682271746, 42.000855600279252 ], [ 9.441776385513711, 41.98979481702137 ], [ 9.439795920185077, 41.98775397803157 ], [ 9.424165224651334, 41.970743707945729 ], [ 9.412794235950601, 41.951739972694014 ], [ 9.412881978382842, 41.938037631848246 ], [ 9.416219456036764, 41.928669856423575 ], [ 9.412736945508172, 41.920262113696602 ], [ 9.412835964170112, 41.912743539172894 ], [ 9.408666295080845, 41.906787790407698 ], [ 9.401588351988247, 41.894671528036987 ], [ 9.400950628358377, 41.885655905319851 ], [ 9.396975954120355, 41.874295036721584 ], [ 9.401535571530234, 41.859565597784261 ], [ 9.400282157791992, 41.849717166760911 ], [ 9.406578771955482, 41.82353488066483 ], [ 9.399357566080187, 41.80427890996404 ], [ 9.394272342242962, 41.79800465627406 ], [ 9.400168405412025, 41.789270836775266 ], [ 9.396647223372323, 41.773706311858469 ], [ 9.404231687675422, 41.773010792582077 ], [ 9.408039743531425, 41.765967114364742 ], [ 9.403408458911164, 41.748585637325085 ], [ 9.40677232105616, 41.745166489422942 ], [ 9.403442737391371, 41.727513437230492 ], [ 9.405705350359606, 41.721727483502171 ], [ 9.401556211107424, 41.718049511837577 ], [ 9.40622950259411, 41.71287013272687 ], [ 9.401904891832839, 41.707380034094548 ], [ 9.400865862005315, 41.694646124826725 ], [ 9.397506621398309, 41.691314815403601 ], [ 9.382686912812463, 41.688815126969644 ], [ 9.372575993746239, 41.678663899620524 ], [ 9.374958771421612, 41.671409371971251 ], [ 9.384420606387241, 41.667923710441407 ], [ 9.381102113305541, 41.663466986434919 ], [ 9.386995988909144, 41.658600153050138 ], [ 9.384949013763945, 41.652410247305717 ], [ 9.377881820024212, 41.648739965877915 ], [ 9.370698118060494, 41.637238657349137 ], [ 9.364365877411329, 41.63626388139793 ], [ 9.358360210558223, 41.641102765716852 ], [ 9.35119087661521, 41.639648981751243 ], [ 9.347451313551769, 41.636454982343423 ], [ 9.347506695691834, 41.629007932808285 ], [ 9.353133076499647, 41.62754872154013 ], [ 9.353680953788611, 41.620892672705892 ], [ 9.344753796485076, 41.617959341506293 ], [ 9.337602588408826, 41.621505742146923 ], [ 9.319788900759193, 41.615185540644788 ], [ 9.313873039150817, 41.628938037582763 ], [ 9.306690155153818, 41.627780416212531 ], [ 9.303999312211188, 41.622319407504236 ], [ 9.306439841064499, 41.615967444918589 ], [ 9.298918144707066, 41.611702775087345 ], [ 9.287470749339455, 41.608742169390318 ], [ 9.287405802101077, 41.599528365254258 ], [ 9.281016075509307, 41.597719096118944 ], [ 9.286063518162132, 41.589529963392408 ], [ 9.295214185507458, 41.583732223865852 ], [ 9.30495348737373, 41.590049088334112 ], [ 9.313923580558839, 41.602169973492771 ], [ 9.319799248216912, 41.604881262280415 ], [ 9.337178191793125, 41.601012839533702 ], [ 9.340206730066189, 41.595719996800135 ], [ 9.348373050495995, 41.594036291199025 ], [ 9.365101259755123, 41.595995329021967 ], [ 9.364791775163152, 41.59117881504298 ], [ 9.355852451199532, 41.584277193611776 ], [ 9.352659287581449, 41.577459712589558 ], [ 9.347608920033409, 41.575263560742897 ], [ 9.350302280192208, 41.567494384812271 ], [ 9.341409142333241, 41.558768611067158 ], [ 9.330701561468379, 41.559850448489605 ], [ 9.323551239441148, 41.557060259239968 ], [ 9.296400864183669, 41.540894145029547 ], [ 9.289876833168787, 41.531682250263188 ], [ 9.282685474307609, 41.528870543748354 ], [ 9.272173448769557, 41.52863961413734 ], [ 9.273283451175063, 41.522529970596736 ], [ 9.283927126632372, 41.519730745336183 ], [ 9.283475791285325, 41.514855825938831 ], [ 9.274716444790691, 41.504336369900521 ], [ 9.268002955231511, 41.501064839286201 ], [ 9.276997495105155, 41.495422984271059 ], [ 9.287279755664825, 41.483858182080823 ], [ 9.28405816376492, 41.477617559088173 ], [ 9.267557652604051, 41.471445309300215 ], [ 9.266925394907531, 41.466202357720682 ], [ 9.259117337059541, 41.462010837192629 ], [ 9.243806529621347, 41.447116217725181 ], [ 9.223502957532521, 41.442670570826998 ], [ 9.223449254548793, 41.43468976382853 ], [ 9.226684493957059, 41.427490647123754 ], [ 9.225287219345663, 41.417051997690074 ], [ 9.216375395047351, 41.40849110493275 ], [ 9.221140045878165, 41.404682242489223 ], [ 9.238737723235117, 41.416055798435551 ], [ 9.244348498190615, 41.421541925380673 ], [ 9.258129878532719, 41.428401390887458 ], [ 9.265133175569888, 41.427951917095257 ], [ 9.257144780734079, 41.412316492209918 ], [ 9.2509185962333, 41.410246040990074 ], [ 9.245871185360759, 41.401562952412135 ], [ 9.236809306027959, 41.392629242236524 ], [ 9.22922546380134, 41.382040954587993 ], [ 9.220570997362588, 41.375446957955553 ], [ 9.220202556673465, 41.367379335587273 ], [ 9.212463059479047, 41.368219309417647 ], [ 9.20413504212603, 41.365786002483247 ], [ 9.197469834658607, 41.367640855981904 ], [ 9.184952039978603, 41.365863053133786 ], [ 9.178335543844263, 41.367650739296572 ], [ 9.177869689548446, 41.37352339093772 ], [ 9.169307854412242, 41.384554613379954 ], [ 9.161516636462212, 41.386844429506638 ], [ 9.150611482883811, 41.38594166337419 ], [ 9.122214144090844, 41.396324507704968 ], [ 9.104786897354225, 41.394904974457084 ], [ 9.099021414520058, 41.391258421109519 ], [ 9.093333398849612, 41.394671114048101 ], [ 9.090943127903232, 41.40177887519841 ], [ 9.094946430497187, 41.411936327341586 ], [ 9.107045247912808, 41.418069486639737 ], [ 9.104881674242066, 41.42737352769015 ], [ 9.1204788868635, 41.437913074554025 ], [ 9.097378384540246, 41.443594777876299 ], [ 9.095398683547382, 41.4495651659687 ], [ 9.081963411265191, 41.442142569024121 ], [ 9.074691507498438, 41.442604231518509 ], [ 9.065861353591885, 41.45013173644989 ], [ 9.071081302869777, 41.469352353828363 ], [ 9.079588887547194, 41.477474441514758 ], [ 9.068794131219624, 41.475546270765435 ], [ 9.054925411504291, 41.461686524641948 ], [ 9.038005700963579, 41.459534754289642 ], [ 9.039419905256874, 41.4691163620653 ], [ 9.025249893548658, 41.466009672138043 ], [ 9.018157444688494, 41.467100754967461 ], [ 9.015150631827076, 41.472638432395193 ], [ 9.002914833819595, 41.475182457492188 ], [ 8.998050262419309, 41.478365913262522 ], [ 8.995408916406197, 41.485574937646703 ], [ 8.982670969145914, 41.47761429624709 ], [ 8.960588780546072, 41.492639480414901 ], [ 8.949008706268465, 41.489962995978516 ], [ 8.940455761111528, 41.490188747830167 ], [ 8.936224481912381, 41.495433058421504 ], [ 8.924033160171208, 41.490024169735271 ], [ 8.918498948966539, 41.503340665599922 ], [ 8.899687389360379, 41.508903886724795 ], [ 8.885868727502141, 41.505321640449942 ], [ 8.882046732138697, 41.508037441025834 ], [ 8.890633708557163, 41.514889233042375 ], [ 8.87666766618468, 41.524307780600374 ], [ 8.865682439644967, 41.520030835577444 ], [ 8.844501632962166, 41.517875632251929 ], [ 8.840802671937423, 41.519751016329643 ], [ 8.853258042459244, 41.537811041437891 ], [ 8.829709371490814, 41.547363672184638 ], [ 8.821934557257469, 41.544501733283617 ], [ 8.814445226447821, 41.549079561985579 ], [ 8.809429695902976, 41.557037732419744 ], [ 8.794604493499806, 41.555526324105401 ], [ 8.787070919050274, 41.563450342181333 ], [ 8.802143120562642, 41.572369503632736 ], [ 8.792036048995826, 41.578798350048054 ], [ 8.791848218590667, 41.58696374402107 ], [ 8.782039785060388, 41.587696175022586 ], [ 8.777248086815311, 41.592606063747709 ], [ 8.785169501079636, 41.597149223097638 ], [ 8.791567931260197, 41.607616116165332 ], [ 8.790528073201642, 41.615831474379455 ], [ 8.795194069841015, 41.625146893876973 ], [ 8.796064379077574, 41.632202664481952 ], [ 8.802906079774228, 41.633306277161651 ], [ 8.816389459441732, 41.62957826200121 ], [ 8.823198057592814, 41.631099316905988 ], [ 8.829589023738771, 41.638205535784429 ], [ 8.841121829416215, 41.639826210536313 ], [ 8.853617062233626, 41.647376992554285 ], [ 8.862821058390196, 41.648551495663732 ], [ 8.869344725218765, 41.646016996455657 ], [ 8.877280202425954, 41.652158328615613 ], [ 8.881172743425317, 41.670259165175707 ], [ 8.88944700314771, 41.671558365454118 ], [ 8.896097204880384, 41.675862393814988 ], [ 8.909497528397967, 41.677631687588118 ], [ 8.916507277782895, 41.681868437214554 ], [ 8.913579539654956, 41.691039472775799 ], [ 8.886217871152729, 41.689762976231982 ], [ 8.878662556299753, 41.695979264088173 ], [ 8.851406641363015, 41.696080031158971 ], [ 8.836366185268417, 41.700031828152213 ], [ 8.825554236016629, 41.709578511735991 ], [ 8.812278358074373, 41.71435020365135 ], [ 8.806560620200063, 41.709910959760954 ], [ 8.797824788370452, 41.710697217061266 ] ] ], [ [ [ 9.267715876634906, 41.373211046126691 ], [ 9.267981109315734, 41.362691727418103 ], [ 9.255404649885554, 41.368282488614597 ], [ 9.250396826674047, 41.368417951209423 ], [ 9.267715876634906, 41.373211046126691 ] ] ] ] } }
]
}
